0.8164132237434387,0.42115646600723267,0.7873879671096802,0.46316689252853394,0.7472692728042603,0.5194435119628906,0.7399347424507141,0.5885775089263916,0.7442198991775513,0.6515674591064453,0.6426377892494202,0.4196397364139557,0.555558979511261,0.4055060148239136,0.5031958818435669,0.40072205662727356,0.45634275674819946,0.39015305042266846,0.6583696603775024,0.3513360321521759,0.6290619373321533,0.3031383156776428,0.6795915961265564,0.3451497256755829,0.7005235552787781,0.3665224313735962,0.690447211265564,0.30144792795181274,0.714799165725708,0.28794369101524353,0.7547231912612915,0.34099966287612915,0.7563052177429199,0.3610185384750366,0.7281732559204102,0.2656550407409668,0.7557711601257324,0.25948989391326904,0.7797176837921143,0.30658501386642456,0.7734118700027466,0.33030733466148376,ㄱ
0.8541808128356934,0.1779395490884781,0.7305688858032227,0.19144131243228912,0.637956440448761,0.25487643480300903,0.5433603525161743,0.29472899436950684,0.4643992781639099,0.28778520226478577,0.6526231169700623,0.41358378529548645,0.6354159712791443,0.6190736889839172,0.6368324756622314,0.7348137497901917,0.6456301212310791,0.8225024342536926,0.7263199090957642,0.45618152618408203,0.7297865152359009,0.577651858329773,0.7376281023025513,0.5314154624938965,0.7467003464698792,0.46583616733551025,0.8020422458648682,0.46670228242874146,0.7821363806724548,0.5560801029205322,0.7821007966995239,0.5086925625801086,0.7919553518295288,0.4443169832229614,0.8664368391036987,0.4668576717376709,0.844947338104248,0.5063831806182861,0.8431191444396973,0.4574030339717865,0.8468123078346252,0.40670228004455566,ㄱ
0.8190730810165405,0.3438985049724579,0.7695391774177551,0.43860191106796265,0.6914764642715454,0.5463435649871826,0.6659594774246216,0.6731641292572021,0.6653957366943359,0.7932285070419312,0.5171917676925659,0.374811053276062,0.3540576994419098,0.36462053656578064,0.24747633934020996,0.34992557764053345,0.15665844082832336,0.3321755826473236,0.5391033291816711,0.2548852562904358,0.5560674667358398,0.1820923388004303,0.6501586437225342,0.2544631361961365,0.6704862713813782,0.30239972472190857,0.5937954187393188,0.1617007702589035,0.651518702507019,0.12320031225681305,0.7207905054092407,0.20418214797973633,0.7189095616340637,0.2479335367679596,0.6571738719940186,0.09583915770053864,0.7086025476455688,0.06475377082824707,0.7562813758850098,0.14475899934768677,0.7525057196617126,0.20122328400611877,ㄱ
0.7282767295837402,0.22451680898666382,0.6071075797080994,0.23387649655342102,0.5134561657905579,0.2956254482269287,0.41933250427246094,0.3374445140361786,0.34257960319519043,0.33217382431030273,0.5357668995857239,0.44613516330718994,0.5229454040527344,0.6416407227516174,0.51824551820755,0.7602022886276245,0.5186579823493958,0.8512601256370544,0.6041157841682434,0.48936977982521057,0.5836852788925171,0.5975551605224609,0.5772691369056702,0.5522063970565796,0.58222496509552,0.49136030673980713,0.6743635535240173,0.5012575387954712,0.6461560726165771,0.5732335448265076,0.6434046030044556,0.533129096031189,0.6546458005905151,0.47780537605285645,0.7337887287139893,0.5030486583709717,0.7007384300231934,0.5389073491096497,0.7024658918380737,0.4924847185611725,0.7123859524726868,0.44498664140701294,ㄱ
0.5276254415512085,0.5057094097137451,0.4841114282608032,0.5555102229118347,0.4238354563713074,0.6059057712554932,0.3896443247795105,0.6766711473464966,0.3748043477535248,0.744498610496521,0.3285265266895294,0.508897602558136,0.2304411232471466,0.4960685968399048,0.170058473944664,0.49191901087760925,0.11646254360675812,0.48319053649902344,0.34833061695098877,0.44313669204711914,0.3310709595680237,0.42518723011016846,0.39252206683158875,0.47061896324157715,0.4199087619781494,0.48847684264183044,0.38321781158447266,0.39244529604911804,0.3889186382293701,0.3919408619403839,0.43810564279556274,0.4431362450122833,0.45088815689086914,0.4562550187110901,0.42367857694625854,0.3523496389389038,0.4286404252052307,0.35044732689857483,0.4612087905406952,0.39869171380996704,0.4695042371749878,0.4162934720516205,ㄱ
0.6025797724723816,0.4238247275352478,0.5862314105033875,0.45362940430641174,0.5592178702354431,0.49939000606536865,0.5581417083740234,0.5541322827339172,0.5635254979133606,0.6100782155990601,0.4573116898536682,0.4034234583377838,0.37110260128974915,0.3899282217025757,0.3169703781604767,0.3800548315048218,0.26874545216560364,0.36770451068878174,0.47581082582473755,0.34278053045272827,0.4640648365020752,0.29169851541519165,0.514363169670105,0.33689072728157043,0.5287430286407471,0.3649120628833771,0.5069320201873779,0.3010568618774414,0.5285913348197937,0.2721385955810547,0.5652337074279785,0.3269839286804199,0.5633968114852905,0.3569541871547699,0.5415636301040649,0.27436164021492004,0.5649810433387756,0.2524336576461792,0.5883527398109436,0.2982587516307831,0.5831393599510193,0.3288494348526001,ㄱ
0.7506462335586548,0.2504754662513733,0.7243652939796448,0.343528687953949,0.6685832738876343,0.44343721866607666,0.6433312892913818,0.5470229387283325,0.6358771920204163,0.6465157270431519,0.4890810549259186,0.30289551615715027,0.3405134975910187,0.2933182418346405,0.24056902527809143,0.2852526903152466,0.15403950214385986,0.26974377036094666,0.5034623742103577,0.19443851709365845,0.5310631394386292,0.17170509696006775,0.617338240146637,0.23403291404247284,0.6235458254814148,0.2478681206703186,0.553322434425354,0.11213263869285583,0.6146320104598999,0.1039883941411972,0.6727041006088257,0.17658162117004395,0.6602358222007751,0.19629192352294922,0.6113380193710327,0.05252543091773987,0.6639976501464844,0.046903714537620544,0.7066733241081238,0.1180453896522522,0.7020900249481201,0.15154999494552612,ㄱ
0.6217997670173645,0.06774687767028809,0.5110740661621094,0.1144622415304184,0.4184178411960602,0.2066570222377777,0.3226594924926758,0.25775983929634094,0.2544744610786438,0.22754913568496704,0.5377843976020813,0.30792561173439026,0.5344862341880798,0.5271118879318237,0.5411723852157593,0.6697486639022827,0.5594466924667358,0.7855097651481628,0.6155863404273987,0.34735676646232605,0.5500010848045349,0.5398372411727905,0.4961145520210266,0.5088639855384827,0.4829663336277008,0.4535195231437683,0.6641730666160583,0.37220749258995056,0.5766203999519348,0.5270630717277527,0.5383915901184082,0.4835900068283081,0.5342698097229004,0.41602545976638794,0.6926933526992798,0.393107146024704,0.601391613483429,0.48891681432724,0.5724543929100037,0.455425888299942,0.564869225025177,0.41391077637672424,ㄱ
0.62888103723526,0.17344552278518677,0.5238410830497742,0.22331999242305756,0.43979454040527344,0.3062124252319336,0.3522323668003082,0.3582216799259186,0.27520906925201416,0.340482234954834,0.5242208242416382,0.40458476543426514,0.5149766802787781,0.606745183467865,0.5138283967971802,0.7259560823440552,0.5242354273796082,0.8215723633766174,0.601091206073761,0.4381825029850006,0.5383738279342651,0.5878194570541382,0.5037956833839417,0.5419133305549622,0.5002171397209167,0.4852789640426636,0.6643083691596985,0.44915059208869934,0.5897830128669739,0.5672244429588318,0.5634703636169434,0.529827356338501,0.5640329718589783,0.4675424098968506,0.7113423347473145,0.455830842256546,0.6363278031349182,0.547264039516449,0.6074780821800232,0.5210801362991333,0.6006648540496826,0.48500341176986694,ㄱ
0.600242555141449,0.3021944761276245,0.5145626664161682,0.29740387201309204,0.4331052899360657,0.34165292978286743,0.35349568724632263,0.34644097089767456,0.2995138168334961,0.3037254810333252,0.5226668119430542,0.44051676988601685,0.5118154287338257,0.6045137047767639,0.5178964138031006,0.7025029063224792,0.5352576971054077,0.7855197191238403,0.5784003734588623,0.49343156814575195,0.5382463335990906,0.6668468117713928,0.5154163241386414,0.7556313276290894,0.5156362652778625,0.8194528818130493,0.6131541728973389,0.5261767506599426,0.5322376489639282,0.6259206533432007,0.506639838218689,0.581967830657959,0.5078657865524292,0.5296663045883179,0.6354326605796814,0.543439507484436,0.5550091862678528,0.5946424007415771,0.5374000668525696,0.5593159198760986,0.5382815003395081,0.5187218189239502,ㄱ
0.7016129493713379,0.4714219570159912,0.6785275936126709,0.5243773460388184,0.6404666900634766,0.5882289409637451,0.6416685581207275,0.6631613969802856,0.6478882431983948,0.7462097406387329,0.4962226450443268,0.43786630034446716,0.3681420087814331,0.4236416816711426,0.2866102159023285,0.4115648865699768,0.21853965520858765,0.3975127041339874,0.5320594906806946,0.3557870388031006,0.46329671144485474,0.24340781569480896,0.5280312299728394,0.2893066704273224,0.5710000395774841,0.3378455638885498,0.5870479941368103,0.30822139978408813,0.5653495192527771,0.21842528879642487,0.6255106925964355,0.2918751537799835,0.6467978358268738,0.35276398062705994,0.6469483971595764,0.2861005365848541,0.6460975408554077,0.20987267792224884,0.6782659292221069,0.26590245962142944,0.6829504370689392,0.32200106978416443,ㄱ
0.4839228689670563,0.455020934343338,0.460409939289093,0.5132967829704285,0.4378415048122406,0.5293737053871155,0.4370101988315582,0.48072588443756104,0.42721232771873474,0.42662471532821655,0.3626611530780792,0.48285502195358276,0.28238552808761597,0.444992333650589,0.23545198142528534,0.41757598519325256,0.19151034951210022,0.38760653138160706,0.38224515318870544,0.4237101972103119,0.3975827097892761,0.41753557324409485,0.4326075613498688,0.450429767370224,0.43701985478401184,0.4528128504753113,0.4184454083442688,0.38604292273521423,0.4486044943332672,0.401485800743103,0.46493732929229736,0.4416607916355133,0.46035125851631165,0.4493620693683624,0.45496252179145813,0.3596096634864807,0.481359601020813,0.38404354453086853,0.4909127950668335,0.4196082353591919,0.4820307493209839,0.42648765444755554,ㄱ
0.6206424236297607,0.4276004731655121,0.5574482679367065,0.48580485582351685,0.46889954805374146,0.5308694839477539,0.40795421600341797,0.5965612530708313,0.38002777099609375,0.6705571413040161,0.355331152677536,0.41120997071266174,0.24015115201473236,0.3943151831626892,0.17287784814834595,0.38460150361061096,0.1109885573387146,0.3670704960823059,0.38621896505355835,0.34223881363868713,0.31344926357269287,0.2552404999732971,0.37891051173210144,0.3006681799888611,0.415334552526474,0.3368208408355713,0.4376318156719208,0.2894185185432434,0.405663400888443,0.21200363337993622,0.4602280855178833,0.2725575566291809,0.4802207946777344,0.3116513192653656,0.49847081303596497,0.25092923641204834,0.47635799646377563,0.19089169800281525,0.5096354484558105,0.24195954203605652,0.5222834348678589,0.28074726462364197,ㄱ
0.5721093416213989,0.4071769714355469,0.5299485921859741,0.4541608989238739,0.4671316146850586,0.5005902051925659,0.42543143033981323,0.5776825547218323,0.4063645005226135,0.6661385893821716,0.35817238688468933,0.3631668984889984,0.24568241834640503,0.3295322060585022,0.16978038847446442,0.303021639585495,0.10643312335014343,0.2768619656562805,0.37850043177604675,0.2902873158454895,0.4320218563079834,0.2652278542518616,0.49673283100128174,0.329004168510437,0.5265235900878906,0.37980005145072937,0.42332923412323,0.2388349324464798,0.49268627166748047,0.23803219199180603,0.5400405526161194,0.3115915060043335,0.5552160739898682,0.3624374270439148,0.4719701111316681,0.20536527037620544,0.5273261070251465,0.20243756473064423,0.5638964176177979,0.2719483971595764,0.5757895112037659,0.3229609727859497,ㄱ
0.5528939962387085,0.4985193610191345,0.5024174451828003,0.5391910076141357,0.4306482970714569,0.5850414037704468,0.38219955563545227,0.663192868232727,0.35690733790397644,0.743972659111023,0.33633723855018616,0.41453471779823303,0.22706200182437897,0.3619682192802429,0.15367473661899567,0.32414621114730835,0.09378629922866821,0.28603947162628174,0.3621019423007965,0.3372872471809387,0.4118576943874359,0.34952959418296814,0.46492210030555725,0.43221694231033325,0.4869658350944519,0.4786068797111511,0.4139816164970398,0.29181668162345886,0.486537903547287,0.3387790322303772,0.5166269540786743,0.42346858978271484,0.5180671215057373,0.46116793155670166,0.46959611773490906,0.267217755317688,0.5297077894210815,0.3088047504425049,0.5514494180679321,0.38924282789230347,0.5514668822288513,0.43126046657562256,ㄱ
0.5345327854156494,0.34213846921920776,0.45959264039993286,0.3551560640335083,0.3890700042247772,0.3880971074104309,0.3213717043399811,0.38784259557724,0.2731163501739502,0.35384196043014526,0.46980905532836914,0.45990607142448425,0.473891019821167,0.6090605854988098,0.4774932265281677,0.7053425908088684,0.4882201552391052,0.7805390357971191,0.5225126147270203,0.49181339144706726,0.4700753688812256,0.6194135546684265,0.4356178641319275,0.5809476375579834,0.43709835410118103,0.5210646390914917,0.5582946538925171,0.514065682888031,0.5006519556045532,0.6394805312156677,0.4737488627433777,0.6044590473175049,0.4764232039451599,0.5534213185310364,0.5780057311058044,0.5380117893218994,0.5224918127059937,0.6381312608718872,0.4975568652153015,0.6156119108200073,0.4993382692337036,0.5791563987731934,ㄱ
0.7912970185279846,0.2106080800294876,0.7077577710151672,0.21727652847766876,0.6295026540756226,0.27205824851989746,0.5642459392547607,0.2936079502105713,0.5190907120704651,0.2504070997238159,0.7267995476722717,0.32130762934684753,0.6909846067428589,0.44696956872940063,0.6791935563087463,0.5251314640045166,0.6805147528648376,0.5953248143196106,0.7804443836212158,0.37724432349205017,0.6917027831077576,0.4635320007801056,0.6641660332679749,0.416034072637558,0.6731630563735962,0.37162917852401733,0.8125227093696594,0.4185342490673065,0.7166165709495544,0.48542335629463196,0.7001093029975891,0.43655216693878174,0.7120473384857178,0.3915509879589081,0.8277669548988342,0.4482536315917969,0.7369942665100098,0.49762892723083496,0.7231302261352539,0.4575793743133545,0.7332249283790588,0.42190316319465637,ㄱ
0.5594837069511414,0.2819482684135437,0.46914225816726685,0.30462220311164856,0.3747295141220093,0.3718007206916809,0.2889670133590698,0.419839084148407,0.21694619953632355,0.4246569275856018,0.33531373739242554,0.4854044020175934,0.2854880690574646,0.6640992164611816,0.2535169720649719,0.769217312335968,0.22436217963695526,0.854341983795166,0.3701992630958557,0.5030020475387573,0.44391050934791565,0.6602932810783386,0.4775038957595825,0.607783854007721,0.46994978189468384,0.5501235723495483,0.4289754033088684,0.5161542296409607,0.501548171043396,0.6222533583641052,0.5187816619873047,0.5702998638153076,0.5035271644592285,0.5175222158432007,0.49513858556747437,0.5298250317573547,0.5395910739898682,0.5904874205589294,0.5534233450889587,0.5393918752670288,0.5427312850952148,0.49201899766921997,ㄱ
0.649919867515564,0.19868004322052002,0.5476905107498169,0.2536436915397644,0.45616593956947327,0.35209012031555176,0.3710191249847412,0.4313757121562958,0.2879055440425873,0.45563676953315735,0.45669856667518616,0.47005441784858704,0.4522762596607208,0.7001455426216125,0.45697376132011414,0.8340216875076294,0.46325385570526123,0.9366827011108398,0.5191214084625244,0.4815218448638916,0.5911639332771301,0.6348344087600708,0.610224187374115,0.5628625750541687,0.5977902412414551,0.4874190390110016,0.6006541848182678,0.47781696915626526,0.6588148474693298,0.5818154811859131,0.6704461574554443,0.5159999132156372,0.6569061279296875,0.45266982913017273,0.6825488209724426,0.46998322010040283,0.709391176700592,0.5466985702514648,0.7178943157196045,0.48298877477645874,0.7122020721435547,0.42868945002555847,ㄱ
0.7011513710021973,0.5228080153465271,0.6366202235221863,0.6028178930282593,0.5410429239273071,0.676455020904541,0.47523486614227295,0.770781397819519,0.4413183331489563,0.8646906614303589,0.3987933397293091,0.5290938019752502,0.27846360206604004,0.517325758934021,0.1999838501214981,0.5117724537849426,0.1330086886882782,0.4963090121746063,0.4249528646469116,0.44139790534973145,0.436619371175766,0.4121617376804352,0.5152819156646729,0.48641660809516907,0.5122684240341187,0.5094015002250671,0.4741176962852478,0.369576632976532,0.501207709312439,0.35985949635505676,0.5616440176963806,0.4377126097679138,0.5495351552963257,0.45566344261169434,0.5264673233032227,0.3153138756752014,0.5418004989624023,0.30468249320983887,0.5871702432632446,0.3725445866584778,0.5893976092338562,0.39726126194000244,ㄱ
0.6071490049362183,0.39336615800857544,0.5683841705322266,0.4882500469684601,0.5047598481178284,0.5928055644035339,0.48304301500320435,0.7123794555664062,0.4921586811542511,0.8084275126457214,0.3438352644443512,0.5228310823440552,0.21678651869297028,0.5525169968605042,0.14051343500614166,0.5688406825065613,0.07284548878669739,0.575084924697876,0.3436341881752014,0.4335937798023224,0.30492714047431946,0.40326082706451416,0.39526891708374023,0.42017459869384766,0.4321504235267639,0.4303128719329834,0.36821261048316956,0.35158807039260864,0.3770288825035095,0.3242647051811218,0.45425164699554443,0.36026519536972046,0.47053349018096924,0.3791402280330658,0.4049930274486542,0.28219008445739746,0.4231232702732086,0.25670409202575684,0.4785665273666382,0.29782140254974365,0.48977524042129517,0.32678717374801636,ㄱ
0.6431299448013306,0.46122512221336365,0.5934268236160278,0.5602938532829285,0.5160789489746094,0.6570294499397278,0.479592889547348,0.7722413539886475,0.46512991189956665,0.8784323334693909,0.3524896800518036,0.5206912755966187,0.23336564004421234,0.4691476821899414,0.15788424015045166,0.42918330430984497,0.0948796272277832,0.3879002630710602,0.3602246940135956,0.42555302381515503,0.3739713430404663,0.4176402986049652,0.45486530661582947,0.4760456681251526,0.46893247961997986,0.4934099018573761,0.39869847893714905,0.3443629741668701,0.4446844458580017,0.3508986830711365,0.5071486234664917,0.41563287377357483,0.5028933882713318,0.4344717860221863,0.44781777262687683,0.2797556519508362,0.4959718585014343,0.2871694266796112,0.5413946509361267,0.3513743281364441,0.5377005338668823,0.3811686635017395,ㄱ
0.6888172626495361,0.5069550275802612,0.6154124736785889,0.5748833417892456,0.5171340703964233,0.6269773244857788,0.4502197802066803,0.717570424079895,0.4131237268447876,0.8124675154685974,0.380054235458374,0.4362877309322357,0.25768178701400757,0.38527730107307434,0.17733150720596313,0.3528389632701874,0.11060118675231934,0.31572866439819336,0.4131590723991394,0.33622756600379944,0.43338635563850403,0.33220374584198,0.498489111661911,0.41858214139938354,0.5088472962379456,0.4411807358264923,0.47613081336021423,0.2718479037284851,0.5193084478378296,0.2997492551803589,0.5630473494529724,0.3869127333164215,0.5592555403709412,0.39892446994781494,0.5445538759231567,0.2337176650762558,0.5870108604431152,0.26221930980682373,0.6146762371063232,0.34163856506347656,0.6096386313438416,0.3631128966808319,ㄱ
0.7853327989578247,0.49037396907806396,0.7259737253189087,0.5716558694839478,0.6364865899085999,0.6466017961502075,0.5883864164352417,0.7511096000671387,0.5633326768875122,0.8431942462921143,0.48786604404449463,0.46162042021751404,0.36314815282821655,0.43272554874420166,0.2789340615272522,0.4181571304798126,0.2073986828327179,0.39619892835617065,0.5135474801063538,0.3587092161178589,0.529952883720398,0.3421100676059723,0.6016426682472229,0.4237067699432373,0.6248319149017334,0.45462051033973694,0.5687007904052734,0.2891765832901001,0.6126084327697754,0.3034587502479553,0.66089928150177,0.386593759059906,0.662507951259613,0.4070805609226227,0.631154477596283,0.24313952028751373,0.680194079875946,0.2595583200454712,0.7097166776657104,0.34190306067466736,0.7035306692123413,0.37531039118766785,ㄱ
0.6714158058166504,0.37356066703796387,0.6397112011909485,0.4912739098072052,0.5821324586868286,0.6105294227600098,0.5614348649978638,0.7218618988990784,0.5640609860420227,0.8202849626541138,0.40703362226486206,0.47160160541534424,0.27084869146347046,0.47274500131607056,0.18244194984436035,0.46650850772857666,0.11100560426712036,0.4599807560443878,0.40671736001968384,0.372836709022522,0.4091786742210388,0.3408709466457367,0.5073269009590149,0.36283257603645325,0.5556848049163818,0.38506966829299927,0.43110349774360657,0.2851836085319519,0.4464811086654663,0.26136982440948486,0.5270010232925415,0.29775023460388184,0.5575776100158691,0.32910606265068054,0.4645100235939026,0.20907960832118988,0.4590687155723572,0.17474395036697388,0.5187178254127502,0.21261677145957947,0.544050395488739,0.24859082698822021,ㄱ
0.2717217206954956,0.2681210935115814,0.40578943490982056,0.2877129912376404,0.5140701532363892,0.3342960476875305,0.6162028312683105,0.3341364860534668,0.6884046792984009,0.3036872148513794,0.4470803141593933,0.5397025942802429,0.47413966059684753,0.75175541639328,0.48695069551467896,0.8725674748420715,0.4908357262611389,0.9628113508224487,0.36774685978889465,0.5910402536392212,0.427705854177475,0.6904602646827698,0.447307288646698,0.6270639300346375,0.43761563301086426,0.564387857913971,0.3018011450767517,0.6016664505004883,0.3704700469970703,0.6713994145393372,0.3788093328475952,0.6165479421615601,0.3662233352661133,0.5563097596168518,0.25078052282333374,0.6025296449661255,0.30891504883766174,0.6336486339569092,0.31690463423728943,0.5755807161331177,0.30724266171455383,0.5277705788612366,ㄱ
0.2851560115814209,0.28898492455482483,0.39202722907066345,0.3217071294784546,0.48827165365219116,0.37841707468032837,0.5804877281188965,0.40254509449005127,0.6461378335952759,0.39274755120277405,0.42033010721206665,0.5177434682846069,0.4203122854232788,0.6926547288894653,0.40620285272598267,0.8036785125732422,0.3917000889778137,0.8915301561355591,0.3511836528778076,0.5530327558517456,0.39886969327926636,0.7340801954269409,0.4251757860183716,0.8130089044570923,0.43968483805656433,0.8596075773239136,0.290166437625885,0.564879298210144,0.34770500659942627,0.6832616329193115,0.3675251305103302,0.645514965057373,0.3731926381587982,0.5885132551193237,0.24258174002170563,0.5655871033668518,0.30391860008239746,0.6438696384429932,0.32418927550315857,0.604735255241394,0.327031672000885,0.5591627359390259,ㄱ
0.1192975714802742,0.3451581597328186,0.2059219479560852,0.3600357174873352,0.2763843238353729,0.41262656450271606,0.3398417532444,0.45318806171417236,0.3923889398574829,0.4683167338371277,0.26758962869644165,0.5300095081329346,0.2600732743740082,0.6726647615432739,0.25224769115448,0.7600075602531433,0.2418874353170395,0.8255541324615479,0.21156594157218933,0.5594739317893982,0.20675282180309296,0.6540552377700806,0.20649322867393494,0.6091461777687073,0.20296311378479004,0.552159309387207,0.15414124727249146,0.5654478669166565,0.16270320117473602,0.6348612308502197,0.15882053971290588,0.5987356305122375,0.15269243717193604,0.547930896282196,0.10213453322649002,0.5655653476715088,0.11956290155649185,0.6093201041221619,0.1155436784029007,0.5723311901092529,0.10946634411811829,0.5341891050338745,ㄱ
0.09310030937194824,0.3935885727405548,0.11417470872402191,0.4577220678329468,0.14604762196540833,0.5162525177001953,0.15359829366207123,0.5890132784843445,0.1539347916841507,0.665757417678833,0.2547861933708191,0.40421703457832336,0.34745147824287415,0.38653847575187683,0.4091479182243347,0.3731001317501068,0.4582477807998657,0.3598877489566803,0.2538094222545624,0.3377566933631897,0.22308462858200073,0.3023167550563812,0.1629868447780609,0.33590036630630493,0.150408536195755,0.36390069127082825,0.23168952763080597,0.2839929759502411,0.19311124086380005,0.25296077132225037,0.1504260152578354,0.29415154457092285,0.14816108345985413,0.325469970703125,0.2048007994890213,0.24222497642040253,0.17436036467552185,0.2101052701473236,0.14089100062847137,0.2508309483528137,0.13836351037025452,0.2844253480434418,ㄱ
0.23645417392253876,0.13574093580245972,0.25752928853034973,0.19961920380592346,0.30134662985801697,0.25352245569229126,0.3131123185157776,0.3287648558616638,0.3124634027481079,0.4024897515773773,0.43564698100090027,0.1732657551765442,0.5340648889541626,0.15528170764446259,0.5990602970123291,0.1390267014503479,0.6522186994552612,0.1207101047039032,0.42991942167282104,0.11188769340515137,0.5359985828399658,0.11150357872247696,0.6072105169296265,0.10837707668542862,0.6647729277610779,0.10360149294137955,0.39601612091064453,0.058993615210056305,0.41106799244880676,0.02129945158958435,0.3618374168872833,0.04250149428844452,0.3258515000343323,0.07428956776857376,0.3451492190361023,0.017439410090446472,0.32399213314056396,-0.01891651749610901,0.2828754186630249,0.009015500545501709,0.2549590468406677,0.04570279270410538,ㄱ
0.2341996282339096,0.35536742210388184,0.2535124123096466,0.4606962502002716,0.2988514304161072,0.5628445148468018,0.32482677698135376,0.6703454852104187,0.3388954699039459,0.7723557353019714,0.46857813000679016,0.4305078387260437,0.5904514193534851,0.42194774746894836,0.6792652606964111,0.41683077812194824,0.7628938555717468,0.4021029472351074,0.4804612398147583,0.33403998613357544,0.393490195274353,0.30570000410079956,0.31809699535369873,0.3634093105792999,0.3195430636405945,0.4057966470718384,0.4488428235054016,0.24746295809745789,0.3331775963306427,0.24126549065113068,0.28483036160469055,0.3027539849281311,0.30085015296936035,0.34295377135276794,0.40696805715560913,0.18237046897411346,0.31004101037979126,0.1765214502811432,0.26837870478630066,0.23688896000385284,0.2783610224723816,0.2798426151275635,ㄱ
0.20905247330665588,0.35200896859169006,0.23837092518806458,0.474914014339447,0.3067106008529663,0.5922684073448181,0.3516906499862671,0.712403416633606,0.3811572790145874,0.8303231000900269,0.4887755215167999,0.43921855092048645,0.635850191116333,0.43034207820892334,0.7404812574386597,0.4283370077610016,0.834187388420105,0.41407671570777893,0.49812713265419006,0.3224288523197174,0.4118135869503021,0.2971900701522827,0.3181530833244324,0.3631352186203003,0.31429246068000793,0.40612709522247314,0.46137550473213196,0.2226274311542511,0.33247309923171997,0.22731532156467438,0.27062082290649414,0.3023296594619751,0.2877098321914673,0.34859734773635864,0.4117153286933899,0.14518499374389648,0.3042607307434082,0.15274563431739807,0.25064870715141296,0.2287972867488861,0.25961410999298096,0.27941280603408813,ㄱ
0.2832956910133362,0.14226606488227844,0.4164474308490753,0.1542215794324875,0.5288089513778687,0.20111043751239777,0.6345774531364441,0.21263949573040009,0.7098559737205505,0.16796791553497314,0.48088890314102173,0.400068074464798,0.5131489634513855,0.6118952035903931,0.5287200212478638,0.7486228346824646,0.5285980701446533,0.8558472990989685,0.3936554193496704,0.4475589990615845,0.4645040035247803,0.5909366607666016,0.47842174768447876,0.5234293937683105,0.45344534516334534,0.44629397988319397,0.31718987226486206,0.45789238810539246,0.3910723924636841,0.5778390169143677,0.39741772413253784,0.5229154825210571,0.3722115159034729,0.457173228263855,0.2519678771495819,0.4656215310096741,0.3159300684928894,0.5609283447265625,0.32114869356155396,0.5070026516914368,0.3000256419181824,0.44863787293434143,ㄱ
0.1642269641160965,0.4501985013484955,0.20047298073768616,0.5180210471153259,0.25914812088012695,0.5828436017036438,0.28645581007003784,0.6755207180976868,0.29836127161979675,0.7509470582008362,0.4125434160232544,0.46974173188209534,0.5224906206130981,0.48114413022994995,0.5973940491676331,0.4829903244972229,0.6594545245170593,0.48028960824012756,0.3927774727344513,0.3886370062828064,0.40843483805656433,0.3181737959384918,0.3371328115463257,0.3530086278915405,0.3179585039615631,0.3961794078350067,0.3593042194843292,0.32356253266334534,0.35443994402885437,0.26301518082618713,0.2953255772590637,0.31291115283966064,0.2897855341434479,0.36016845703125,0.3193061351776123,0.2752886414527893,0.31443023681640625,0.22272814810276031,0.27176743745803833,0.2650054693222046,0.2662736177444458,0.3103833794593811,ㄱ
0.26254206895828247,0.3087271451950073,0.3498733937740326,0.31824344396591187,0.4416442811489105,0.3906640410423279,0.5211673974990845,0.4440295696258545,0.5890737175941467,0.43065276741981506,0.44685447216033936,0.5474957227706909,0.4365360140800476,0.7336215376853943,0.42766380310058594,0.8521162271499634,0.41841378808021545,0.939632773399353,0.3915676474571228,0.5850868225097656,0.3310462534427643,0.6815743446350098,0.31424251198768616,0.6170283555984497,0.31807181239128113,0.5564746856689453,0.3234350383281708,0.5933791399002075,0.2772635817527771,0.6515136957168579,0.2669874429702759,0.5965942740440369,0.27142179012298584,0.5387106537818909,0.2592669427394867,0.5999717116355896,0.23567387461662292,0.6295391917228699,0.22226163744926453,0.5705045461654663,0.22523169219493866,0.5219277143478394,ㄱ
0.20102156698703766,0.5614973306655884,0.2669289708137512,0.5638381242752075,0.3221697509288788,0.5961998701095581,0.3698253333568573,0.6104564666748047,0.4093300402164459,0.6073495149612427,0.3011361062526703,0.6913828253746033,0.287742018699646,0.7954750657081604,0.28022754192352295,0.8599882125854492,0.2701356112957001,0.9088672995567322,0.25537821650505066,0.711807370185852,0.26744702458381653,0.8000771403312683,0.2795211672782898,0.7664210796356201,0.27868643403053284,0.7225679755210876,0.21633876860141754,0.7193183898925781,0.2350679636001587,0.7841708064079285,0.2399602085351944,0.7532920837402344,0.23595187067985535,0.7186323404312134,0.18494148552417755,0.7210105657577515,0.20597632229328156,0.7621110677719116,0.20652559399604797,0.7365261316299438,0.20049414038658142,0.7127867937088013,ㄱ
0.17143090069293976,0.6837722063064575,0.1920141875743866,0.7285630106925964,0.2186642438173294,0.7748068571090698,0.22538238763809204,0.8339881896972656,0.22389522194862366,0.888103187084198,0.31945565342903137,0.699708878993988,0.3846533000469208,0.7046512961387634,0.4329831898212433,0.7034658789634705,0.47209349274635315,0.7000319957733154,0.3203813433647156,0.6418654918670654,0.29813235998153687,0.6310455799102783,0.2523820102214813,0.6581199169158936,0.24268296360969543,0.6772081851959229,0.3025762438774109,0.5943664312362671,0.2703227996826172,0.5901311635971069,0.23561547696590424,0.62267005443573,0.23123770952224731,0.642959713935852,0.2793174088001251,0.5574639439582825,0.25275954604148865,0.5557162761688232,0.22526401281356812,0.5883619785308838,0.22195202112197876,0.6094033718109131,ㄱ
0.35923734307289124,0.713954508304596,0.40053659677505493,0.761265218257904,0.4420646131038666,0.7910335063934326,0.44777703285217285,0.7967532277107239,0.44386738538742065,0.798384964466095,0.522864818572998,0.6782516241073608,0.6004231572151184,0.6766871213912964,0.6491315960884094,0.6750326752662659,0.687881350517273,0.6727997660636902,0.5016849040985107,0.6246381998062134,0.5333314538002014,0.6089730858802795,0.49669110774993896,0.6283383369445801,0.46942242980003357,0.6444200277328491,0.47261717915534973,0.5883949398994446,0.494952529668808,0.5704203844070435,0.46596798300743103,0.5975744128227234,0.44599947333335876,0.6160308122634888,0.44015395641326904,0.5644323825836182,0.4666118025779724,0.5357192158699036,0.45163577795028687,0.5596190094947815,0.44052740931510925,0.5788542628288269,ㄱ
0.15708988904953003,0.36296412348747253,0.18275617063045502,0.4293833076953888,0.2253974974155426,0.49232786893844604,0.24152234196662903,0.5689775943756104,0.2441900372505188,0.6478739976882935,0.3545740842819214,0.3875662088394165,0.45504942536354065,0.36938971281051636,0.5203894972801208,0.3560980260372162,0.577638566493988,0.34021541476249695,0.35075950622558594,0.31781065464019775,0.3206510841846466,0.26897987723350525,0.2560387849807739,0.31752637028694153,0.25151315331459045,0.36044642329216003,0.32718902826309204,0.2553583085536957,0.2790073752403259,0.2218855619430542,0.23018674552440643,0.2773649990558624,0.23359784483909607,0.3211395740509033,0.29795515537261963,0.2045922726392746,0.2541636824607849,0.17895019054412842,0.21482078731060028,0.2329753339290619,0.21531300246715546,0.278994619846344,ㄱ
0.4584258198738098,0.27926525473594666,0.4862883388996124,0.3255006670951843,0.5317260026931763,0.35951876640319824,0.555659294128418,0.41980355978012085,0.5651502013206482,0.4940257668495178,0.6689985990524292,0.2809045910835266,0.7731646299362183,0.25856220722198486,0.8422428965568542,0.24008360505104065,0.8974011540412903,0.22661368548870087,0.6456258893013,0.21559008955955505,0.6533213257789612,0.15214592218399048,0.5860851407051086,0.19101688265800476,0.5764597654342651,0.23846150934696198,0.6160208582878113,0.16096146404743195,0.613588273525238,0.10402510315179825,0.5600054860115051,0.1484309285879135,0.5571788549423218,0.19596795737743378,0.5832075476646423,0.11810300499200821,0.5839636921882629,0.06677292287349701,0.5440627336502075,0.10379822552204132,0.5366798043251038,0.14881278574466705,ㄱ
0.16467875242233276,0.6241382956504822,0.1706196516752243,0.6778033375740051,0.18506833910942078,0.7352744340896606,0.1804531216621399,0.7927554845809937,0.1664247214794159,0.8486568331718445,0.29494354128837585,0.6613820195198059,0.368435263633728,0.6544663906097412,0.41770148277282715,0.6486310362815857,0.4575486183166504,0.6413639187812805,0.30268844962120056,0.6024689674377441,0.281559020280838,0.5829558968544006,0.2297670841217041,0.6076576113700867,0.2169167399406433,0.6296452879905701,0.2915732264518738,0.5520337224006653,0.25492703914642334,0.5359464883804321,0.21745017170906067,0.567245364189148,0.21382936835289001,0.5912691950798035,0.2755812108516693,0.5118820667266846,0.24423399567604065,0.4979355037212372,0.2135327160358429,0.530784010887146,0.21160826086997986,0.5562827587127686,ㄱ
0.22549177706241608,0.6109368801116943,0.2170063853263855,0.6666232943534851,0.225985586643219,0.7293134331703186,0.22005820274353027,0.7970209121704102,0.21090063452720642,0.8570314049720764,0.2988285422325134,0.6682755947113037,0.3513181209564209,0.6648414731025696,0.3953183889389038,0.666085422039032,0.4333871006965637,0.6660552620887756,0.3214004933834076,0.6134443879127502,0.24834933876991272,0.5994094610214233,0.2460746467113495,0.6201648116111755,0.2560212016105652,0.6317811012268066,0.3080853819847107,0.5654814839363098,0.22675982117652893,0.5666901469230652,0.23161989450454712,0.5844325423240662,0.2460019737482071,0.594648003578186,0.28591036796569824,0.5305596590042114,0.22797462344169617,0.535712480545044,0.22549521923065186,0.5509940385818481,0.23550070822238922,0.5604132413864136,ㄱ
0.8569225668907166,0.4529593586921692,0.8246799111366272,0.523631751537323,0.7730612754821777,0.5977678894996643,0.7542474269866943,0.6787171959877014,0.748754620552063,0.7437993884086609,0.654795229434967,0.49442026019096375,0.5618897676467896,0.5014265179634094,0.5032151341438293,0.5033053755760193,0.45112499594688416,0.5001718997955322,0.6548948884010315,0.4150984287261963,0.668043851852417,0.45496657490730286,0.7247811555862427,0.4856139123439789,0.7434306144714355,0.48404592275619507,0.6840651631355286,0.35297152400016785,0.724454402923584,0.3989498019218445,0.7719454765319824,0.43447595834732056,0.7769523859024048,0.4328432083129883,0.7244213223457336,0.30446183681488037,0.7686253190040588,0.3461388349533081,0.803063154220581,0.38880622386932373,0.805255115032196,0.3972957134246826,ㄱ
0.8030324578285217,0.3645745515823364,0.7813823223114014,0.4049763083457947,0.7463275790214539,0.4532497525215149,0.7345434427261353,0.5061972737312317,0.7322756052017212,0.5540969371795654,0.6618454456329346,0.36722874641418457,0.5975638031959534,0.36667966842651367,0.5523658990859985,0.3661903738975525,0.5140720009803772,0.36124610900878906,0.6668111085891724,0.3053125739097595,0.6944444179534912,0.3107259273529053,0.7273662686347961,0.3427324891090393,0.7244157195091248,0.3477342128753662,0.6935016512870789,0.2624506950378418,0.736616849899292,0.2858981490135193,0.7587756514549255,0.3208114504814148,0.7527968883514404,0.32538750767707825,0.7258245944976807,0.2323392927646637,0.7611939311027527,0.2521854639053345,0.7776916027069092,0.28900161385536194,0.7743252515792847,0.30237704515457153,ㄱ
0.8374167680740356,0.29835349321365356,0.7404596209526062,0.2994126081466675,0.6718276143074036,0.33797237277030945,0.5985113978385925,0.36737295985221863,0.5412473678588867,0.3675692081451416,0.6726036071777344,0.46729645133018494,0.6527202129364014,0.614126980304718,0.6438107490539551,0.7019784450531006,0.6385151147842407,0.7692621946334839,0.7243151664733887,0.512580931186676,0.7124047875404358,0.57789146900177,0.7169423699378967,0.538733720779419,0.7285087704658508,0.4865747392177582,0.7789082527160645,0.5260927081108093,0.7607501745223999,0.5525717735290527,0.7662705183029175,0.5197083950042725,0.7805088758468628,0.47842296957969666,0.8259021043777466,0.5303292274475098,0.8047062158584595,0.5371068716049194,0.8122034668922424,0.4988693594932556,0.8233763575553894,0.46145546436309814,ㄱ
0.7719651460647583,0.3346406817436218,0.7301393747329712,0.40435099601745605,0.6664078831672668,0.4796239733695984,0.6420620083808899,0.5737267136573792,0.6369091868400574,0.6531121730804443,0.5292643308639526,0.3628886938095093,0.41476964950561523,0.3612305819988251,0.34106743335723877,0.3587764501571655,0.2767260670661926,0.34907007217407227,0.5344113111495972,0.26181596517562866,0.5567612051963806,0.27702489495277405,0.6254431009292603,0.32255470752716064,0.637344479560852,0.3273090720176697,0.5727632641792297,0.18533125519752502,0.6271406412124634,0.2212229073047638,0.6759653091430664,0.2745334506034851,0.6722168922424316,0.27710890769958496,0.6207120418548584,0.12733401358127594,0.6696652173995972,0.1572839468717575,0.7036755084991455,0.2139759510755539,0.7006275057792664,0.22941870987415314,ㄱ
0.804260790348053,0.5366709232330322,0.7722451686859131,0.5819268822669983,0.7243220210075378,0.6327824592590332,0.7061204314231873,0.6997998952865601,0.7015065550804138,0.7584549784660339,0.6314298510551453,0.5477719306945801,0.5564661026000977,0.5422838926315308,0.5059258937835693,0.5361733436584473,0.4627389907836914,0.5283378958702087,0.6364849209785461,0.4828002452850342,0.6457967758178711,0.5056789517402649,0.6931197643280029,0.541030764579773,0.7107670307159424,0.5502142906188965,0.6633649468421936,0.4331362247467041,0.6952142119407654,0.47112739086151123,0.7325730323791504,0.508232057094574,0.7380693554878235,0.5133116245269775,0.6977598071098328,0.39497503638267517,0.7260362505912781,0.4285351634025574,0.7523767948150635,0.46664756536483765,0.7556243538856506,0.4754412770271301,ㄱ
0.7236901521682739,0.5772638916969299,0.7017926573753357,0.630754828453064,0.6658971309661865,0.6907600164413452,0.655829906463623,0.7545483112335205,0.6588096618652344,0.8060447573661804,0.5729359984397888,0.6034302711486816,0.5017480850219727,0.608164370059967,0.4569248557090759,0.6094937920570374,0.4182213246822357,0.608110249042511,0.571404755115509,0.5433663129806519,0.5758336782455444,0.5776537656784058,0.6201883554458618,0.6011649966239929,0.6374596953392029,0.5992481708526611,0.5909817814826965,0.4960396885871887,0.6165763735771179,0.5360291600227356,0.653357982635498,0.5621235966682434,0.6596560478210449,0.5597001910209656,0.618877649307251,0.45788416266441345,0.6412790417671204,0.49192014336586,0.6679316759109497,0.5207690000534058,0.6720336675643921,0.5218130946159363,ㄱ
0.812610924243927,0.46188056468963623,0.7307912111282349,0.4519633650779724,0.661590576171875,0.493927925825119,0.5981961488723755,0.5397377014160156,0.5436701774597168,0.5452544093132019,0.660880446434021,0.6192861199378967,0.6544139385223389,0.7579528093338013,0.6528265476226807,0.8415937423706055,0.6538070440292358,0.9002760648727417,0.7041950225830078,0.66443932056427,0.720283567905426,0.6821228265762329,0.7265831232070923,0.6436576843261719,0.7311586737632751,0.6045941114425659,0.7558995485305786,0.6811532378196716,0.7638299465179443,0.6698150634765625,0.7701300978660583,0.6417733430862427,0.7764214873313904,0.6108249425888062,0.803104043006897,0.6928490400314331,0.8007379770278931,0.6723799705505371,0.8081735968589783,0.6361002326011658,0.813371479511261,0.6064920425415039,ㄱ
0.8147798776626587,0.5773718357086182,0.7757229208946228,0.6270200610160828,0.7172338962554932,0.6780752539634705,0.691358208656311,0.7364637851715088,0.6876797080039978,0.7949793934822083,0.6343051195144653,0.591203510761261,0.5580251216888428,0.5806666016578674,0.5102369785308838,0.5750584602355957,0.46920186281204224,0.5671862959861755,0.6482269167900085,0.5386106967926025,0.6037389039993286,0.5380350351333618,0.6559681296348572,0.5707091689109802,0.6921737194061279,0.5817202925682068,0.6754211187362671,0.49180731177330017,0.655579149723053,0.4972769021987915,0.7060140371322632,0.5350753664970398,0.7321451306343079,0.5472877025604248,0.7100666761398315,0.4483436346054077,0.6870824098587036,0.4503651261329651,0.7166367173194885,0.48777949810028076,0.732932448387146,0.5033653974533081,ㄱ
0.17445194721221924,0.5002910494804382,0.20861342549324036,0.575284481048584,0.2603892683982849,0.6399582028388977,0.2884023189544678,0.705950915813446,0.30284583568573,0.7694464921951294,0.35843849182128906,0.5276293158531189,0.43493250012397766,0.5221147537231445,0.48590314388275146,0.5187649726867676,0.5307266116142273,0.5117357969284058,0.34769734740257263,0.4634742736816406,0.35432490706443787,0.48705360293388367,0.30232739448547363,0.5165891647338867,0.28007805347442627,0.5209875106811523,0.31884583830833435,0.4115186333656311,0.30500245094299316,0.4479701519012451,0.2601017355918884,0.47998249530792236,0.24842363595962524,0.4838258922100067,0.28370341658592224,0.37107419967651367,0.27312660217285156,0.3999561667442322,0.24192672967910767,0.43444541096687317,0.23425036668777466,0.44268500804901123,ㄱ
0.18688338994979858,0.3829958140850067,0.2683852016925812,0.37198150157928467,0.3344747722148895,0.4099567234516144,0.39290112257003784,0.4348846971988678,0.43701931834220886,0.42971545457839966,0.33195698261260986,0.5367271304130554,0.3398079574108124,0.6444029211997986,0.3399071991443634,0.7131829857826233,0.3358716070652008,0.7625494003295898,0.2911332845687866,0.5743405818939209,0.29660534858703613,0.5792941451072693,0.29400432109832764,0.5403773188591003,0.28414320945739746,0.5095601677894592,0.24770212173461914,0.5809540152549744,0.2605208158493042,0.5731059312820435,0.25546857714653015,0.5410840511322021,0.2459368109703064,0.5096520781517029,0.21082672476768494,0.5797527432441711,0.2220013439655304,0.5662996768951416,0.21588441729545593,0.5369465351104736,0.20761945843696594,0.5120635032653809,ㄱ
0.20926621556282043,0.5408973693847656,0.23939378559589386,0.6108786463737488,0.2844739258289337,0.6753987669944763,0.30407771468162537,0.7433891296386719,0.3136724829673767,0.8070405125617981,0.3923186659812927,0.5812256932258606,0.46907109022140503,0.587000846862793,0.5211510062217712,0.5950574278831482,0.5671270489692688,0.5979918837547302,0.38494017720222473,0.5172558426856995,0.3984280228614807,0.5276815891265869,0.3450354039669037,0.5545559525489807,0.3170520067214966,0.563144326210022,0.35872477293014526,0.46201205253601074,0.3538210988044739,0.4770740270614624,0.30765506625175476,0.5072104334831238,0.2916404902935028,0.514961838722229,0.32506221532821655,0.4179357886314392,0.32046833634376526,0.4270448684692383,0.2898537218570709,0.45618587732315063,0.2812749147415161,0.4641614258289337,ㄱ
0.18952350318431854,0.5272405743598938,0.2254510521888733,0.5898699760437012,0.27091825008392334,0.6477794051170349,0.2834085524082184,0.7168235182762146,0.28401219844818115,0.7819188833236694,0.3790801763534546,0.5463444590568542,0.4553379714488983,0.5449665784835815,0.5097057819366455,0.5450354218482971,0.5542168021202087,0.5407820343971252,0.3673091232776642,0.4780842065811157,0.36380264163017273,0.49960383772850037,0.30836308002471924,0.5288070440292358,0.2936878800392151,0.5294708609580994,0.33828970789909363,0.42528438568115234,0.31863901019096375,0.45607754588127136,0.27381351590156555,0.49000921845436096,0.26864492893218994,0.49198976159095764,0.303661584854126,0.38568153977394104,0.285762757062912,0.40852487087249756,0.253989040851593,0.4469396471977234,0.2502513527870178,0.45657432079315186,ㄱ
0.19391268491744995,0.5386160612106323,0.2235734462738037,0.6063696146011353,0.26316961646080017,0.6652344465255737,0.2728559672832489,0.7341539859771729,0.2738090455532074,0.8054749369621277,0.3714636564254761,0.5578287243843079,0.45237112045288086,0.5477083325386047,0.5026975274085999,0.541711151599884,0.547497034072876,0.5344756841659546,0.35224786400794983,0.49662262201309204,0.4091562330722809,0.47212347388267517,0.3603096902370453,0.4967837929725647,0.32853883504867554,0.512772798538208,0.3209672272205353,0.4475199282169342,0.37003570795059204,0.4213906228542328,0.3273391127586365,0.45082807540893555,0.30197033286094666,0.4641810655593872,0.2823600471019745,0.40926393866539,0.3212907016277313,0.36834925413131714,0.2974376976490021,0.39367786049842834,0.28004395961761475,0.4117022156715393,ㄱ
0.21034128963947296,0.5214707255363464,0.24563756585121155,0.586523711681366,0.2968214154243469,0.6445297598838806,0.31987616419792175,0.7081350088119507,0.32302966713905334,0.7669092416763306,0.3979780673980713,0.5559002161026001,0.46605080366134644,0.5415422916412354,0.5138303637504578,0.5314674377441406,0.5548056960105896,0.5176478624343872,0.3961167633533478,0.49602755904197693,0.37679606676101685,0.5367540717124939,0.32535848021507263,0.5558894872665405,0.3095068335533142,0.5488734245300293,0.37350040674209595,0.44889503717422485,0.33285707235336304,0.5023115873336792,0.29387038946151733,0.5205186009407043,0.29139062762260437,0.5127608180046082,0.34213632345199585,0.41168951988220215,0.3040585517883301,0.46029210090637207,0.27593791484832764,0.4817503094673157,0.2756112813949585,0.4756423830986023,ㄱ
0.22486360371112823,0.5242376923561096,0.252610445022583,0.59879469871521,0.29391205310821533,0.6685560941696167,0.3060513734817505,0.7338868975639343,0.3078373968601227,0.787367582321167,0.39858517050743103,0.5776866674423218,0.47197291254997253,0.5780507922172546,0.5197174549102783,0.583051323890686,0.5626001954078674,0.5824973583221436,0.3983367383480072,0.5179152488708496,0.3777467608451843,0.5613674521446228,0.32850170135498047,0.576611340045929,0.31430843472480774,0.5671085715293884,0.37493816018104553,0.47133415937423706,0.3344448208808899,0.5235761404037476,0.29610443115234375,0.5398010611534119,0.29415154457092285,0.5295263528823853,0.3426896333694458,0.4383212924003601,0.2986951768398285,0.48602667450904846,0.2718716859817505,0.5059294700622559,0.27416670322418213,0.49986034631729126,ㄱ
0.2255317121744156,0.5253220200538635,0.2555731534957886,0.6033468842506409,0.2988530993461609,0.6709026098251343,0.32479235529899597,0.7296282649040222,0.34177857637405396,0.7802997827529907,0.3990045189857483,0.5747244954109192,0.4731910228729248,0.5713439583778381,0.5213056206703186,0.5723856687545776,0.5645586252212524,0.5675416588783264,0.39741837978363037,0.51283198595047,0.379553884267807,0.550862193107605,0.33029404282569885,0.5687716007232666,0.3150325119495392,0.5618826150894165,0.373188853263855,0.46542686223983765,0.3320936858654022,0.5183675289154053,0.29576948285102844,0.5372781157493591,0.29409757256507874,0.5294703841209412,0.33984124660491943,0.43212082982063293,0.298140287399292,0.48129281401634216,0.2723998427391052,0.502639651298523,0.2737230658531189,0.49768710136413574,ㄱ
0.22062326967716217,0.5204153656959534,0.25052735209465027,0.5970298647880554,0.2971956729888916,0.6615527868270874,0.32435280084609985,0.7207841873168945,0.3431239128112793,0.7729877829551697,0.39141470193862915,0.5605001449584961,0.4575319290161133,0.5531443357467651,0.5006143450737,0.5601530075073242,0.5383322238922119,0.5637778043746948,0.38752448558807373,0.5007297992706299,0.3731168508529663,0.535247802734375,0.3221006989479065,0.5577472448348999,0.30576106905937195,0.552748441696167,0.3623208701610565,0.4560698866844177,0.3279905617237091,0.5052621364593506,0.2899712324142456,0.5267125964164734,0.28743529319763184,0.5192517638206482,0.32858896255493164,0.42463409900665283,0.29101434350013733,0.4716784656047821,0.26565465331077576,0.4944548010826111,0.26804858446121216,0.48970872163772583,ㄱ
0.215515598654747,0.5236634016036987,0.24737697839736938,0.5981600880622864,0.2947963774204254,0.6607053875923157,0.3202875256538391,0.7209116220474243,0.3359052240848541,0.7734739780426025,0.386778861284256,0.5626868605613708,0.4577556252479553,0.5594562888145447,0.5061559677124023,0.5607950091362,0.5487613081932068,0.5570485591888428,0.38314154744148254,0.5009424686431885,0.3577604591846466,0.5433984994888306,0.31106042861938477,0.5614109635353088,0.2980041205883026,0.5524852275848389,0.3572095036506653,0.4547232389450073,0.3122020661830902,0.5132691860198975,0.28039926290512085,0.5298190116882324,0.2833162546157837,0.5184305310249329,0.32302427291870117,0.42272698879241943,0.2799201011657715,0.47812968492507935,0.25721314549446106,0.49877119064331055,0.2616344690322876,0.49135544896125793,ㄱ
0.4558589458465576,0.29398560523986816,0.4872436821460724,0.35122448205947876,0.5305340886116028,0.40569689869880676,0.5551439523696899,0.46407991647720337,0.5693206191062927,0.5180214643478394,0.6132866144180298,0.3217609226703644,0.6829244494438171,0.31555378437042236,0.7270488739013672,0.31240445375442505,0.7634768486022949,0.3055953085422516,0.5974551439285278,0.2761119306087494,0.6269981861114502,0.2652505040168762,0.5776982307434082,0.2896786332130432,0.554432213306427,0.30042189359664917,0.5726135969161987,0.236741304397583,0.5897366404533386,0.2253817915916443,0.5480111837387085,0.2548801302909851,0.5331621766090393,0.2656838595867157,0.5429192781448364,0.20156395435333252,0.5608636736869812,0.18907183408737183,0.5341389775276184,0.21608853340148926,0.523009717464447,0.2267208695411682,ㄱ
0.4643831253051758,0.2993307113647461,0.4929477572441101,0.35795092582702637,0.5404919385910034,0.4129084646701813,0.5744549036026001,0.46837836503982544,0.5950242280960083,0.5227342247962952,0.6215793490409851,0.328141450881958,0.6916652321815491,0.3265715539455414,0.7361023426055908,0.32915082573890686,0.7733449935913086,0.3291515111923218,0.6068044900894165,0.28186097741127014,0.6368023157119751,0.27707165479660034,0.5855368375778198,0.3001041114330292,0.5612920522689819,0.3084159195423126,0.5825268626213074,0.24219751358032227,0.5987308025360107,0.23607105016708374,0.5566768646240234,0.26251721382141113,0.5429330468177795,0.27044638991355896,0.5532890558242798,0.20632079243659973,0.5696223378181458,0.1973642259836197,0.5430252552032471,0.22318154573440552,0.5329321026802063,0.2322743833065033,ㄱ
0.4499189853668213,0.30745619535446167,0.4812171459197998,0.3689473569393158,0.5240913033485413,0.4230075776576996,0.550929605960846,0.4777163863182068,0.5637858510017395,0.5313421487808228,0.6144862771034241,0.3519311547279358,0.6723711490631104,0.3584175109863281,0.7099522352218628,0.3582451045513153,0.7431625127792358,0.35737699270248413,0.6115618944168091,0.30214646458625793,0.6695485711097717,0.29253944754600525,0.6290822625160217,0.2997463345527649,0.5919068455696106,0.3053668439388275,0.5975250005722046,0.2564336657524109,0.6494542360305786,0.24155855178833008,0.6116455793380737,0.2554791271686554,0.5778588652610779,0.2646924555301666,0.5745540857315063,0.2143053114414215,0.6222636699676514,0.18884988129138947,0.6082953214645386,0.20532777905464172,0.5864763855934143,0.22097046673297882,ㄱ
0.4431532025337219,0.3110620677471161,0.4659575819969177,0.37368136644363403,0.5089913606643677,0.4293736517429352,0.5383728742599487,0.4842320680618286,0.5464746952056885,0.540558397769928,0.5937365889549255,0.3623659014701843,0.6617733836174011,0.36090829968452454,0.7037680149078369,0.35974135994911194,0.7401601672172546,0.35374894738197327,0.5850641131401062,0.3163723349571228,0.6131468415260315,0.3100793957710266,0.5607870221138,0.32528188824653625,0.5442621111869812,0.3311232030391693,0.5679168701171875,0.2736833095550537,0.5863449573516846,0.26553887128829956,0.5403587818145752,0.28475213050842285,0.5301985144615173,0.2909660339355469,0.5464035272598267,0.2315930724143982,0.5655158162117004,0.22378042340278625,0.5353280901908875,0.24558308720588684,0.5257114768028259,0.2538280487060547,ㄱ
0.44787853956222534,0.13419952988624573,0.5275447368621826,0.15264679491519928,0.5941643118858337,0.20862236618995667,0.6490530371665955,0.24904072284698486,0.6971521377563477,0.26108312606811523,0.6046078205108643,0.3225030303001404,0.5934100151062012,0.4454055428504944,0.5899801254272461,0.5175608992576599,0.5906509757041931,0.567676305770874,0.5695768594741821,0.35606157779693604,0.5296993255615234,0.3916873335838318,0.5175548195838928,0.35080504417419434,0.5231850743293762,0.30866166949272156,0.5224156379699707,0.3673202395439148,0.49253636598587036,0.3888832926750183,0.481864333152771,0.3525067865848541,0.48727214336395264,0.3127579092979431,0.47650447487831116,0.368264377117157,0.45296427607536316,0.37847602367401123,0.4431498348712921,0.3417142331600189,0.44567763805389404,0.3044920265674591,ㄱ
0.2885338068008423,0.202463299036026,0.3909457325935364,0.20560333132743835,0.46770575642585754,0.2581724226474762,0.5334139466285706,0.27937158942222595,0.5863572359085083,0.2661624252796173,0.4666796624660492,0.40677589178085327,0.47734957933425903,0.5457847118377686,0.478867769241333,0.638791561126709,0.47698524594306946,0.7055106163024902,0.413242906332016,0.450359970331192,0.43853288888931274,0.4752267599105835,0.4397319555282593,0.4330238103866577,0.42697396874427795,0.3930802047252655,0.3596937656402588,0.4568248987197876,0.3939439654350281,0.46830108761787415,0.3934616148471832,0.43251916766166687,0.382131427526474,0.39031708240509033,0.31371164321899414,0.4540008306503296,0.3452891409397125,0.45147448778152466,0.34190458059310913,0.4172042906284332,0.3310757279396057,0.3837588131427765,ㄱ
0.2961503863334656,0.19970808923244476,0.3961986005306244,0.1856144815683365,0.4781881868839264,0.2224322408437729,0.5468103289604187,0.2500121593475342,0.5992475152015686,0.2684163451194763,0.4864211976528168,0.3751411437988281,0.4983137845993042,0.5141905546188354,0.5034272074699402,0.6075431704521179,0.5037984251976013,0.6729448437690735,0.43596890568733215,0.4254148006439209,0.4484085142612457,0.46907609701156616,0.4430665373802185,0.426746129989624,0.42988961935043335,0.3801637291908264,0.383360356092453,0.4435040056705475,0.4038016200065613,0.46088528633117676,0.39697498083114624,0.424670547246933,0.38417601585388184,0.3800717890262604,0.3362135589122772,0.44850635528564453,0.35354694724082947,0.4422389268875122,0.34426307678222656,0.4057273864746094,0.3327651917934418,0.37204664945602417,ㄱ
0.27993103861808777,0.25504177808761597,0.36902517080307007,0.28837618231773376,0.4451959729194641,0.362693190574646,0.5058202147483826,0.40365809202194214,0.5535452961921692,0.40012359619140625,0.41271039843559265,0.5091198682785034,0.41208750009536743,0.6552013754844666,0.4099681079387665,0.7434322834014893,0.40619370341300964,0.8083711862564087,0.35922500491142273,0.5273757576942444,0.33655616641044617,0.6555996537208557,0.3292452394962311,0.6053420901298523,0.33007392287254333,0.5417234897613525,0.299126535654068,0.5231080651283264,0.28098320960998535,0.6515485644340515,0.27804943919181824,0.6073060631752014,0.2801350951194763,0.5474802851676941,0.2415097951889038,0.5056716203689575,0.2228287160396576,0.612671971321106,0.22667956352233887,0.5772724151611328,0.23568053543567657,0.5249326825141907,ㄱ
0.6147964596748352,0.059447288513183594,0.48449426889419556,0.09691709280014038,0.36848634481430054,0.1784040331840515,0.25717800855636597,0.235992893576622,0.16237646341323853,0.22288595139980316,0.4042244255542755,0.3728138506412506,0.39314305782318115,0.6198907494544983,0.3869778513908386,0.7715078592300415,0.3820358216762543,0.8893229961395264,0.4741378128528595,0.40910831093788147,0.5190982818603516,0.5696069598197937,0.5392837524414062,0.5003384947776794,0.5391448140144348,0.41028279066085815,0.5608683824539185,0.4122296869754791,0.5962316989898682,0.5140403509140015,0.6076247096061707,0.45604270696640015,0.6018940210342407,0.3800239562988281,0.6416165828704834,0.4045623540878296,0.6529409885406494,0.46351808309555054,0.6631452441215515,0.3952852487564087,0.6606192588806152,0.32615911960601807,ㄱ
0.617833137512207,0.031199485063552856,0.4920283257961273,0.07250195741653442,0.37959277629852295,0.16396349668502808,0.27970272302627563,0.23811982572078705,0.18807989358901978,0.24342525005340576,0.4221622049808502,0.3571796715259552,0.4127865433692932,0.6007430553436279,0.4060192108154297,0.754519522190094,0.4017009139060974,0.869737982749939,0.4975239634513855,0.38508233428001404,0.5493050813674927,0.5256983041763306,0.5621755719184875,0.4483872354030609,0.5533937811851501,0.363779753446579,0.5857287645339966,0.38157930970191956,0.6227637529373169,0.4947517216205597,0.6304441690444946,0.42848995327949524,0.62065190076828,0.3502439260482788,0.6680701375007629,0.36747461557388306,0.6804726123809814,0.43821853399276733,0.6849440932273865,0.3665720820426941,0.6774954199790955,0.2956754267215729,ㄱ
0.31073203682899475,0.06185552477836609,0.46699047088623047,0.1260681450366974,0.5751749277114868,0.2230202555656433,0.676193118095398,0.25408855080604553,0.7549968361854553,0.23365972936153412,0.4955645203590393,0.44003206491470337,0.46761831641197205,0.652584433555603,0.45881006121635437,0.7741090655326843,0.4521102011203766,0.8623228073120117,0.3979933261871338,0.47044605016708374,0.4100798964500427,0.5595572590827942,0.42280954122543335,0.5008971691131592,0.41841360926628113,0.43299204111099243,0.31448569893836975,0.4572003483772278,0.3458503782749176,0.517247200012207,0.35210373997688293,0.46625277400016785,0.34883037209510803,0.4014274477958679,0.24851764738559723,0.4377119243144989,0.2804762125015259,0.4651986062526703,0.28480231761932373,0.41331398487091064,0.28080031275749207,0.3604128062725067,ㄱ
0.7867118716239929,0.08794492483139038,0.655887246131897,0.13534218072891235,0.5397303700447083,0.23664072155952454,0.4349737763404846,0.3125573694705963,0.33894243836402893,0.3266771137714386,0.579018235206604,0.37876537442207336,0.5676999688148499,0.6220840215682983,0.5608672499656677,0.7671463489532471,0.557309091091156,0.8820847868919373,0.6654832363128662,0.40214866399765015,0.6885848641395569,0.6163968443870544,0.7035468816757202,0.5431463122367859,0.7051169276237488,0.453399658203125,0.7568329572677612,0.39717936515808105,0.7698011994361877,0.6042003035545349,0.773102343082428,0.534099280834198,0.7692190408706665,0.44319355487823486,0.8411810994148254,0.37722980976104736,0.8419564962387085,0.5311603546142578,0.8374028205871582,0.4710310101509094,0.8317514657974243,0.3948444128036499,ㄱ
0.6485157012939453,0.36573678255081177,0.5970188975334167,0.49669039249420166,0.51595538854599,0.620699942111969,0.4725204408168793,0.7381752133369446,0.462353378534317,0.8405172228813171,0.34293654561042786,0.48561322689056396,0.22748516499996185,0.4827750325202942,0.16197024285793304,0.4763672649860382,0.10299485921859741,0.4700923562049866,0.35102158784866333,0.388243705034256,0.26731425523757935,0.3499293625354767,0.3647347688674927,0.3567570447921753,0.4384188652038574,0.3731468915939331,0.3813851773738861,0.29995155334472656,0.33188045024871826,0.2607595920562744,0.4156745970249176,0.2880430817604065,0.47335970401763916,0.32118913531303406,0.42404526472091675,0.22116544842720032,0.3702031075954437,0.17890384793281555,0.42015740275382996,0.20812511444091797,0.46001917123794556,0.24485617876052856,ㄱ
0.6817192435264587,0.36010825634002686,0.6349501609802246,0.46935519576072693,0.5718809366226196,0.5864810347557068,0.5595074892044067,0.699705958366394,0.5781311988830566,0.7967720031738281,0.38172447681427,0.5021749138832092,0.26069748401641846,0.5026240348815918,0.1861693561077118,0.50275057554245,0.12098923325538635,0.5021179914474487,0.3903578519821167,0.4026201665401459,0.3147270083427429,0.3904179632663727,0.4140778183937073,0.40181076526641846,0.4824748635292053,0.41346704959869385,0.41899093985557556,0.30885469913482666,0.3650379776954651,0.2895212471485138,0.4527694582939148,0.31825679540634155,0.5076343417167664,0.34820979833602905,0.45895957946777344,0.21953608095645905,0.39936521649360657,0.18912041187286377,0.44879668951034546,0.22162753343582153,0.4839898347854614,0.25884681940078735,ㄱ
0.680976152420044,0.38832107186317444,0.6280086040496826,0.5111033916473389,0.5320093631744385,0.6304219961166382,0.46934735774993896,0.7237223386764526,0.43628114461898804,0.807634711265564,0.36162835359573364,0.5002055168151855,0.23605157434940338,0.4944523572921753,0.15939423441886902,0.4865717887878418,0.09421926736831665,0.4803338050842285,0.37537091970443726,0.40036070346832275,0.31048116087913513,0.38308119773864746,0.41120222210884094,0.3975251317024231,0.48430371284484863,0.41419094800949097,0.40843215584754944,0.3056461811065674,0.36136594414711,0.2866498529911041,0.4498606026172638,0.31948989629745483,0.5069223046302795,0.3494916260242462,0.4537218511104584,0.21641677618026733,0.3951306939125061,0.18477392196655273,0.44290757179260254,0.22034431993961334,0.47979408502578735,0.25510066747665405,ㄱ
0.6750413179397583,0.3550910949707031,0.6292575001716614,0.47468191385269165,0.5614585876464844,0.6081400513648987,0.5395848751068115,0.7384761571884155,0.552547812461853,0.8472037315368652,0.38518956303596497,0.5166909098625183,0.2604670524597168,0.5720788836479187,0.18377017974853516,0.6094546318054199,0.11678031086921692,0.6381182074546814,0.3860008120536804,0.41427695751190186,0.3132721781730652,0.4088994860649109,0.4171428680419922,0.4144379198551178,0.48521682620048523,0.4181131422519684,0.41124263405799866,0.31601428985595703,0.36101850867271423,0.30391156673431396,0.44914379715919495,0.32848265767097473,0.49934759736061096,0.34634822607040405,0.4493672251701355,0.22137528657913208,0.39229074120521545,0.20095425844192505,0.444130539894104,0.23522935807704926,0.47742030024528503,0.2634845972061157,ㄱ
0.601818859577179,0.39393097162246704,0.5746349096298218,0.48639121651649475,0.5326036214828491,0.5754715204238892,0.5165412425994873,0.6516401767730713,0.5211008787155151,0.7156308889389038,0.410611093044281,0.5023466348648071,0.3292001783847809,0.5080526471138,0.2787165939807892,0.5103495121002197,0.23512417078018188,0.513239324092865,0.41429850459098816,0.43855851888656616,0.36548280715942383,0.4332753121852875,0.4237602651119232,0.43442535400390625,0.46844351291656494,0.4385312795639038,0.4299590587615967,0.37692540884017944,0.39387473464012146,0.36860623955726624,0.4473484754562378,0.3811360001564026,0.4854504466056824,0.39686518907546997,0.4534396827220917,0.3170658349990845,0.4095112383365631,0.30317097902297974,0.4388465881347656,0.3228067457675934,0.4653913080692291,0.346551775932312,ㄱ
0.5993237495422363,0.35786449909210205,0.5636262893676758,0.4555571675300598,0.5041758418083191,0.5495152473449707,0.4663546681404114,0.6260490417480469,0.4512595534324646,0.6970758438110352,0.3832668364048004,0.46396538615226746,0.29634252190589905,0.4869978427886963,0.24331165850162506,0.5057153701782227,0.19486366212368011,0.519666314125061,0.3856905996799469,0.3925096392631531,0.32854515314102173,0.3821239173412323,0.40291517972946167,0.38734012842178345,0.45579954981803894,0.38992562890052795,0.40449175238609314,0.32423242926597595,0.3642025589942932,0.3108662962913513,0.4290030896663666,0.3316042423248291,0.47196316719055176,0.3469281494617462,0.43352991342544556,0.2585458755493164,0.387859582901001,0.2399807870388031,0.42500874400138855,0.2701205015182495,0.4556078016757965,0.2973325848579407,ㄱ
0.6626438498497009,0.3292073607444763,0.6093382239341736,0.43522512912750244,0.5038661360740662,0.5182161927223206,0.4230819046497345,0.5661052465438843,0.3702983260154724,0.6328837871551514,0.3777177333831787,0.392837256193161,0.24878545105457306,0.4210909605026245,0.17265115678310394,0.4414322078227997,0.10764363408088684,0.455032080411911,0.39562124013900757,0.3030977249145508,0.33898410201072693,0.2814033627510071,0.43413829803466797,0.30991125106811523,0.5030813217163086,0.3317519724369049,0.42989808320999146,0.22274386882781982,0.38452720642089844,0.19424518942832947,0.47017428278923035,0.2429264634847641,0.5256435871124268,0.276155948638916,0.47573429346084595,0.1494438201189041,0.42584484815597534,0.11641189455986023,0.4756079316139221,0.16607190668582916,0.512427806854248,0.20354785025119781,ㄱ
0.6583983898162842,0.3818010091781616,0.6171213388442993,0.5016137361526489,0.557688295841217,0.6186374425888062,0.5231236219406128,0.7222040891647339,0.5052253007888794,0.8029414415359497,0.4124363362789154,0.4855199456214905,0.308395653963089,0.5000293850898743,0.24652503430843353,0.5090449452400208,0.1922002136707306,0.5151887536048889,0.4228249788284302,0.40018948912620544,0.382154643535614,0.3973442018032074,0.4634108543395996,0.41295957565307617,0.5171937346458435,0.41762739419937134,0.449478417634964,0.3242345452308655,0.4140092730522156,0.3206123411655426,0.4866263270378113,0.3535780608654022,0.5328603982925415,0.3715501129627228,0.4863036572933197,0.251834511756897,0.44093307852745056,0.23561988770961761,0.4818657338619232,0.2764844298362732,0.5136534571647644,0.3067874014377594,ㄱ
0.6440737247467041,0.17107266187667847,0.5357968211174011,0.2089175134897232,0.4216347336769104,0.2934652268886566,0.3184661865234375,0.3368879556655884,0.2351614534854889,0.31619253754615784,0.4355517327785492,0.4065336585044861,0.42334210872650146,0.6046940088272095,0.40945491194725037,0.7231259346008301,0.3966432511806488,0.8212401866912842,0.5046568512916565,0.4361198842525482,0.5399245023727417,0.6281203031539917,0.5648108720779419,0.5544106960296631,0.5672110319137573,0.46558940410614014,0.5841094255447388,0.45194587111473083,0.60687255859375,0.6254146099090576,0.6230376362800598,0.5585683584213257,0.6198712587356567,0.4748274087905884,0.6592662334442139,0.45856595039367676,0.6631425619125366,0.5758645534515381,0.674502432346344,0.5129718780517578,0.6716879606246948,0.44325315952301025,ㄱ
0.5844222903251648,0.13504880666732788,0.4799843728542328,0.22155195474624634,0.37489259243011475,0.3503052890300751,0.2791416645050049,0.4182957708835602,0.18641477823257446,0.4140463173389435,0.41485509276390076,0.422958642244339,0.44979193806648254,0.6266113519668579,0.4591844081878662,0.7526334524154663,0.4670186936855316,0.857578456401825,0.5059347152709961,0.4123982787132263,0.5777270793914795,0.6408886909484863,0.5711578130722046,0.5647115111351013,0.5499018430709839,0.47092175483703613,0.596343457698822,0.39223814010620117,0.651594340801239,0.6059276461601257,0.6395593285560608,0.5380944013595581,0.6175477504730225,0.44786664843559265,0.6784043312072754,0.3688427209854126,0.6947507858276367,0.5321160554885864,0.6738072037696838,0.4786337912082672,0.649566113948822,0.4091179370880127,ㄱ
0.6186546087265015,0.18646448850631714,0.49718406796455383,0.2042667716741562,0.3843722343444824,0.273980051279068,0.2890489101409912,0.32780542969703674,0.21108299493789673,0.3234577178955078,0.41110044717788696,0.473560631275177,0.40232357382774353,0.6822768449783325,0.38914066553115845,0.8128480911254883,0.3780384957790375,0.9107406735420227,0.47851407527923584,0.514855682849884,0.5185746550559998,0.6202321648597717,0.5263727307319641,0.5550838708877563,0.5229705572128296,0.4823167324066162,0.555657148361206,0.5220581293106079,0.5842689275741577,0.6009361147880554,0.58899986743927,0.5462007522583008,0.5827786922454834,0.4798438251018524,0.6254305839538574,0.5168530941009521,0.6356938481330872,0.5538671016693115,0.6389731168746948,0.49513983726501465,0.6320674419403076,0.4384901523590088,ㄱ
0.6144394278526306,0.08459585905075073,0.534060001373291,0.18763762712478638,0.47451186180114746,0.3235958218574524,0.4097241163253784,0.41716721653938293,0.33680015802383423,0.44954681396484375,0.5689019560813904,0.4208682179450989,0.643657386302948,0.6069805026054382,0.6870376467704773,0.7087880969047546,0.7232847809791565,0.7902012467384338,0.6464762091636658,0.38633066415786743,0.7107964158058167,0.5068853497505188,0.6908053159713745,0.44908609986305237,0.6639186143875122,0.3854811489582062,0.7153759002685547,0.33917036652565,0.7634232044219971,0.4644300639629364,0.7463345527648926,0.41317644715309143,0.7232704162597656,0.3504137694835663,0.7733445763587952,0.29386207461357117,0.7951793670654297,0.4012175500392914,0.7777499556541443,0.3528805375099182,0.7594066858291626,0.29526299238204956,ㄱ
0.8078585267066956,0.1925680935382843,0.7154561281204224,0.22797803580760956,0.6385524272918701,0.2962980270385742,0.5558125376701355,0.3332839012145996,0.4798659086227417,0.33250945806503296,0.7111790776252747,0.4176528751850128,0.7215785384178162,0.5827786922454834,0.7311606407165527,0.6845489740371704,0.7444071769714355,0.7627764344215393,0.784762978553772,0.43102043867111206,0.7449397444725037,0.5530099868774414,0.7150179743766785,0.50829017162323,0.7154863476753235,0.44089049100875854,0.8397413492202759,0.41759204864501953,0.7897593975067139,0.5292731523513794,0.7684517502784729,0.49002605676651,0.7739075422286987,0.43303537368774414,0.8781124353408813,0.40286627411842346,0.8314743638038635,0.49683111906051636,0.8115864992141724,0.4628015160560608,0.8157598972320557,0.41340890526771545,ㄱ
0.8094819784164429,0.22819818556308746,0.6937962174415588,0.24100853502750397,0.5888847708702087,0.3032008707523346,0.5045554637908936,0.3556574881076813,0.43592801690101624,0.38929232954978943,0.6558058857917786,0.41350096464157104,0.6389920115470886,0.5876952409744263,0.6320688724517822,0.6906734108924866,0.6364783644676208,0.7711365818977356,0.7289240956306458,0.4433305561542511,0.6742334961891174,0.5765900611877441,0.6460227370262146,0.5460706353187561,0.6471957564353943,0.4921743869781494,0.7903577089309692,0.45453161001205444,0.7251171469688416,0.5759608149528503,0.7020977735519409,0.550452470779419,0.7056629657745361,0.5020455121994019,0.8344956636428833,0.45981836318969727,0.7705124616622925,0.5605149269104004,0.745438277721405,0.5389508008956909,0.7453836798667908,0.5017411708831787,ㄱ
0.8505326509475708,0.34324368834495544,0.731448769569397,0.3305051922798157,0.6237300634384155,0.3716721832752228,0.5312773585319519,0.3904217481613159,0.4611719250679016,0.3694399297237396,0.6684055924415588,0.5074423551559448,0.636309802532196,0.6670984029769897,0.6208758354187012,0.7641929984092712,0.6178651452064514,0.8415325880050659,0.7308509945869446,0.5548766851425171,0.6677678227424622,0.6642014980316162,0.6509017944335938,0.6164326667785645,0.6653344631195068,0.5573187470436096,0.7879785895347595,0.5785042643547058,0.7171351313591003,0.6721076369285583,0.7053208947181702,0.6311689615249634,0.7215676307678223,0.5792543292045593,0.829348623752594,0.5904739499092102,0.7623060941696167,0.6649181246757507,0.7521559000015259,0.6265670657157898,0.767255425453186,0.5818033814430237,ㄱ
0.5909425616264343,0.34171730279922485,0.5725082159042358,0.45383089780807495,0.5439110994338989,0.559868574142456,0.534577488899231,0.6515672206878662,0.5362714529037476,0.7253385782241821,0.4679484963417053,0.4740865230560303,0.35241228342056274,0.49062836170196533,0.2919690012931824,0.5007454752922058,0.23991863429546356,0.503020703792572,0.45052334666252136,0.39431580901145935,0.3535568118095398,0.4441066086292267,0.3829425573348999,0.467670202255249,0.42105409502983093,0.45861002802848816,0.44353818893432617,0.33253034949302673,0.3606095016002655,0.3888317346572876,0.3893360197544098,0.4067913889884949,0.42295244336128235,0.39603641629219055,0.4368324279785156,0.2865915596485138,0.3695553243160248,0.33784547448158264,0.395277738571167,0.35446569323539734,0.4236884117126465,0.34535232186317444,ㄱ
0.5874618291854858,0.34654128551483154,0.5731360912322998,0.4706454277038574,0.544624388217926,0.584394097328186,0.5248252749443054,0.6816280484199524,0.5105398893356323,0.7568981647491455,0.46484339237213135,0.5029572248458862,0.3463403284549713,0.5221954584121704,0.2841970920562744,0.5359920263290405,0.23154397308826447,0.5401003956794739,0.44389405846595764,0.41909536719322205,0.3465098738670349,0.47101521492004395,0.3784075379371643,0.49080324172973633,0.4189421534538269,0.47968238592147827,0.4337426424026489,0.35219788551330566,0.35331955552101135,0.41284966468811035,0.3837374448776245,0.42510637640953064,0.41856417059898376,0.41133466362953186,0.4249717891216278,0.30103999376296997,0.3605648875236511,0.3595871329307556,0.3881336450576782,0.37113237380981445,0.41717979311943054,0.3573085367679596,ㄱ
0.5955730080604553,0.35180217027664185,0.5831685066223145,0.47568756341934204,0.5529226064682007,0.5904802083969116,0.5252216458320618,0.6804087162017822,0.49558621644973755,0.7457450032234192,0.47574952244758606,0.5078901052474976,0.35772567987442017,0.5287503004074097,0.29700329899787903,0.5442289113998413,0.24549542367458344,0.5500816106796265,0.45516303181648254,0.4244484603404999,0.35464590787887573,0.47998034954071045,0.3875524699687958,0.5022222399711609,0.42858952283859253,0.490561842918396,0.44413524866104126,0.35903704166412354,0.3591001033782959,0.42172104120254517,0.3914945125579834,0.4361448585987091,0.426932692527771,0.42081379890441895,0.43540480732917786,0.30911076068878174,0.3684805631637573,0.3692720830440521,0.3974342346191406,0.38157185912132263,0.4275563359260559,0.36560389399528503,ㄱ
0.6044715642929077,0.33172452449798584,0.5808441042900085,0.4436414837837219,0.5431560277938843,0.5525103211402893,0.5139422416687012,0.6443472504615784,0.4856923222541809,0.7125122547149658,0.48230719566345215,0.44747260212898254,0.3614235818386078,0.45956751704216003,0.2990465760231018,0.4703013002872467,0.2466684877872467,0.47407498955726624,0.4662308692932129,0.3608527183532715,0.35725700855255127,0.41563117504119873,0.38218823075294495,0.450528085231781,0.4203610420227051,0.45132187008857727,0.4589771330356598,0.3013659715652466,0.36661478877067566,0.36685416102409363,0.39323386549949646,0.3954555094242096,0.4269489347934723,0.3929314613342285,0.45099255442619324,0.2635602653026581,0.3786349892616272,0.32882535457611084,0.39941275119781494,0.35643327236175537,0.425037145614624,0.3543243110179901,ㄱ
0.5817772150039673,0.3298717141151428,0.5520442128181458,0.4423540532588959,0.5166199207305908,0.5433655977249146,0.5089278817176819,0.6334837675094604,0.5184534788131714,0.7004953622817993,0.4382464587688446,0.4359985589981079,0.32265356183052063,0.4474795460700989,0.25815773010253906,0.44774702191352844,0.2042490392923355,0.44191133975982666,0.41887807846069336,0.35120803117752075,0.32558098435401917,0.4060708284378052,0.3488077223300934,0.44169774651527405,0.38093358278274536,0.44455617666244507,0.4123348295688629,0.29172638058662415,0.3281805217266083,0.3554982542991638,0.34874653816223145,0.3903694152832031,0.38062089681625366,0.3925040066242218,0.40726959705352783,0.25333917140960693,0.33905482292175293,0.31377455592155457,0.3486619293689728,0.34703317284584045,0.3676382899284363,0.35174208879470825,ㄱ
0.6110208034515381,0.3055671155452728,0.5815604329109192,0.41296878457069397,0.5470167398452759,0.5109557509422302,0.5391320586204529,0.5927359461784363,0.5425235033035278,0.6559652090072632,0.4810737073421478,0.38964515924453735,0.36868005990982056,0.3892649710178375,0.3077637553215027,0.3842941224575043,0.257709264755249,0.3734405040740967,0.46729159355163574,0.3037460148334503,0.3819733262062073,0.3532302677631378,0.4017927050590515,0.3874981999397278,0.43189865350723267,0.3885253965854645,0.46244338154792786,0.24933700263500214,0.3886423110961914,0.3098031282424927,0.40586167573928833,0.342101126909256,0.43262866139411926,0.34561097621917725,0.4568518400192261,0.21907851099967957,0.4022826552391052,0.27076423168182373,0.41348326206207275,0.30104202032089233,0.4305036664009094,0.3064045011997223,ㄱ
0.6165584325790405,0.30906111001968384,0.5886129140853882,0.43473976850509644,0.5471509695053101,0.5259621739387512,0.5448139309883118,0.6126240491867065,0.5649710893630981,0.6877975463867188,0.44383254647254944,0.3802136778831482,0.3120318651199341,0.3939872086048126,0.23755763471126556,0.39101216197013855,0.17602232098579407,0.38264331221580505,0.43193531036376953,0.29343822598457336,0.3479730486869812,0.37376832962036133,0.3844665586948395,0.41266921162605286,0.42570891976356506,0.41056138277053833,0.4373871088027954,0.24445544183254242,0.365853488445282,0.33012643456459045,0.39600181579589844,0.36047232151031494,0.4312973916530609,0.3547501862049103,0.441159188747406,0.2223975956439972,0.38171911239624023,0.2820536494255066,0.40481364727020264,0.3145715594291687,0.43392783403396606,0.3155111074447632,ㄱ
0.6097277998924255,0.33066651225090027,0.5719636082649231,0.44526103138923645,0.519655168056488,0.5408143997192383,0.49315962195396423,0.6280820369720459,0.4718949496746063,0.6984848976135254,0.4273611903190613,0.4176071882247925,0.2928839921951294,0.43702414631843567,0.2175496518611908,0.43741080164909363,0.1560080647468567,0.4344947934150696,0.42156773805618286,0.3325774073600769,0.3346308767795563,0.3957691192626953,0.3743068277835846,0.43020832538604736,0.4166131019592285,0.42857682704925537,0.4322489798069,0.27546262741088867,0.357083261013031,0.3422323167324066,0.3903515934944153,0.37281709909439087,0.4252217411994934,0.36890846490859985,0.4428234398365021,0.2407069206237793,0.3781088590621948,0.28982311487197876,0.40423935651779175,0.32247769832611084,0.43567562103271484,0.32336634397506714,ㄱ
0.6810833215713501,0.4802400767803192,0.6472367644309998,0.5619401931762695,0.590025782585144,0.653881311416626,0.5554196238517761,0.7209876179695129,0.5435922145843506,0.7754746675491333,0.568803608417511,0.590652585029602,0.45057836174964905,0.5671229362487793,0.3829355239868164,0.556190550327301,0.33075830340385437,0.5404044985771179,0.5704970359802246,0.5021670460700989,0.44545266032218933,0.5033951997756958,0.47022294998168945,0.5213354825973511,0.5133670568466187,0.5233007669448853,0.5723524689674377,0.42721235752105713,0.46176621317863464,0.4436890482902527,0.4894019663333893,0.462238609790802,0.5289295315742493,0.46132951974868774,0.5702223777770996,0.3664000630378723,0.480800986289978,0.3875809609889984,0.504237174987793,0.4040447175502777,0.5372047424316406,0.4007231593132019,ㄱ
0.6228206753730774,0.2789798378944397,0.5868751406669617,0.3934689462184906,0.5314856767654419,0.48937249183654785,0.4906512498855591,0.5687204599380493,0.45616796612739563,0.6294263601303101,0.45113542675971985,0.3499735891819,0.32026177644729614,0.35264846682548523,0.24926121532917023,0.34900033473968506,0.19126972556114197,0.34522008895874023,0.4447820484638214,0.25746387243270874,0.35898730158805847,0.32010164856910706,0.3911057710647583,0.3575090169906616,0.42803439497947693,0.3582272529602051,0.4500846266746521,0.20041914284229279,0.3802167773246765,0.27386003732681274,0.40927356481552124,0.3052666485309601,0.4422527849674225,0.30346015095710754,0.45265305042266846,0.16797935962677002,0.3910767436027527,0.22677190601825714,0.41423866152763367,0.25813230872154236,0.4431702792644501,0.2590479552745819,ㄱ
0.7766903638839722,0.3061639368534088,0.7359259724617004,0.39603444933891296,0.6763989329338074,0.4857473075389862,0.6530863642692566,0.5745303630828857,0.6528352499008179,0.6522116661071777,0.5514823198318481,0.3623102903366089,0.4457940459251404,0.351721853017807,0.38330620527267456,0.3437614440917969,0.3290795385837555,0.3342238962650299,0.5689787864685059,0.2828805446624756,0.5359482765197754,0.2629605829715729,0.617138683795929,0.28742143511772156,0.6709125638008118,0.30429670214653015,0.6001012921333313,0.21536824107170105,0.5733423233032227,0.1994597464799881,0.640030026435852,0.23584935069084167,0.6787722110748291,0.2616388201713562,0.638664960861206,0.1567879319190979,0.6053338050842285,0.13056683540344238,0.6455258131027222,0.16962569952011108,0.6699631214141846,0.20181068778038025,ㄱ
0.6707053184509277,0.44060221314430237,0.6041483283042908,0.38171467185020447,0.5083100199699402,0.37880417704582214,0.4253997504711151,0.36562806367874146,0.3614843785762787,0.36453771591186523,0.5429279208183289,0.5553653836250305,0.517117977142334,0.6836352944374084,0.5108050107955933,0.7388761043548584,0.5091784000396729,0.7604838609695435,0.5979475975036621,0.6205953359603882,0.6365789175033569,0.5693613886833191,0.6478496789932251,0.5024760961532593,0.6433542966842651,0.46065592765808105,0.65767902135849,0.6388891935348511,0.6945667266845703,0.5566815733909607,0.6998487114906311,0.5050469636917114,0.6866523027420044,0.4784734547138214,0.7124308347702026,0.640108585357666,0.739699125289917,0.5787760615348816,0.7411026954650879,0.5268580913543701,0.7263280153274536,0.49617448449134827,ㄱ
0.6721172332763672,0.4107683300971985,0.6050629615783691,0.3653332591056824,0.512851893901825,0.366863489151001,0.4327627122402191,0.3581238389015198,0.36858558654785156,0.3530449867248535,0.5497430562973022,0.5332288146018982,0.5167129039764404,0.6679298877716064,0.4981967508792877,0.7615050077438354,0.48144644498825073,0.8400417566299438,0.6023662090301514,0.5870708227157593,0.6353066563606262,0.5881320238113403,0.6560772657394409,0.4989151656627655,0.6603023409843445,0.4329298436641693,0.6576871871948242,0.6073312759399414,0.6939834356307983,0.5871800184249878,0.7102329134941101,0.5101470947265625,0.707570493221283,0.4528946876525879,0.7072479724884033,0.6143473386764526,0.7370493412017822,0.5975837707519531,0.7492246627807617,0.5341767072677612,0.7443179488182068,0.4842211604118347,ㄱ
0.671378493309021,0.428833544254303,0.6095009446144104,0.3592824935913086,0.5152196288108826,0.36525845527648926,0.43189579248428345,0.3706836700439453,0.36919376254081726,0.36599069833755493,0.5509831309318542,0.5216145515441895,0.5302920341491699,0.6580016016960144,0.5162805914878845,0.7608146667480469,0.504339337348938,0.8390840291976929,0.5916607975959778,0.60707688331604,0.661109983921051,0.5174391865730286,0.6564976572990417,0.47484418749809265,0.6410053968429565,0.4544264078140259,0.6526774764060974,0.6248958110809326,0.7049700617790222,0.5145070552825928,0.7028427124023438,0.477123498916626,0.6893957257270813,0.4510591924190521,0.7086485028266907,0.6195212602615356,0.7464258074760437,0.5538584589958191,0.7431637048721313,0.5088883638381958,0.7243276834487915,0.4745405316352844,ㄱ
0.6709316372871399,0.40024131536483765,0.6025806069374084,0.3353123664855957,0.5058889389038086,0.354587584733963,0.419384241104126,0.36959385871887207,0.35949432849884033,0.37637829780578613,0.5518341064453125,0.49833613634109497,0.5360914468765259,0.6316289901733398,0.5292777419090271,0.7310785055160522,0.5259864926338196,0.8090761303901672,0.5925350785255432,0.56221604347229,0.6479610800743103,0.49887561798095703,0.6401721835136414,0.4505218267440796,0.6255942583084106,0.4265970289707184,0.65364009141922,0.5716120004653931,0.685940682888031,0.5014697313308716,0.6869133710861206,0.45592689514160156,0.679488480091095,0.4210335314273834,0.7097430229187012,0.5668649077415466,0.736419677734375,0.5263282656669617,0.7336143255233765,0.4805784821510315,0.7141371965408325,0.44355762004852295,ㄱ
0.6704598069190979,0.4198951721191406,0.600053071975708,0.35168129205703735,0.4997623860836029,0.36701083183288574,0.4139256775379181,0.382175087928772,0.35295891761779785,0.3923398554325104,0.5471699237823486,0.5255310535430908,0.5354079604148865,0.6686916947364807,0.5310072898864746,0.7754982709884644,0.5287960767745972,0.8593969345092773,0.5906475186347961,0.5917059183120728,0.654512882232666,0.5158022046089172,0.6453373432159424,0.4721096158027649,0.6265795230865479,0.4587170481681824,0.6545001268386841,0.5967299938201904,0.6915351152420044,0.5106462240219116,0.6882952451705933,0.46977201104164124,0.6741536855697632,0.44594627618789673,0.7131417393684387,0.587710976600647,0.7416476011276245,0.537625253200531,0.7358713150024414,0.4923199713230133,0.7122095227241516,0.46100690960884094,ㄱ
0.6360217332839966,0.30659934878349304,0.5439070463180542,0.2460397332906723,0.42243117094039917,0.2492273896932602,0.31914401054382324,0.24355380237102509,0.2347780466079712,0.23601098358631134,0.46426066756248474,0.45022737979888916,0.45563289523124695,0.5254552364349365,0.48701533675193787,0.48206183314323425,0.5018913149833679,0.45328542590141296,0.5473167300224304,0.5009361505508423,0.5546079874038696,0.5685737133026123,0.5965571403503418,0.46084147691726685,0.6163975596427917,0.37741824984550476,0.620853066444397,0.5224087238311768,0.6503962874412537,0.5443704724311829,0.6813622117042542,0.4206150770187378,0.6841907501220703,0.332205593585968,0.6858081817626953,0.5187596082687378,0.7225217819213867,0.5325229167938232,0.7456930875778198,0.42874792218208313,0.7399753332138062,0.3519169092178345,ㄱ
0.5727379322052002,0.24909991025924683,0.4654274880886078,0.2747079133987427,0.36546069383621216,0.34100279211997986,0.2778624892234802,0.3628978729248047,0.20654283463954926,0.33483216166496277,0.40211212635040283,0.4545345604419708,0.3966662287712097,0.6442421674728394,0.39035946130752563,0.7549655437469482,0.38760873675346375,0.8437027931213379,0.4718306362628937,0.484014093875885,0.47750216722488403,0.6279043555259705,0.4802629351615906,0.577191174030304,0.484101802110672,0.5104122161865234,0.5419869422912598,0.49706336855888367,0.5346062183380127,0.6289870142936707,0.5349279642105103,0.5839570760726929,0.5392554998397827,0.5196564197540283,0.6030575037002563,0.504221498966217,0.5861607789993286,0.6101701855659485,0.5859599709510803,0.5655208230018616,0.5916374921798706,0.5100592970848083,ㄱ
0.6500623226165771,0.24576248228549957,0.5455881953239441,0.2722133994102478,0.45677074790000916,0.34615200757980347,0.3760467767715454,0.39294329285621643,0.30773311853408813,0.39856040477752686,0.46864452958106995,0.4856288433074951,0.4443432092666626,0.660097062587738,0.4267684519290924,0.7646745443344116,0.41333696246147156,0.8493891954421997,0.5292727947235107,0.5183426141738892,0.5509708523750305,0.644382894039154,0.5659506320953369,0.5843980312347412,0.5680995583534241,0.5194216370582581,0.5978713035583496,0.5291649699211121,0.6082997918128967,0.6411076188087463,0.6174116134643555,0.5852945446968079,0.6189213991165161,0.5218198299407959,0.6624177098274231,0.5273899435997009,0.664768636226654,0.6100013256072998,0.6720807552337646,0.5585605502128601,0.6724426746368408,0.5068949460983276,ㄱ
0.7587807774543762,0.30513995885849,0.6642451882362366,0.3207179307937622,0.584030270576477,0.3814162015914917,0.5171352028846741,0.431251585483551,0.45894455909729004,0.44534045457839966,0.6222750544548035,0.5353812575340271,0.6148143410682678,0.6935490369796753,0.6098512411117554,0.7943167686462402,0.607200026512146,0.8713735342025757,0.677324116230011,0.564201831817627,0.6941139101982117,0.6418853998184204,0.6992274522781372,0.5930102467536926,0.7006945013999939,0.5403321981430054,0.7353153824806213,0.5652446150779724,0.7417402863502502,0.6369253396987915,0.7413020133972168,0.5935713052749634,0.7399629950523376,0.542331874370575,0.7865756750106812,0.5544735789299011,0.7933877110481262,0.5811599493026733,0.7916595339775085,0.5387841463088989,0.7860432267189026,0.4989970028400421,ㄱ
