0.13075177371501923,0.5360310673713684,0.19453366100788116,0.4514923393726349,0.2686949074268341,0.44013649225234985,0.31803199648857117,0.4729529023170471,0.34315648674964905,0.5174648761749268,0.3097628057003021,0.3997158706188202,0.3976087272167206,0.39782005548477173,0.4469994902610779,0.39565351605415344,0.4875764548778534,0.39252743124961853,0.32202616333961487,0.44235697388648987,0.4145229756832123,0.4741639494895935,0.4722222089767456,0.4939940571784973,0.5145833492279053,0.5112438201904297,0.31767794489860535,0.4922197461128235,0.3517436981201172,0.5703712701797485,0.318649023771286,0.5807281732559204,0.2937181890010834,0.5703575611114502,0.30586209893226624,0.5452540516853333,0.3300004005432129,0.6095166206359863,0.3014075756072998,0.6122427582740784,0.27870699763298035,0.5949795246124268,ㄷ
0.27027469873428345,0.5020208954811096,0.338430792093277,0.4437013268470764,0.3955990970134735,0.4530634880065918,0.43281930685043335,0.4951591491699219,0.4457264244556427,0.5437825918197632,0.43822237849235535,0.43013936281204224,0.5173925757408142,0.4373242259025574,0.563122034072876,0.43155765533447266,0.5998525023460388,0.4262787997722626,0.44281822443008423,0.4762357175350189,0.5235695838928223,0.5197168588638306,0.5722291469573975,0.5467711091041565,0.6055057048797607,0.569097101688385,0.43180200457572937,0.5257546305656433,0.45842695236206055,0.5919175744056702,0.4368135929107666,0.5935636162757874,0.4184602200984955,0.5813946723937988,0.4114221930503845,0.5720041394233704,0.4332830607891083,0.6213273406028748,0.41449669003486633,0.6164548397064209,0.39684873819351196,0.5988103151321411,ㄷ
0.176046222448349,0.469498872756958,0.27819451689720154,0.38487493991851807,0.3660503029823303,0.3892152011394501,0.4264942407608032,0.43045786023139954,0.465984582901001,0.4821317493915558,0.4245706796646118,0.34453141689300537,0.5359320640563965,0.3461659550666809,0.6023252010345459,0.3312389552593231,0.6553760766983032,0.3229633569717407,0.42135417461395264,0.40190696716308594,0.5444889068603516,0.453756183385849,0.621305525302887,0.48638400435447693,0.6716524362564087,0.5218222141265869,0.400042861700058,0.4664759635925293,0.49333715438842773,0.5550196766853333,0.4753033518791199,0.5721964836120605,0.4487605094909668,0.5704421997070312,0.3702755868434906,0.5341148972511292,0.4404466450214386,0.5974211096763611,0.43071943521499634,0.6033656001091003,0.41010209918022156,0.5939809679985046,ㄷ
0.8183046579360962,0.5400837659835815,0.7443195581436157,0.45822763442993164,0.6633656024932861,0.45529288053512573,0.6005436182022095,0.5132481455802917,0.5659093260765076,0.5619288086891174,0.6196742057800293,0.42917150259017944,0.5193624496459961,0.41260194778442383,0.46041738986968994,0.39117854833602905,0.41662299633026123,0.3753398060798645,0.6141912341117859,0.48882946372032166,0.49742674827575684,0.5060442090034485,0.4278782606124878,0.5107646584510803,0.3791574537754059,0.5161319971084595,0.6218817234039307,0.5530170798301697,0.5572096705436707,0.5866817831993103,0.5830360054969788,0.5785289406776428,0.609944760799408,0.5717755556106567,0.640146791934967,0.6113700270652771,0.6027343273162842,0.6193196773529053,0.6239575743675232,0.608654260635376,0.6459535956382751,0.602506697177887,ㄷ
0.8213069438934326,0.5044686198234558,0.718823254108429,0.39061427116394043,0.629848062992096,0.3799671232700348,0.542561948299408,0.3913193345069885,0.4893624484539032,0.404519647359848,0.5381857752799988,0.36673665046691895,0.3994797468185425,0.3268793821334839,0.31236183643341064,0.2878093719482422,0.2498820722103119,0.2585732936859131,0.5378214716911316,0.44464200735092163,0.37716275453567505,0.47204697132110596,0.2723211944103241,0.4795387387275696,0.20592811703681946,0.4883743226528168,0.5544856786727905,0.5371267795562744,0.45994094014167786,0.5766809582710266,0.47851282358169556,0.5566613674163818,0.510915219783783,0.5394726991653442,0.5875441431999207,0.6117502450942993,0.5265030860900879,0.6243752837181091,0.5510395169258118,0.6020025610923767,0.5827686786651611,0.589118480682373,ㄷ
0.8024371266365051,0.5249688625335693,0.7090350389480591,0.4173063635826111,0.628460168838501,0.3854830265045166,0.5573979020118713,0.3825700283050537,0.5098189115524292,0.3812214732170105,0.5336552858352661,0.3757669925689697,0.41101938486099243,0.3469927906990051,0.35124555230140686,0.3475174605846405,0.311604380607605,0.3593490719795227,0.5337598919868469,0.45350298285484314,0.39413607120513916,0.4898937940597534,0.3220001459121704,0.5148715972900391,0.2811749577522278,0.5396049618721008,0.5505125522613525,0.5446600317955017,0.4544942378997803,0.5820963382720947,0.48921656608581543,0.5691127181053162,0.5271336436271667,0.5553008317947388,0.5795976519584656,0.6179357767105103,0.5291860699653625,0.6245356202125549,0.5571305155754089,0.60849529504776,0.5862912535667419,0.5959928631782532,ㄷ
0.8268626928329468,0.6367549300193787,0.7199944257736206,0.5469812154769897,0.6428682208061218,0.5629678964614868,0.5751354098320007,0.6098701357841492,0.5465401411056519,0.6622208952903748,0.5680429339408875,0.5504791140556335,0.453687846660614,0.5367200970649719,0.3809548616409302,0.5145559310913086,0.32537204027175903,0.5006492137908936,0.5667037963867188,0.6202272176742554,0.43500399589538574,0.6633022427558899,0.35312002897262573,0.6812612414360046,0.2992192208766937,0.6984777450561523,0.586401104927063,0.6999070048332214,0.5171530246734619,0.7496621012687683,0.544134795665741,0.7316093444824219,0.5695131421089172,0.7118104100227356,0.6206739544868469,0.7612505555152893,0.5837520956993103,0.7809819579124451,0.6116966605186462,0.7634961605072021,0.6362354159355164,0.7480674982070923,ㄷ
0.1888069212436676,0.47946828603744507,0.2560591399669647,0.39062613248825073,0.33631107211112976,0.38410794734954834,0.3857165575027466,0.4310724139213562,0.40489935874938965,0.4863762855529785,0.38282638788223267,0.34926241636276245,0.47822847962379456,0.35538506507873535,0.531071126461029,0.3540484607219696,0.5741896033287048,0.3517344892024994,0.3962465226650238,0.4075595438480377,0.48925551772117615,0.44585418701171875,0.5482091307640076,0.4734732508659363,0.5930840969085693,0.49703431129455566,0.39139798283576965,0.4691248834133148,0.41328105330467224,0.5325919985771179,0.38276806473731995,0.5353108644485474,0.3584306836128235,0.5235992670059204,0.37663355469703674,0.5255288481712341,0.3795282244682312,0.5719816088676453,0.35306674242019653,0.5678873658180237,0.33391326665878296,0.5510537028312683,ㄷ
0.23174333572387695,0.7083771824836731,0.2864656448364258,0.6218321919441223,0.35712337493896484,0.5949187874794006,0.40428754687309265,0.6241700053215027,0.42715293169021606,0.6711665987968445,0.3942369818687439,0.5719773173332214,0.4795040488243103,0.5687440037727356,0.5284631252288818,0.5662633180618286,0.567165732383728,0.564100980758667,0.4081789255142212,0.627365231513977,0.4930664300918579,0.6549353003501892,0.5460441708564758,0.6719392538070679,0.5856406688690186,0.685431182384491,0.40873199701309204,0.684276282787323,0.446050763130188,0.7214398384094238,0.41842272877693176,0.7258048057556152,0.3911890983581543,0.7213361859321594,0.4019535779953003,0.7382931709289551,0.4221455752849579,0.7608925700187683,0.39912331104278564,0.7614619731903076,0.3767579197883606,0.7558243274688721,ㄷ
0.15541140735149384,0.7553482055664062,0.1963655948638916,0.6537045836448669,0.2594393789768219,0.608728289604187,0.3221513032913208,0.6086974740028381,0.367098867893219,0.6230250000953674,0.28126657009124756,0.5688244104385376,0.3671102821826935,0.5160487294197083,0.41624781489372253,0.4758181571960449,0.4569001793861389,0.44500425457954407,0.29893559217453003,0.6185998320579529,0.4060128629207611,0.6018322706222534,0.4741695821285248,0.5903654098510742,0.523597240447998,0.5896681547164917,0.30829542875289917,0.6784859895706177,0.391135573387146,0.6985405087471008,0.36600369215011597,0.7029773592948914,0.3336745798587799,0.7053860425949097,0.3139563202857971,0.7398905754089355,0.3686687648296356,0.7523770332336426,0.3442910611629486,0.7550675272941589,0.3155742287635803,0.7509909272193909,ㄷ
0.1432277262210846,0.777374267578125,0.1870436817407608,0.661627471446991,0.2555609345436096,0.6176571249961853,0.3178822100162506,0.6182332038879395,0.36428701877593994,0.6422555446624756,0.2842422425746918,0.553702712059021,0.3744938373565674,0.49789613485336304,0.42820918560028076,0.4600309133529663,0.4744638502597809,0.43371903896331787,0.3072391748428345,0.5996320843696594,0.4149342179298401,0.5829748511314392,0.48657628893852234,0.5744293332099915,0.5390406847000122,0.5772308111190796,0.3188571035861969,0.6601027250289917,0.3931482434272766,0.6947094202041626,0.3641291856765747,0.7104564905166626,0.33220136165618896,0.7145001292228699,0.32428961992263794,0.7260614633560181,0.3702256977558136,0.7527968287467957,0.34281083941459656,0.7629809379577637,0.31570547819137573,0.760412335395813,ㄷ
0.17164012789726257,0.681583821773529,0.23149453103542328,0.5772231221199036,0.2981276512145996,0.5579879879951477,0.34976133704185486,0.5783997178077698,0.38333216309547424,0.6184934973716736,0.3354799151420593,0.514462947845459,0.4283663332462311,0.4970487654209137,0.4807490110397339,0.4799257814884186,0.5252832174301147,0.46893805265426636,0.34863346815109253,0.5617555379867554,0.4469435513019562,0.5737688541412354,0.5119400024414062,0.5821141004562378,0.5601516962051392,0.5938583016395569,0.35024189949035645,0.6199019551277161,0.40482425689697266,0.665985107421875,0.3771236836910248,0.6758627891540527,0.3493657410144806,0.6740573644638062,0.34506136178970337,0.6779674887657166,0.379108190536499,0.7124366164207458,0.35412687063217163,0.714588463306427,0.3303522765636444,0.7077181935310364,ㄷ
0.1441287398338318,0.695193886756897,0.1816338449716568,0.5735094547271729,0.2435477375984192,0.5268638134002686,0.3053820729255676,0.5277846455574036,0.3492752015590668,0.5510551929473877,0.278473824262619,0.46658575534820557,0.3709985613822937,0.41519784927368164,0.4245584011077881,0.3801209032535553,0.4678168296813965,0.35367351770401,0.3007367253303528,0.5067911148071289,0.4082885682582855,0.4881511926651001,0.47887295484542847,0.4748110771179199,0.5313878655433655,0.47258704900741577,0.3110896944999695,0.5620174407958984,0.3889954686164856,0.5989890098571777,0.3659675121307373,0.6223815083503723,0.3376084864139557,0.6296659708023071,0.3171173632144928,0.6225754022598267,0.36717861890792847,0.6565998196601868,0.34524959325790405,0.6714153289794922,0.31959572434425354,0.6707402467727661,ㄷ
0.05076049268245697,0.5022350549697876,0.12886923551559448,0.35942304134368896,0.22105371952056885,0.315669447183609,0.302888423204422,0.3284900486469269,0.35894453525543213,0.36854445934295654,0.26964473724365234,0.2336929440498352,0.3969677984714508,0.1829589605331421,0.4711001217365265,0.145952969789505,0.5318644046783447,0.12228278815746307,0.28436917066574097,0.28751295804977417,0.4323121905326843,0.2965909540653229,0.5276591777801514,0.2998993396759033,0.5964465141296387,0.3094066381454468,0.287354975938797,0.3619542121887207,0.39444664120674133,0.4444771409034729,0.37497609853744507,0.474369078874588,0.34399622678756714,0.47756630182266235,0.2825602889060974,0.44382190704345703,0.35310548543930054,0.5114796757698059,0.3322135806083679,0.5248241424560547,0.3020583689212799,0.5133911967277527,ㄷ
0.13546162843704224,0.781817615032196,0.19607429206371307,0.6476978659629822,0.2707967758178711,0.6083906292915344,0.33996695280075073,0.606583833694458,0.39184772968292236,0.6299943923950195,0.31609034538269043,0.5409436821937561,0.4229779541492462,0.49682295322418213,0.4836394786834717,0.4604123830795288,0.5378803610801697,0.4349293112754822,0.33812224864959717,0.5976898670196533,0.45696303248405457,0.5924240350723267,0.535127580165863,0.5918623805046082,0.5899543762207031,0.6006259918212891,0.34730955958366394,0.6709011197090149,0.4258009195327759,0.720160722732544,0.3971269726753235,0.7324823141098022,0.36275342106819153,0.7300586700439453,0.3463285565376282,0.7474966049194336,0.40227508544921875,0.7768852114677429,0.37549537420272827,0.7836462259292603,0.34454432129859924,0.7787370681762695,ㄷ
0.1303311437368393,0.8159091472625732,0.17772796750068665,0.698557436466217,0.2436167299747467,0.6573341488838196,0.304575115442276,0.6554401516914368,0.34758517146110535,0.6831663846969604,0.27856016159057617,0.5995610356330872,0.3756546378135681,0.5590613484382629,0.43101954460144043,0.5317779183387756,0.4778333008289337,0.5133785009384155,0.2968427836894989,0.6490380167961121,0.40567538142204285,0.6417250633239746,0.4759438633918762,0.6422227621078491,0.5262224674224854,0.6482579112052917,0.3060854971408844,0.7093152403831482,0.3786177635192871,0.7373711466789246,0.35977494716644287,0.7497848272323608,0.33211880922317505,0.7541685700416565,0.30742576718330383,0.7721171379089355,0.36462754011154175,0.78966224193573,0.35185331106185913,0.7969024181365967,0.3288273811340332,0.8004438877105713,ㄷ
0.1334390789270401,0.9001739621162415,0.1658080667257309,0.7895233035087585,0.21934723854064941,0.7353670597076416,0.2749600112438202,0.7252424955368042,0.31897449493408203,0.7395386695861816,0.24360761046409607,0.6676396131515503,0.32289567589759827,0.5982986688613892,0.37304624915122986,0.5550061464309692,0.41496166586875916,0.5258353352546692,0.26656147837638855,0.7082306146621704,0.369219034910202,0.6743748784065247,0.4335184693336487,0.6548001766204834,0.4790708124637604,0.6484537720680237,0.2816515564918518,0.762879490852356,0.3568277060985565,0.7786925435066223,0.3329227566719055,0.795545756816864,0.3051777482032776,0.8022266030311584,0.29164981842041016,0.8239719867706299,0.3392687141895294,0.8354294300079346,0.31777942180633545,0.8492407202720642,0.29386353492736816,0.8503699898719788,ㄷ
0.10637974739074707,0.8581998944282532,0.147396057844162,0.7542149424552917,0.20946642756462097,0.7085884213447571,0.2698368728160858,0.7123482823371887,0.31483712792396545,0.7340006828308105,0.23892942070960999,0.6489313840866089,0.3250707983970642,0.6021758913993835,0.3784016966819763,0.5698573589324951,0.4209509491920471,0.5468371510505676,0.25491347908973694,0.6899237036705017,0.36033082008361816,0.6757814884185791,0.42746609449386597,0.6666518449783325,0.4757314920425415,0.6670242547988892,0.26177096366882324,0.7461109161376953,0.3456318974494934,0.7822829484939575,0.32221686840057373,0.795238733291626,0.29271870851516724,0.795364260673523,0.264064222574234,0.8092203140258789,0.3174026310443878,0.8403838276863098,0.29654738306999207,0.8492909073829651,0.2712944746017456,0.8417977094650269,ㄷ
0.13330724835395813,0.7577028274536133,0.1886037290096283,0.6510739326477051,0.2549886703491211,0.6281024813652039,0.3117101788520813,0.6464325785636902,0.34247851371765137,0.6878537535667419,0.3012165129184723,0.5817385911941528,0.392718106508255,0.5633480548858643,0.4432533383369446,0.5447800159454346,0.4853416085243225,0.5312626361846924,0.3182988166809082,0.6366128325462341,0.4148139953613281,0.6424964666366577,0.4769227206707001,0.6473398804664612,0.5183239579200745,0.6572377681732178,0.32123249769210815,0.7000982761383057,0.36664626002311707,0.7434774041175842,0.3447646200656891,0.747247040271759,0.3173501491546631,0.7393513917922974,0.3144349455833435,0.7610074281692505,0.34512725472450256,0.7872576117515564,0.3256789445877075,0.7865031361579895,0.30118200182914734,0.7775072455406189,ㄷ
0.15558317303657532,0.8496726155281067,0.1906646490097046,0.7487231492996216,0.25158271193504333,0.6846067309379578,0.3114108145236969,0.6754483580589294,0.3514512777328491,0.6806755661964417,0.255110502243042,0.6118411421775818,0.32127609848976135,0.5412763953208923,0.3614288568496704,0.4934656023979187,0.39459073543548584,0.4531228542327881,0.2652828097343445,0.6398677825927734,0.36647701263427734,0.6060798168182373,0.4289815425872803,0.585089921951294,0.4795738160610199,0.568997323513031,0.2715894281864166,0.6857675909996033,0.3681251108646393,0.7237810492515564,0.34338751435279846,0.7576867341995239,0.3152383863925934,0.7653692364692688,0.28019723296165466,0.743183434009552,0.34836095571517944,0.7825123071670532,0.326249897480011,0.8058634996414185,0.2993565499782562,0.8022121787071228,ㄷ
0.15371547639369965,0.8091791272163391,0.19888541102409363,0.72603440284729,0.26526427268981934,0.6751708984375,0.32608890533447266,0.6726290583610535,0.3605322241783142,0.6768297553062439,0.2677552103996277,0.5952443480491638,0.33877676725387573,0.5309227108955383,0.3832233250141144,0.49020278453826904,0.4200860857963562,0.45779478549957275,0.27699533104896545,0.6214682459831238,0.37766212224960327,0.6039347052574158,0.4422535300254822,0.5979155898094177,0.4936750829219818,0.5959584712982178,0.28177720308303833,0.6646272540092468,0.36769700050354004,0.7189764380455017,0.3411587178707123,0.7504655122756958,0.3150210976600647,0.7561923265457153,0.28741779923439026,0.720478892326355,0.34413212537765503,0.7749184370040894,0.3176851272583008,0.7952650785446167,0.29162561893463135,0.7885298728942871,ㄷ
0.12955521047115326,0.8028181791305542,0.17817378044128418,0.7084380984306335,0.24989601969718933,0.6501460075378418,0.3123268485069275,0.6538960933685303,0.3360103666782379,0.6762270927429199,0.2616649568080902,0.5649362802505493,0.3427228331565857,0.510794997215271,0.3898336589336395,0.48142632842063904,0.4292636513710022,0.4546605944633484,0.26727327704429626,0.5900809168815613,0.3689541816711426,0.5834622979164124,0.43409866094589233,0.5853615999221802,0.4863961935043335,0.586817741394043,0.2680543065071106,0.6334239840507507,0.34483689069747925,0.7037405967712402,0.3146655559539795,0.7358201146125793,0.28863024711608887,0.7366454601287842,0.269608736038208,0.6902259588241577,0.3253817558288574,0.7539590001106262,0.2929631769657135,0.7736812829971313,0.266724556684494,0.7654291391372681,ㄷ
0.13360290229320526,0.7793627977371216,0.17267148196697235,0.683411180973053,0.23738695681095123,0.6229584217071533,0.2936786711215973,0.6106736063957214,0.3323564827442169,0.6149799227714539,0.27174946665763855,0.563403844833374,0.3514551520347595,0.5112630128860474,0.3996177613735199,0.4825730323791504,0.4398624300956726,0.4574168920516968,0.2769176959991455,0.584578812122345,0.3779686689376831,0.58847975730896,0.43979617953300476,0.5969576239585876,0.4880993068218231,0.6032955050468445,0.27535882592201233,0.6262199878692627,0.3513238728046417,0.7003093957901001,0.32346636056900024,0.7325372695922852,0.297925740480423,0.7333130836486816,0.2738668918609619,0.6803999543190002,0.3285168409347534,0.7501358985900879,0.29818663001060486,0.7681884169578552,0.2719700336456299,0.7570130825042725,ㄷ
0.13540448248386383,0.7644410133361816,0.18658089637756348,0.672598659992218,0.259771466255188,0.6235586404800415,0.3173989951610565,0.6241725087165833,0.3571348190307617,0.639794111251831,0.29544150829315186,0.5672620534896851,0.3831506669521332,0.5355415344238281,0.4341595768928528,0.5162180662155151,0.47652238607406616,0.4986569583415985,0.3003329932689667,0.5940929651260376,0.40577396750450134,0.6132290959358215,0.4716036319732666,0.6306216716766357,0.5227348804473877,0.6457603573799133,0.29549962282180786,0.6378095149993896,0.36770376563072205,0.724738359451294,0.33577069640159607,0.7539622187614441,0.3088949918746948,0.7528873085975647,0.28784871101379395,0.6937217712402344,0.3381365239620209,0.7696871161460876,0.306883841753006,0.7855017781257629,0.28060317039489746,0.7744333148002625,ㄷ
0.13000845909118652,0.7608004808425903,0.17024341225624084,0.6560587882995605,0.24321132898330688,0.5966916680335999,0.3048236072063446,0.6014922261238098,0.33869582414627075,0.6239113807678223,0.2728770673274994,0.5371686816215515,0.3602982759475708,0.4928491413593292,0.4098737835884094,0.4678381681442261,0.45063573122024536,0.44521087408065796,0.28087785840034485,0.5645416378974915,0.38463300466537476,0.5661430358886719,0.4502885937690735,0.5720081329345703,0.5024033188819885,0.5768075585365295,0.2806762456893921,0.6076891422271729,0.35090377926826477,0.6795903444290161,0.3189444839954376,0.7096700072288513,0.2920839488506317,0.7094693183898926,0.2791496813297272,0.6633540391921997,0.33347904682159424,0.7289774417877197,0.30051395297050476,0.7452499866485596,0.27247896790504456,0.736017107963562,ㄷ
0.12706591188907623,0.8005061149597168,0.16469039022922516,0.6933060884475708,0.23694196343421936,0.6218426823616028,0.30164945125579834,0.6182540655136108,0.33078911900520325,0.6371306777000427,0.24960987269878387,0.5441603660583496,0.32552987337112427,0.47915518283843994,0.36889195442199707,0.4406838119029999,0.4042317569255829,0.4074566662311554,0.26427552103996277,0.5713487863540649,0.35844334959983826,0.5423856973648071,0.4177246391773224,0.5293790102005005,0.4646826386451721,0.5199390053749084,0.2708984911441803,0.6169247627258301,0.34995609521865845,0.6664694547653198,0.3218528628349304,0.7033903002738953,0.295430064201355,0.711137592792511,0.27610915899276733,0.6750790476799011,0.33341968059539795,0.7230148911476135,0.3022623658180237,0.7442624568939209,0.27463170886039734,0.7394620180130005,ㄷ
0.126074880361557,0.8092123866081238,0.16037824749946594,0.705398678779602,0.23127837479114532,0.6392407417297363,0.2964014410972595,0.6372929811477661,0.32820063829421997,0.6552320718765259,0.24126772582530975,0.5646334290504456,0.30948883295059204,0.4902264475822449,0.3482760787010193,0.44478702545166016,0.37989288568496704,0.4056001901626587,0.2589125633239746,0.5900171995162964,0.35363996028900146,0.5585452318191528,0.4126080870628357,0.544757604598999,0.45896703004837036,0.5359194278717041,0.2676897346973419,0.6336634159088135,0.3447946310043335,0.6850937008857727,0.3152669072151184,0.7209233641624451,0.2870519459247589,0.7274110913276672,0.2747478783130646,0.6911104917526245,0.32671594619750977,0.7440072298049927,0.2958485186100006,0.7653180360794067,0.26788845658302307,0.7593162059783936,ㄷ
0.11816684901714325,0.7702620625495911,0.15272894501686096,0.6545240879058838,0.21368691325187683,0.6085678935050964,0.27261650562286377,0.6076992750167847,0.314678430557251,0.6324569582939148,0.2429683953523636,0.5570546388626099,0.33184725046157837,0.5027002096176147,0.3834691643714905,0.46811723709106445,0.4256388545036316,0.44419652223587036,0.26707515120506287,0.6046780943870544,0.3680996298789978,0.5846799612045288,0.4309556484222412,0.5721924304962158,0.4770752787590027,0.5680259466171265,0.28011953830718994,0.661846935749054,0.3456481993198395,0.6676855087280273,0.32208287715911865,0.6753507256507874,0.2924085557460785,0.6819358468055725,0.28404104709625244,0.7188737988471985,0.3238169550895691,0.7169784307479858,0.30381476879119873,0.7193267941474915,0.2810263931751251,0.7249925136566162,ㄷ
0.10999239981174469,0.726760983467102,0.1527189314365387,0.613783597946167,0.214755117893219,0.57569819688797,0.2745356261730194,0.5772818326950073,0.31563133001327515,0.6050424575805664,0.2508625388145447,0.527055561542511,0.34398677945137024,0.48223504424095154,0.3977848291397095,0.4518616199493408,0.44285619258880615,0.43298399448394775,0.27233293652534485,0.5781435370445251,0.37554776668548584,0.5701525807380676,0.4406113624572754,0.5646728873252869,0.48628753423690796,0.56771320104599,0.2813471257686615,0.6396726369857788,0.3428269028663635,0.6559074521064758,0.3176664710044861,0.6603144407272339,0.2875267267227173,0.6627070307731628,0.27954474091529846,0.6996347904205322,0.31543442606925964,0.7064158320426941,0.29402950406074524,0.7078002691268921,0.27129751443862915,0.7107364535331726,ㄷ
0.12407594919204712,0.654330849647522,0.18775251507759094,0.5389962792396545,0.2773076593875885,0.5212725400924683,0.34170398116111755,0.5658509731292725,0.37912946939468384,0.6183883547782898,0.3211599588394165,0.48129814863204956,0.43163028359413147,0.4694484770298004,0.4903416037559509,0.46644896268844604,0.5384746789932251,0.46548980474472046,0.33669155836105347,0.5537604689598083,0.4486156105995178,0.5659574866294861,0.5169249773025513,0.5748260021209717,0.5682097673416138,0.5887148380279541,0.3342534303665161,0.6264249682426453,0.38721561431884766,0.6287574768066406,0.3533591330051422,0.62089604139328,0.3171594738960266,0.6189673542976379,0.3244193494319916,0.6909085512161255,0.347604900598526,0.6689043045043945,0.3198375701904297,0.6582731008529663,0.29342544078826904,0.6622433066368103,ㄷ
0.1349019855260849,0.7263655066490173,0.17273254692554474,0.6057493090629578,0.22428008913993835,0.5335369110107422,0.2763971984386444,0.5075080394744873,0.31567347049713135,0.5306512713432312,0.32833099365234375,0.5779985189437866,0.42843809723854065,0.5821171402931213,0.483296275138855,0.5844002366065979,0.5285236239433289,0.5875144600868225,0.34428176283836365,0.6508360505104065,0.4433509111404419,0.6721252799034119,0.5059560537338257,0.6890654563903809,0.5477716326713562,0.7077537775039673,0.33651676774024963,0.71945720911026,0.3728625476360321,0.7201896905899048,0.3452581763267517,0.7098413705825806,0.31357070803642273,0.7036157846450806,0.31904467940330505,0.7767705917358398,0.3408682346343994,0.7648710012435913,0.3167237937450409,0.7486538887023926,0.2897787392139435,0.7414646148681641,ㄷ
0.1308492124080658,0.6529006361961365,0.17181885242462158,0.5438607931137085,0.2209288775920868,0.4775539040565491,0.27249062061309814,0.45605403184890747,0.3084285259246826,0.48364508152008057,0.30841928720474243,0.5075936913490295,0.40691784024238586,0.5009544491767883,0.4600922465324402,0.4981977641582489,0.5036623477935791,0.499153733253479,0.32171177864074707,0.5759260654449463,0.42660146951675415,0.5976580381393433,0.49091628193855286,0.6125580072402954,0.5338472127914429,0.6322406530380249,0.3154464066028595,0.6417734026908875,0.3694427013397217,0.6547543406486511,0.3445858657360077,0.6391010880470276,0.3127036690711975,0.631129801273346,0.3012395203113556,0.6980162858963013,0.3369509279727936,0.700874924659729,0.3132326900959015,0.6859806776046753,0.28495925664901733,0.6816859841346741,ㄷ
0.13502365350723267,0.6336334347724915,0.19285979866981506,0.5288333892822266,0.2601160407066345,0.4879547953605652,0.3184133768081665,0.5165252089500427,0.34950780868530273,0.5758768320083618,0.31117570400238037,0.4934849143028259,0.409768670797348,0.49694544076919556,0.4654952883720398,0.49674558639526367,0.5114797949790955,0.4985043704509735,0.3235718607902527,0.5583087801933289,0.4307067394256592,0.5837726593017578,0.49594396352767944,0.5975561738014221,0.5419825315475464,0.6148450970649719,0.319496214389801,0.623796284198761,0.3761035203933716,0.6500363945960999,0.35251277685165405,0.6366050243377686,0.31952905654907227,0.6284055113792419,0.30688539147377014,0.6809702515602112,0.3420866131782532,0.6924924254417419,0.3213735818862915,0.6791574358940125,0.29503297805786133,0.6733289361000061,ㄷ
0.14697794616222382,0.6286225318908691,0.20247645676136017,0.5264672040939331,0.2703215777873993,0.4866141378879547,0.33438342809677124,0.501108705997467,0.3719787895679474,0.5482684373855591,0.3250703811645508,0.49107199907302856,0.4220443367958069,0.4965442419052124,0.4783501625061035,0.4968370497226715,0.5234948396682739,0.5008429884910583,0.33556732535362244,0.5556120872497559,0.43992650508880615,0.5818227529525757,0.5047505497932434,0.5971176624298096,0.5501303672790527,0.61500084400177,0.3299035131931305,0.6203550100326538,0.3807585537433624,0.6483678221702576,0.3575240969657898,0.6349591612815857,0.3260042667388916,0.6262840032577515,0.3154420852661133,0.6758812069892883,0.34572547674179077,0.6860279440879822,0.3255265951156616,0.6732296347618103,0.3002452254295349,0.6688306927680969,ㄷ
0.16027787327766418,0.6385294198989868,0.20432451367378235,0.5322503447532654,0.26120901107788086,0.4689933955669403,0.3203171193599701,0.46251243352890015,0.35447800159454346,0.5033807158470154,0.33584877848625183,0.5009422302246094,0.43076199293136597,0.49806028604507446,0.4851383566856384,0.4952152967453003,0.5287158489227295,0.49395716190338135,0.3475070595741272,0.5686556100845337,0.45077407360076904,0.5904434323310852,0.5140395164489746,0.6040905117988586,0.5576318502426147,0.6195857524871826,0.3405170142650604,0.6335134506225586,0.3899758458137512,0.647413432598114,0.36588290333747864,0.63319993019104,0.3341170847415924,0.6245896220207214,0.3257388770580292,0.6876099109649658,0.35751503705978394,0.691707968711853,0.3355899453163147,0.6770814061164856,0.3085271120071411,0.6699001789093018,ㄷ
0.17040692269802094,0.747196614742279,0.21462252736091614,0.6404135823249817,0.26810944080352783,0.5746150612831116,0.32312455773353577,0.5441115498542786,0.3658915162086487,0.5568870902061462,0.32934466004371643,0.5647032856941223,0.4222354292869568,0.5424049496650696,0.47494733333587646,0.5205296277999878,0.5161433219909668,0.5011181831359863,0.3490138053894043,0.6144909262657166,0.45425790548324585,0.6201751828193665,0.5193381905555725,0.6245142817497253,0.5630075335502625,0.6285739541053772,0.3556247353553772,0.6792634725570679,0.41034844517707825,0.7291548252105713,0.39028558135032654,0.7390097975730896,0.36093398928642273,0.7366554141044617,0.34997671842575073,0.7434056401252747,0.3893299996852875,0.7829079031944275,0.36817237734794617,0.7852566242218018,0.3406328856945038,0.7794430255889893,ㄷ
0.14074267446994781,0.8119582533836365,0.16763977706432343,0.7075247168540955,0.206404447555542,0.6348192095756531,0.25424787402153015,0.5961179733276367,0.29709362983703613,0.6064224243164062,0.27022674679756165,0.6229795217514038,0.35900479555130005,0.5787640810012817,0.4122530519962311,0.5453134179115295,0.4535022974014282,0.5233144164085388,0.2919824421405792,0.671648383140564,0.39540523290634155,0.6503407955169678,0.4609670639038086,0.6372926831245422,0.5048723816871643,0.6338309645652771,0.30152028799057007,0.7307920455932617,0.36280131340026855,0.741552472114563,0.3463704586029053,0.7413099408149719,0.31656789779663086,0.7436524629592896,0.2989744246006012,0.7893570065498352,0.347568541765213,0.7935921549797058,0.3311972916126251,0.7914344072341919,0.3035584092140198,0.7928599119186401,ㄷ
0.13564833998680115,0.8676191568374634,0.14870446920394897,0.7665607929229736,0.172846257686615,0.6898396611213684,0.21092349290847778,0.6419311165809631,0.2521181106567383,0.6405667066574097,0.23270174860954285,0.6590071320533752,0.30917441844940186,0.5888645052909851,0.35303983092308044,0.5415043830871582,0.3884742856025696,0.5107795596122742,0.2593589723110199,0.6972952485084534,0.35179388523101807,0.6429024338722229,0.4098799228668213,0.6054723858833313,0.45264649391174316,0.5870230793952942,0.27648451924324036,0.7507782578468323,0.34308719635009766,0.7461053133010864,0.3249130845069885,0.7528397440910339,0.29791224002838135,0.7625424861907959,0.28233590722084045,0.8102119565010071,0.3315975069999695,0.803576648235321,0.31519195437431335,0.8078520894050598,0.29122689366340637,0.8130500912666321,ㄷ
0.1406022608280182,0.8681579828262329,0.1479129046201706,0.7664330005645752,0.16869843006134033,0.6933850049972534,0.20647269487380981,0.6479654312133789,0.2478211224079132,0.6408441066741943,0.22470521926879883,0.657693088054657,0.29730042815208435,0.573042631149292,0.33727598190307617,0.5153371095657349,0.37011611461639404,0.47639697790145874,0.25550514459609985,0.6921593546867371,0.3424481451511383,0.6243143081665039,0.3971673846244812,0.5804696679115295,0.4374355673789978,0.5582878589630127,0.27839288115501404,0.7437470555305481,0.3381972014904022,0.7365145683288574,0.3184419572353363,0.7442489266395569,0.29228976368904114,0.756618320941925,0.28918343782424927,0.7995993494987488,0.3265695571899414,0.7964406609535217,0.30719420313835144,0.8014205694198608,0.2838945686817169,0.8082778453826904,ㄷ
0.15070666372776031,0.839165985584259,0.15360531210899353,0.7423426508903503,0.1732628494501114,0.6661821603775024,0.21285519003868103,0.6242991089820862,0.25278031826019287,0.6316609978675842,0.23414406180381775,0.6379244923591614,0.30179816484451294,0.5559197664260864,0.34068185091018677,0.5007885098457336,0.3720438778400421,0.4639376997947693,0.2655152976512909,0.6751455068588257,0.35102126002311707,0.6109399199485779,0.40400081872940063,0.5686183571815491,0.44243672490119934,0.5478407740592957,0.2882564663887024,0.7291584610939026,0.34408438205718994,0.7158498167991638,0.32011184096336365,0.7194509506225586,0.2915395498275757,0.7322525382041931,0.29859694838523865,0.7867475748062134,0.3318268954753876,0.7794694900512695,0.30907225608825684,0.7820041179656982,0.2852422595024109,0.7906777858734131,ㄷ
0.15892751514911652,0.8108746409416199,0.16977563500404358,0.7080115675926208,0.1957741677761078,0.6319019794464111,0.24106596410274506,0.5884654521942139,0.2816500961780548,0.5884335041046143,0.2621450126171112,0.6200171113014221,0.3464176654815674,0.5584380626678467,0.39591968059539795,0.5153080821037292,0.43538880348205566,0.4884728789329529,0.290529727935791,0.667894184589386,0.3862985372543335,0.6308249235153198,0.44640612602233887,0.6073188781738281,0.48758137226104736,0.6005743741989136,0.3076235055923462,0.7265498638153076,0.3590458035469055,0.718134880065918,0.33852818608283997,0.7144858241081238,0.31067463755607605,0.7213865518569946,0.3131425380706787,0.7830536365509033,0.34910693764686584,0.7753992676734924,0.3289869427680969,0.7741742730140686,0.3045576810836792,0.7797453999519348,ㄷ
0.15100440382957458,0.7489131689071655,0.18518505990505219,0.6346909403800964,0.22382104396820068,0.5710014700889587,0.2706568241119385,0.5384388566017151,0.3078128397464752,0.5501973628997803,0.2909117639064789,0.563622236251831,0.38814911246299744,0.529312252998352,0.4388226568698883,0.5087690949440002,0.48009419441223145,0.493711918592453,0.314264178276062,0.6130621433258057,0.41545891761779785,0.6226786375045776,0.4754420518875122,0.6315850019454956,0.5144967436790466,0.6402063965797424,0.3233928680419922,0.6729336977005005,0.3594180643558502,0.6924617886543274,0.33940449357032776,0.6957100033760071,0.31591129302978516,0.6968104839324951,0.3183438181877136,0.7313757538795471,0.34256747364997864,0.7438346743583679,0.32085955142974854,0.7409210205078125,0.297117680311203,0.7418155074119568,ㄷ
0.16087843477725983,0.6656175851821899,0.20811620354652405,0.5752025842666626,0.26636895537376404,0.529901921749115,0.3126295208930969,0.5390262603759766,0.3405438959598541,0.5840514302253723,0.3325984477996826,0.5477498769760132,0.4220321774482727,0.5497385263442993,0.47257548570632935,0.5494956374168396,0.5135995149612427,0.5491898059844971,0.3405072093009949,0.6073268055915833,0.42966920137405396,0.6534922122955322,0.4826728105545044,0.6823880076408386,0.5198289155960083,0.7056527137756348,0.3317728340625763,0.6661418080329895,0.3591408133506775,0.7039854526519775,0.3360326290130615,0.6985403895378113,0.31129875779151917,0.6905553936958313,0.3150995373725891,0.7152636647224426,0.3287346065044403,0.7384297251701355,0.3059903681278229,0.7274266481399536,0.2842693030834198,0.7168130278587341,ㄷ
0.12221945822238922,0.6674413084983826,0.1739310920238495,0.5724703073501587,0.24005043506622314,0.5208162069320679,0.2922413647174835,0.5285897850990295,0.3196728825569153,0.5789815783500671,0.30190229415893555,0.5440845489501953,0.3976122736930847,0.5474151372909546,0.4523274898529053,0.5458051562309265,0.4958529770374298,0.5438727736473083,0.31218451261520386,0.6053624153137207,0.4095490574836731,0.6551833152770996,0.4690091609954834,0.683453381061554,0.5109069347381592,0.7053882479667664,0.30566656589508057,0.6660663485527039,0.3452138304710388,0.7087166905403137,0.3204702138900757,0.7022290825843811,0.28999385237693787,0.6929568648338318,0.28951480984687805,0.717998743057251,0.3106898367404938,0.7421045899391174,0.28760483860969543,0.7314200401306152,0.2621596157550812,0.7212873697280884,ㄷ
0.11922934651374817,0.6050456166267395,0.17675505578517914,0.5055462718009949,0.24746078252792358,0.477141797542572,0.3094729483127594,0.49037501215934753,0.3497244417667389,0.5283483862876892,0.2925705313682556,0.4437723457813263,0.40001624822616577,0.4374563694000244,0.45943519473075867,0.42974382638931274,0.5078293085098267,0.42864954471588135,0.30769044160842896,0.499940425157547,0.41914334893226624,0.5390191674232483,0.4879544973373413,0.5667721629142761,0.5351083278656006,0.593421995639801,0.3076030910015106,0.5623893141746521,0.3592063784599304,0.6129595041275024,0.3347531259059906,0.6120432019233704,0.3070421814918518,0.6036635637283325,0.2969615161418915,0.620304524898529,0.32936540246009827,0.6551597714424133,0.3063174784183502,0.6524835824966431,0.28262460231781006,0.6429674029350281,ㄷ
0.8139868974685669,0.5961317420005798,0.7479382753372192,0.5244850516319275,0.684269905090332,0.5238622426986694,0.6419563293457031,0.5698402523994446,0.625322699546814,0.6135305762290955,0.6296656131744385,0.5231291055679321,0.5382670164108276,0.5057643055915833,0.47993481159210205,0.4864770770072937,0.4386863708496094,0.4727311134338379,0.6292362213134766,0.577843427658081,0.5241767764091492,0.6056035161018372,0.457165002822876,0.6212337613105774,0.4122721552848816,0.6377699375152588,0.6441200375556946,0.6365329623222351,0.5858320593833923,0.6763442754745483,0.6091979742050171,0.6581016182899475,0.6329144835472107,0.6427435278892517,0.669823944568634,0.6851057410240173,0.63079833984375,0.7033465504646301,0.6492790579795837,0.6854233741760254,0.6694989204406738,0.6696621179580688,ㄷ
0.8028346300125122,0.620516836643219,0.7319955825805664,0.54953533411026,0.6625490188598633,0.5547386407852173,0.6190130710601807,0.6065619587898254,0.6026055812835693,0.658518373966217,0.6115337014198303,0.5527283549308777,0.5155980587005615,0.5431672930717468,0.45665571093559265,0.536557137966156,0.4118281304836273,0.5342527031898499,0.6091563105583191,0.6182866096496582,0.5052019357681274,0.6586840152740479,0.44234827160835266,0.683063805103302,0.39981064200401306,0.7059210538864136,0.6243192553520203,0.6794518828392029,0.5742871761322021,0.7103652358055115,0.5979195833206177,0.6892486214637756,0.6244732737541199,0.6759105324745178,0.650428295135498,0.7297366261482239,0.6249487996101379,0.7329992651939392,0.6443296074867249,0.715246856212616,0.6646040081977844,0.7028906345367432,ㄷ
0.8073402643203735,0.7197879552841187,0.7387979030609131,0.6423385739326477,0.6623671650886536,0.6519686579704285,0.608536422252655,0.7125412821769714,0.582473635673523,0.7638289928436279,0.6123571395874023,0.6359657645225525,0.5137428045272827,0.6397160887718201,0.45929110050201416,0.6401280164718628,0.4177401065826416,0.6409986019134521,0.6098191738128662,0.7089387774467468,0.5049529671669006,0.7523232698440552,0.44646573066711426,0.7742787599563599,0.40531888604164124,0.7946059107780457,0.6258308291435242,0.7727676033973694,0.5767338275909424,0.7920702695846558,0.6040319204330444,0.7634697556495667,0.6303569078445435,0.7506398558616638,0.6536478400230408,0.8235257267951965,0.6274416446685791,0.8122844099998474,0.6468071937561035,0.7933589220046997,0.6670117378234863,0.7866673469543457,ㄷ
0.8715283870697021,0.8665313720703125,0.8247147798538208,0.7560075521469116,0.7607249617576599,0.727295994758606,0.6978550553321838,0.7459661960601807,0.6636276245117188,0.7739792466163635,0.7267425060272217,0.6904991865158081,0.6377363204956055,0.630210280418396,0.5862962007522583,0.5886586308479309,0.547156035900116,0.5606043338775635,0.7042733430862427,0.7484031915664673,0.598690390586853,0.7103838920593262,0.5333388447761536,0.6879836320877075,0.4882420599460602,0.6804831624031067,0.6929447054862976,0.8146019577980042,0.6221337914466858,0.8073169589042664,0.6498792171478271,0.8007580041885376,0.6764968633651733,0.8022112250328064,0.6970500946044922,0.8715907335281372,0.6693359017372131,0.8554383516311646,0.6936067342758179,0.8467093110084534,0.7157063484191895,0.8435127139091492,ㄷ
0.9002784490585327,0.8660544157028198,0.8508554100990295,0.7627037763595581,0.7849684357643127,0.728646457195282,0.7210648059844971,0.7501285076141357,0.682323157787323,0.7784217596054077,0.7460675835609436,0.6878626942634583,0.661732017993927,0.6333030462265015,0.6142680644989014,0.5939448475837708,0.5773791074752808,0.56365966796875,0.7284362316131592,0.7462618947029114,0.6222727298736572,0.7133168578147888,0.5600531101226807,0.6912535429000854,0.5152370929718018,0.6794703006744385,0.7188286781311035,0.8132632374763489,0.642278790473938,0.7982441782951355,0.672926127910614,0.7944914102554321,0.6987071633338928,0.7945460081100464,0.7232294678688049,0.869064450263977,0.6879069209098816,0.8484264612197876,0.7119849324226379,0.8387406468391418,0.7316294312477112,0.8339725136756897,ㄷ
0.9261341691017151,0.7841353416442871,0.8693232536315918,0.6924318671226501,0.8027201890945435,0.6699363589286804,0.7485153079032898,0.7085156440734863,0.7171571850776672,0.74784916639328,0.7699689865112305,0.6378958225250244,0.683929443359375,0.5926058292388916,0.6323520541191101,0.5607213377952576,0.5939198732376099,0.5363010764122009,0.7594574689865112,0.6946277022361755,0.6564555764198303,0.672390878200531,0.5920121669769287,0.6572427153587341,0.5442034006118774,0.6503399610519409,0.7564764022827148,0.7574316263198853,0.6714948415756226,0.7626941204071045,0.6952705383300781,0.7554150223731995,0.7217211723327637,0.7517347931861877,0.7635049223899841,0.8131808638572693,0.7093158960342407,0.8055170178413391,0.7250494956970215,0.7924275994300842,0.7452690601348877,0.7833213806152344,ㄷ
0.935726523399353,0.6672337055206299,0.871772825717926,0.5920078158378601,0.7995033264160156,0.5809707641601562,0.749824047088623,0.6292404532432556,0.7280170321464539,0.6787354350090027,0.757988691329956,0.5507461428642273,0.6617387533187866,0.5335263013839722,0.6041826009750366,0.5158189535140991,0.5593309998512268,0.5026745796203613,0.7578049302101135,0.6059054136276245,0.6474561095237732,0.6135092377662659,0.5790737867355347,0.6149335503578186,0.5285506248474121,0.6178841590881348,0.7664896845817566,0.6688981652259827,0.6821266412734985,0.7003933787345886,0.7125500440597534,0.6977013945579529,0.7408981323242188,0.6905151605606079,0.782678484916687,0.7249494791030884,0.7298752069473267,0.7421317100524902,0.7529478073120117,0.7337129712104797,0.7741118669509888,0.7227593660354614,ㄷ
0.9336235523223877,0.5956747531890869,0.8627443909645081,0.535167396068573,0.7871676087379456,0.5305852293968201,0.7374805808067322,0.5741506218910217,0.7177259922027588,0.6208516359329224,0.7365217804908752,0.5078792572021484,0.6394732594490051,0.5081194043159485,0.5816004276275635,0.49762624502182007,0.5369164943695068,0.49055516719818115,0.7475441694259644,0.5529406666755676,0.6386559009552002,0.584016740322113,0.5695784687995911,0.6024603247642517,0.5187610983848572,0.6183345317840576,0.7677016258239746,0.609029233455658,0.6794895529747009,0.669818103313446,0.7103589773178101,0.6723057627677917,0.7394391298294067,0.6592805981636047,0.7924237251281738,0.6604301333427429,0.7339813709259033,0.7089519500732422,0.7569026947021484,0.7027875781059265,0.7780337333679199,0.6849998831748962,ㄷ
0.9364226460456848,0.4948495924472809,0.8526709079742432,0.44533589482307434,0.7678758502006531,0.4601520299911499,0.7180633544921875,0.524665355682373,0.6979545950889587,0.5855305194854736,0.7166356444358826,0.4283876419067383,0.6123806238174438,0.4541367292404175,0.5497095584869385,0.46227550506591797,0.4989375174045563,0.4710054397583008,0.7438202500343323,0.47796866297721863,0.6316859126091003,0.5346207022666931,0.5620439052581787,0.5691949725151062,0.5065340399742126,0.5996936559677124,0.7764455676078796,0.5390055775642395,0.6720443964004517,0.6244499683380127,0.7002272605895996,0.6186783313751221,0.7295635342597961,0.59824538230896,0.810183048248291,0.5941783785820007,0.7330416440963745,0.6586392521858215,0.7519662976264954,0.648002028465271,0.7760200500488281,0.6241880655288696,ㄷ
0.9377917051315308,0.3848050534725189,0.842449426651001,0.3255193829536438,0.7420507073402405,0.34744787216186523,0.6837885975837708,0.4267438054084778,0.6554180979728699,0.4980599284172058,0.6962116360664368,0.2989286184310913,0.5725592970848083,0.3196542263031006,0.5011476278305054,0.3246310353279114,0.44192811846733093,0.33203890919685364,0.7177164554595947,0.36119258403778076,0.5812694430351257,0.4190145432949066,0.5022232532501221,0.45039790868759155,0.43810877203941345,0.4800896942615509,0.7496446371078491,0.4326751232147217,0.6314311027526855,0.5201040506362915,0.6676778197288513,0.5113875269889832,0.7054979801177979,0.4922697842121124,0.7866873741149902,0.49986836314201355,0.7008612751960754,0.5645320415496826,0.7238649129867554,0.5490633845329285,0.7525875568389893,0.5245882272720337,ㄷ
0.9847184419631958,0.32384318113327026,0.875835657119751,0.24075710773468018,0.7763290405273438,0.23073557019233704,0.7042563557624817,0.3013458847999573,0.6666103005409241,0.3783129155635834,0.7058272957801819,0.17331193387508392,0.5570881366729736,0.15328441560268402,0.46476906538009644,0.12401314079761505,0.39407017827033997,0.10347932577133179,0.7421586513519287,0.23919352889060974,0.563215970993042,0.2911898195743561,0.45482784509658813,0.31860020756721497,0.3745286762714386,0.3390939235687256,0.7779415249824524,0.33335375785827637,0.6088495254516602,0.4280243515968323,0.6491652131080627,0.43194636702537537,0.6936919689178467,0.40860211849212646,0.8135075569152832,0.41622626781463623,0.6858924627304077,0.4906049370765686,0.7192203402519226,0.48122018575668335,0.7600656747817993,0.4530600905418396,ㄷ
0.9642738103866577,0.41412776708602905,0.84306800365448,0.32152700424194336,0.7232707738876343,0.3170931339263916,0.6442473530769348,0.406894713640213,0.6066029071807861,0.4986236095428467,0.6653347611427307,0.28425514698028564,0.5098668336868286,0.24790796637535095,0.4151427745819092,0.21206627786159515,0.3423784375190735,0.1849895715713501,0.68801349401474,0.3786182403564453,0.5031774640083313,0.4355999529361725,0.38890624046325684,0.46709179878234863,0.3050583004951477,0.4952361583709717,0.7182285189628601,0.48234832286834717,0.5683792233467102,0.5450108051300049,0.6088891625404358,0.5204108953475952,0.6547095775604248,0.49656859040260315,0.7518065571784973,0.5652278661727905,0.6523069739341736,0.599042534828186,0.6841338276863098,0.5678824186325073,0.7210180163383484,0.5377722978591919,ㄷ
0.9717638492584229,0.5073210597038269,0.843341588973999,0.4159557521343231,0.7216512560844421,0.4214458763599396,0.6338937282562256,0.5094444751739502,0.5675054788589478,0.5849204659461975,0.6637652516365051,0.3870731592178345,0.5106139779090881,0.3440064787864685,0.4149644672870636,0.30139440298080444,0.3388565480709076,0.2756969630718231,0.6896551847457886,0.48157811164855957,0.5009523034095764,0.5383175611495972,0.38456055521965027,0.575093150138855,0.3021688163280487,0.6182948350906372,0.7188591957092285,0.5944429039955139,0.5623773336410522,0.6455968022346497,0.5995103120803833,0.6105790138244629,0.6399306654930115,0.5893245339393616,0.7481111288070679,0.6767086982727051,0.6588423252105713,0.6762239933013916,0.6916487812995911,0.6384300589561462,0.7219119071960449,0.6161664724349976,ㄷ
0.9516140222549438,0.5482086539268494,0.8278537392616272,0.4592667818069458,0.7157222628593445,0.45992034673690796,0.6342068910598755,0.5002050995826721,0.579764723777771,0.537316083908081,0.6327748894691467,0.4416041374206543,0.4916568696498871,0.41252654790878296,0.40429311990737915,0.37437132000923157,0.3364051580429077,0.347265362739563,0.6512870788574219,0.5227857828140259,0.48107898235321045,0.5842972993850708,0.3717952370643616,0.6138066649436951,0.29941272735595703,0.6414894461631775,0.6790881752967834,0.6254012584686279,0.553043782711029,0.6805234551429749,0.5900897979736328,0.6575462818145752,0.6278289556503296,0.6372685432434082,0.7127915024757385,0.7026125192642212,0.6413930654525757,0.7237449884414673,0.6745976805686951,0.6963717937469482,0.703068733215332,0.6787391901016235,ㄷ
0.9113484621047974,0.6159536838531494,0.8134552240371704,0.5156272649765015,0.6973053216934204,0.5160261392593384,0.6117575764656067,0.5881391763687134,0.5671469569206238,0.6533350348472595,0.624729335308075,0.5082312226295471,0.489665150642395,0.4833970069885254,0.40847814083099365,0.45106184482574463,0.34735456109046936,0.4262702763080597,0.6264912486076355,0.5948178768157959,0.47288215160369873,0.6392000913619995,0.37345150113105774,0.6612844467163086,0.3067755401134491,0.68250572681427,0.6469831466674805,0.6872923374176025,0.5431939363479614,0.7166379690170288,0.5801082849502563,0.6901428699493408,0.6179677844047546,0.6780968308448792,0.6780536770820618,0.7558465003967285,0.621802568435669,0.7504582405090332,0.6523526310920715,0.7249101400375366,0.6819822192192078,0.7143027186393738,ㄷ
0.8565531969070435,0.6759819388389587,0.7712942957878113,0.5703420639038086,0.6782479286193848,0.560457170009613,0.6046774387359619,0.614998996257782,0.566650390625,0.6706975102424622,0.6236215233802795,0.5355144739151001,0.5086157917976379,0.499317467212677,0.4421125650405884,0.4661163091659546,0.39023134112358093,0.44136518239974976,0.6162791848182678,0.6171285510063171,0.4792178273200989,0.6323530077934265,0.3954583406448364,0.6349755525588989,0.3380914330482483,0.6430651545524597,0.6250210404396057,0.7021024227142334,0.535189151763916,0.7117344737052917,0.5688222646713257,0.6889254450798035,0.6020652055740356,0.6807053089141846,0.6482735276222229,0.7672922611236572,0.6010992527008057,0.746050238609314,0.6284006237983704,0.7253603935241699,0.6545768976211548,0.717693567276001,ㄷ
0.8224097490310669,0.7018721103668213,0.7575660347938538,0.6028924584388733,0.680747389793396,0.5898423194885254,0.6239832639694214,0.6369410753250122,0.5963345766067505,0.6876947283744812,0.636696457862854,0.5667447447776794,0.5354270935058594,0.5323495268821716,0.4779589772224426,0.512844443321228,0.43274617195129395,0.5002467036247253,0.6223007440567017,0.6364984512329102,0.5054166913032532,0.6379892230033875,0.43830180168151855,0.6386723518371582,0.3905515670776367,0.6440474390983582,0.625096321105957,0.7074911594390869,0.5559737682342529,0.7097285985946655,0.587549090385437,0.6968783736228943,0.6172912120819092,0.6945804357528687,0.641202986240387,0.7663546800613403,0.6121803522109985,0.7476462125778198,0.6371385455131531,0.7334806323051453,0.6599767208099365,0.7283535599708557,ㄷ
0.8057074546813965,0.6897432208061218,0.7525423169136047,0.6069284677505493,0.6844640374183655,0.5935587882995605,0.6330795288085938,0.6441858410835266,0.6047894358634949,0.6927932500839233,0.6525702476501465,0.5696530938148499,0.5636206269264221,0.5345052480697632,0.5123527646064758,0.5116369724273682,0.4709625840187073,0.49644216895103455,0.6401734352111816,0.629726767539978,0.5389000773429871,0.6222853064537048,0.47900182008743286,0.6203320622444153,0.43313199281692505,0.6255910396575928,0.6421915888786316,0.6916912198066711,0.5791943073272705,0.7012081146240234,0.6084591746330261,0.6885231137275696,0.6356921792030334,0.6850709915161133,0.6547695398330688,0.7445788383483887,0.6271840929985046,0.7332190871238708,0.6482992768287659,0.7183876037597656,0.6670702695846558,0.713275671005249,ㄷ
0.8062248826026917,0.7470487952232361,0.7633979320526123,0.6572721004486084,0.6996721029281616,0.6332072019577026,0.6483656167984009,0.6718733906745911,0.6170739531517029,0.7118991613388062,0.6754775047302246,0.6006625294685364,0.5961865186691284,0.5553683042526245,0.5511866807937622,0.5292948484420776,0.5137477517127991,0.5100743770599365,0.6567875146865845,0.6534198522567749,0.5644553303718567,0.6265095472335815,0.5089321136474609,0.6144070029258728,0.46528786420822144,0.6100698709487915,0.6501060724258423,0.7107750773429871,0.5899465084075928,0.7096970081329346,0.6189938187599182,0.7070835828781128,0.6460180282592773,0.7093866467475891,0.6531379818916321,0.7642744779586792,0.6262356638908386,0.7519901990890503,0.6477705240249634,0.7451914548873901,0.6667678356170654,0.7442413568496704,ㄷ
0.8189257979393005,0.7931280136108398,0.7911328673362732,0.6965465545654297,0.729381799697876,0.6558594107627869,0.6697713732719421,0.6819121837615967,0.6314469575881958,0.7138174772262573,0.7149534225463867,0.6210393309593201,0.6409203410148621,0.5586555004119873,0.5992491841316223,0.5208318829536438,0.5634929537773132,0.4912360906600952,0.6935030817985535,0.6718646883964539,0.6050683259963989,0.6176521182060242,0.5481252670288086,0.5881568789482117,0.5007489919662476,0.5700951814651489,0.6783670783042908,0.730026125907898,0.6079649329185486,0.7026222944259644,0.6377526521682739,0.707295835018158,0.6648381352424622,0.7171094417572021,0.6724159717559814,0.7836261987686157,0.6407976150512695,0.7553260326385498,0.6648926734924316,0.7511932849884033,0.6848278045654297,0.7540822625160217,ㄷ
0.8902711272239685,0.8799523115158081,0.859595537185669,0.7939465641975403,0.8016078472137451,0.7505216598510742,0.7454657554626465,0.757413923740387,0.7057793736457825,0.7717424035072327,0.7844903469085693,0.6944857239723206,0.7202732563018799,0.6266554594039917,0.6837323904037476,0.5841962695121765,0.6530267596244812,0.5521177053451538,0.7644290328025818,0.7248669862747192,0.6842818260192871,0.6680900454521179,0.6353435516357422,0.6331321001052856,0.5963536500930786,0.6077010631561279,0.7506470680236816,0.7684136033058167,0.680549144744873,0.765598714351654,0.7026363611221313,0.7894559502601624,0.7260237336158752,0.802716076374054,0.7431223392486572,0.816774845123291,0.6993550062179565,0.8244498372077942,0.7141414284706116,0.8397605419158936,0.730250895023346,0.8447955250740051,ㄷ
0.9075534343719482,0.8304336071014404,0.8577895164489746,0.7531289458274841,0.7916351556777954,0.7295832633972168,0.734822690486908,0.7551853060722351,0.6980408430099487,0.782504677772522,0.7760964632034302,0.6764926910400391,0.7006490230560303,0.6264128684997559,0.6570308208465576,0.5942157506942749,0.6225555539131165,0.5695473551750183,0.7677136659622192,0.7202710509300232,0.6752845644950867,0.6863963603973389,0.6201145648956299,0.6666380167007446,0.5783482193946838,0.6540223360061646,0.762388288974762,0.7724654078483582,0.6854211091995239,0.7733715772628784,0.7069549560546875,0.7833018898963928,0.7298835515975952,0.7869055867195129,0.7619738578796387,0.8239901661872864,0.7091528177261353,0.8179173469543457,0.7235353589057922,0.8180338144302368,0.7395919561386108,0.8126535415649414,ㄷ
0.91084223985672,0.6614128947257996,0.8534787893295288,0.6025469303131104,0.7868757247924805,0.5972066521644592,0.7451857924461365,0.6381248831748962,0.7240906357765198,0.6791753768920898,0.7582312822341919,0.5685650110244751,0.6749067306518555,0.5474436283111572,0.6278945207595825,0.5318107008934021,0.590882420539856,0.5205810070037842,0.7554464340209961,0.6128858327865601,0.6639003157615662,0.6158970594406128,0.607787013053894,0.61977219581604,0.5638761520385742,0.6250070929527283,0.761211633682251,0.6640825271606445,0.6917679309844971,0.692643404006958,0.720754861831665,0.692754864692688,0.7466212511062622,0.6880261301994324,0.7739645838737488,0.711647093296051,0.7355175018310547,0.7318071126937866,0.7567290663719177,0.7274219989776611,0.7755383253097534,0.7191300392150879,ㄷ
0.9355010986328125,0.5315790176391602,0.8629854321479797,0.4808710217475891,0.7862449884414673,0.4897875189781189,0.7412563562393188,0.5442507863044739,0.722771406173706,0.5938255190849304,0.7431736588478088,0.4679422974586487,0.648105800151825,0.4487430453300476,0.5895845293998718,0.42938941717147827,0.5442074537277222,0.41352635622024536,0.755953848361969,0.5122086405754089,0.6440792083740234,0.5359572768211365,0.5740230679512024,0.5481456518173218,0.5217506289482117,0.5584499835968018,0.7769187092781067,0.5697032809257507,0.6832019686698914,0.6325297355651855,0.7097448706626892,0.6265251636505127,0.7362885475158691,0.6084597706794739,0.8021396994590759,0.6194212436676025,0.7374090552330017,0.6669806241989136,0.7572907209396362,0.6542521715164185,0.7781618237495422,0.6340123414993286,ㄷ
0.9048500657081604,0.5061364769935608,0.823469877243042,0.46464693546295166,0.7443824410438538,0.4900398850440979,0.7023767828941345,0.5562889575958252,0.686568558216095,0.6142546534538269,0.6983070969581604,0.4721863865852356,0.5920953750610352,0.46830764412879944,0.5261605978012085,0.4576369524002075,0.47702330350875854,0.4491037130355835,0.7078930735588074,0.5224990844726562,0.5922356247901917,0.5590009689331055,0.519553005695343,0.5806590914726257,0.46545132994651794,0.600888729095459,0.7303418517112732,0.5790983438491821,0.6457931399345398,0.6530839204788208,0.6748586893081665,0.6376511454582214,0.701810359954834,0.6166687607765198,0.7609696388244629,0.6271202564239502,0.7040899991989136,0.6777260899543762,0.7252054810523987,0.6592127084732056,0.7454861402511597,0.6373660564422607,ㄷ
0.6638632416725159,0.5999124050140381,0.5678693652153015,0.5643144249916077,0.4995216727256775,0.5983640551567078,0.468278706073761,0.6659625768661499,0.46018722653388977,0.7235270738601685,0.44667723774909973,0.6058686971664429,0.33581116795539856,0.6236108541488647,0.2635961174964905,0.627566397190094,0.21118664741516113,0.6288629770278931,0.4546789228916168,0.6654799580574036,0.33832627534866333,0.7299897074699402,0.26176050305366516,0.7700676321983337,0.21142646670341492,0.7988379597663879,0.4812355637550354,0.7266532778739929,0.42462730407714844,0.816529393196106,0.4501186013221741,0.8018682599067688,0.47487154603004456,0.7770413756370544,0.5186160206794739,0.7778180241584778,0.48186707496643066,0.8386669158935547,0.49755948781967163,0.8209323883056641,0.5132232308387756,0.7949244379997253,ㄷ
0.7147269248962402,0.46936774253845215,0.6432979702949524,0.40562960505485535,0.5825900435447693,0.39682915806770325,0.5352290868759155,0.42194390296936035,0.5088186860084534,0.44850143790245056,0.5200461149215698,0.38307470083236694,0.4257773756980896,0.35898643732070923,0.36767807602882385,0.3341659903526306,0.3248541057109833,0.31427979469299316,0.5157740116119385,0.42679131031036377,0.40449726581573486,0.4427712857723236,0.3324209451675415,0.44866636395454407,0.28454697132110596,0.4521371126174927,0.5236012935638428,0.48755043745040894,0.45539942383766174,0.5404268503189087,0.4864535629749298,0.5415086150169373,0.5136371850967407,0.5302853584289551,0.5430585145950317,0.5471053123474121,0.4924602210521698,0.5816074013710022,0.5242798924446106,0.5750820636749268,0.5507205724716187,0.5646501779556274,ㄷ
0.7402943968772888,0.5194132328033447,0.6745817065238953,0.4510234594345093,0.6133822798728943,0.44053131341934204,0.5666698217391968,0.4716816246509552,0.5433664917945862,0.5107001662254333,0.553205132484436,0.42131760716438293,0.4642237722873688,0.3894024193286896,0.4093959927558899,0.3579214811325073,0.36987295746803284,0.33326494693756104,0.5458137392997742,0.4672940969467163,0.43802422285079956,0.4704434275627136,0.3707171678543091,0.46727126836776733,0.3260984420776367,0.46613121032714844,0.552176296710968,0.5274246335029602,0.4855966567993164,0.5722343921661377,0.5155603289604187,0.5754323601722717,0.5426068902015686,0.5686784386634827,0.5717626810073853,0.5859247446060181,0.5303609371185303,0.6184839010238647,0.5596156120300293,0.6134077310562134,0.5853109359741211,0.6042129397392273,ㄷ
0.8438103199005127,0.7486727833747864,0.7729783654212952,0.6555657386779785,0.6918214559555054,0.6564894914627075,0.6400797963142395,0.7172359824180603,0.6178932189941406,0.7810584902763367,0.6555764675140381,0.6480779647827148,0.5540884137153625,0.6114954352378845,0.4942062497138977,0.5929016470909119,0.4465678334236145,0.5806292295455933,0.6442937254905701,0.7269208431243896,0.5332164168357849,0.7362117767333984,0.4618214964866638,0.7457626461982727,0.40963637828826904,0.7597271800041199,0.6519976854324341,0.7991320490837097,0.588083803653717,0.8154488801956177,0.6139217019081116,0.7917797565460205,0.6457927227020264,0.780243456363678,0.6723282933235168,0.852074384689331,0.6379134654998779,0.8444331884384155,0.6564797163009644,0.8206530809402466,0.6794120669364929,0.8067914247512817,ㄷ
0.8507809042930603,0.7686352133750916,0.8172569274902344,0.6616597175598145,0.7611139416694641,0.5838720798492432,0.6945783495903015,0.5719433426856995,0.6518738269805908,0.6057420372962952,0.7004160284996033,0.6298644542694092,0.5903129577636719,0.6008625030517578,0.5301170349121094,0.5888600945472717,0.48194271326065063,0.5806555151939392,0.6868971586227417,0.7033647894859314,0.5729165077209473,0.6895201802253723,0.5020912885665894,0.6851096749305725,0.45178309082984924,0.6892414689064026,0.6884574294090271,0.7684462666511536,0.6189333200454712,0.7553687691688538,0.6445354223251343,0.7379056811332703,0.6760388612747192,0.7339040040969849,0.7009178400039673,0.8210179805755615,0.6556923389434814,0.7941660284996033,0.6747093796730042,0.7790212035179138,0.6970392465591431,0.7762539386749268,ㄷ
0.89089035987854,0.6865752339363098,0.8553645014762878,0.5834946632385254,0.8107645511627197,0.5139498114585876,0.7531008720397949,0.47349148988723755,0.7076961994171143,0.4797930419445038,0.7504383325576782,0.5107607245445251,0.6436546444892883,0.47785982489585876,0.5857177376747131,0.45898115634918213,0.5391278862953186,0.44516003131866455,0.7379357218742371,0.5682713985443115,0.6169275045394897,0.5493701696395874,0.5444051623344421,0.5412412285804749,0.49213287234306335,0.5403578281402588,0.73433917760849,0.6323885917663574,0.6477035880088806,0.6466867327690125,0.6790696382522583,0.6515980362892151,0.7119804620742798,0.6475327014923096,0.7409479022026062,0.6970787644386292,0.6812527775764465,0.6991292834281921,0.7072032690048218,0.7001386880874634,0.7338230013847351,0.6940062046051025,ㄷ
0.8912363052368164,0.7451425194740295,0.8697348833084106,0.642812967300415,0.8268725275993347,0.5625271797180176,0.7724104523658752,0.5218069553375244,0.7278618216514587,0.5308830142021179,0.7656456828117371,0.5549489855766296,0.6645688414573669,0.5035804510116577,0.6093367338180542,0.47547370195388794,0.5657739043235779,0.45468610525131226,0.7475069165229797,0.6079601049423218,0.6350595355033875,0.5708871483802795,0.5635460615158081,0.5509896874427795,0.509936511516571,0.5395857691764832,0.7386350035667419,0.668694794178009,0.6615879535675049,0.6771677136421204,0.6897460222244263,0.6899255514144897,0.7213947772979736,0.6938568353652954,0.7394826412200928,0.7320667505264282,0.6838144659996033,0.7311202883720398,0.7089285254478455,0.7387332320213318,0.7371758222579956,0.7401684522628784,ㄷ
0.8749489188194275,0.8311178684234619,0.8518381118774414,0.7249159216880798,0.8109993934631348,0.6399248838424683,0.7555477023124695,0.6059621572494507,0.7110005617141724,0.6149574518203735,0.7575759291648865,0.6482679843902588,0.6573812961578369,0.5967605113983154,0.6007755994796753,0.5689340829849243,0.5562182068824768,0.548362672328949,0.7386680245399475,0.7089791893959045,0.6240381598472595,0.6665319800376892,0.5551066994667053,0.6422410011291504,0.5029407739639282,0.6304810643196106,0.7281323075294495,0.7699559926986694,0.6430472135543823,0.7637103796005249,0.6680141687393188,0.7580083012580872,0.7006382942199707,0.757034182548523,0.7264062762260437,0.8292481303215027,0.6675916314125061,0.8051100373268127,0.6878178715705872,0.793685793876648,0.7141954302787781,0.7864888906478882,ㄷ
0.8552663922309875,0.7906571626663208,0.8263800740242004,0.6983588337898254,0.780028760433197,0.6251630783081055,0.726290762424469,0.5994905829429626,0.6843488812446594,0.6165282726287842,0.7183037400245667,0.6507605314254761,0.620003879070282,0.6173174977302551,0.5638730525970459,0.6009749174118042,0.5197426080703735,0.58827805519104,0.7042074799537659,0.7153975367546082,0.593382716178894,0.6987260580062866,0.5281656384468079,0.6868367195129395,0.47799670696258545,0.6797194480895996,0.7036824822425842,0.776390790939331,0.6329919695854187,0.7813529372215271,0.6632368564605713,0.7696044445037842,0.6964712738990784,0.7614962458610535,0.7130701541900635,0.8304610848426819,0.671970546245575,0.8256685137748718,0.6937713027000427,0.8139539361000061,0.7166344523429871,0.8050417304039001,ㄷ
0.8493150472640991,0.6378989815711975,0.805514931678772,0.5505191087722778,0.7420666813850403,0.4846843481063843,0.6776636838912964,0.4690687656402588,0.6405356526374817,0.5033949613571167,0.689021110534668,0.5181013941764832,0.5818742513656616,0.5071858763694763,0.5203447341918945,0.5026476383209229,0.47318458557128906,0.5008071660995483,0.6844443082809448,0.5783604979515076,0.5690025091171265,0.5878688097000122,0.49784356355667114,0.5969485640525818,0.4448755383491516,0.6076778769493103,0.691742479801178,0.6398027539253235,0.6114507913589478,0.6747410893440247,0.6413731575012207,0.6667361259460449,0.6743524670600891,0.6537097096443176,0.7079645991325378,0.6977596879005432,0.6514514684677124,0.7129178047180176,0.6739069223403931,0.7020764946937561,0.6977325081825256,0.6875609159469604,ㄷ
0.9069578647613525,0.5439980030059814,0.8498343229293823,0.43253737688064575,0.7775387763977051,0.35540735721588135,0.7007412314414978,0.3289070129394531,0.6512043476104736,0.35492396354675293,0.7106831669807434,0.3738047480583191,0.5816953182220459,0.3603297472000122,0.5082140564918518,0.3486728072166443,0.45159631967544556,0.3436105251312256,0.7063400149345398,0.44684329628944397,0.5614292621612549,0.45958057045936584,0.4773991107940674,0.4634816646575928,0.4176507294178009,0.47409313917160034,0.7113369703292847,0.5241771340370178,0.6066554188728333,0.5623144507408142,0.6369545459747314,0.5531274080276489,0.6729539632797241,0.5400880575180054,0.7270759344100952,0.5980232954025269,0.6470030546188354,0.6115270256996155,0.6709355115890503,0.6026577949523926,0.7017736434936523,0.5879175066947937,ㄷ
0.8920174837112427,0.5046073198318481,0.8234856724739075,0.37934526801109314,0.7553662657737732,0.3066437840461731,0.6741746068000793,0.2757507860660553,0.6191615462303162,0.30291539430618286,0.6714625358581543,0.3178155720233917,0.5364648699760437,0.29767298698425293,0.45845556259155273,0.28446078300476074,0.39832377433776855,0.2791265547275543,0.668272078037262,0.3944436013698578,0.51612389087677,0.4085652828216553,0.42135509848594666,0.41745707392692566,0.3572036325931549,0.43325626850128174,0.6749297976493835,0.47808194160461426,0.5771672129631042,0.5230004787445068,0.6034166812896729,0.5165042281150818,0.6378536820411682,0.5010985136032104,0.6922620534896851,0.5562332272529602,0.6153071522712708,0.5759191513061523,0.6420969367027283,0.5708160996437073,0.6721398830413818,0.558541476726532,ㄷ
0.8314902186393738,0.5561312437057495,0.7582494616508484,0.41372624039649963,0.6876180171966553,0.3400258421897888,0.599946916103363,0.30638009309768677,0.5414969325065613,0.3402683734893799,0.5945039987564087,0.3711390793323517,0.44543981552124023,0.3522270619869232,0.36426040530204773,0.3413141667842865,0.3003907799720764,0.33625802397727966,0.5861988663673401,0.45944154262542725,0.4244620203971863,0.4780198931694031,0.324926495552063,0.4938037097454071,0.2612442672252655,0.5151525735855103,0.5945295095443726,0.5511641502380371,0.5006978511810303,0.5730913877487183,0.5303939580917358,0.5560827851295471,0.568807065486908,0.5399064421653748,0.6171979308128357,0.6280535459518433,0.5526160597801208,0.6276006698608398,0.5825087428092957,0.6118465065956116,0.6168702244758606,0.598572850227356,ㄷ
0.8405543565750122,0.6532289981842041,0.7732563018798828,0.5006469488143921,0.6957706212997437,0.4091026782989502,0.6041601300239563,0.3913978934288025,0.5451929569244385,0.42845600843429565,0.6003860235214233,0.46468546986579895,0.44753503799438477,0.44359004497528076,0.3659471571445465,0.43238136172294617,0.3012431561946869,0.42274802923202515,0.582564651966095,0.5654464960098267,0.42114633321762085,0.5814250707626343,0.3216901123523712,0.5906718373298645,0.2549550533294678,0.6023841500282288,0.5905200839042664,0.6625344753265381,0.5058714151382446,0.6607770919799805,0.539777934551239,0.6353306174278259,0.5819279551506042,0.6247189044952393,0.6192900538444519,0.7382168173789978,0.5685497522354126,0.7106539011001587,0.5971123576164246,0.6885945200920105,0.6288012862205505,0.6818439364433289,ㄷ
0.8296303749084473,0.7605456709861755,0.780220091342926,0.6027274131774902,0.7010376453399658,0.49858325719833374,0.5993823409080505,0.48621225357055664,0.532839298248291,0.5217990279197693,0.6057239174842834,0.5696752667427063,0.4452815055847168,0.537923276424408,0.3639857769012451,0.5172705054283142,0.29687365889549255,0.5059825778007507,0.5880775451660156,0.6814822554588318,0.41509324312210083,0.6851816177368164,0.31475961208343506,0.6808954477310181,0.2446601688861847,0.6867138743400574,0.5932005047798157,0.7762696146965027,0.4905763268470764,0.7449079155921936,0.5304902195930481,0.713191032409668,0.5749999284744263,0.7076445817947388,0.6124833822250366,0.8448076844215393,0.5651369094848633,0.7864810824394226,0.5948494076728821,0.7608232498168945,0.626616895198822,0.752644419670105,ㄷ
0.7999829053878784,0.7089555859565735,0.7523378133773804,0.5636553764343262,0.6728582382202148,0.47437405586242676,0.5841755270957947,0.4699275493621826,0.5320484042167664,0.5079158544540405,0.5818303823471069,0.5396175980567932,0.4413474202156067,0.5085335969924927,0.3672209680080414,0.49014925956726074,0.31070300936698914,0.476127564907074,0.5628409385681152,0.638903021812439,0.4103343188762665,0.6409050226211548,0.3196948766708374,0.6410772204399109,0.2599422335624695,0.6491062641143799,0.569267988204956,0.7192177772521973,0.48934295773506165,0.7081230878829956,0.5251983404159546,0.678975522518158,0.5652321577072144,0.6666964888572693,0.5926182866096497,0.7833746671676636,0.546886682510376,0.7562464475631714,0.5742980241775513,0.7406103610992432,0.6042174696922302,0.7360565066337585,ㄷ
0.7837793827056885,0.5824499130249023,0.7268039584159851,0.4535136818885803,0.6633188128471375,0.3780093193054199,0.5847230553627014,0.3511369824409485,0.529412567615509,0.3614267110824585,0.5774751901626587,0.41058051586151123,0.44846460223197937,0.3805129826068878,0.373974084854126,0.36863380670547485,0.31806206703186035,0.36182546615600586,0.5628928542137146,0.4892688989639282,0.4216307997703552,0.49439531564712524,0.3358813524246216,0.49852222204208374,0.27852314710617065,0.5105469226837158,0.5671991109848022,0.5684399008750916,0.48870882391929626,0.5914242267608643,0.5127996802330017,0.5744625329971313,0.5457609295845032,0.5633717179298401,0.5891879200935364,0.6417773365974426,0.5343435406684875,0.6433416604995728,0.5581692457199097,0.6296879053115845,0.5875328183174133,0.6213979125022888,ㄷ
0.7886000275611877,0.6154290437698364,0.7101706266403198,0.5042866468429565,0.6332947015762329,0.4552018940448761,0.5550428628921509,0.42961055040359497,0.5091254711151123,0.4041266441345215,0.5736813545227051,0.431946724653244,0.4526820182800293,0.4044123589992523,0.37982624769210815,0.3838973045349121,0.32705095410346985,0.3724168539047241,0.5651004314422607,0.5010632276535034,0.4272434711456299,0.5111308693885803,0.3416038155555725,0.5127313137054443,0.2892431616783142,0.521780252456665,0.5683737397193909,0.5836946964263916,0.48962947726249695,0.6076433658599854,0.5150138735771179,0.592004120349884,0.5450733304023743,0.5837457180023193,0.5880047678947449,0.6548128128051758,0.5377333760261536,0.6544125080108643,0.5637632012367249,0.641174852848053,0.591160774230957,0.6386646032333374,ㄷ
0.7542901635169983,0.6662472486495972,0.6863408088684082,0.5616317391395569,0.6061959266662598,0.545600175857544,0.5417371392250061,0.5903938412666321,0.5099195241928101,0.6379648447036743,0.5585138201713562,0.5137585401535034,0.4457758069038391,0.4809541404247284,0.3814254403114319,0.46078526973724365,0.3346639573574066,0.4463481605052948,0.5462813973426819,0.588695228099823,0.4206318259239197,0.597003161907196,0.34600207209587097,0.6002537608146667,0.29506614804267883,0.6075873970985413,0.5524922013282776,0.6606678366661072,0.49369755387306213,0.6715793609619141,0.5210341215133667,0.6524089574813843,0.5500912666320801,0.6463626623153687,0.5727596879005432,0.7253223061561584,0.5387097597122192,0.713118851184845,0.562131404876709,0.7032924890518188,0.5896150469779968,0.7009098529815674,ㄷ
0.7606154680252075,0.6927666664123535,0.6910229325294495,0.591066837310791,0.6181133389472961,0.5755231380462646,0.5553869009017944,0.6024085283279419,0.528956413269043,0.6420640349388123,0.5621099472045898,0.5497183799743652,0.4559190273284912,0.5286755561828613,0.3937360644340515,0.5162188410758972,0.3478247821331024,0.5073591470718384,0.5530961155891418,0.6190890669822693,0.4331497550010681,0.6380265951156616,0.36358997225761414,0.6441820859909058,0.31796813011169434,0.651455283164978,0.5613090991973877,0.6905803084373474,0.5032947659492493,0.7028332948684692,0.5299311280250549,0.6841128468513489,0.5564046502113342,0.6750913262367249,0.5837917327880859,0.7526757717132568,0.5500048398971558,0.7407729625701904,0.5734845995903015,0.7320084571838379,0.5989612340927124,0.7270799875259399,ㄷ
0.7494379281997681,0.7474759221076965,0.6828351020812988,0.6475202441215515,0.6036838293075562,0.6446797251701355,0.5421134233474731,0.6905084848403931,0.5120332837104797,0.7365541458129883,0.5563080906867981,0.6164851188659668,0.45038753747940063,0.597900927066803,0.3912278115749359,0.5892353653907776,0.3476604223251343,0.5833317637443542,0.5446698069572449,0.6921445727348328,0.4307759404182434,0.7099218368530273,0.3654160499572754,0.7172302007675171,0.3185878396034241,0.7242689728736877,0.5521371364593506,0.7602143287658691,0.5094935894012451,0.767025351524353,0.5378271341323853,0.7424123287200928,0.5637013912200928,0.734341561794281,0.5741275548934937,0.8180298805236816,0.5523093938827515,0.8009741306304932,0.5754579305648804,0.7875947952270508,0.5988222360610962,0.7830323576927185,ㄷ
0.7328635454177856,0.7061964869499207,0.6721844673156738,0.6212570071220398,0.592390239238739,0.6118228435516357,0.5337774753570557,0.6543176770210266,0.5040509700775146,0.7039492726325989,0.54437255859375,0.5807821750640869,0.44342154264450073,0.5669885277748108,0.3862661123275757,0.5530083775520325,0.34357380867004395,0.5457088947296143,0.5328447818756104,0.6465075016021729,0.4236087501049042,0.6694764494895935,0.3600674271583557,0.6774168610572815,0.31194815039634705,0.6834592223167419,0.539391279220581,0.7131271958351135,0.5022275447845459,0.7364230155944824,0.5344839096069336,0.7232656478881836,0.5611936450004578,0.7137748599052429,0.5564209222793579,0.7755434513092041,0.5395950078964233,0.7780252695083618,0.5658847093582153,0.7690503597259521,0.5872291922569275,0.7648917436599731,ㄷ
0.7007113099098206,0.5393365025520325,0.622799813747406,0.46008527278900146,0.5498995184898376,0.4543834328651428,0.4964887797832489,0.5012068748474121,0.47575145959854126,0.5510414242744446,0.4962962865829468,0.4372532367706299,0.3905683755874634,0.4311312437057495,0.3267267048358917,0.4202057719230652,0.28043121099472046,0.4138230085372925,0.49175652861595154,0.5014511346817017,0.37413352727890015,0.5249466300010681,0.299349844455719,0.545032799243927,0.2504894435405731,0.5660218596458435,0.5034167170524597,0.5704305171966553,0.45490676164627075,0.6178765296936035,0.4806936979293823,0.6062458157539368,0.5071744918823242,0.5915260314941406,0.5280656814575195,0.6368792057037354,0.4886464476585388,0.6600993871688843,0.5157747864723206,0.6489514708518982,0.5439773201942444,0.6373239159584045,ㄷ
0.7760054469108582,0.47889983654022217,0.67262864112854,0.3925047218799591,0.5872575640678406,0.38788026571273804,0.5208555459976196,0.43346285820007324,0.4938684105873108,0.49299129843711853,0.5116862058639526,0.3665939271450043,0.3815816342830658,0.3543581962585449,0.3000665307044983,0.3435339629650116,0.24294856190681458,0.3401062786579132,0.5180503129959106,0.4359591007232666,0.3735053539276123,0.4906645119190216,0.2786235213279724,0.5234432220458984,0.22000643610954285,0.55098956823349,0.5399462580680847,0.5210789442062378,0.4596901535987854,0.5842114686965942,0.48665013909339905,0.571880578994751,0.5158568620681763,0.5555069446563721,0.5750777721405029,0.5958719849586487,0.5096315145492554,0.6343969702720642,0.5360094308853149,0.6190403699874878,0.5649217367172241,0.6027023792266846,ㄷ
0.8049821257591248,0.46199652552604675,0.707247257232666,0.372328519821167,0.6094363927841187,0.37256115674972534,0.5412376523017883,0.4353102445602417,0.5125100612640381,0.5046022534370422,0.534908652305603,0.3368021249771118,0.40066277980804443,0.32269924879074097,0.3178441822528839,0.3064422011375427,0.2575024962425232,0.2956332266330719,0.5396393537521362,0.416852742433548,0.38637274503707886,0.46563977003097534,0.28965654969215393,0.4922943413257599,0.22414490580558777,0.5146848559379578,0.5598723292350769,0.5038729310035706,0.47178250551223755,0.5610905289649963,0.5057461261749268,0.5495033860206604,0.5394374132156372,0.5348329544067383,0.5916090607643127,0.5799691677093506,0.5211599469184875,0.6093537211418152,0.5494089722633362,0.5971997380256653,0.5804457068443298,0.5807565450668335,ㄷ
0.8682200908660889,0.4601229131221771,0.7612685561180115,0.3608272969722748,0.6512324213981628,0.3530341386795044,0.58052659034729,0.40868449211120605,0.5443530678749084,0.47386837005615234,0.5865265727043152,0.3120803236961365,0.4479421377182007,0.2900543808937073,0.3635627329349518,0.26944297552108765,0.30248433351516724,0.253116250038147,0.5923956036567688,0.3968009352684021,0.43608933687210083,0.43274450302124023,0.33536094427108765,0.45084670186042786,0.26244840025901794,0.4687974452972412,0.6099395155906677,0.48848509788513184,0.5076953768730164,0.5496386885643005,0.5362721085548401,0.5435876250267029,0.5701440572738647,0.5331004858016968,0.6362323760986328,0.5733168721199036,0.5591682195663452,0.6078415513038635,0.5664306282997131,0.6000592112541199,0.5815389156341553,0.5878995656967163,ㄷ
0.8204014897346497,0.6824124455451965,0.7381599545478821,0.5691084265708923,0.6469718813896179,0.556892991065979,0.5738837718963623,0.6030840277671814,0.5400405526161194,0.659786581993103,0.5940276980400085,0.5396919846534729,0.4757700264453888,0.5152982473373413,0.4086923599243164,0.49596989154815674,0.35672956705093384,0.4823876619338989,0.584469735622406,0.6198023557662964,0.4525938332080841,0.636011004447937,0.3729850947856903,0.6370958089828491,0.3175937533378601,0.6434768438339233,0.5941480994224548,0.6991918087005615,0.526126503944397,0.7048375606536865,0.5587160587310791,0.6752610802650452,0.5914582014083862,0.6639667749404907,0.6191825866699219,0.7645902037620544,0.5775721669197083,0.7441365718841553,0.6016513705253601,0.7248746156692505,0.6293718218803406,0.7196314334869385,ㄷ
0.8220521211624146,0.7928665280342102,0.745843768119812,0.6801413297653198,0.6601678729057312,0.6739349365234375,0.5914111733436584,0.7249440550804138,0.5597009062767029,0.7815430760383606,0.6130381226539612,0.654744029045105,0.5014044046401978,0.627145528793335,0.44013381004333496,0.6101124882698059,0.3910599946975708,0.5997380018234253,0.6035910844802856,0.73579341173172,0.47791558504104614,0.7480039000511169,0.4079550504684448,0.7515003085136414,0.3577260673046112,0.7593782544136047,0.6125398874282837,0.8105102181434631,0.5477818846702576,0.8025901317596436,0.5825172662734985,0.7716982960700989,0.6141493320465088,0.7621482610702515,0.6331061720848083,0.865393877029419,0.5966890454292297,0.8330534100532532,0.6219868659973145,0.8092905879020691,0.6474806666374207,0.8023235201835632,ㄷ
0.07133853435516357,0.7869852781295776,0.1127801164984703,0.6821120977401733,0.17436198890209198,0.6376457810401917,0.22931253910064697,0.6417861580848694,0.2656113803386688,0.6685861349105835,0.2047487199306488,0.5819056034088135,0.2911860942840576,0.5456764698028564,0.3407025933265686,0.5290845632553101,0.38242313265800476,0.5166562795639038,0.2240036576986313,0.6223627924919128,0.32301169633865356,0.6181517839431763,0.3816491961479187,0.6170925498008728,0.4256941080093384,0.6183779835700989,0.23242896795272827,0.6736082434654236,0.2934833765029907,0.7079574465751648,0.2666049599647522,0.7251338362693787,0.23811183869838715,0.7285553812980652,0.23414729535579681,0.7293603420257568,0.27355146408081055,0.7569335103034973,0.24959447979927063,0.765403151512146,0.2245432436466217,0.7640438079833984,ㄷ
0.11899308860301971,0.6174808740615845,0.16178707778453827,0.5450630187988281,0.22352376580238342,0.5162259936332703,0.27432313561439514,0.5318619012832642,0.3072041869163513,0.5591835379600525,0.2463555932044983,0.46664440631866455,0.3223803639411926,0.44090431928634644,0.3718031942844391,0.4269617795944214,0.41146597266197205,0.4184088110923767,0.25395721197128296,0.4943135380744934,0.34574276208877563,0.5020464062690735,0.404355525970459,0.5094443559646606,0.4493790864944458,0.5190823078155518,0.2534821331501007,0.5349054336547852,0.32103896141052246,0.5996056199073792,0.29577797651290894,0.619620144367218,0.27255797386169434,0.6185508966445923,0.2512189745903015,0.5840833187103271,0.2960735559463501,0.6406373977661133,0.2730025351047516,0.651589035987854,0.25183337926864624,0.6400110125541687,ㄷ
