0.10182321071624756,0.5738611221313477,0.1482379287481308,0.4950932562351227,0.22202712297439575,0.4804106056690216,0.27504080533981323,0.520256757736206,0.31014564633369446,0.5570899248123169,0.23975220322608948,0.4282190799713135,0.31153762340545654,0.38470029830932617,0.35655221343040466,0.3542647361755371,0.39265960454940796,0.32739198207855225,0.25125715136528015,0.47844386100769043,0.34711161255836487,0.4678351581096649,0.40611058473587036,0.46907222270965576,0.45185723900794983,0.4679717719554901,0.25210222601890564,0.5292242169380188,0.3450559079647064,0.527531623840332,0.39857712388038635,0.5274075269699097,0.43952375650405884,0.5225262641906738,0.2463906854391098,0.5790050029754639,0.300900936126709,0.5676589608192444,0.2933305501937866,0.5586279034614563,0.28042325377464294,0.552014172077179,ㄹ
0.15455017983913422,0.6739704012870789,0.18922829627990723,0.5869107842445374,0.24570681154727936,0.5493447184562683,0.2938457131385803,0.5599492788314819,0.3249604105949402,0.5773127675056458,0.26022621989250183,0.5171563625335693,0.31369033455848694,0.45932018756866455,0.34764567017555237,0.41642072796821594,0.3738122284412384,0.37937623262405396,0.2699294090270996,0.5572094321250916,0.35435259342193604,0.5165899395942688,0.4068017601966858,0.49576571583747864,0.44535261392593384,0.47806429862976074,0.2749880850315094,0.6039294600486755,0.36274293065071106,0.5877794027328491,0.41120249032974243,0.5803565979003906,0.44412463903427124,0.5698409676551819,0.2759983539581299,0.6563772559165955,0.3381211757659912,0.6408913135528564,0.32884031534194946,0.6413328647613525,0.3085910975933075,0.6453122496604919,ㄹ
0.13821552693843842,0.6434712409973145,0.17859095335006714,0.5527088642120361,0.24381153285503387,0.5206013321876526,0.2946988642215729,0.5370553135871887,0.32763671875,0.565069854259491,0.26592397689819336,0.492678165435791,0.3296114206314087,0.4406631290912628,0.37030935287475586,0.40700894594192505,0.40213438868522644,0.3780818581581116,0.2808665931224823,0.5405434370040894,0.37157362699508667,0.5216884016990662,0.4257700443267822,0.5133028626441956,0.4660404324531555,0.5059469938278198,0.28577685356140137,0.5912513732910156,0.3697715401649475,0.5861550569534302,0.4169090986251831,0.5789884328842163,0.45161712169647217,0.5716303586959839,0.2832966148853302,0.6413257122039795,0.33292901515960693,0.6272221207618713,0.321031779050827,0.6184819340705872,0.30188268423080444,0.6161820292472839,ㄹ
0.06506572663784027,0.5988669991493225,0.11609143018722534,0.5124996304512024,0.1864723116159439,0.4988135099411011,0.23702475428581238,0.5415936708450317,0.27209562063217163,0.5803114771842957,0.20673488080501556,0.45145636796951294,0.28130221366882324,0.4051087498664856,0.32363373041152954,0.37127357721328735,0.35877108573913574,0.3420870900154114,0.21649901568889618,0.5013557076454163,0.30832913517951965,0.4728865921497345,0.36451929807662964,0.4588727653026581,0.40799281001091003,0.44706952571868896,0.2177848070859909,0.5549262166023254,0.30818694829940796,0.5638818144798279,0.3601585328578949,0.569055438041687,0.3972947299480438,0.5677419900894165,0.21228653192520142,0.6077179908752441,0.269222229719162,0.5985801815986633,0.26239198446273804,0.5866795182228088,0.24814672768115997,0.5783131718635559,ㄹ
0.08504709601402283,0.6387563943862915,0.13766628503799438,0.5676266551017761,0.20778656005859375,0.5608394742012024,0.2550036609172821,0.5982466340065002,0.2899051010608673,0.6301898956298828,0.2279309183359146,0.504693329334259,0.2984631657600403,0.46963754296302795,0.34128057956695557,0.44131773710250854,0.3761240243911743,0.4171794056892395,0.23589132726192474,0.5514717698097229,0.3218918442726135,0.5353268980979919,0.3761826157569885,0.5279348492622375,0.4184572100639343,0.5222887992858887,0.23298127949237823,0.6015483140945435,0.3182792663574219,0.6094993352890015,0.3683519959449768,0.61539226770401,0.4057241380214691,0.6152201890945435,0.22389382123947144,0.6489424109458923,0.2736314535140991,0.641590416431427,0.2781478762626648,0.6322336792945862,0.2765066921710968,0.6254764795303345,ㄹ
0.1275126039981842,0.6450072526931763,0.17484915256500244,0.5690587162971497,0.23949562013149261,0.5517755746841431,0.28259605169296265,0.578528106212616,0.3107283115386963,0.6092758178710938,0.2574816346168518,0.5235129594802856,0.32103729248046875,0.49065011739730835,0.3602125644683838,0.4664511978626251,0.39229482412338257,0.4462643563747406,0.2647054195404053,0.5672310590744019,0.3443097770214081,0.5540046691894531,0.3943560719490051,0.5468523502349854,0.43298205733299255,0.5409387350082397,0.2637428641319275,0.6132645010948181,0.3415168225765228,0.6290231347084045,0.38659220933914185,0.6341332793235779,0.41889265179634094,0.6329210996627808,0.25719356536865234,0.6584806442260742,0.30617865920066833,0.6591876149177551,0.30166321992874146,0.6510137319564819,0.2893632650375366,0.6430922746658325,ㄹ
0.24864542484283447,0.6847935914993286,0.2964452803134918,0.6160781979560852,0.35367000102996826,0.6035478711128235,0.3947640061378479,0.6266066431999207,0.420941025018692,0.6520115733146667,0.36063316464424133,0.5838037729263306,0.41461363434791565,0.5503499507904053,0.4483468532562256,0.526618480682373,0.47699517011642456,0.5070745348930359,0.3730015754699707,0.6275944113731384,0.4380427300930023,0.6143794059753418,0.47903525829315186,0.6094552278518677,0.5127636194229126,0.6064258813858032,0.3774229884147644,0.6730485558509827,0.43985259532928467,0.684169590473175,0.47781091928482056,0.6878418922424316,0.5071462392807007,0.6858229041099548,0.3774722218513489,0.7129380106925964,0.4185706079006195,0.7092286944389343,0.43650782108306885,0.7011297345161438,0.4509061574935913,0.6905019283294678,ㄹ
0.25478595495224,0.673663854598999,0.30039551854133606,0.6130059957504272,0.3567749559879303,0.6029057502746582,0.39731043577194214,0.6200370788574219,0.42285752296447754,0.6381185054779053,0.36947759985923767,0.5813411474227905,0.4211888313293457,0.5553615093231201,0.45563042163848877,0.5356794595718384,0.48357030749320984,0.5203087329864502,0.37789255380630493,0.6218624114990234,0.44061586260795593,0.6147513389587402,0.4813074767589569,0.6122431755065918,0.5135127305984497,0.6107124090194702,0.3786589503288269,0.6640861630439758,0.4415176808834076,0.6814033389091492,0.4780103862285614,0.6881252527236938,0.504325807094574,0.6893976926803589,0.3740282654762268,0.7032188177108765,0.41114747524261475,0.7080499529838562,0.4222894310951233,0.7016794085502625,0.4282110333442688,0.6929103136062622,ㄹ
0.18143755197525024,0.5625528693199158,0.2349471002817154,0.4895007312297821,0.301638662815094,0.47541314363479614,0.34692686796188354,0.505272626876831,0.37468063831329346,0.5367579460144043,0.3237469494342804,0.44404566287994385,0.3983359932899475,0.411063551902771,0.4429146945476532,0.3880603313446045,0.4790518879890442,0.3676973581314087,0.3268955945968628,0.4879715144634247,0.41710180044174194,0.47772443294525146,0.47185441851615906,0.47454720735549927,0.5138839483261108,0.4725307822227478,0.32261788845062256,0.5380526781082153,0.40903645753860474,0.5560022592544556,0.4555254876613617,0.5673331022262573,0.4901883602142334,0.5740589499473572,0.3112073540687561,0.5922235250473022,0.3756699860095978,0.5983073115348816,0.3654542863368988,0.5896642208099365,0.34325847029685974,0.5849027633666992,ㄹ
0.14281189441680908,0.5850867629051208,0.1948147416114807,0.47441428899765015,0.272382915019989,0.4369938373565674,0.3305240571498871,0.4660908579826355,0.36750590801239014,0.5029754042625427,0.2943755090236664,0.3954271376132965,0.3745384216308594,0.3263068199157715,0.42120325565338135,0.27821409702301025,0.4588720202445984,0.23531100153923035,0.3065207004547119,0.4499009847640991,0.41755211353302,0.4064982235431671,0.48258382081985474,0.3812960088253021,0.5310041308403015,0.3583599627017975,0.31118929386138916,0.5120883584022522,0.42462798953056335,0.5122677087783813,0.4844323992729187,0.5067154169082642,0.5279006361961365,0.4950689673423767,0.3065403699874878,0.5793437957763672,0.38777822256088257,0.5663177967071533,0.36867284774780273,0.5590488910675049,0.3384243845939636,0.557630717754364,ㄹ
0.10652497410774231,0.6159947514533997,0.16427288949489594,0.48882752656936646,0.24803075194358826,0.4430854916572571,0.3155272305011749,0.4685336947441101,0.362606942653656,0.5003129243850708,0.2790847718715668,0.38066941499710083,0.36731433868408203,0.29596269130706787,0.4153071343898773,0.23815453052520752,0.45446881651878357,0.1851884424686432,0.2963311970233917,0.43765920400619507,0.4181302785873413,0.37403178215026855,0.4927516281604767,0.3370242118835449,0.5501366257667542,0.30702316761016846,0.3039311170578003,0.506161093711853,0.42576345801353455,0.4943010210990906,0.49379080533981323,0.48811787366867065,0.5469638109207153,0.4769038259983063,0.3020886480808258,0.5847043395042419,0.3866390883922577,0.5609295964241028,0.3656397759914398,0.5551435947418213,0.33720049262046814,0.556625247001648,ㄹ
0.0880773663520813,0.7224099040031433,0.1553199291229248,0.5799134373664856,0.24543698132038116,0.5121957063674927,0.3191164433956146,0.5446032285690308,0.3690958619117737,0.5862044095993042,0.25680190324783325,0.45573458075523376,0.34516534209251404,0.3479093909263611,0.3922916352748871,0.27655649185180664,0.42952653765678406,0.21155685186386108,0.27780526876449585,0.5235711336135864,0.4026212692260742,0.43214285373687744,0.47972437739372253,0.37947744131088257,0.5388252139091492,0.33215129375457764,0.293023020029068,0.6031001210212708,0.4246949851512909,0.5468897819519043,0.49686580896377563,0.5169522166252136,0.551336407661438,0.4824930727481842,0.3017577528953552,0.6959980130195618,0.39603808522224426,0.632024347782135,0.37782368063926697,0.6223310232162476,0.34897473454475403,0.6267697811126709,ㄹ
0.11110454797744751,0.7560665011405945,0.16057732701301575,0.6409419775009155,0.22880610823631287,0.5813614130020142,0.2865120470523834,0.5734970569610596,0.3315085768699646,0.587014377117157,0.2579921782016754,0.5343159437179565,0.3285682499408722,0.4582049250602722,0.3678532838821411,0.40733471512794495,0.39728713035583496,0.3651975393295288,0.2743162512779236,0.5844770073890686,0.3722516894340515,0.5278759002685547,0.42938244342803955,0.49722036719322205,0.47325360774993896,0.47453945875167847,0.28339406847953796,0.6450286507606506,0.3780636191368103,0.6048996448516846,0.4324207305908203,0.5853356122970581,0.47334277629852295,0.5664409399032593,0.28626376390457153,0.7121863961219788,0.3515753746032715,0.6857454180717468,0.36767202615737915,0.6751284003257751,0.3768124580383301,0.6648515462875366,ㄹ
0.19020120799541473,0.8453497886657715,0.21612508594989777,0.7416083216667175,0.26618972420692444,0.6797363758087158,0.31560218334198,0.6690941452980042,0.3550330102443695,0.6756734848022461,0.277758926153183,0.6364961862564087,0.3301678001880646,0.5535097122192383,0.3576911687850952,0.5006968975067139,0.377449095249176,0.4576643407344818,0.2935047745704651,0.6734108328819275,0.37153419852256775,0.5956729054450989,0.4188729226589203,0.5518965125083923,0.4538801908493042,0.5171900391578674,0.30701738595962524,0.7217339873313904,0.3900770843029022,0.6675182580947876,0.43923062086105347,0.6375429034233093,0.4732586443424225,0.6092190742492676,0.31757211685180664,0.779962956905365,0.38456156849861145,0.7424485087394714,0.3993019759654999,0.7358635663986206,0.4021494388580322,0.7320052981376648,ㄹ
0.18527206778526306,0.7919801473617554,0.20694640278816223,0.6967999339103699,0.25259432196617126,0.6372100710868835,0.2985362112522125,0.6214499473571777,0.33483341336250305,0.6236043572425842,0.2624114155769348,0.6014195084571838,0.3069134056568146,0.5248889327049255,0.3332064747810364,0.4742462933063507,0.3517717123031616,0.4321977496147156,0.2801354229450226,0.6352514624595642,0.34909456968307495,0.5656220316886902,0.3925126791000366,0.5254088640213013,0.4246194064617157,0.4938116669654846,0.2963610291481018,0.6800159811973572,0.37220364809036255,0.6335905194282532,0.4124772548675537,0.6073912978172302,0.4413292109966278,0.5830655694007874,0.3099061846733093,0.7349905371665955,0.3631848096847534,0.7015038728713989,0.3546874225139618,0.699959397315979,0.340392529964447,0.7032398581504822,ㄹ
0.1534641683101654,0.7047536969184875,0.18361935019493103,0.6110560297966003,0.2385634481906891,0.5607887506484985,0.2879156768321991,0.5603594183921814,0.32455718517303467,0.57720947265625,0.2565637230873108,0.5255299806594849,0.30811482667922974,0.45710569620132446,0.33995237946510315,0.4106752574443817,0.3648630380630493,0.3717014193534851,0.274404913187027,0.5658807754516602,0.3600732088088989,0.5187659859657288,0.41147381067276,0.49372798204421997,0.44967782497406006,0.4736269414424896,0.28478407859802246,0.6142812967300415,0.3736938238143921,0.5852842330932617,0.4190368056297302,0.5701763033866882,0.4509909152984619,0.5544522404670715,0.2876741886138916,0.6688032150268555,0.34964248538017273,0.6422997713088989,0.34088632464408875,0.6388362050056458,0.322481244802475,0.6425766944885254,ㄹ
0.1596045047044754,0.6493175625801086,0.1912066638469696,0.559499979019165,0.24634462594985962,0.5125365853309631,0.2934853732585907,0.5119197368621826,0.32829296588897705,0.5290393233299255,0.2640278935432434,0.4791518747806549,0.3135630190372467,0.41518455743789673,0.3455697298049927,0.37094181776046753,0.370070219039917,0.33398813009262085,0.2803923189640045,0.5189259052276611,0.361794114112854,0.4747940003871918,0.41169530153274536,0.45085376501083374,0.4490026831626892,0.4314981698989868,0.28900983929634094,0.5660667419433594,0.371882826089859,0.5398647785186768,0.4162118434906006,0.5263298153877258,0.4471350610256195,0.5126627683639526,0.2907806932926178,0.6183226704597473,0.34436464309692383,0.6009169816970825,0.3393181562423706,0.6014121174812317,0.32636258006095886,0.6060152649879456,ㄹ
0.1728183627128601,0.6648540496826172,0.20002609491348267,0.5783647894859314,0.2502982020378113,0.5299860239028931,0.29375097155570984,0.5230507850646973,0.32696089148521423,0.532965898513794,0.2644840478897095,0.4989760220050812,0.31041139364242554,0.4333554804325104,0.338964581489563,0.3875426948070526,0.36046403646469116,0.350525438785553,0.2820023000240326,0.534081220626831,0.35373106598854065,0.4795803129673004,0.39950329065322876,0.44790107011795044,0.4338737726211548,0.4242643117904663,0.29256996512413025,0.5777948498725891,0.3674340844154358,0.5443951487541199,0.4097716808319092,0.5270302295684814,0.44034022092819214,0.5120644569396973,0.2959964871406555,0.6284403204917908,0.34346580505371094,0.6084185242652893,0.3420277237892151,0.6087215542793274,0.3344855308532715,0.6132351160049438,ㄹ
0.18453501164913177,0.6625136137008667,0.21554411947727203,0.5765554308891296,0.2655557096004486,0.5339422225952148,0.3079841434955597,0.5358115434646606,0.338782399892807,0.5522543787956238,0.2818004786968231,0.5031324028968811,0.3298230469226837,0.43887537717819214,0.35974013805389404,0.3951829969882965,0.38296160101890564,0.359703004360199,0.29507961869239807,0.5377708673477173,0.3695581555366516,0.48866918683052063,0.41616079211235046,0.460146427154541,0.44991955161094666,0.4382770359516144,0.30328497290611267,0.5825088620185852,0.3831866383552551,0.5620459318161011,0.42578011751174927,0.5516448020935059,0.45535191893577576,0.5401064157485962,0.30519065260887146,0.6352691650390625,0.363134503364563,0.6199082732200623,0.3541101813316345,0.6221373677253723,0.3361547589302063,0.6287751197814941,ㄹ
0.22395473718643188,0.6765627264976501,0.25399476289749146,0.5868250131607056,0.3074512481689453,0.5424553751945496,0.3529178500175476,0.5447295308113098,0.38599613308906555,0.5613839626312256,0.32188695669174194,0.5128176212310791,0.37295979261398315,0.44966399669647217,0.40451890230178833,0.4076390266418457,0.4288812577724457,0.3731785714626312,0.3382806181907654,0.5518066883087158,0.41904452443122864,0.5082067847251892,0.46734943985939026,0.4838833808898926,0.5023576617240906,0.46504494547843933,0.3471137285232544,0.5992514491081238,0.4280644357204437,0.5792152285575867,0.47189903259277344,0.5675159096717834,0.5025582313537598,0.5556955933570862,0.34881865978240967,0.6524349451065063,0.4036395251750946,0.6372799873352051,0.3960602581501007,0.640518307685852,0.37991976737976074,0.6474097967147827,ㄹ
0.20818372070789337,0.7578363418579102,0.23888128995895386,0.6561687588691711,0.2984956204891205,0.6049953103065491,0.3468529284000397,0.6068167686462402,0.37968146800994873,0.626177191734314,0.31681257486343384,0.5770376920700073,0.3760215640068054,0.5147608518600464,0.41290953755378723,0.4721965193748474,0.441891610622406,0.43700289726257324,0.3416125774383545,0.6233000755310059,0.4270188808441162,0.5824794173240662,0.4776029586791992,0.5578034520149231,0.5152205228805542,0.5380249619483948,0.3551716208457947,0.674531102180481,0.4383365213871002,0.6511110067367554,0.4792157709598541,0.6342926025390625,0.5070571899414062,0.6188441514968872,0.3584107458591461,0.7242606282234192,0.40839719772338867,0.6978819370269775,0.40459397435188293,0.69159334897995,0.3935885429382324,0.692105233669281,ㄹ
0.22516125440597534,0.7728290557861328,0.25770196318626404,0.6755056977272034,0.322365939617157,0.6325668096542358,0.3748401701450348,0.6398533582687378,0.4093814492225647,0.6631827354431152,0.3401457965373993,0.6051419973373413,0.4020502269268036,0.547093391418457,0.44321584701538086,0.512721061706543,0.4759589433670044,0.48783665895462036,0.3593123257160187,0.6536889672279358,0.44771748781204224,0.6358349919319153,0.5027797222137451,0.6314663290977478,0.5442648530006409,0.6289229989051819,0.3678229749202728,0.7030197978019714,0.45048820972442627,0.6947171688079834,0.4972728192806244,0.6875842213630676,0.5306253433227539,0.6789224147796631,0.3683074414730072,0.7477595806121826,0.4220355153083801,0.7488833069801331,0.43282434344291687,0.7553863525390625,0.43550676107406616,0.7606155872344971,ㄹ
0.19978214800357819,0.7617413997650146,0.2327883243560791,0.6664565205574036,0.29686224460601807,0.6283817887306213,0.34972360730171204,0.6535343527793884,0.3805701732635498,0.6812866926193237,0.3039788603782654,0.5809028744697571,0.35868215560913086,0.5165508985519409,0.3908928632736206,0.47026312351226807,0.4162297248840332,0.4275926351547241,0.3212551474571228,0.6262003183364868,0.4055788218975067,0.5841259360313416,0.45741334557533264,0.5578292012214661,0.49517011642456055,0.5343053340911865,0.332584947347641,0.676397442817688,0.41966450214385986,0.6546059250831604,0.46590885519981384,0.6399431824684143,0.4977976083755493,0.6261312961578369,0.341779887676239,0.7252758145332336,0.3830322027206421,0.6900471448898315,0.3646547496318817,0.6766363382339478,0.34512802958488464,0.6707791686058044,ㄹ
0.19452476501464844,0.7544370889663696,0.22893768548965454,0.6632005572319031,0.29274067282676697,0.6263669729232788,0.3451136350631714,0.647521436214447,0.3791937828063965,0.6705459952354431,0.298062264919281,0.5796728730201721,0.35498911142349243,0.5165972709655762,0.38493114709854126,0.4743247628211975,0.40905633568763733,0.4340815544128418,0.31401899456977844,0.6177725791931152,0.3933295011520386,0.564757764339447,0.44001394510269165,0.5301614999771118,0.4748014211654663,0.49871939420700073,0.32584846019744873,0.6652488708496094,0.41304659843444824,0.6482113003730774,0.4602663815021515,0.6373925805091858,0.4942348003387451,0.6244536638259888,0.3352136015892029,0.7164586782455444,0.37888747453689575,0.6870012879371643,0.3588048219680786,0.6791440844535828,0.3374219834804535,0.6772518157958984,ㄹ
0.19667108356952667,0.7666515111923218,0.23049217462539673,0.6755889654159546,0.29738909006118774,0.6451768279075623,0.3508133292198181,0.6773137450218201,0.3860155940055847,0.7078558206558228,0.30165642499923706,0.5880786776542664,0.37514281272888184,0.5429913401603699,0.4178299903869629,0.5139373540878296,0.4514758586883545,0.48848283290863037,0.3186412453651428,0.6316800117492676,0.4043308198451996,0.58835768699646,0.45656850934028625,0.5614926815032959,0.49534255266189575,0.5377835035324097,0.33127540349960327,0.680701494216919,0.41832423210144043,0.6603763699531555,0.46383416652679443,0.6487718224525452,0.49476659297943115,0.637258768081665,0.3409886956214905,0.7292397618293762,0.3802085816860199,0.6995100378990173,0.3646697700023651,0.6901267766952515,0.34768468141555786,0.688000500202179,ㄹ
0.16180634498596191,0.6836782693862915,0.2133806347846985,0.5999892354011536,0.28788554668426514,0.589726984500885,0.33658984303474426,0.6349387764930725,0.3665277659893036,0.6741548776626587,0.3034232556819916,0.5394557118415833,0.3881053328514099,0.5224218368530273,0.43637239933013916,0.5078363418579102,0.4748210906982422,0.4929715394973755,0.31070658564567566,0.5957227945327759,0.40756356716156006,0.5869302153587341,0.4659367501735687,0.5837973356246948,0.5099954605102539,0.5796916484832764,0.3122311234474182,0.6521466374397278,0.40194106101989746,0.6601949334144592,0.44857025146484375,0.6621009111404419,0.4821360111236572,0.6610309481620789,0.3104316294193268,0.7012849450111389,0.3534083664417267,0.6715793013572693,0.343315452337265,0.6482510566711426,0.33223316073417664,0.6363290548324585,ㄹ
0.12126246094703674,0.643552303314209,0.1784290075302124,0.5669453144073486,0.2552984952926636,0.5670498013496399,0.30478742718696594,0.6203576326370239,0.3386460244655609,0.665069580078125,0.2795163691043854,0.5101088881492615,0.37031498551368713,0.5013793110847473,0.42266061902046204,0.49365925788879395,0.4647092819213867,0.486585795879364,0.2833404839038849,0.5643855333328247,0.3832066059112549,0.5651068687438965,0.4433180093765259,0.5656948685646057,0.4898394048213959,0.5656657218933105,0.27900028228759766,0.6193670630455017,0.3724983334541321,0.6427498459815979,0.4243823289871216,0.6541162729263306,0.4627686142921448,0.658962607383728,0.27025216817855835,0.6694362759590149,0.31467998027801514,0.6615703105926514,0.30730539560317993,0.6455454230308533,0.2977811396121979,0.6352502107620239,ㄹ
0.09475171566009521,0.6305098533630371,0.1539684683084488,0.5532472133636475,0.2329893857240677,0.5474451780319214,0.28356730937957764,0.5985658168792725,0.3190159797668457,0.6408669948577881,0.2526097297668457,0.4776779115200043,0.3412110209465027,0.4536474347114563,0.3925265073776245,0.43250247836112976,0.432888388633728,0.41050803661346436,0.2590337097644806,0.5290724635124207,0.3621978163719177,0.5220333337783813,0.4248276948928833,0.5207988619804382,0.47317367792129517,0.5158708095550537,0.2581247091293335,0.5851126909255981,0.3573110103607178,0.6013153791427612,0.41541916131973267,0.6121717691421509,0.45929551124572754,0.6146556735038757,0.25304698944091797,0.6415419578552246,0.2996320128440857,0.632123589515686,0.28930628299713135,0.6200209259986877,0.27655917406082153,0.6125360727310181,ㄹ
0.12547096610069275,0.6819982528686523,0.17883704602718353,0.6020050644874573,0.2536156177520752,0.5950290560722351,0.30489346385002136,0.6418174505233765,0.34064850211143494,0.6797868609428406,0.2726770341396332,0.5314560532569885,0.36132997274398804,0.50864177942276,0.4128856658935547,0.4921116232872009,0.45302945375442505,0.476406455039978,0.27895233035087585,0.5863674879074097,0.38086795806884766,0.5770268440246582,0.4418138265609741,0.5733572840690613,0.4876490533351898,0.5684928297996521,0.2791453003883362,0.6421380639076233,0.37467730045318604,0.6533376574516296,0.42861002683639526,0.6581701636314392,0.4686067998409271,0.6577710509300232,0.2762003540992737,0.693256139755249,0.32083138823509216,0.6728805899620056,0.31266698241233826,0.6526331901550293,0.3023669719696045,0.6400309801101685,ㄹ
0.1986197531223297,0.7200358510017395,0.2562355399131775,0.6445032954216003,0.3319886326789856,0.6396710872650146,0.37715691328048706,0.6762800812721252,0.4063354432582855,0.7068935632705688,0.35728582739830017,0.6066136360168457,0.43650728464126587,0.5841399431228638,0.4833545684814453,0.5712841749191284,0.5227643847465515,0.5603525638580322,0.36310333013534546,0.6652818918228149,0.4542122185230255,0.6709437370300293,0.509739339351654,0.677666187286377,0.5542030930519104,0.6835435628890991,0.3573031425476074,0.7202640771865845,0.4398188889026642,0.730421781539917,0.4895848035812378,0.7364992499351501,0.5269786715507507,0.7436320781707764,0.3462061882019043,0.7642694711685181,0.3803243339061737,0.7372612953186035,0.3693799078464508,0.7127935290336609,0.35405516624450684,0.7033653855323792,ㄹ
0.149470716714859,0.6491828560829163,0.22253073751926422,0.5896790027618408,0.2999170124530792,0.6055485010147095,0.33717337250709534,0.6469241976737976,0.35721123218536377,0.6833490133285522,0.33791372179985046,0.5870026350021362,0.41590601205825806,0.5677316188812256,0.46491360664367676,0.552947461605072,0.5049834847450256,0.5428330302238464,0.3405006527900696,0.6438528299331665,0.43214142322540283,0.6649639010429382,0.48696213960647583,0.6733881831169128,0.5291080474853516,0.6794822812080383,0.32889440655708313,0.6938335299491882,0.4097602367401123,0.7225421667098999,0.4551810026168823,0.7271437644958496,0.48914164304733276,0.7315086722373962,0.3069320619106293,0.7315200567245483,0.34415075182914734,0.7247472405433655,0.3359571695327759,0.6998893022537231,0.3210379183292389,0.6879231929779053,ㄹ
0.11741189658641815,0.692147970199585,0.1805495023727417,0.6216379404067993,0.25872352719306946,0.6191539764404297,0.3023810088634491,0.6657556891441345,0.32923027873039246,0.7032317519187927,0.2846086025238037,0.558626651763916,0.3599514365196228,0.5186353921890259,0.40439262986183167,0.4882983863353729,0.44047415256500244,0.4600036144256592,0.29293951392173767,0.6072925925254822,0.3861536383628845,0.5962536334991455,0.44131970405578613,0.5892068147659302,0.4854085147380829,0.580693244934082,0.28992384672164917,0.6566210985183716,0.37700772285461426,0.6616872549057007,0.4279187321662903,0.6590800881385803,0.4676768183708191,0.6511139869689941,0.27915504574775696,0.7076904773712158,0.3194080591201782,0.6984583735466003,0.29938629269599915,0.6914181709289551,0.27562612295150757,0.691618025302887,ㄹ
0.13721242547035217,0.7471393346786499,0.1923467516899109,0.6560819745063782,0.2658977508544922,0.6284807920455933,0.3118552565574646,0.6620814800262451,0.33743250370025635,0.7031446099281311,0.29047003388404846,0.5911009311676025,0.36252644658088684,0.5383846163749695,0.40551602840423584,0.5018713474273682,0.4404797852039337,0.46988070011138916,0.30783477425575256,0.645384669303894,0.40084215998649597,0.6223230361938477,0.4560398459434509,0.6042828559875488,0.4991486370563507,0.5874154567718506,0.31378504633903503,0.7023208737373352,0.4006289839744568,0.6935768127441406,0.44710421562194824,0.6770095229148865,0.48158663511276245,0.6607741713523865,0.31032657623291016,0.7568553686141968,0.3542913496494293,0.7347059845924377,0.33648917078971863,0.7231866717338562,0.3150475025177002,0.7236860394477844,ㄹ
0.13670815527439117,0.7698072195053101,0.19216510653495789,0.6770882606506348,0.2660464346408844,0.6458922624588013,0.317034512758255,0.6824252605438232,0.3490310609340668,0.7230696082115173,0.2794543206691742,0.598825216293335,0.3521384596824646,0.5356739163398743,0.3931707739830017,0.49341386556625366,0.42515507340431213,0.45361632108688354,0.29411301016807556,0.6522663235664368,0.39314064383506775,0.6175432205200195,0.45037052035331726,0.5958759784698486,0.4937524199485779,0.5735132098197937,0.30363020300865173,0.7110582590103149,0.4003314673900604,0.6958781480789185,0.4493950605392456,0.6798679828643799,0.48627448081970215,0.6610252261161804,0.3073783218860626,0.771060585975647,0.3602234721183777,0.7410677671432495,0.338247150182724,0.7280155420303345,0.3144295811653137,0.7266004085540771,ㄹ
0.08968506753444672,0.7367587685585022,0.15037356317043304,0.6474953293800354,0.23633074760437012,0.6293767690658569,0.2956314980983734,0.6846805810928345,0.3292052745819092,0.7314793467521667,0.2496943175792694,0.5584573149681091,0.33477288484573364,0.5009681582450867,0.3850545287132263,0.461192786693573,0.4242821931838989,0.4222296476364136,0.25971898436546326,0.6166129112243652,0.36751753091812134,0.5860876441001892,0.4332231283187866,0.5717464089393616,0.48329341411590576,0.5550838112831116,0.26166611909866333,0.6794482469558716,0.3698241114616394,0.6671269536018372,0.4310379922389984,0.6573808193206787,0.4769645929336548,0.6419488191604614,0.25958120822906494,0.7450668811798096,0.3162192404270172,0.7166543006896973,0.29188305139541626,0.7071316838264465,0.26414406299591064,0.70699542760849,ㄹ
0.16763176023960114,0.5747982263565063,0.23287993669509888,0.5121366381645203,0.3100994825363159,0.5145516991615295,0.3566529452800751,0.5667551159858704,0.3859068751335144,0.6057966947555542,0.3342752754688263,0.4419390559196472,0.4137759804725647,0.400542676448822,0.4625817537307739,0.37190333008766174,0.5026703476905823,0.3448346257209778,0.34077584743499756,0.48736369609832764,0.4419431686401367,0.4779666066169739,0.5001214742660522,0.47628718614578247,0.5467270612716675,0.469804972410202,0.3379077911376953,0.5389273762702942,0.4338180124759674,0.5578974485397339,0.4854274392127991,0.5650427341461182,0.5285124182701111,0.5602359771728516,0.32501980662345886,0.5961291193962097,0.38161012530326843,0.5986422896385193,0.3583906888961792,0.5931779146194458,0.3328584134578705,0.5900930166244507,ㄹ
0.2275199443101883,0.5310615301132202,0.2801138162612915,0.4809960126876831,0.3421975076198578,0.4776003956794739,0.3779508173465729,0.5215521454811096,0.3971691131591797,0.559037446975708,0.3640895187854767,0.42536234855651855,0.4232470691204071,0.3900044560432434,0.45974382758140564,0.3650246858596802,0.4887779951095581,0.34035030007362366,0.36579614877700806,0.4577876925468445,0.447709858417511,0.4532904624938965,0.4958815574645996,0.454447478055954,0.5331594944000244,0.45015645027160645,0.3609192967414856,0.49704471230506897,0.43808513879776,0.519470751285553,0.4810725450515747,0.5299665927886963,0.5162073969841003,0.5276452898979187,0.3490048944950104,0.5446564555168152,0.40045759081840515,0.5608538389205933,0.3835272192955017,0.563076376914978,0.3617742359638214,0.5613945126533508,ㄹ
0.2848852872848511,0.54099440574646,0.32629603147506714,0.4930933117866516,0.38033291697502136,0.4783940017223358,0.41625621914863586,0.49733492732048035,0.43990084528923035,0.5185266733169556,0.3994395136833191,0.4416757822036743,0.4482252597808838,0.4099010229110718,0.4795517921447754,0.3861432671546936,0.5033951997756958,0.36378297209739685,0.4033748507499695,0.470416784286499,0.47312209010124207,0.4676923453807831,0.5147649049758911,0.4694698750972748,0.5467489957809448,0.46746230125427246,0.4017055630683899,0.5061349272727966,0.4693189263343811,0.5242217779159546,0.5056098699569702,0.5299378037452698,0.533759593963623,0.5269264578819275,0.3958089053630829,0.5492033958435059,0.43391919136047363,0.5699431896209717,0.41985824704170227,0.5734880566596985,0.4035447835922241,0.572469174861908,ㄹ
0.1733526736497879,0.8070269227027893,0.20948469638824463,0.702625036239624,0.2822694480419159,0.6548711061477661,0.34313493967056274,0.6746472716331482,0.38492128252983093,0.6978617906570435,0.2893078029155731,0.5923977494239807,0.35590916872024536,0.519883394241333,0.3947131335735321,0.4695954918861389,0.42426958680152893,0.4249696731567383,0.30654963850975037,0.6414312720298767,0.4059416949748993,0.5892787575721741,0.4663376212120056,0.5622512698173523,0.5103093385696411,0.5388437509536743,0.3193759024143219,0.6992661952972412,0.4190119206905365,0.6622285842895508,0.47020423412323,0.6465028524398804,0.5069295763969421,0.6314073204994202,0.3276613652706146,0.7605003714561462,0.38104280829429626,0.7212831974029541,0.36064136028289795,0.718215823173523,0.3370949327945709,0.7243568897247314,ㄹ
0.17036953568458557,0.7976840734481812,0.20350977778434753,0.6912339925765991,0.27151739597320557,0.6337968707084656,0.33039596676826477,0.6426885724067688,0.3666956424713135,0.6628937125205994,0.28182947635650635,0.586895227432251,0.3473890423774719,0.5140576958656311,0.3859405815601349,0.4648629426956177,0.41483771800994873,0.42053720355033875,0.29738423228263855,0.6374704241752625,0.3950120508670807,0.5865654945373535,0.45394188165664673,0.5585869550704956,0.49747055768966675,0.5357265472412109,0.3101836144924164,0.6959407925605774,0.407944917678833,0.6596454381942749,0.45909005403518677,0.640694797039032,0.49723637104034424,0.625806987285614,0.3195069134235382,0.7571929693222046,0.3780063986778259,0.7154120206832886,0.3558938503265381,0.7120304703712463,0.33075881004333496,0.7209492325782776,ㄹ
0.13611578941345215,0.7935118675231934,0.16284802556037903,0.6925990581512451,0.22586607933044434,0.6366823315620422,0.28674864768981934,0.6455532312393188,0.3306325078010559,0.662505567073822,0.23475521802902222,0.5718284845352173,0.2928631007671356,0.48714226484298706,0.32448533177375793,0.43185216188430786,0.34606993198394775,0.3832930624485016,0.25042223930358887,0.6103001832962036,0.342523992061615,0.5407018065452576,0.3953137993812561,0.5043753385543823,0.4336497187614441,0.4726257920265198,0.2636389136314392,0.6577816009521484,0.35954588651657104,0.6110512018203735,0.41015928983688354,0.5881558656692505,0.4472356140613556,0.5617055892944336,0.2717636525630951,0.7173897624015808,0.3360256254673004,0.6820861101150513,0.3180472254753113,0.6886694431304932,0.2925918400287628,0.7009949684143066,ㄹ
0.1289886087179184,0.7898951768875122,0.15924088656902313,0.6902161836624146,0.22648164629936218,0.6357659697532654,0.28892600536346436,0.6509690880775452,0.331207811832428,0.6728440523147583,0.22990238666534424,0.5660934448242188,0.2877892553806305,0.48491984605789185,0.3195722699165344,0.43077754974365234,0.3408217132091522,0.3825913369655609,0.24443817138671875,0.6063364744186401,0.33534032106399536,0.5398209691047668,0.3884972929954529,0.5042862296104431,0.4271445870399475,0.4713496267795563,0.2560368478298187,0.655135989189148,0.3520379662513733,0.6106827259063721,0.40406855940818787,0.5865627527236938,0.44171714782714844,0.5574341416358948,0.2635808289051056,0.7163020968437195,0.32711291313171387,0.6808347702026367,0.31055423617362976,0.68986976146698,0.2865447998046875,0.7039502859115601,ㄹ
0.11067359149456024,0.7870405912399292,0.14094603061676025,0.6887399554252625,0.20703843235969543,0.6330248117446899,0.26884812116622925,0.6439836621284485,0.3119823932647705,0.6589826345443726,0.2074907124042511,0.5608381628990173,0.25789710879325867,0.47637975215911865,0.28676894307136536,0.4218224585056305,0.30619919300079346,0.3734439015388489,0.22080521285533905,0.5945655107498169,0.30748552083969116,0.522089421749115,0.3596281111240387,0.4845157861709595,0.3976947069168091,0.4502972364425659,0.23169398307800293,0.6400517821311951,0.32524657249450684,0.5921187996864319,0.37809664011001587,0.5682435035705566,0.41558027267456055,0.5396708250045776,0.24113789200782776,0.6996232867240906,0.3056288957595825,0.6688171029090881,0.2918843626976013,0.6819137334823608,0.27054786682128906,0.6961669325828552,ㄹ
0.10561385750770569,0.7855947017669678,0.13521765172481537,0.6855935454368591,0.1991109848022461,0.6280279159545898,0.2580280900001526,0.6408147215843201,0.29983222484588623,0.6592064499855042,0.1984817087650299,0.5607854723930359,0.24738886952400208,0.47697821259498596,0.27568763494491577,0.42198336124420166,0.29491838812828064,0.3740430176258087,0.214485764503479,0.5939095616340637,0.2970646321773529,0.5208073258399963,0.3474326729774475,0.4816364645957947,0.3844255208969116,0.44656187295913696,0.2269028276205063,0.6391765475273132,0.31817734241485596,0.5875449180603027,0.3693538308143616,0.5615283846855164,0.4058987498283386,0.531904935836792,0.23716895282268524,0.6985834836959839,0.29790547490119934,0.6650266647338867,0.2852502763271332,0.6792978644371033,0.2654721736907959,0.6962215304374695,ㄹ
0.12437872588634491,0.794611394405365,0.1564609557390213,0.692656397819519,0.2263185679912567,0.6411998867988586,0.28775423765182495,0.6590167880058289,0.3264673352241516,0.679839015007019,0.2247026562690735,0.5741016864776611,0.2811262309551239,0.49184271693229675,0.31084877252578735,0.434782475233078,0.3311440348625183,0.3834996819496155,0.24310338497161865,0.6167701482772827,0.332528293132782,0.5462952852249146,0.38558143377304077,0.5070169568061829,0.42329519987106323,0.4719492197036743,0.258771687746048,0.6644715666770935,0.3540509343147278,0.6165993213653564,0.40354451537132263,0.589911162853241,0.43864744901657104,0.5622735023498535,0.27121302485466003,0.7207240462303162,0.32546287775039673,0.678981363773346,0.3039757311344147,0.6849860548973083,0.2785208225250244,0.6989526152610779,ㄹ
0.14164946973323822,0.8141666650772095,0.1708391308784485,0.7039073705673218,0.24073252081871033,0.6444697976112366,0.304461270570755,0.6566039323806763,0.3477596640586853,0.6768684983253479,0.2500210702419281,0.5891028046607971,0.311861515045166,0.5081101655960083,0.34808921813964844,0.45260947942733765,0.37508484721183777,0.4035355746746063,0.26992347836494446,0.6386582851409912,0.36606281995773315,0.5752852559089661,0.42377883195877075,0.539932131767273,0.4650524854660034,0.5095652341842651,0.28727293014526367,0.69535231590271,0.3877321481704712,0.6472036242485046,0.4370797276496887,0.619971752166748,0.4717894196510315,0.5953764915466309,0.29955947399139404,0.7551040649414062,0.3571697473526001,0.7090784311294556,0.33304670453071594,0.7079125642776489,0.3054383397102356,0.7185184955596924,ㄹ
0.11746999621391296,0.6752016544342041,0.1840885579586029,0.5988190770149231,0.26475435495376587,0.599677562713623,0.3128121793270111,0.6463384032249451,0.3467215597629547,0.6857175827026367,0.2846963107585907,0.5418049693107605,0.3590424954891205,0.49628937244415283,0.4028407335281372,0.4575638175010681,0.4386456310749054,0.42296069860458374,0.2903604507446289,0.5931427478790283,0.3897508978843689,0.5795589685440063,0.4477531909942627,0.5751816034317017,0.4926471412181854,0.571096658706665,0.283844918012619,0.6449768543243408,0.3825342357158661,0.6497861742973328,0.43873339891433716,0.651640772819519,0.4814265966415405,0.6470937132835388,0.27128463983535767,0.6966639757156372,0.3213557004928589,0.6798660159111023,0.31708598136901855,0.6617700457572937,0.30726873874664307,0.6488180160522461,ㄹ
0.10150262713432312,0.686582088470459,0.16723865270614624,0.6100611686706543,0.2511967420578003,0.6154066324234009,0.29759639501571655,0.6683079600334167,0.3243858218193054,0.7097156047821045,0.2832610011100769,0.5729457139968872,0.35921651124954224,0.541682243347168,0.40736258029937744,0.5149933099746704,0.44606202840805054,0.4914136528968811,0.2832006514072418,0.6300849318504333,0.3806493878364563,0.6483699679374695,0.43915778398513794,0.6642712950706482,0.48273998498916626,0.67918860912323,0.27080872654914856,0.6861644387245178,0.3690360188484192,0.7178974151611328,0.41827255487442017,0.7326872944831848,0.4541887044906616,0.7421742081642151,0.25410622358322144,0.7375082969665527,0.3103086054325104,0.7337974309921265,0.3029053807258606,0.7151755094528198,0.2890092730522156,0.7025765180587769,ㄹ
0.11049115657806396,0.6411163210868835,0.1919941008090973,0.5875313878059387,0.27332603931427,0.618459939956665,0.31584253907203674,0.6795267462730408,0.3371283710002899,0.7292530536651611,0.3044145405292511,0.6114488244056702,0.38222962617874146,0.6041575074195862,0.4335038363933563,0.5975162982940674,0.4751617908477783,0.5914565920829773,0.2923038899898529,0.6724260449409485,0.3746298551559448,0.7313842177391052,0.4198048710823059,0.772596001625061,0.452854186296463,0.8072341084480286,0.2701006829738617,0.7203812003135681,0.35628047585487366,0.7765257358551025,0.40259695053100586,0.8044659495353699,0.43480998277664185,0.8289599418640137,0.2468123883008957,0.7542042136192322,0.307366281747818,0.7622840404510498,0.3138464391231537,0.7398969531059265,0.30848467350006104,0.7239540815353394,ㄹ
0.1549224555492401,0.5298985242843628,0.22697946429252625,0.5106080770492554,0.28990671038627625,0.569311261177063,0.31722939014434814,0.6376670002937317,0.33255189657211304,0.6911454200744629,0.33007168769836426,0.5428316593170166,0.4101676940917969,0.5691841840744019,0.45859962701797485,0.5754322409629822,0.500510573387146,0.5799007415771484,0.31768739223480225,0.5827342867851257,0.39837324619293213,0.6289230585098267,0.4485374391078949,0.6554951667785645,0.4894970953464508,0.6772394776344299,0.2942776083946228,0.6205970048904419,0.355871319770813,0.7048854231834412,0.3855799436569214,0.7610642910003662,0.40942561626434326,0.8033040165901184,0.27063632011413574,0.6542128324508667,0.3198458254337311,0.6824753284454346,0.32806044816970825,0.6670583486557007,0.33403053879737854,0.6559147238731384,ㄹ
0.18742792308330536,0.7290700674057007,0.23296543955802917,0.6611042022705078,0.2889140844345093,0.6385804414749146,0.3321484327316284,0.6524547934532166,0.3603420853614807,0.6741679906845093,0.3038834035396576,0.6067764163017273,0.3628840744495392,0.5648108124732971,0.39760953187942505,0.5344167947769165,0.42518192529678345,0.504766047000885,0.2971417307853699,0.6490827798843384,0.36995354294776917,0.640008807182312,0.41380906105041504,0.6388074159622192,0.4481550455093384,0.6348258256912231,0.2888296842575073,0.6976028084754944,0.3624327778816223,0.714493989944458,0.41081124544143677,0.7248057126998901,0.44722577929496765,0.7260696887969971,0.28121042251586914,0.744713306427002,0.33693209290504456,0.7518647909164429,0.3570120632648468,0.7472692131996155,0.37231114506721497,0.7377014756202698,ㄹ
0.19082975387573242,0.8286610245704651,0.21777014434337616,0.7312849164009094,0.27358490228652954,0.6782022714614868,0.3299192190170288,0.6827003955841064,0.36880195140838623,0.6967284083366394,0.2656392455101013,0.6320816278457642,0.31934064626693726,0.554389238357544,0.34503328800201416,0.5006693601608276,0.3628605604171753,0.4496602416038513,0.2694770097732544,0.6823771595954895,0.3349352478981018,0.6283008456230164,0.37435606122016907,0.598095178604126,0.40411823987960815,0.5692338347434998,0.278120219707489,0.7405836582183838,0.3632487952709198,0.7085446119308472,0.4130733907222748,0.6932205557823181,0.44705790281295776,0.6780387163162231,0.2888266444206238,0.7980961203575134,0.35446831583976746,0.7642804980278015,0.36786770820617676,0.7569068074226379,0.37569302320480347,0.7528365254402161,ㄹ
0.13549365103244781,0.8607496023178101,0.1722993552684784,0.7681949734687805,0.24476292729377747,0.7055554389953613,0.3147161304950714,0.6996661424636841,0.3624414801597595,0.7016268968582153,0.20079290866851807,0.6576290130615234,0.24769002199172974,0.5649530291557312,0.269300639629364,0.49971336126327515,0.28339123725891113,0.44083598256111145,0.19535744190216064,0.7101539373397827,0.25335249304771423,0.648883044719696,0.29615601897239685,0.6092239022254944,0.3289942741394043,0.5733029246330261,0.20319974422454834,0.7721027731895447,0.28802308440208435,0.7277824878692627,0.34040889143943787,0.710908830165863,0.3725338578224182,0.6940385699272156,0.22134654223918915,0.8344467878341675,0.2983906865119934,0.796692967414856,0.32494598627090454,0.779474139213562,0.3415418267250061,0.7603610754013062,ㄹ
0.19982226192951202,0.8347938656806946,0.22261765599250793,0.7332057356834412,0.2772267758846283,0.6720384359359741,0.33545273542404175,0.6713882684707642,0.3783215880393982,0.6805725693702698,0.2683435082435608,0.6197694540023804,0.31517359614372253,0.5295336246490479,0.33654749393463135,0.4698590040206909,0.3507068455219269,0.41564345359802246,0.2709885239601135,0.6704866290092468,0.33573296666145325,0.6054832935333252,0.37840986251831055,0.5679603219032288,0.40955525636672974,0.5345362424850464,0.2804945707321167,0.7288501262664795,0.3673064708709717,0.6826286911964417,0.42004236578941345,0.6551129817962646,0.4550412893295288,0.6279395222663879,0.2946033477783203,0.788662314414978,0.3597358763217926,0.7451661229133606,0.3725075125694275,0.7334228754043579,0.3782525062561035,0.7247565388679504,ㄹ
0.20417273044586182,0.8266273140907288,0.23181459307670593,0.7289971709251404,0.28622254729270935,0.679715633392334,0.3450867831707001,0.6924116015434265,0.39000391960144043,0.708330512046814,0.2759346663951874,0.610909104347229,0.32394278049468994,0.5287203192710876,0.3481435179710388,0.47362929582595825,0.3643846809864044,0.42364993691444397,0.2804775536060333,0.6577321290969849,0.3473188281059265,0.5917589068412781,0.3892133831977844,0.5570337772369385,0.42025497555732727,0.5243364572525024,0.29032474756240845,0.7127842903137207,0.3759683072566986,0.6738545894622803,0.42421022057533264,0.6501263976097107,0.4565417170524597,0.622997522354126,0.3028087019920349,0.7723186016082764,0.3612743020057678,0.7344133257865906,0.3576165437698364,0.7317222356796265,0.34840139746665955,0.7299098968505859,ㄹ
0.19538068771362305,0.825852632522583,0.22116655111312866,0.7338979244232178,0.27460527420043945,0.6826404333114624,0.3295323848724365,0.6871013045310974,0.3729071021080017,0.7006209492683411,0.2770090103149414,0.6303568482398987,0.3310151994228363,0.5553205609321594,0.3588142991065979,0.5045266151428223,0.3769799768924713,0.4593929350376129,0.28416621685028076,0.6726576685905457,0.35854780673980713,0.6118770837783813,0.4041166305541992,0.5811655521392822,0.437053918838501,0.5532518625259399,0.29280298948287964,0.7239544987678528,0.37875404953956604,0.6902522444725037,0.42516228556632996,0.6700037717819214,0.45610660314559937,0.6460055708885193,0.30030784010887146,0.7816019654273987,0.3619575500488281,0.7493600249290466,0.3578084409236908,0.7480013370513916,0.34539809823036194,0.7492848038673401,ㄹ
0.914326548576355,0.6982326507568359,0.8537284731864929,0.6213439106941223,0.7832436561584473,0.6119967103004456,0.7414038181304932,0.6460870504379272,0.7159810662269592,0.6838992238044739,0.7523862719535828,0.5866703987121582,0.6795448660850525,0.5372881889343262,0.6391647458076477,0.502813458442688,0.6058999300003052,0.47344493865966797,0.7463017106056213,0.6350250840187073,0.6575058698654175,0.6188400983810425,0.6054930686950684,0.609868586063385,0.5608294606208801,0.603364109992981,0.751403272151947,0.6871091723442078,0.6703155040740967,0.7012312412261963,0.6217483878135681,0.7087186574935913,0.5821086168289185,0.7133756279945374,0.766668438911438,0.7352846264839172,0.7139866948127747,0.7284165620803833,0.7204835414886475,0.7188762426376343,0.7344653010368347,0.7095777988433838,ㄹ
0.9059576392173767,0.7060918211936951,0.848212480545044,0.6314164400100708,0.7832509875297546,0.6255300045013428,0.7412854433059692,0.6547406315803528,0.7141912579536438,0.6874055862426758,0.7424025535583496,0.6041519045829773,0.663461446762085,0.5804300904273987,0.6170782446861267,0.5640711784362793,0.5789832472801208,0.5508334636688232,0.7370858192443848,0.6595340371131897,0.6407064199447632,0.6699880361557007,0.5878787040710449,0.6743180155754089,0.5430620908737183,0.6735109686851501,0.7426639795303345,0.7129219770431519,0.6551607847213745,0.7341805696487427,0.6027035713195801,0.742977499961853,0.5603622794151306,0.7456325888633728,0.7574849724769592,0.7538312077522278,0.6994320750236511,0.7447644472122192,0.687964677810669,0.7315151691436768,0.6834948658943176,0.7171406745910645,ㄹ
0.8880972266197205,0.7026042342185974,0.8213411569595337,0.630290150642395,0.7511290311813354,0.624822199344635,0.7128631472587585,0.6489918828010559,0.6888871192932129,0.6769338250160217,0.7130277156829834,0.6056008338928223,0.6318762898445129,0.5839884281158447,0.5820783376693726,0.5701538920402527,0.540826678276062,0.5624262690544128,0.7068461179733276,0.6626404523849487,0.610495924949646,0.6784316897392273,0.5575150847434998,0.693127453327179,0.5132967233657837,0.7047743201255798,0.7108644843101501,0.7166199088096619,0.627447247505188,0.7417498230934143,0.573956310749054,0.7621368765830994,0.5321083068847656,0.7777631282806396,0.7214157581329346,0.7588542103767395,0.6680834889411926,0.7431309819221497,0.6573347449302673,0.7281173467636108,0.6533198356628418,0.7165867686271667,ㄹ
0.8349913358688354,0.7198175191879272,0.7883545160293579,0.6389217972755432,0.7328044772148132,0.6204354166984558,0.6923654675483704,0.6032868027687073,0.6698633432388306,0.5685591697692871,0.6471859216690063,0.6182183027267456,0.5564808249473572,0.5891557335853577,0.5019268989562988,0.5810797810554504,0.4601895213127136,0.5787495970726013,0.634936511516571,0.6887306571006775,0.5294532775878906,0.7080985307693481,0.47227776050567627,0.720005989074707,0.4262237548828125,0.7304296493530273,0.6406243443489075,0.7516321539878845,0.5611705183982849,0.7818504571914673,0.5117997527122498,0.7938349843025208,0.47403475642204285,0.8043895959854126,0.6619285941123962,0.7984263300895691,0.6329774260520935,0.8003154993057251,0.6323811411857605,0.7946335077285767,0.638165295124054,0.7878518104553223,ㄹ
0.7724819183349609,0.716414213180542,0.7188487648963928,0.6336380839347839,0.6656184792518616,0.6128813028335571,0.636203408241272,0.6211538314819336,0.6168502569198608,0.6367263793945312,0.5987761616706848,0.609955906867981,0.5085436105728149,0.5768843293190002,0.4575223922729492,0.5608400106430054,0.4171246290206909,0.5502910614013672,0.5891892313957214,0.6703015565872192,0.48485875129699707,0.6785867810249329,0.42714378237724304,0.6844082474708557,0.3816840648651123,0.6889246106147766,0.5938827395439148,0.7303952574729919,0.5098646283149719,0.750784695148468,0.4596158266067505,0.7583455443382263,0.42082953453063965,0.762988269329071,0.6104937791824341,0.7818952202796936,0.5697740912437439,0.7902051210403442,0.5614848136901855,0.786311149597168,0.5606070756912231,0.7805405259132385,ㄹ
0.7861236333847046,0.7171381711959839,0.7355590462684631,0.6454650163650513,0.6767167448997498,0.6271764039993286,0.6396837830543518,0.6406580805778503,0.6142813563346863,0.6626856923103333,0.6459636092185974,0.6065086126327515,0.5772003531455994,0.5687912106513977,0.5385330319404602,0.5450280904769897,0.5067315101623535,0.5262366533279419,0.6362290978431702,0.6520996689796448,0.5522836446762085,0.6450459361076355,0.5060989856719971,0.6427247524261475,0.4670155644416809,0.6410633325576782,0.6363846063613892,0.7021657228469849,0.5637937784194946,0.7095644474029541,0.5183733701705933,0.711542010307312,0.48060446977615356,0.7137754559516907,0.6445222496986389,0.7504300475120544,0.6089668869972229,0.7444061040878296,0.6148038506507874,0.7371929287910461,0.6245517730712891,0.7319008111953735,ㄹ
0.8250119686126709,0.8295990228652954,0.7927019000053406,0.7499897480010986,0.7379621863365173,0.7033029198646545,0.6950975656509399,0.6959198117256165,0.6630088686943054,0.7021503448486328,0.7246155738830566,0.6752365827560425,0.6726595163345337,0.593524694442749,0.6402314901351929,0.5488905310630798,0.6136808395385742,0.5178090333938599,0.7020950317382812,0.7170546054840088,0.6218868494033813,0.6599712371826172,0.5759264826774597,0.631533682346344,0.5391477942466736,0.6118100881576538,0.6873269081115723,0.7636340856552124,0.6118470430374146,0.717725932598114,0.5709918141365051,0.6878949403762817,0.5377565622329712,0.6671295166015625,0.681775689125061,0.8088538646697998,0.6494752168655396,0.7659890055656433,0.65764981508255,0.7531341910362244,0.6682268977165222,0.7484304904937744,ㄹ
0.8061678409576416,0.8289122581481934,0.7803785800933838,0.7393618822097778,0.7266321182250977,0.6924775838851929,0.6807911992073059,0.6968600749969482,0.6466299891471863,0.7176607251167297,0.7189328074455261,0.6623329520225525,0.6770003437995911,0.5789251327514648,0.6570862531661987,0.525389552116394,0.6408287882804871,0.4814784526824951,0.694538414478302,0.6976000666618347,0.6245440244674683,0.6268348097801208,0.5845659375190735,0.5894323587417603,0.5503681302070618,0.5583943128585815,0.6752256155014038,0.7419828772544861,0.6062281131744385,0.6843340992927551,0.5707968473434448,0.6458197832107544,0.5398950576782227,0.6121181845664978,0.666003406047821,0.7887221574783325,0.6313410401344299,0.7437005639076233,0.6480697989463806,0.7482696175575256,0.6663249731063843,0.7575552463531494,ㄹ
0.7968544363975525,0.8681747913360596,0.7748826146125793,0.773664116859436,0.7216503620147705,0.7184552550315857,0.675004780292511,0.7245623469352722,0.6380347609519958,0.7470227479934692,0.7249489426612854,0.6919841766357422,0.699346661567688,0.5979890823364258,0.6890286803245544,0.5418426990509033,0.6806974411010742,0.49579671025276184,0.6970105171203613,0.7222633361816406,0.6398746371269226,0.6328012943267822,0.6076235175132751,0.5868431329727173,0.5794391632080078,0.5514357686042786,0.672584593296051,0.7655823230743408,0.6038400530815125,0.6908539533615112,0.5719930529594421,0.6496894955635071,0.5433167219161987,0.6158825755119324,0.6572725772857666,0.8138872385025024,0.6245532035827637,0.7577062249183655,0.6409856081008911,0.7622494697570801,0.6570380330085754,0.7743374109268188,ㄹ
0.8034768104553223,0.8771296739578247,0.7799162268638611,0.7852073311805725,0.7231789231300354,0.7321702241897583,0.6696086525917053,0.7392584681510925,0.6267492175102234,0.7588418126106262,0.7352648973464966,0.6978988647460938,0.7181776762008667,0.5995087027549744,0.7128128409385681,0.5408785343170166,0.7084667086601257,0.49327346682548523,0.7046335935592651,0.7236237525939941,0.6515789031982422,0.6257416605949402,0.6177358627319336,0.5799351334571838,0.5904011130332947,0.5472167730331421,0.6783726215362549,0.7645435333251953,0.6111881136894226,0.6968430876731873,0.5721064805984497,0.6581302285194397,0.5390181541442871,0.6295576691627502,0.6607629656791687,0.8122576475143433,0.6386200189590454,0.7551892995834351,0.6572304964065552,0.7581069469451904,0.6751700639724731,0.768858015537262,ㄹ
0.8110885620117188,0.8670918941497803,0.7890772819519043,0.7742016315460205,0.7380348443984985,0.7187462449073792,0.6947860717773438,0.7242566347122192,0.6593120694160461,0.7500810623168945,0.7473782300949097,0.6932977437973022,0.7323998212814331,0.5986462831497192,0.727310299873352,0.539242684841156,0.7245987057685852,0.4904281497001648,0.7191430926322937,0.7166464924812317,0.6642979383468628,0.6188783049583435,0.6297949552536011,0.5737855434417725,0.6030377149581909,0.5417407751083374,0.6941927671432495,0.7560304403305054,0.6286665797233582,0.6853745579719543,0.5888423919677734,0.6441914439201355,0.5548567771911621,0.6116428971290588,0.6780091524124146,0.8052996397018433,0.6526966691017151,0.7557575106620789,0.6699255108833313,0.7650724649429321,0.6881736516952515,0.7805465459823608,ㄹ
0.8420358896255493,0.815434455871582,0.8190059065818787,0.731508731842041,0.7724936008453369,0.6768692135810852,0.7322534918785095,0.6719629168510437,0.7002526521682739,0.6871815323829651,0.7697696089744568,0.6330592632293701,0.7482027411460876,0.5370321273803711,0.7397761344909668,0.4774101674556732,0.7342314124107361,0.43025121092796326,0.7457022070884705,0.6509039402008057,0.6885619163513184,0.5598482489585876,0.6553623676300049,0.5114027261734009,0.6289780735969543,0.4742107689380646,0.7246244549751282,0.6878619194030762,0.6603150367736816,0.6189512610435486,0.6241382956504822,0.5772045850753784,0.5959442853927612,0.5418186187744141,0.7088906168937683,0.7389795780181885,0.6789222955703735,0.7091058492660522,0.6915491819381714,0.7164344191551208,0.7070646286010742,0.7263355255126953,ㄹ
0.8566445112228394,0.7131587266921997,0.8228374123573303,0.6273379921913147,0.7621846795082092,0.5789614915847778,0.7111261487007141,0.5919358730316162,0.6726097464561462,0.6187623739242554,0.7581202983856201,0.5266982913017273,0.7254976630210876,0.4260019063949585,0.70783931016922,0.36425530910491943,0.6952440738677979,0.31501930952072144,0.7332502603530884,0.5544153451919556,0.6624730825424194,0.46798473596572876,0.620135486125946,0.42078620195388794,0.5874760746955872,0.383833646774292,0.7145847082138062,0.5976926684379578,0.6370455622673035,0.5368268489837646,0.5940542221069336,0.49962902069091797,0.5591874122619629,0.46666112542152405,0.7046716213226318,0.6530303955078125,0.6703917980194092,0.6227730512619019,0.6888061761856079,0.6340044736862183,0.7102980613708496,0.6462165117263794,ㄹ
0.9038504362106323,0.6292178630828857,0.8581422567367554,0.5265791416168213,0.7868454456329346,0.4793410897254944,0.737703800201416,0.4957696199417114,0.7022333741188049,0.5287375450134277,0.7663359045982361,0.4410320818424225,0.7095946073532104,0.33877408504486084,0.6813904643058777,0.27231138944625854,0.6604019999504089,0.21934476494789124,0.740024209022522,0.48421162366867065,0.6462069749832153,0.40337544679641724,0.5925002098083496,0.3605623245239258,0.5482152104377747,0.32913458347320557,0.7235686182975769,0.540728747844696,0.6321052312850952,0.4872031807899475,0.5794692039489746,0.4512510895729065,0.535437822341919,0.42240768671035767,0.7207245230674744,0.6036642789840698,0.6735448837280273,0.568040668964386,0.6896456480026245,0.563016414642334,0.7106494903564453,0.5629014372825623,ㄹ
0.9767951965332031,0.5610103011131287,0.9155040979385376,0.4504525065422058,0.8331252336502075,0.4076038897037506,0.7755972743034363,0.43264392018318176,0.7369839549064636,0.47753292322158813,0.8045451641082764,0.3656325936317444,0.7239458560943604,0.24896669387817383,0.6847859025001526,0.17735198140144348,0.6558772325515747,0.11956125497817993,0.7824904322624207,0.4214891195297241,0.6529922485351562,0.3413116931915283,0.5816437602043152,0.2993028163909912,0.5259551405906677,0.2699771523475647,0.7707853317260742,0.49366217851638794,0.6517199277877808,0.4458331763744354,0.5852565765380859,0.40718212723731995,0.5299685597419739,0.3774881362915039,0.7767117023468018,0.5728040337562561,0.7138994932174683,0.5342034101486206,0.7387923002243042,0.5371072292327881,0.7689772248268127,0.545838475227356,ㄹ
0.9714652299880981,0.5618346333503723,0.8983932733535767,0.4472922384738922,0.802647590637207,0.4117250442504883,0.7379752993583679,0.44969967007637024,0.6953579187393188,0.5021399259567261,0.7701760530471802,0.3713526725769043,0.6821568608283997,0.2573350667953491,0.6369234323501587,0.17834758758544922,0.6011000871658325,0.11035817861557007,0.7439298629760742,0.4328877627849579,0.6061356663703918,0.35993674397468567,0.5285139679908752,0.32114365696907043,0.4655863642692566,0.29230624437332153,0.7332401275634766,0.5077721476554871,0.6026092767715454,0.4810880422592163,0.5275257229804993,0.4572092294692993,0.4669855237007141,0.43868181109428406,0.7421791553497314,0.5832118988037109,0.6838197708129883,0.5563300848007202,0.7113867402076721,0.5597184896469116,0.7430918216705322,0.563751220703125,ㄹ
0.9219732880592346,0.617408275604248,0.842580258846283,0.5000194311141968,0.7457325458526611,0.4595477879047394,0.6776146292686462,0.46862348914146423,0.6350542902946472,0.4972439110279083,0.70262610912323,0.4371951222419739,0.6064797043800354,0.3365340232849121,0.5533761382102966,0.26651236414909363,0.5132672190666199,0.2037963569164276,0.6791382431983948,0.49377065896987915,0.5368980169296265,0.4453986883163452,0.45671606063842773,0.42329564690589905,0.39785775542259216,0.4034889340400696,0.6717844605445862,0.5665708184242249,0.5395940542221069,0.5601708292961121,0.46252238750457764,0.5486107468605042,0.4049060344696045,0.5344921350479126,0.6814210414886475,0.6396686434745789,0.6042956709861755,0.6548831462860107,0.5765948295593262,0.6686025857925415,0.5546117424964905,0.676769495010376,ㄹ
0.848638653755188,0.6237903237342834,0.7634166479110718,0.5283294320106506,0.6796942949295044,0.5187182426452637,0.6274800896644592,0.5516286492347717,0.5953311324119568,0.5927243232727051,0.6323958039283752,0.5051851272583008,0.5423468947410583,0.4299161732196808,0.4864196479320526,0.3835466504096985,0.4425885081291199,0.34662848711013794,0.6186250448226929,0.5625647902488708,0.4893025755882263,0.5466082096099854,0.41580361127853394,0.5417133569717407,0.3594219982624054,0.537692666053772,0.6218443512916565,0.6283791065216064,0.5140625238418579,0.6519976854324341,0.4455042779445648,0.6547389030456543,0.3930647075176239,0.6525847911834717,0.6385579109191895,0.6884345412254333,0.5798830389976501,0.7058461308479309,0.5623453259468079,0.7085710763931274,0.5504366755485535,0.7050309777259827,ㄹ
0.8318127393722534,0.626000702381134,0.7547870874404907,0.5479759573936462,0.6782655715942383,0.5395194292068481,0.62813800573349,0.5628796815872192,0.5979899168014526,0.5961208939552307,0.6344665288925171,0.5220737457275391,0.5509154796600342,0.4657655954360962,0.4992977976799011,0.4347524642944336,0.4580356180667877,0.4129229187965393,0.6195433139801025,0.5705642700195312,0.5053974986076355,0.5528872609138489,0.4391971230506897,0.5463892817497253,0.38718706369400024,0.543178915977478,0.6235929131507874,0.6285696029663086,0.5193236470222473,0.6491903066635132,0.4606480598449707,0.6628432273864746,0.4145793318748474,0.6699552536010742,0.6421505808830261,0.6864795684814453,0.5762577056884766,0.714431881904602,0.544556736946106,0.7297435998916626,0.5158780217170715,0.73586106300354,ㄹ
0.8079532384872437,0.7380487322807312,0.7645662426948547,0.6407968997955322,0.6979408264160156,0.6009988784790039,0.6482857465744019,0.60552579164505,0.6174435615539551,0.6360234022140503,0.6668840050697327,0.5545377731323242,0.600692868232727,0.4630378484725952,0.5663418173789978,0.406920462846756,0.5408140420913696,0.3637615740299225,0.6424971222877502,0.5919985771179199,0.5425933003425598,0.5227119326591492,0.48627305030822754,0.4856299161911011,0.4421831965446472,0.4591123163700104,0.6294665336608887,0.6460303068161011,0.5375992059707642,0.615960419178009,0.48153412342071533,0.5973261594772339,0.43659472465515137,0.5790662169456482,0.6332945823669434,0.709736704826355,0.5871801376342773,0.6981174945831299,0.6011053919792175,0.7147699594497681,0.6200695633888245,0.7279384732246399,ㄹ
0.8380932807922363,0.7474576234817505,0.793350100517273,0.6394397020339966,0.722338855266571,0.586036741733551,0.6676145792007446,0.5840580463409424,0.6287005543708801,0.6098852753639221,0.6944479942321777,0.5378007888793945,0.6390367746353149,0.43496811389923096,0.6115477085113525,0.36892229318618774,0.5928314924240112,0.3166058659553528,0.6680917143821716,0.5773175954818726,0.5729672908782959,0.4989418089389801,0.5187540054321289,0.4538305997848511,0.4782538414001465,0.4202350974082947,0.6538618206977844,0.6357284784317017,0.553733229637146,0.5906026363372803,0.49600011110305786,0.5644166469573975,0.44939857721328735,0.5414541959762573,0.6573706865310669,0.7035143971443176,0.6098306775093079,0.6804096698760986,0.6306212544441223,0.6958245038986206,0.6557895541191101,0.7110039591789246,ㄹ
0.8442797064781189,0.7845156788825989,0.8133590817451477,0.659187376499176,0.7463847398757935,0.5912434458732605,0.6893880367279053,0.5857973694801331,0.6430660486221313,0.6113771200180054,0.7243536114692688,0.5199070572853088,0.6803630590438843,0.3918445110321045,0.6604483723640442,0.3147415518760681,0.6465201377868652,0.2550381124019623,0.6874939203262329,0.5628127455711365,0.5961538553237915,0.44975537061691284,0.54300856590271,0.385692834854126,0.501864492893219,0.3368094265460968,0.6605426073074341,0.6247838735580444,0.5613166093826294,0.5450471043586731,0.5063463449478149,0.49314144253730774,0.4609695076942444,0.45030808448791504,0.6524994969367981,0.693672239780426,0.6211367249488831,0.6316516399383545,0.6523447036743164,0.6526721715927124,0.6877757906913757,0.6776071786880493,ㄹ
0.8682982921600342,0.7380976676940918,0.8224734663963318,0.6100016832351685,0.7466151714324951,0.5535903573036194,0.6850926876068115,0.5635534524917603,0.6372962594032288,0.6010760068893433,0.7134879231452942,0.4958057403564453,0.6544631719589233,0.3785073757171631,0.6296789646148682,0.30304598808288574,0.612420380115509,0.24009403586387634,0.68234783411026,0.5501752495765686,0.5792214870452881,0.4599798917770386,0.5216456651687622,0.4090850353240967,0.47551003098487854,0.369556188583374,0.663769006729126,0.6168834567070007,0.55465167760849,0.5647692084312439,0.494733989238739,0.5304998755455017,0.44547972083091736,0.5016682744026184,0.6647029519081116,0.6876179575920105,0.6135993003845215,0.6407351493835449,0.6370967626571655,0.654511570930481,0.6680066585540771,0.6702609062194824,ㄹ
0.916046142578125,0.6581611037254333,0.8423006534576416,0.5598447918891907,0.7546570301055908,0.5326792001724243,0.6968163847923279,0.5565269589424133,0.6584000587463379,0.598089873790741,0.7148146629333496,0.49385467171669006,0.6297488808631897,0.40092843770980835,0.5850542783737183,0.33588701486587524,0.550006091594696,0.27848365902900696,0.7055842280387878,0.5544218420982361,0.5907834768295288,0.5205177068710327,0.5227727890014648,0.4979054927825928,0.4688722491264343,0.4814017713069916,0.7097907662391663,0.6257060170173645,0.5925469994544983,0.6239314675331116,0.5254098176956177,0.6152349710464478,0.4732935428619385,0.6089048385620117,0.7286123633384705,0.6942326426506042,0.6498406529426575,0.6835447549819946,0.6478095054626465,0.6757843494415283,0.6569528579711914,0.6713118553161621,ㄹ
0.8209883570671082,0.6963935494422913,0.7637677192687988,0.6109609603881836,0.6865630745887756,0.5844492316246033,0.6349200010299683,0.6050919890403748,0.6013716459274292,0.6434483528137207,0.6580830812454224,0.5433261394500732,0.5735615491867065,0.4875379800796509,0.5298860669136047,0.44935840368270874,0.49491602182388306,0.4184004068374634,0.648854672908783,0.5930684804916382,0.5454129576683044,0.5630897283554077,0.4892389178276062,0.5468041300773621,0.442882776260376,0.5336211323738098,0.6484521627426147,0.6526317596435547,0.5499985218048096,0.6424907445907593,0.4957972466945648,0.6309530138969421,0.4507095217704773,0.6185149550437927,0.6601377129554749,0.7142175436019897,0.5953614115715027,0.7080289125442505,0.6049709320068359,0.7117587327957153,0.6236312389373779,0.7152464985847473,ㄹ
0.7803150415420532,0.7778392434120178,0.7352707386016846,0.6929054260253906,0.673589825630188,0.6571214199066162,0.6278648972511292,0.6604148149490356,0.5949618220329285,0.6892803311347961,0.6462382078170776,0.6210272312164307,0.5681599378585815,0.5637290477752686,0.5276216268539429,0.5295778512954712,0.49243053793907166,0.50096595287323,0.6297284364700317,0.6667585372924805,0.5343858003616333,0.6274836659431458,0.4806520938873291,0.6125494837760925,0.43839240074157715,0.5995674133300781,0.6220142841339111,0.7244583368301392,0.5383063554763794,0.7122216820716858,0.48492711782455444,0.7011696696281433,0.4434940814971924,0.68996262550354,0.6264684200286865,0.7848111987113953,0.5843762755393982,0.7699276804924011,0.6003404855728149,0.773754894733429,0.6222311854362488,0.7763484716415405,ㄹ
0.7818887233734131,0.7956260442733765,0.7479198575019836,0.7004678249359131,0.6909459233283997,0.6450498700141907,0.6421608328819275,0.6434057354927063,0.6086003184318542,0.6586377620697021,0.6823389530181885,0.6024996042251587,0.6310057640075684,0.5130359530448914,0.6059271097183228,0.4585731625556946,0.5873602032661438,0.41129782795906067,0.6680237054824829,0.6434208154678345,0.5958582162857056,0.5696425437927246,0.5561441779136658,0.5296969413757324,0.5220908522605896,0.4982824921607971,0.6569156646728516,0.6984168291091919,0.5751144886016846,0.6494061946868896,0.5297307968139648,0.6215368509292603,0.491680383682251,0.5974115133285522,0.6538063883781433,0.764458179473877,0.5890077352523804,0.7226020693778992,0.6017293930053711,0.7278165221214294,0.6248849034309387,0.7406179308891296,ㄹ
0.820457935333252,0.8101670145988464,0.786867618560791,0.7073595523834229,0.7262267470359802,0.6461958885192871,0.6734189987182617,0.6490533947944641,0.6368371248245239,0.6788111925125122,0.7266154289245605,0.5984914302825928,0.6841533184051514,0.49890705943107605,0.6678555607795715,0.4379308521747589,0.6545761823654175,0.38414400815963745,0.7135211825370789,0.6374829411506653,0.6505115628242493,0.5596218109130859,0.6141567826271057,0.5130569934844971,0.5815114974975586,0.47753965854644775,0.7005132436752319,0.6914901733398438,0.6184166073799133,0.6329021453857422,0.5703926086425781,0.5985676050186157,0.5299368500709534,0.5701180696487427,0.6923378705978394,0.7551461458206177,0.6225142478942871,0.7160376906394958,0.617709219455719,0.7272284626960754,0.6221728324890137,0.745094358921051,ㄹ
0.894553005695343,0.8320850729942322,0.861243724822998,0.7225847244262695,0.7941489219665527,0.6523063778877258,0.7279298901557922,0.6519889831542969,0.6882755756378174,0.6746922731399536,0.8358914852142334,0.5980056524276733,0.8089572191238403,0.48433685302734375,0.8069457411766052,0.4110097885131836,0.8096180558204651,0.3453080356121063,0.8270830512046814,0.6446897387504578,0.7770445942878723,0.5637835264205933,0.7507818937301636,0.5051150918006897,0.7300075888633728,0.4575709104537964,0.8109843730926514,0.7052022814750671,0.7268759608268738,0.6330717206001282,0.6785433292388916,0.586370050907135,0.6411376595497131,0.548061728477478,0.7914937734603882,0.7675558924674988,0.7227102518081665,0.7194073796272278,0.7057289481163025,0.7106422185897827,0.698762834072113,0.7095538377761841,ㄹ
0.8987506628036499,0.8466328382492065,0.8743022680282593,0.7319434285163879,0.8088878989219666,0.6602851748466492,0.7435354590415955,0.6597011685371399,0.6976683735847473,0.6820268630981445,0.8310074210166931,0.606834888458252,0.7977460026741028,0.4928940534591675,0.793358564376831,0.42109623551368713,0.7934262156486511,0.3568132221698761,0.8167116045951843,0.6569792628288269,0.7620429992675781,0.5721278190612793,0.7344474196434021,0.5163280367851257,0.711052417755127,0.47073104977607727,0.7970403432846069,0.7160301208496094,0.7115821242332458,0.6416937112808228,0.6627362370491028,0.598147988319397,0.62510085105896,0.5640465617179871,0.7784473896026611,0.774370551109314,0.7034538388252258,0.7172796130180359,0.6886352896690369,0.7123512029647827,0.6861782670021057,0.7183734774589539,ㄹ
0.8447453379631042,0.8203163146972656,0.8099865913391113,0.715969979763031,0.7399006485939026,0.6572476625442505,0.6750445365905762,0.671531081199646,0.6287155747413635,0.705008327960968,0.7513653635978699,0.5994542241096497,0.7140322923660278,0.49578648805618286,0.7024967670440674,0.42963898181915283,0.6951161026954651,0.37144339084625244,0.735863983631134,0.6425276398658752,0.6738219857215881,0.561407744884491,0.6390488147735596,0.5139487981796265,0.6097699403762817,0.47611212730407715,0.7207630276679993,0.6993862390518188,0.6301257014274597,0.6349443197250366,0.5823089480400085,0.6008281111717224,0.5437975525856018,0.5707883238792419,0.7100200057029724,0.7634802460670471,0.6429020762443542,0.7170714139938354,0.6464049816131592,0.7220165729522705,0.6586709022521973,0.7331201434135437,ㄹ
0.8245715498924255,0.8096535801887512,0.7884250283241272,0.712721586227417,0.719577431678772,0.6581863164901733,0.6584274172782898,0.6685060262680054,0.6157057285308838,0.6917281150817871,0.7209674119949341,0.603652834892273,0.6751845479011536,0.5050188899040222,0.6556397080421448,0.4451901912689209,0.6407008767127991,0.3936484456062317,0.7061678171157837,0.64415043592453,0.6359774470329285,0.5669289827346802,0.5968413352966309,0.5228970646858215,0.5645252466201782,0.4887806475162506,0.6937747001647949,0.6976165175437927,0.6041938066482544,0.6443555951118469,0.5540876388549805,0.6134053468704224,0.5139493942260742,0.5862114429473877,0.6874096393585205,0.7584784030914307,0.6251233816146851,0.7229328751564026,0.6316030025482178,0.7284275889396667,0.6469030380249023,0.7371222376823425,ㄹ
0.8291695713996887,0.8063965439796448,0.7904995083808899,0.710588276386261,0.7262585759162903,0.6594633460044861,0.673711359500885,0.6546216607093811,0.6345329880714417,0.6728638410568237,0.7116338610649109,0.6058019995689392,0.6543170213699341,0.5124037265777588,0.6275068521499634,0.45633751153945923,0.6068696975708008,0.4098823070526123,0.6963549256324768,0.6434155106544495,0.6162782311439514,0.563364565372467,0.5716617703437805,0.5184205174446106,0.5358566641807556,0.4866451323032379,0.6865411400794983,0.6968152523040771,0.5960144400596619,0.6500296592712402,0.5438650250434875,0.6236603260040283,0.5005850791931152,0.5994125604629517,0.6872662901878357,0.7631039619445801,0.6235033869743347,0.729812741279602,0.6343955993652344,0.7437206506729126,0.6546601057052612,0.7598562240600586,ㄹ
0.8228214979171753,0.7976646423339844,0.7760475873947144,0.7075293064117432,0.7123878002166748,0.6689764857292175,0.6657825112342834,0.6714286208152771,0.6335368156433105,0.6976587772369385,0.6855317950248718,0.6287263631820679,0.6224304437637329,0.5471090078353882,0.5906479358673096,0.49736300110816956,0.5640391111373901,0.4561287760734558,0.6701565384864807,0.6701825261116028,0.5804933905601501,0.6028231382369995,0.527397871017456,0.575370192527771,0.4830889105796814,0.557515025138855,0.6646237373352051,0.7270949482917786,0.5724361538887024,0.7005186080932617,0.5209976434707642,0.6839984655380249,0.47857728600502014,0.6663236618041992,0.6739121675491333,0.7931376695632935,0.615949809551239,0.7740980386734009,0.631496250629425,0.777959942817688,0.6538645029067993,0.78071129322052,ㄹ
0.8605613112449646,0.729966402053833,0.8016048669815063,0.6450514197349548,0.7306318283081055,0.6209195256233215,0.6761916279792786,0.6341100931167603,0.641781210899353,0.6640180945396423,0.7024497389793396,0.5832661390304565,0.6245096325874329,0.5243321657180786,0.5818062424659729,0.48471322655677795,0.5483886003494263,0.45147964358329773,0.6936443448066711,0.624205470085144,0.5950876474380493,0.5862256288528442,0.5395117998123169,0.566022515296936,0.4966824948787689,0.5529542565345764,0.6941295266151428,0.677924633026123,0.5983654260635376,0.6681995391845703,0.5420622229576111,0.6616677045822144,0.4985087811946869,0.6545991897583008,0.704897940158844,0.735679030418396,0.6442933082580566,0.7358819842338562,0.6314893960952759,0.7373982071876526,0.6260515451431274,0.737213671207428,ㄹ
0.8642216324806213,0.7369006872177124,0.8236958980560303,0.6381133198738098,0.7599992752075195,0.582785427570343,0.70992112159729,0.5744881629943848,0.6706776022911072,0.5921501517295837,0.7406540513038635,0.526797354221344,0.6764200329780579,0.44353461265563965,0.6447811126708984,0.38784411549568176,0.621119499206543,0.34225398302078247,0.7276506423950195,0.5627022385597229,0.639725387096405,0.49796611070632935,0.5913645029067993,0.45781832933425903,0.553413987159729,0.4271819591522217,0.7188209891319275,0.6129124760627747,0.6250508427619934,0.572769820690155,0.5741070508956909,0.5435349345207214,0.5349582433700562,0.5118877291679382,0.718669056892395,0.6740788817405701,0.6518495082855225,0.6602709889411926,0.6612354516983032,0.6750205159187317,0.6826505064964294,0.6858352422714233,ㄹ
0.8692251443862915,0.7766087651252747,0.837428092956543,0.6811790466308594,0.7772514820098877,0.6191338300704956,0.722815990447998,0.6092982888221741,0.6824029684066772,0.6203345060348511,0.7678237557411194,0.561870813369751,0.709667444229126,0.46886008977890015,0.6852253675460815,0.40831494331359863,0.6663447022438049,0.3566681444644928,0.7592558264732361,0.602986752986908,0.6833745241165161,0.5204318165779114,0.6434439420700073,0.47246474027633667,0.610562264919281,0.4351312518119812,0.7495427131652832,0.6574787497520447,0.6521475911140442,0.6068695187568665,0.5980051159858704,0.5769667029380798,0.557570219039917,0.5478067398071289,0.7436878681182861,0.7223188281059265,0.6761350035667419,0.6919367909431458,0.6895191073417664,0.7030407190322876,0.7134639024734497,0.7157799601554871,ㄹ
0.8503869771957397,0.7408809661865234,0.8082926869392395,0.6525686979293823,0.742965817451477,0.6048926711082458,0.6904996037483215,0.6068660020828247,0.6525866389274597,0.6247999668121338,0.7267212867736816,0.5564243793487549,0.6614610552787781,0.4732063412666321,0.6291118264198303,0.4229440689086914,0.603691816329956,0.3822711408138275,0.7173002362251282,0.5967807769775391,0.631319522857666,0.5291765928268433,0.5863983631134033,0.49133437871932983,0.5500091314315796,0.4642306864261627,0.7119080424308777,0.6501469016075134,0.6179613471031189,0.6238438487052917,0.5637669563293457,0.6088113784790039,0.5196211934089661,0.5914194583892822,0.7155182361602783,0.715265154838562,0.6558722257614136,0.6996188759803772,0.6702712774276733,0.7095755338668823,0.6920934319496155,0.7184258699417114,ㄹ
0.8793925642967224,0.7860583066940308,0.8524619340896606,0.6767331957817078,0.8035836219787598,0.6047073006629944,0.7557440400123596,0.5795229077339172,0.7151563763618469,0.5807852149009705,0.7995794415473938,0.549416720867157,0.7484130263328552,0.4377592206001282,0.7279027104377747,0.3685051202774048,0.7136993408203125,0.3129992187023163,0.7885836958885193,0.5877166986465454,0.7152042984962463,0.4788365960121155,0.6746556162834167,0.4119635224342346,0.6448551416397095,0.3664203882217407,0.774968683719635,0.6416763663291931,0.6822465062141418,0.5633327960968018,0.6279184818267822,0.5134522914886475,0.5890580415725708,0.46862006187438965,0.765689492225647,0.7080149054527283,0.6915799975395203,0.6544303894042969,0.7026131749153137,0.6737057566642761,0.7282418012619019,0.7006582021713257,ㄹ
0.8941026926040649,0.7974767684936523,0.8569633364677429,0.6915785074234009,0.7981428503990173,0.6225172281265259,0.7461836338043213,0.6167295575141907,0.7054879665374756,0.634743869304657,0.7975696325302124,0.5646631717681885,0.7479720711708069,0.4523436725139618,0.7277171015739441,0.38421350717544556,0.7122917771339417,0.3280262053012848,0.7888293862342834,0.6046904921531677,0.717153787612915,0.49705201387405396,0.6794692873954773,0.4330579936504364,0.6515638828277588,0.3873136043548584,0.7770692706108093,0.6611553430557251,0.6803441047668457,0.588927149772644,0.6247043609619141,0.5417875051498413,0.5855463743209839,0.5008314847946167,0.7680173516273499,0.7301499843597412,0.6974371671676636,0.6801033020019531,0.7077190279960632,0.6950560808181763,0.7328654527664185,0.7186585068702698,ㄹ
0.8863811492919922,0.7543801665306091,0.8430337905883789,0.6488398313522339,0.7785177826881409,0.5924664735794067,0.7284291386604309,0.5876791477203369,0.6907075047492981,0.6088699698448181,0.7567753791809082,0.5376493334770203,0.6862884163856506,0.4488734304904938,0.652454137802124,0.39041927456855774,0.6262056827545166,0.3415288031101227,0.7455262541770935,0.5766814351081848,0.6579216718673706,0.4972406029701233,0.6105228066444397,0.4456630349159241,0.5740083456039429,0.4053226709365845,0.737734317779541,0.6334211826324463,0.6357875466346741,0.587647020816803,0.5792568325996399,0.5555170774459839,0.5356953144073486,0.5201979279518127,0.7397170662879944,0.7023794054985046,0.6700153946876526,0.6814352869987488,0.6869440078735352,0.7002424001693726,0.7152411341667175,0.7160829305648804,ㄹ
0.8966692686080933,0.7043463587760925,0.8362805843353271,0.6243799924850464,0.757742702960968,0.5960924625396729,0.7057730555534363,0.6191650032997131,0.6755675077438354,0.6583399176597595,0.7306390404701233,0.5493187308311462,0.6436956524848938,0.49849018454551697,0.5980209112167358,0.4631364047527313,0.5588772296905518,0.4348462224006653,0.7252663373947144,0.596455454826355,0.6266510486602783,0.5619639754295349,0.5719123482704163,0.5416083335876465,0.5251057147979736,0.5261847376823425,0.7294219136238098,0.6570889949798584,0.6286559104919434,0.6524369120597839,0.570398211479187,0.6489495038986206,0.5222035646438599,0.6415973901748657,0.7448552846908569,0.7266078591346741,0.6767889857292175,0.7265394926071167,0.6912938952445984,0.7324756383895874,0.7168477773666382,0.7348565459251404,ㄹ
0.8631561994552612,0.6694243550300598,0.7888652682304382,0.6257889270782471,0.7136993408203125,0.6505967974662781,0.6717537045478821,0.7023129463195801,0.6520678400993347,0.755750834941864,0.678870439529419,0.6331383585929871,0.585695207118988,0.6241742372512817,0.5331050753593445,0.6176698207855225,0.4896225333213806,0.6157849431037903,0.6869572997093201,0.6820100545883179,0.587731659412384,0.7105703949928284,0.5312175154685974,0.7294039726257324,0.4881843328475952,0.7477439641952515,0.7086759805679321,0.7334389686584473,0.6190700531005859,0.7880207300186157,0.5609005093574524,0.8171915411949158,0.5141503810882568,0.8412215709686279,0.740219235420227,0.778454065322876,0.6788550019264221,0.8014432191848755,0.6717804670333862,0.7972878813743591,0.6731420159339905,0.7928997874259949,ㄹ
0.8479690551757812,0.7958354949951172,0.807922899723053,0.6995255947113037,0.7445212602615356,0.6553452610969543,0.6943603754043579,0.6563626527786255,0.6563835740089417,0.6817015409469604,0.7208443880081177,0.6048222184181213,0.6511622667312622,0.5296051502227783,0.6147967576980591,0.48467153310775757,0.5862396955490112,0.44802767038345337,0.7056273818016052,0.6490239500999451,0.6173700094223022,0.5854223370552063,0.5666609406471252,0.549769401550293,0.5267863273620605,0.5239689946174622,0.6971231698989868,0.7069226503372192,0.6041430830955505,0.6700534224510193,0.5496283769607544,0.6494013071060181,0.5062333345413208,0.6334484815597534,0.7013440132141113,0.7698711156845093,0.6476113796234131,0.7369344830513,0.660961925983429,0.7436432838439941,0.6814786195755005,0.7553410530090332,ㄹ
0.8510712385177612,0.8440935611724854,0.8108346462249756,0.7531981468200684,0.7488054037094116,0.7078837752342224,0.7025966644287109,0.7050887942314148,0.669564425945282,0.7273374795913696,0.7175546884536743,0.6648499369621277,0.6637164354324341,0.5779290795326233,0.6381125450134277,0.5220463275909424,0.616817831993103,0.4760426878929138,0.7004492282867432,0.6963377594947815,0.6211428642272949,0.6198819875717163,0.5751526951789856,0.5775120258331299,0.5383606553077698,0.5478745698928833,0.6939460039138794,0.7482970356941223,0.60862135887146,0.7172505855560303,0.5557236075401306,0.6946958899497986,0.5129727125167847,0.6734697818756104,0.7023186087608337,0.8118654489517212,0.6521730422973633,0.7966078519821167,0.6667202115058899,0.8066615462303162,0.6873990893363953,0.8165092468261719,ㄹ
