0.746865451335907,0.7681379914283752,0.6975281238555908,0.7267152070999146,0.678438663482666,0.6515898704528809,0.7088743448257446,0.600784420967102,0.7517307996749878,0.5798501372337341,0.6801018118858337,0.5411472916603088,0.675582230091095,0.466748982667923,0.6760514974594116,0.42463189363479614,0.6716077327728271,0.4084775447845459,0.723006010055542,0.5394979119300842,0.7417263984680176,0.44832247495651245,0.7372564077377319,0.40613001585006714,0.7281994819641113,0.3887423574924469,0.7585708498954773,0.5641282796859741,0.7659003734588623,0.48890212178230286,0.7455928921699524,0.5397675633430481,0.730754554271698,0.5842607021331787,0.7905029058456421,0.6041209697723389,0.7790816426277161,0.5726199746131897,0.7593175768852234,0.6074316501617432,0.7462253570556641,0.6382690668106079,ㅁ
0.7384300231933594,0.7740943431854248,0.6907838582992554,0.7421331405639648,0.6698270440101624,0.6737039089202881,0.6961809396743774,0.6201872825622559,0.737893283367157,0.5972152948379517,0.6714068651199341,0.5444437861442566,0.661437451839447,0.46449580788612366,0.6577346324920654,0.4258939027786255,0.6515164375305176,0.44291192293167114,0.7172421216964722,0.5457919239997864,0.7436763644218445,0.4456751048564911,0.7293615341186523,0.40810978412628174,0.7102751731872559,0.4185183644294739,0.7530317306518555,0.5755235552787781,0.7602744102478027,0.5082524418830872,0.7350854873657227,0.5584690570831299,0.7178907990455627,0.604035496711731,0.7828132510185242,0.6194650530815125,0.7699916958808899,0.5914540886878967,0.7467148900032043,0.6259661316871643,0.7318659424781799,0.6544528007507324,ㅁ
0.7706441879272461,0.7198446989059448,0.7224354147911072,0.6840622425079346,0.7026421427726746,0.6119809150695801,0.7346268892288208,0.561787486076355,0.7753046751022339,0.5409892201423645,0.7012982368469238,0.493327796459198,0.6927405595779419,0.4227901101112366,0.689616322517395,0.3794996738433838,0.6828233599662781,0.36077821254730225,0.7466490864753723,0.48878657817840576,0.7630202174186707,0.4011446237564087,0.7610016465187073,0.3564629554748535,0.7542468905448914,0.33666226267814636,0.7835079431533813,0.5134755969047546,0.7952902913093567,0.4466310739517212,0.7798115015029907,0.48861947655677795,0.768215537071228,0.5275876522064209,0.8146770596504211,0.555240273475647,0.8055188059806824,0.5335776805877686,0.7853147387504578,0.5663726329803467,0.7716430425643921,0.5957754254341125,ㅁ
0.7383908033370972,0.705245852470398,0.6837170720100403,0.6609814167022705,0.6652033925056458,0.57943195104599,0.7074482440948486,0.533014178276062,0.7591032385826111,0.5133386850357056,0.6752463579177856,0.40948086977005005,0.6695002913475037,0.3150313198566437,0.665783166885376,0.2595214247703552,0.6560771465301514,0.2567231059074402,0.7338024377822876,0.41711336374282837,0.7686141729354858,0.3127531409263611,0.7642664313316345,0.25598177313804626,0.7518208622932434,0.24052931368350983,0.7755427956581116,0.4590681195259094,0.7966131567955017,0.3869689702987671,0.7653274536132812,0.44605129957199097,0.743085503578186,0.49645116925239563,0.8066126704216003,0.5177149176597595,0.7879672646522522,0.5097178220748901,0.7553502321243286,0.5505205392837524,0.7353686690330505,0.5777939558029175,ㅁ
0.7341312170028687,0.8436906933784485,0.6828517913818359,0.7991037368774414,0.6600325107574463,0.7191414833068848,0.6886289119720459,0.6669288873672485,0.7370234131813049,0.6481998562812805,0.6804372072219849,0.5809643268585205,0.6819639205932617,0.49643653631210327,0.6828200817108154,0.45257723331451416,0.6771795749664307,0.4481879472732544,0.7260507345199585,0.585769772529602,0.7466376423835754,0.4834067225456238,0.7324771881103516,0.4376831650733948,0.7137285470962524,0.43307435512542725,0.76313316822052,0.6198601126670837,0.769322395324707,0.5376982092857361,0.7386974096298218,0.5916470885276794,0.7188343405723572,0.6441161632537842,0.7952540516853333,0.6710635423660278,0.77425616979599,0.6366452574729919,0.7476214170455933,0.6752505898475647,0.7344356775283813,0.7098274827003479,ㅁ
0.7336241602897644,0.8393625020980835,0.6824435591697693,0.7952275276184082,0.6602938175201416,0.7143505215644836,0.6875990033149719,0.6635439991950989,0.7358473539352417,0.6463412642478943,0.6803807020187378,0.579491913318634,0.6836037635803223,0.49465787410736084,0.6825692653656006,0.45195186138153076,0.6733173131942749,0.4541183114051819,0.7250497937202454,0.5844882130622864,0.7498543858528137,0.4831835627555847,0.7361733913421631,0.4384914040565491,0.7169252634048462,0.43594303727149963,0.7606501579284668,0.6181096434593201,0.7635478377342224,0.5376737713813782,0.7345702052116394,0.5967012047767639,0.7173683643341064,0.6500198245048523,0.7921236157417297,0.6685865521430969,0.768518328666687,0.6342203617095947,0.7454188466072083,0.6768232583999634,0.7368054389953613,0.7120058536529541,ㅁ
0.7339560389518738,0.8397674560546875,0.6833475232124329,0.7965273261070251,0.6614893078804016,0.7156615853309631,0.6897546648979187,0.666249692440033,0.7377507090568542,0.6484430432319641,0.6793793439865112,0.5788623094558716,0.679648220539093,0.49194782972335815,0.6786257028579712,0.4490154981613159,0.6695007085800171,0.4563974142074585,0.7261781692504883,0.5829111337661743,0.7540056109428406,0.47927743196487427,0.7404887080192566,0.43596938252449036,0.7200783491134644,0.43967798352241516,0.7625819444656372,0.6169454455375671,0.7630636692047119,0.5418882966041565,0.7344210147857666,0.5997939109802246,0.7180565595626831,0.652176022529602,0.7938520908355713,0.667143702507019,0.7681841254234314,0.6393001079559326,0.7439117431640625,0.6818481087684631,0.734754204750061,0.7161492705345154,ㅁ
0.734855055809021,0.8388156294822693,0.6855065822601318,0.7948096990585327,0.6614194512367249,0.7157142758369446,0.6873351335525513,0.6649311780929565,0.7354074120521545,0.6457873582839966,0.682893693447113,0.5798513889312744,0.6876004934310913,0.4939083158969879,0.6907017230987549,0.4490690231323242,0.6857038140296936,0.4465203285217285,0.7261486649513245,0.5844014286994934,0.7477404475212097,0.4774015247821808,0.7321157455444336,0.43392014503479004,0.71072918176651,0.4369358420372009,0.7613828182220459,0.6175082921981812,0.7596157193183899,0.5412225723266602,0.7337182760238647,0.5988200306892395,0.7194983959197998,0.6523373126983643,0.7925199866294861,0.6679598689079285,0.7699297070503235,0.6324033737182617,0.746973991394043,0.6747567653656006,0.7385610938072205,0.7106120586395264,ㅁ
0.7284989356994629,0.7605926990509033,0.6825364232063293,0.7321150898933411,0.6588431000709534,0.6699652671813965,0.6818700432777405,0.6254981756210327,0.7225229144096375,0.6028338670730591,0.6621432900428772,0.5416240692138672,0.6596674919128418,0.4594624638557434,0.6610919237136841,0.4239200949668884,0.661460816860199,0.43801817297935486,0.7021214365959167,0.5368280410766602,0.7120568156242371,0.43815475702285767,0.69893878698349,0.41073450446128845,0.6847333908081055,0.42851096391677856,0.7357683181762695,0.5598951578140259,0.7360219359397888,0.5039998888969421,0.7178806066513062,0.5577628016471863,0.7072339057922363,0.6043033003807068,0.7670071125030518,0.5983752608299255,0.7486428618431091,0.5960972905158997,0.7266170978546143,0.6287646889686584,0.7139826416969299,0.6495903730392456,ㅁ
0.7055619955062866,0.807346522808075,0.6629125475883484,0.7854949235916138,0.6350825428962708,0.7376543879508972,0.6498490571975708,0.6920194625854492,0.6845276951789856,0.6632377505302429,0.6271012425422668,0.6111738085746765,0.6201996803283691,0.5359385013580322,0.6174498796463013,0.5025288462638855,0.6169112920761108,0.5124609470367432,0.6636359095573425,0.6052073240280151,0.6623828411102295,0.5076562762260437,0.6472496390342712,0.48206090927124023,0.6362967491149902,0.49971210956573486,0.6974323987960815,0.6241858005523682,0.6960819959640503,0.5669128894805908,0.681290328502655,0.6144047975540161,0.6734300255775452,0.6597391366958618,0.728950023651123,0.657384991645813,0.7102779746055603,0.6503825783729553,0.6938609480857849,0.683194100856781,0.6865487694740295,0.7086616158485413,ㅁ
0.7003548741340637,0.8170537948608398,0.6562616229057312,0.8014742732048035,0.6289765238761902,0.757006824016571,0.6446314454078674,0.7143211364746094,0.6772484183311462,0.6847001314163208,0.6126457452774048,0.6349325180053711,0.5933866500854492,0.5677929520606995,0.5811787843704224,0.5327502489089966,0.5723828077316284,0.5368584990501404,0.6513970494270325,0.6240047812461853,0.6554818153381348,0.5335707068443298,0.637505292892456,0.5017897486686707,0.6214612722396851,0.505582332611084,0.686436653137207,0.6407052278518677,0.6835753321647644,0.5763746500015259,0.6693658828735352,0.6282848119735718,0.6618281006813049,0.6740338206291199,0.7188212275505066,0.671626091003418,0.7005423903465271,0.661755383014679,0.6845787763595581,0.6998406648635864,0.6769605875015259,0.727856457233429,ㅁ
0.7058266997337341,0.8183109760284424,0.6607560515403748,0.8001137971878052,0.6333752870559692,0.7574669122695923,0.6506661772727966,0.7193178534507751,0.6842590570449829,0.6904595494270325,0.6156806945800781,0.6244457960128784,0.5881019234657288,0.5713114142417908,0.572079062461853,0.5427515506744385,0.5575235486030579,0.5391538739204407,0.655851423740387,0.6162682175636292,0.6621731519699097,0.5333433747291565,0.651531457901001,0.4991675019264221,0.6406603455543518,0.4884085953235626,0.6922781467437744,0.6372647881507874,0.6929084062576294,0.5796964168548584,0.6785587668418884,0.632416307926178,0.6704109311103821,0.6751191020011902,0.7260847687721252,0.6739324331283569,0.7100412845611572,0.6593350768089294,0.694377601146698,0.6981927156448364,0.6864237189292908,0.7276187539100647,ㅁ
0.7159566879272461,0.8167827725410461,0.6706744432449341,0.7967658042907715,0.6476941108703613,0.7517583966255188,0.6645892262458801,0.7137185335159302,0.6963277459144592,0.6862888932228088,0.6305612325668335,0.6185972094535828,0.6047777533531189,0.5631594657897949,0.5900261998176575,0.5291948318481445,0.5788482427597046,0.5279427766799927,0.6707997918128967,0.6113989353179932,0.6790088415145874,0.529025673866272,0.6684997081756592,0.4942370653152466,0.6583776473999023,0.4885466694831848,0.705998957157135,0.6327090859413147,0.7118440866470337,0.5757143497467041,0.6961072087287903,0.6274131536483765,0.6859328150749207,0.6718975305557251,0.737449586391449,0.6696352958679199,0.7264229655265808,0.6517322063446045,0.7123099565505981,0.6898252964019775,0.7046762108802795,0.7204378247261047,ㅁ
0.7161688804626465,0.8179796934127808,0.67263263463974,0.801781952381134,0.6473053097724915,0.7611937522888184,0.663602352142334,0.7265351414680481,0.69554203748703,0.6978589296340942,0.6297534704208374,0.6281417012214661,0.5973644256591797,0.5721926689147949,0.5788704752922058,0.5416810512542725,0.565306544303894,0.5405786633491516,0.6697579026222229,0.618070125579834,0.6747597455978394,0.5342904329299927,0.6660950183868408,0.49728232622146606,0.6576298475265503,0.4850143790245056,0.7051330804824829,0.6375024318695068,0.7086405158042908,0.5846269130706787,0.6938417553901672,0.6359173059463501,0.6840898394584656,0.6782187223434448,0.736846923828125,0.6727085709571838,0.724838137626648,0.659481406211853,0.7100110650062561,0.6973395347595215,0.7009404301643372,0.7268492579460144,ㅁ
0.7178514003753662,0.8191664218902588,0.6727033257484436,0.8023868799209595,0.6463165879249573,0.7619187235832214,0.6605948209762573,0.7290705442428589,0.692029595375061,0.7012952566146851,0.6252597570419312,0.6293944716453552,0.5905009508132935,0.5790511965751648,0.5708969831466675,0.5494545102119446,0.5554676055908203,0.5461795926094055,0.6654784083366394,0.617935836315155,0.67139732837677,0.5321755409240723,0.6627971529960632,0.49480491876602173,0.6547973155975342,0.48419463634490967,0.7016302347183228,0.6368498206138611,0.7056119441986084,0.5843212008476257,0.6918156147003174,0.6367738246917725,0.6831298470497131,0.679441511631012,0.7344554662704468,0.6711083650588989,0.7210071086883545,0.6598554849624634,0.707133412361145,0.6979297995567322,0.6995391845703125,0.7270424365997314,ㅁ
0.7282574772834778,0.8088820576667786,0.6821014881134033,0.7914137244224548,0.6569129824638367,0.7495748400688171,0.6721811294555664,0.7156628966331482,0.7037241458892822,0.6887544393539429,0.6370484828948975,0.6152017712593079,0.6060331463813782,0.5604718327522278,0.5886783599853516,0.528363823890686,0.5748203992843628,0.5278010964393616,0.6775822639465332,0.6052539944648743,0.6835740208625793,0.5183709263801575,0.672519326210022,0.48265698552131653,0.6613144278526306,0.47697383165359497,0.7134464979171753,0.6248775720596313,0.7164666652679443,0.5694336295127869,0.7032762765884399,0.6182259917259216,0.694765031337738,0.6607170104980469,0.7454570531845093,0.6604949831962585,0.7343708872795105,0.6469769477844238,0.7204416394233704,0.6841548681259155,0.7124763131141663,0.7135818600654602,ㅁ
0.7381183505058289,0.813090980052948,0.6931219100952148,0.7934655547142029,0.6695168614387512,0.7439838647842407,0.6886691451072693,0.7059999704360962,0.7247744202613831,0.6807438731193542,0.6506617069244385,0.6136082410812378,0.6264976263046265,0.5413654446601868,0.6122236251831055,0.5030180215835571,0.6025643944740295,0.5078790783882141,0.692543625831604,0.6022255420684814,0.6969983577728271,0.5107927322387695,0.6838800311088562,0.47426673769950867,0.671769380569458,0.4755898714065552,0.7289616465568542,0.6203775405883789,0.7335560321807861,0.5550227165222168,0.7214489579200745,0.6071290373802185,0.7130132913589478,0.655856192111969,0.7618258595466614,0.6544374823570251,0.7518846988677979,0.646811306476593,0.737480103969574,0.684914767742157,0.7285997271537781,0.7148750424385071,ㅁ
0.7385450005531311,0.8117668628692627,0.6939584612846375,0.7928735613822937,0.6708928346633911,0.7445215582847595,0.6900106072425842,0.7056142687797546,0.7253550291061401,0.6781920790672302,0.6512337923049927,0.611675500869751,0.6351197957992554,0.5345770716667175,0.624760091304779,0.4970534145832062,0.6158202290534973,0.5060879588127136,0.6936342120170593,0.6012638807296753,0.7003892660140991,0.5036612749099731,0.6872244477272034,0.46989986300468445,0.6733459234237671,0.4783957004547119,0.7299981117248535,0.6190940737724304,0.7335805892944336,0.555026650428772,0.7227524518966675,0.6088829636573792,0.7139641642570496,0.6579278111457825,0.762749433517456,0.6519179344177246,0.7548093199729919,0.6416500806808472,0.7420191168785095,0.6817501187324524,0.7329051494598389,0.7122781276702881,ㅁ
0.744195282459259,0.812683641910553,0.6981906294822693,0.7925071716308594,0.6742638349533081,0.742887020111084,0.69405597448349,0.7050179839134216,0.7296841740608215,0.6788597106933594,0.6576513648033142,0.6071512699127197,0.6439054608345032,0.5312262177467346,0.6365740895271301,0.49290791153907776,0.6302292346954346,0.499410480260849,0.7003364562988281,0.5965577960014343,0.7068140506744385,0.5011473894119263,0.695253849029541,0.4683394730091095,0.6832078099250793,0.47762423753738403,0.7366311550140381,0.6151281595230103,0.7417399883270264,0.5536372661590576,0.7293699979782104,0.6079285144805908,0.7192907333374023,0.6574941277503967,0.7691890001296997,0.6491425633430481,0.7602951526641846,0.6485682129859924,0.7447522282600403,0.6882548928260803,0.7333523631095886,0.7173866033554077,ㅁ
0.7578572630882263,0.7850302457809448,0.7138137221336365,0.7601085305213928,0.6918894648551941,0.7088264226913452,0.7146716713905334,0.6683410406112671,0.7537931799888611,0.647835910320282,0.6890570521354675,0.5712178349494934,0.6843797564506531,0.49148333072662354,0.683062732219696,0.4534207582473755,0.6802734732627869,0.45810455083847046,0.7309549450874329,0.5656973123550415,0.7441257238388062,0.47292089462280273,0.7362626194953918,0.4436326026916504,0.7257042527198792,0.4532828629016876,0.7660856246948242,0.5901998281478882,0.7722359299659729,0.5327968597412109,0.7557299137115479,0.5840187072753906,0.7437204718589783,0.6315555572509766,0.7965648174285889,0.6307578682899475,0.7824980020523071,0.6341638565063477,0.7648820877075195,0.6672949194908142,0.7545424103736877,0.691731870174408,ㅁ
0.8008947372436523,0.7717856168746948,0.7498354315757751,0.729772686958313,0.7341709733009338,0.6578855514526367,0.7793472409248352,0.6133692264556885,0.8333098888397217,0.5969902276992798,0.7505857944488525,0.4947885572910309,0.7552164793014526,0.4078633785247803,0.7611939907073975,0.36112114787101746,0.7602391242980957,0.35427922010421753,0.8036513328552246,0.49761760234832764,0.8289778232574463,0.39936769008636475,0.8312937021255493,0.3551045060157776,0.8254690766334534,0.34685152769088745,0.8425872325897217,0.5338401198387146,0.8686686158180237,0.4580553472042084,0.8476266860961914,0.504342794418335,0.8287155628204346,0.5511425137519836,0.8738565444946289,0.5887309312820435,0.871049165725708,0.5771188735961914,0.8472294211387634,0.6116441488265991,0.8287298083305359,0.6404642462730408,ㅁ
0.6389455795288086,0.8181683421134949,0.5877280235290527,0.7863500714302063,0.5603158473968506,0.7275953888893127,0.5858794450759888,0.6910832524299622,0.6272728443145752,0.6722583174705505,0.5700235366821289,0.5703890323638916,0.5724738836288452,0.4883979260921478,0.570609450340271,0.44808104634284973,0.5634692907333374,0.4580882787704468,0.6156330108642578,0.5726019740104675,0.6397596597671509,0.4754611551761627,0.6261240839958191,0.43429309129714966,0.6082223653793335,0.4420333206653595,0.6515093445777893,0.6042657494544983,0.662488579750061,0.5451090335845947,0.6378583908081055,0.59917813539505,0.6202758550643921,0.6513957381248474,0.6815783977508545,0.6527343988418579,0.6679514646530151,0.6529945731163025,0.6421451568603516,0.6904987692832947,0.6250746846199036,0.718259334564209,ㅁ
0.6001102924346924,0.853400707244873,0.5585455298423767,0.8317273855209351,0.5286674499511719,0.7923435568809509,0.5387661457061768,0.7583686113357544,0.5711494088172913,0.733595609664917,0.5292998552322388,0.6636675596237183,0.5245248079299927,0.5866886377334595,0.5190157890319824,0.5630381107330322,0.5158137679100037,0.5760276913642883,0.5670360326766968,0.6603371500968933,0.5807619094848633,0.5626787543296814,0.562751054763794,0.542051374912262,0.5456912517547607,0.555870771408081,0.6008166074752808,0.6810289025306702,0.5945425033569336,0.6317518949508667,0.575933575630188,0.6800816059112549,0.5698142051696777,0.7216740250587463,0.6305096745491028,0.7177947759628296,0.6073850393295288,0.7148663997650146,0.5874833464622498,0.7507345676422119,0.5824006199836731,0.7755289673805237,ㅁ
0.6550217866897583,0.732843816280365,0.616611897945404,0.725121021270752,0.5964095592498779,0.6927756071090698,0.6111177206039429,0.6604692339897156,0.6370888352394104,0.6357613205909729,0.5760312676429749,0.5807292461395264,0.5543537139892578,0.5249273180961609,0.5487596988677979,0.4973556101322174,0.5496989488601685,0.4994313418865204,0.6087287068367004,0.5684649348258972,0.6094061732292175,0.49549201130867004,0.6008911728858948,0.4698546528816223,0.5949476957321167,0.469511479139328,0.6382330060005188,0.5824799537658691,0.6434891819953918,0.5373049378395081,0.6328606605529785,0.5740593075752258,0.6262890100479126,0.6078260540962219,0.6645118594169617,0.6111704111099243,0.6556078195571899,0.6189257502555847,0.6425963640213013,0.6451817750930786,0.6345142126083374,0.6643521785736084,ㅁ
0.8116561770439148,0.739885687828064,0.7681016325950623,0.7413488030433655,0.744301438331604,0.7052037715911865,0.7665821313858032,0.654660701751709,0.7982185482978821,0.6107796430587769,0.6817963123321533,0.5714719295501709,0.6397770643234253,0.5020656585693359,0.6266254186630249,0.46342581510543823,0.6297414898872375,0.4658532440662384,0.7235870957374573,0.5382851958274841,0.6984876990318298,0.4364123046398163,0.6899184584617615,0.40337780117988586,0.6913100481033325,0.41025203466415405,0.766913890838623,0.5437502264976501,0.7699010968208313,0.47291475534439087,0.7764664888381958,0.5247054696083069,0.7790905833244324,0.5748099088668823,0.8105377554893494,0.5684282779693604,0.8141569495201111,0.5699701905250549,0.8108511567115784,0.6125404834747314,0.8052904009819031,0.6477217674255371,ㅁ
0.9137169718742371,0.7461751699447632,0.8687010407447815,0.7588486075401306,0.8380098342895508,0.726122260093689,0.8610833287239075,0.6614124774932861,0.8910053372383118,0.6004075407981873,0.7516652941703796,0.5943687558174133,0.692575991153717,0.531947135925293,0.6688622236251831,0.49380362033843994,0.6683021783828735,0.4882583022117615,0.7911251187324524,0.5426555275917053,0.7461941838264465,0.4412733018398285,0.7314911484718323,0.40493786334991455,0.7310912013053894,0.4012851417064667,0.8388399481773376,0.5339430570602417,0.8367241024971008,0.4530929923057556,0.8559014201164246,0.5182760953903198,0.8678768277168274,0.5788745284080505,0.8931460380554199,0.5463857054710388,0.9059816598892212,0.553180456161499,0.9077627658843994,0.6092906594276428,0.9036124348640442,0.6562375426292419,ㅁ
0.8844740390777588,0.796673059463501,0.8340712785720825,0.8107842206954956,0.7993424534797668,0.7783020734786987,0.8236119151115417,0.7204772233963013,0.8598235249519348,0.6669833064079285,0.7105417251586914,0.6532061696052551,0.6490656137466431,0.5838280916213989,0.6229710578918457,0.5563087463378906,0.6255565881729126,0.5719673037528992,0.7523905634880066,0.6012141108512878,0.7098780870437622,0.49414950609207153,0.6873142719268799,0.4654548764228821,0.6828219294548035,0.4733106195926666,0.803123950958252,0.5883700847625732,0.7925213575363159,0.510672926902771,0.8091492652893066,0.576969563961029,0.8228562474250793,0.6374140381813049,0.857189416885376,0.5962040424346924,0.8628262281417847,0.6159619688987732,0.8659149408340454,0.6748394966125488,0.8676111698150635,0.7171931266784668,ㅁ
0.8485133647918701,0.7746758460998535,0.7932115793228149,0.7654275894165039,0.757739782333374,0.709867537021637,0.7815744280815125,0.6467840075492859,0.8216782212257385,0.599624752998352,0.7078171968460083,0.5582180023193359,0.6672674417495728,0.4812209904193878,0.6497843265533447,0.44014772772789,0.6448434591293335,0.43760693073272705,0.757946252822876,0.5248294472694397,0.7402005791664124,0.4162176251411438,0.7230209112167358,0.37314361333847046,0.7126271724700928,0.36649495363235474,0.8070434331893921,0.5311780571937561,0.8037558794021606,0.441418319940567,0.8009275794029236,0.5016628503799438,0.7991374135017395,0.5601105093955994,0.8548401594161987,0.5603774189949036,0.8464831709861755,0.5491104125976562,0.8380712270736694,0.599575400352478,0.8319883942604065,0.6405147314071655,ㅁ
0.7627547383308411,0.7653509378433228,0.7053667902946472,0.7308110594749451,0.6755996942520142,0.665910005569458,0.701240599155426,0.6212899684906006,0.7466446161270142,0.5966621041297913,0.6806094646453857,0.49782103300094604,0.6669492721557617,0.4041876196861267,0.6542627215385437,0.3581264019012451,0.6417843103408813,0.3684406876564026,0.7340242862701416,0.4993322789669037,0.7564994692802429,0.3883879482746124,0.7409707307815552,0.3403806686401367,0.7224406003952026,0.3350422978401184,0.7771545648574829,0.535371720790863,0.7864480018615723,0.4511454403400421,0.7600945234298706,0.5080538988113403,0.7416333556175232,0.562067985534668,0.8125076293945312,0.5896099209785461,0.7930057048797607,0.5708699822425842,0.7683013677597046,0.6144902110099792,0.7546365857124329,0.6495105624198914,ㅁ
0.710564911365509,0.7967239618301392,0.664395809173584,0.7397556304931641,0.6508153676986694,0.6588899493217468,0.6830712556838989,0.6200336217880249,0.7319212555885315,0.6103818416595459,0.6993223428726196,0.504422128200531,0.7082624435424805,0.41523194313049316,0.7106917500495911,0.36948198080062866,0.6988653540611267,0.36995989084243774,0.7481568455696106,0.5274403095245361,0.7989930510520935,0.4305262565612793,0.7943392992019653,0.3785933256149292,0.7755568027496338,0.36717748641967773,0.7792086601257324,0.577380895614624,0.8049760460853577,0.49644768238067627,0.7624538540840149,0.5412659645080566,0.7318468689918518,0.5869307518005371,0.7997178435325623,0.641610324382782,0.7794678211212158,0.6091947555541992,0.7452839612960815,0.6453278064727783,0.7276962995529175,0.6773090362548828,ㅁ
0.6592482328414917,0.8094932436943054,0.6244422793388367,0.7394280433654785,0.6278266310691833,0.6574675440788269,0.6652539372444153,0.6294965744018555,0.7124678492546082,0.6358975172042847,0.7062522768974304,0.5252683758735657,0.7356524467468262,0.44319623708724976,0.7485035061836243,0.39915066957473755,0.7385555505752563,0.39388519525527954,0.7477538585662842,0.5669397711753845,0.8172701597213745,0.4945540130138397,0.826683759689331,0.4439012110233307,0.8140732049942017,0.42633700370788574,0.7658466696739197,0.6279568076133728,0.8069849014282227,0.5617303848266602,0.7574182152748108,0.593562662601471,0.7185898423194885,0.6270317435264587,0.7699162364006042,0.6971844434738159,0.7595887780189514,0.6583108305931091,0.7202515006065369,0.68071448802948,0.6952318549156189,0.7044353485107422,ㅁ
0.6658129692077637,0.8258335590362549,0.6381396055221558,0.7544978260993958,0.6457109451293945,0.6689028143882751,0.6886676549911499,0.6499991416931152,0.7373371124267578,0.6665136814117432,0.7510494589805603,0.5456869602203369,0.797119140625,0.4653843641281128,0.8163144588470459,0.4235175848007202,0.8063719868659973,0.41359570622444153,0.7912406325340271,0.5940360426902771,0.8746820688247681,0.5326290726661682,0.8921703100204468,0.48816239833831787,0.882981538772583,0.4645434319972992,0.8052226901054382,0.6595187187194824,0.8498779535293579,0.608833372592926,0.7970221638679504,0.6311647295951843,0.7533585429191589,0.6537448167800903,0.8030972480773926,0.7328336238861084,0.7906369566917419,0.7039796710014343,0.7475212812423706,0.7203844785690308,0.7193652391433716,0.7361892461776733,ㅁ
0.6745429039001465,0.7855650782585144,0.6467142701148987,0.7060515880584717,0.6580197215080261,0.624020516872406,0.7004740834236145,0.5990120768547058,0.7487697601318359,0.6034291386604309,0.7502360343933105,0.5097740888595581,0.7876483798027039,0.43652546405792236,0.8108300566673279,0.3955117464065552,0.8104684352874756,0.3762545585632324,0.790472149848938,0.5526328682899475,0.875300407409668,0.4920855760574341,0.8904501795768738,0.4396839439868927,0.8784555792808533,0.4131316542625427,0.8052951097488403,0.6131249070167542,0.8527130484580994,0.548814594745636,0.7959432601928711,0.5659374594688416,0.7525105476379395,0.5921539068222046,0.8052648901939392,0.685499370098114,0.7990623712539673,0.640119731426239,0.7558768391609192,0.6530711054801941,0.7293428182601929,0.6746233105659485,ㅁ
0.7467687726020813,0.7617944478988647,0.6956023573875427,0.7113927602767944,0.6793217062950134,0.6319329142570496,0.7272676229476929,0.5947273373603821,0.782606840133667,0.586134672164917,0.7126138210296631,0.46608325839042664,0.7168958187103271,0.37561798095703125,0.7202517986297607,0.3259392976760864,0.7175581455230713,0.2983638048171997,0.768280565738678,0.4772827923297882,0.8011332750320435,0.3811767101287842,0.813919723033905,0.3282512426376343,0.818015992641449,0.2979891300201416,0.8063228130340576,0.5221289396286011,0.8412784934043884,0.4510268568992615,0.8156552910804749,0.49484410881996155,0.7926429510116577,0.5377142429351807,0.8337120413780212,0.5872320532798767,0.8335221409797668,0.5673028826713562,0.8061419725418091,0.5976794362068176,0.7843547463417053,0.6268170475959778,ㅁ
0.6900456547737122,0.8234864473342896,0.647711992263794,0.7881781458854675,0.6330548524856567,0.7295722961425781,0.6611785888671875,0.6991280913352966,0.701460599899292,0.6879772543907166,0.6379058361053467,0.5837082862854004,0.6337629556655884,0.5081360340118408,0.6332906484603882,0.4649357497692108,0.6284928917884827,0.4533883333206177,0.6838975548744202,0.5876896977424622,0.7109776735305786,0.5005001425743103,0.7123084664344788,0.45810553431510925,0.7079120874404907,0.445019006729126,0.71860671043396,0.6201910972595215,0.7386667132377625,0.5617461800575256,0.7159701585769653,0.6094750761985779,0.6991649270057678,0.6520009636878967,0.7472391724586487,0.6681882739067078,0.7359901070594788,0.6673754453659058,0.7152260541915894,0.7004243731498718,0.7036255598068237,0.7253325581550598,ㅁ
0.6748440265655518,0.8074786067008972,0.6338192224502563,0.788058876991272,0.6157740354537964,0.7353206276893616,0.6348921060562134,0.6968507170677185,0.6608467698097229,0.67612224817276,0.604594349861145,0.6119053363800049,0.5932457447052002,0.5468407869338989,0.5881341695785522,0.5148419141769409,0.5838738679885864,0.5171448588371277,0.6438818573951721,0.6077388525009155,0.655514657497406,0.5289584398269653,0.6492429971694946,0.49928680062294006,0.6412791013717651,0.49681735038757324,0.6761002540588379,0.6298343539237976,0.6813657879829407,0.5679863691329956,0.6661601662635803,0.6155785918235779,0.6562336683273315,0.656300961971283,0.7038387656211853,0.6660807132720947,0.6884834170341492,0.6617580056190491,0.6725310683250427,0.6962528228759766,0.6653279066085815,0.7204814553260803,ㅁ
0.6955775022506714,0.6219826936721802,0.6597479581832886,0.6144376993179321,0.639534592628479,0.5774840712547302,0.6568419337272644,0.5261228084564209,0.6803499460220337,0.4870004653930664,0.5970830917358398,0.4764796793460846,0.5678550004959106,0.4256947338581085,0.556873083114624,0.39156636595726013,0.5535218715667725,0.37499645352363586,0.6298640966415405,0.45074227452278137,0.6148816347122192,0.37880468368530273,0.6087445020675659,0.3419167995452881,0.6066877245903015,0.32790595293045044,0.6623322367668152,0.45409321784973145,0.6620557904243469,0.3870335817337036,0.6653337478637695,0.4080982208251953,0.6675674915313721,0.4384355843067169,0.6944819092750549,0.47578197717666626,0.6939181089401245,0.45311662554740906,0.6897763609886169,0.47735360264778137,0.6852220296859741,0.5061231255531311,ㅁ
0.7064753174781799,0.6439263224601746,0.6698651313781738,0.6460686326026917,0.6481212973594666,0.6120472550392151,0.6670697927474976,0.5625671744346619,0.6892751455307007,0.5214275121688843,0.5941605567932129,0.49294790625572205,0.5628989338874817,0.44257402420043945,0.5488718152046204,0.4044065475463867,0.5404806137084961,0.3832041621208191,0.6310147047042847,0.46010640263557434,0.6156337857246399,0.3771442472934723,0.6098042726516724,0.33629488945007324,0.6082001328468323,0.32275307178497314,0.6678891777992249,0.46299925446510315,0.67081618309021,0.39583975076675415,0.677560031414032,0.4257449507713318,0.6825560331344604,0.4592556357383728,0.7060976624488831,0.48587891459465027,0.7089283466339111,0.4782794415950775,0.7050416469573975,0.5156028866767883,0.7003938555717468,0.5506558418273926,ㅁ
0.7067669034004211,0.6884138584136963,0.6708604097366333,0.6972951889038086,0.6461168527603149,0.6689056158065796,0.6644812822341919,0.6157458424568176,0.6900765299797058,0.5681694746017456,0.5767136216163635,0.5565171837806702,0.5317035913467407,0.5080377459526062,0.5076524019241333,0.47675609588623047,0.495484858751297,0.4650595486164093,0.6093337535858154,0.5148853659629822,0.5763245820999146,0.43132907152175903,0.5624478459358215,0.3930736780166626,0.5579864978790283,0.3807222247123718,0.6485363245010376,0.5088988542556763,0.6440083384513855,0.4363248944282532,0.6563270688056946,0.4837530553340912,0.6652779579162598,0.5301921963691711,0.6921015977859497,0.521443784236908,0.6971789002418518,0.5124781727790833,0.700180172920227,0.5565000176429749,0.7012225389480591,0.595878005027771,ㅁ
0.7507156133651733,0.652080774307251,0.7110031843185425,0.6502916812896729,0.6873782277107239,0.6131759881973267,0.7048464417457581,0.5557217597961426,0.731124997138977,0.5070683360099792,0.6223810315132141,0.4966789484024048,0.5809303522109985,0.4425676167011261,0.5629844665527344,0.402711421251297,0.5571213960647583,0.38009384274482727,0.6584994196891785,0.4573519229888916,0.6290760636329651,0.37260812520980835,0.6199799180030823,0.33068105578422546,0.6198247075080872,0.3150523602962494,0.6998040676116943,0.4553048312664032,0.6973515748977661,0.38006001710891724,0.7073991894721985,0.4213177561759949,0.7141420841217041,0.4661083519458771,0.744972825050354,0.47358861565589905,0.7501344680786133,0.4617331624031067,0.7468626499176025,0.50066077709198,0.7413874864578247,0.5383524298667908,ㅁ
0.7614738941192627,0.6619159579277039,0.7145748138427734,0.6419810056686401,0.6912956833839417,0.5872684121131897,0.7167631983757019,0.5316157341003418,0.7530035972595215,0.49064698815345764,0.6572988629341125,0.4516662657260895,0.6302595734596252,0.38381630182266235,0.6185665130615234,0.3384886384010315,0.6115068793296814,0.3187600374221802,0.7026455402374268,0.42881491780281067,0.6965988874435425,0.3373033404350281,0.6900891065597534,0.2926875352859497,0.6840352416038513,0.2768806219100952,0.7435693740844727,0.4418540298938751,0.7488585710525513,0.3592062294483185,0.7476962208747864,0.39911165833473206,0.7449787259101868,0.44317448139190674,0.7825438976287842,0.4758736789226532,0.7825431227684021,0.455292284488678,0.7731611728668213,0.4934961795806885,0.7642288208007812,0.5297556519508362,ㅁ
0.7645017504692078,0.7148805856704712,0.7164827585220337,0.6671199798583984,0.7034690380096436,0.5928987264633179,0.7433202862739563,0.5510478019714355,0.7889920473098755,0.5292794704437256,0.7198358178138733,0.4533170163631439,0.7114981412887573,0.37693530321121216,0.7107304930686951,0.3323790729045868,0.7068663835525513,0.30892467498779297,0.768502414226532,0.4552891254425049,0.7920151948928833,0.36126166582107544,0.794974684715271,0.31425923109054565,0.7916473150253296,0.2905336022377014,0.8043927550315857,0.4887144863605499,0.8305026292800903,0.4055889844894409,0.8106544613838196,0.4457516670227051,0.7931665182113647,0.4883558750152588,0.8326508402824402,0.5427740812301636,0.8369780778884888,0.5085796117782593,0.8141897916793823,0.5418160557746887,0.7950772643089294,0.5764754414558411,ㅁ
0.7816861867904663,0.6853280067443848,0.7339507937431335,0.637909471988678,0.7232844829559326,0.562996506690979,0.7660537958145142,0.5166557431221008,0.8108201622962952,0.493624746799469,0.7376713752746582,0.4277782738208771,0.7333353757858276,0.3500688970088959,0.7332218885421753,0.3020017743110657,0.729102373123169,0.27822017669677734,0.7874388098716736,0.42885562777519226,0.8122963309288025,0.33614686131477356,0.8180949687957764,0.2868746221065521,0.8168121576309204,0.26578739285469055,0.8240405321121216,0.4612846076488495,0.8533821105957031,0.37900006771087646,0.839166522026062,0.4055384695529938,0.8246392607688904,0.44101792573928833,0.851638674736023,0.5142863392829895,0.8554078340530396,0.4792844355106354,0.8362761735916138,0.50700843334198,0.8203176856040955,0.5389665365219116,ㅁ
0.7759480476379395,0.8393672108650208,0.7293484210968018,0.7998130917549133,0.7128822803497314,0.7326840758323669,0.7477553486824036,0.70406574010849,0.7903027534484863,0.6927068829536438,0.7323894500732422,0.5713493227958679,0.7334084510803223,0.482666552066803,0.7305510640144348,0.43359318375587463,0.7202589511871338,0.41965198516845703,0.7837468981742859,0.5820770859718323,0.8197293877601624,0.4878374934196472,0.8221024870872498,0.44144243001937866,0.8155460953712463,0.4236522614955902,0.8200733661651611,0.6231757402420044,0.8455038070678711,0.5643988251686096,0.8179223537445068,0.6128628253936768,0.7960551977157593,0.6538882851600647,0.8462240695953369,0.680783212184906,0.8359505534172058,0.6804342269897461,0.8083742260932922,0.717185914516449,0.7910355925559998,0.7418976426124573,ㅁ
0.6597180366516113,0.9006228446960449,0.6074473857879639,0.8606535196304321,0.5820170640945435,0.8019784092903137,0.6019546985626221,0.7657287120819092,0.6414142847061157,0.7521734237670898,0.5986084938049316,0.6253215670585632,0.5866672992706299,0.5330624580383301,0.5850245356559753,0.4924851953983307,0.57561856508255,0.5073066353797913,0.6505119800567627,0.6361966133117676,0.6887475252151489,0.5242836475372314,0.6763298511505127,0.48829030990600586,0.6514950394630432,0.5087115168571472,0.687040388584137,0.6794601678848267,0.700795590877533,0.6143152713775635,0.6642631888389587,0.6615396738052368,0.6374658942222595,0.7091794610023499,0.713949978351593,0.7394089102745056,0.6904253363609314,0.730337381362915,0.659074604511261,0.7652814388275146,0.6403656601905823,0.7940806746482849,ㅁ
0.6088038682937622,0.899619460105896,0.5529499053955078,0.8728220462799072,0.5092898607254028,0.8148934245109558,0.5190171003341675,0.7694149017333984,0.5668438076972961,0.75037682056427,0.5245245099067688,0.6273559927940369,0.5207235813140869,0.5273129940032959,0.5140932202339172,0.49108731746673584,0.508581280708313,0.5186171531677246,0.5751280188560486,0.6284794807434082,0.599220335483551,0.5080719590187073,0.5728170871734619,0.4767512083053589,0.5472863912582397,0.5078948736190796,0.6155530214309692,0.6635582447052002,0.6175710558891296,0.5970033407211304,0.5866971015930176,0.661250114440918,0.5702381730079651,0.7240344882011414,0.6492307186126709,0.7187783718109131,0.6187809109687805,0.7230661511421204,0.5915979146957397,0.7729946374893188,0.581467866897583,0.8099911212921143,ㅁ
0.626169741153717,0.8961151838302612,0.5663713216781616,0.860848069190979,0.5241180062294006,0.7974166870117188,0.5373221635818481,0.7554770708084106,0.5842987298965454,0.7343622446060181,0.5371978282928467,0.6128684878349304,0.5318634510040283,0.5195540189743042,0.52825927734375,0.4823529124259949,0.5246657729148865,0.5072628855705261,0.588728129863739,0.6086879968643188,0.6099998950958252,0.49631261825561523,0.5872859358787537,0.4636136591434479,0.564963698387146,0.49450135231018066,0.6305859684944153,0.6399564743041992,0.6319586038589478,0.5847444534301758,0.6034873127937317,0.6448968648910522,0.5866777300834656,0.7084442973136902,0.6638255715370178,0.6927861571311951,0.6319724321365356,0.7140499353408813,0.6046904921531677,0.7590755820274353,0.5927602052688599,0.7925873398780823,ㅁ
0.6702813506126404,0.8416765332221985,0.614841639995575,0.8053924441337585,0.5910047292709351,0.7435803413391113,0.6210390329360962,0.7053909301757812,0.6627147197723389,0.6834815740585327,0.6012199521064758,0.5581650137901306,0.6017594337463379,0.45490074157714844,0.5979942679405212,0.41195839643478394,0.5874425172805786,0.4314838647842407,0.6567655205726624,0.5641441941261292,0.6898912191390991,0.4458662271499634,0.676990807056427,0.40267878770828247,0.6562564969062805,0.4166322350502014,0.6983269453048706,0.6033802628517151,0.7181378602981567,0.5352373123168945,0.6883347034454346,0.589609682559967,0.6649070978164673,0.6456091403961182,0.7299026250839233,0.6605365872383118,0.7126641273498535,0.6644725203514099,0.6842643618583679,0.7062005996704102,0.6660135388374329,0.7380602955818176,ㅁ
0.7093191742897034,0.7527053356170654,0.6588419079780579,0.7237890958786011,0.636665940284729,0.661877453327179,0.6675574779510498,0.615718424320221,0.7121097445487976,0.5876689553260803,0.6248444318771362,0.4976857602596283,0.6144054532051086,0.4027059078216553,0.6153615713119507,0.3592585325241089,0.6150894165039062,0.3708617091178894,0.6768630146980286,0.4920167922973633,0.6918638944625854,0.37892046570777893,0.6873231530189514,0.3392874598503113,0.6782465577125549,0.350813627243042,0.718245804309845,0.5218668580055237,0.7366708517074585,0.4453064203262329,0.7208544015884399,0.4974254071712494,0.7050294876098633,0.5514388084411621,0.7531082630157471,0.571045994758606,0.7503330707550049,0.5569550395011902,0.7315980792045593,0.5948995351791382,0.7154861092567444,0.62872713804245,ㅁ
0.7606750726699829,0.6889258623123169,0.7227036952972412,0.700465738773346,0.7010738253593445,0.6790064573287964,0.7278063297271729,0.6241708993911743,0.762312650680542,0.5708561539649963,0.6317437887191772,0.5459896922111511,0.5860211849212646,0.4722425043582916,0.5794501900672913,0.43672218918800354,0.5955483913421631,0.4499504864215851,0.6699166297912598,0.5065443515777588,0.6315667033195496,0.403276264667511,0.6323014497756958,0.382623553276062,0.6464358568191528,0.40763601660728455,0.7127888798713684,0.5071427226066589,0.7234797477722168,0.44123321771621704,0.7347448468208313,0.49652525782585144,0.7354602813720703,0.5518027544021606,0.7574066519737244,0.5277411341667175,0.7734615206718445,0.5327484607696533,0.7699949145317078,0.5778701901435852,0.7581197619438171,0.6197022199630737,ㅁ
0.7630914449691772,0.7233729362487793,0.7286518812179565,0.7478559017181396,0.7068161368370056,0.7323926091194153,0.7267886996269226,0.6803524494171143,0.7508425712585449,0.6315405964851379,0.624241054058075,0.6314103603363037,0.5698487162590027,0.5695071220397949,0.5622999668121338,0.5448936223983765,0.580662727355957,0.5644716620445251,0.6540403366088867,0.5807037949562073,0.6019274592399597,0.49042800068855286,0.6010721921920776,0.4746430516242981,0.6172146797180176,0.49881482124328613,0.6942419409751892,0.5655058026313782,0.6932429075241089,0.5009525418281555,0.7129685878753662,0.5470005869865417,0.7217218279838562,0.5955404043197632,0.7379782795906067,0.5702685713768005,0.7552754878997803,0.5728391408920288,0.7616123557090759,0.6147794127464294,0.7594294548034668,0.6527240872383118,ㅁ
0.7473650574684143,0.6726215481758118,0.702524721622467,0.6684433221817017,0.6749922037124634,0.6297594308853149,0.69022536277771,0.5747895836830139,0.7194737195968628,0.5303364992141724,0.6284000873565674,0.49833357334136963,0.6001977324485779,0.4260638952255249,0.5907506942749023,0.3835817873477936,0.5965395569801331,0.3797178864479065,0.6670644879341125,0.4741210341453552,0.6480402946472168,0.37748807668685913,0.6397197246551514,0.3468932509422302,0.6408185958862305,0.3523396849632263,0.7076871991157532,0.48316627740859985,0.7038640975952148,0.40511658787727356,0.7086336612701416,0.4421998858451843,0.7113906145095825,0.4863194227218628,0.7479327917098999,0.5096930861473083,0.7447880506515503,0.4817614257335663,0.7397260069847107,0.5153427720069885,0.7328895330429077,0.5528959631919861,ㅁ
0.7411003708839417,0.682020902633667,0.689995527267456,0.6500680446624756,0.6667131185531616,0.5876182913780212,0.6914994716644287,0.5387800335884094,0.7316498756408691,0.5077817440032959,0.6762127876281738,0.4293883442878723,0.6699490547180176,0.3464256227016449,0.6688748598098755,0.3041163384914398,0.6645941734313965,0.3120982348918915,0.7236699461936951,0.43080681562423706,0.7451807260513306,0.3249706029891968,0.7347633838653564,0.2873234152793884,0.7198639512062073,0.29606932401657104,0.7604525685310364,0.46497297286987305,0.7720113396644592,0.3901926577091217,0.7479075789451599,0.4398611783981323,0.730197012424469,0.48883256316185,0.7902448177337646,0.5174806118011475,0.7790898680686951,0.4893515110015869,0.7564064264297485,0.5282400846481323,0.7408372759819031,0.5628759264945984,ㅁ
0.28123483061790466,0.7450896501541138,0.33079224824905396,0.7288495302200317,0.361458957195282,0.6718167066574097,0.3378669321537018,0.6156500577926636,0.3048340380191803,0.5737355947494507,0.37818974256515503,0.552091121673584,0.3904336988925934,0.4730001986026764,0.3979705572128296,0.4456827938556671,0.3919011056423187,0.4560326933860779,0.3441642224788666,0.5335984826087952,0.36741676926612854,0.44009917974472046,0.3780508041381836,0.4177663028240204,0.3776601552963257,0.4296531677246094,0.3086324632167816,0.5446840524673462,0.31027281284332275,0.47901976108551025,0.3103973865509033,0.5347461700439453,0.31160518527030945,0.5851649641990662,0.27401280403137207,0.5760834217071533,0.2762618362903595,0.5526486039161682,0.2821071445941925,0.5927737355232239,0.28801673650741577,0.6288741230964661,ㅁ
0.2710679769515991,0.6965523958206177,0.3180277645587921,0.6764589548110962,0.3435862362384796,0.618206262588501,0.3236183822154999,0.5570085048675537,0.29850077629089355,0.5131202340126038,0.37373432517051697,0.5185838937759399,0.3903753161430359,0.4474325180053711,0.3969005048274994,0.4219595789909363,0.39003992080688477,0.4297279715538025,0.34273970127105713,0.4961426854133606,0.37404951453208923,0.4118443727493286,0.3798682689666748,0.3883157968521118,0.375247061252594,0.3986979126930237,0.30641692876815796,0.5014505386352539,0.3154030740261078,0.4248635470867157,0.3080502450466156,0.46650031208992004,0.3045278489589691,0.5136239528656006,0.26926854252815247,0.5253980159759521,0.2728961706161499,0.4886389374732971,0.27513858675956726,0.5202370882034302,0.2788115441799164,0.5554457902908325,ㅁ
0.27112507820129395,0.697126567363739,0.3189428448677063,0.6932002902030945,0.35414114594459534,0.6502907276153564,0.33963143825531006,0.5855594873428345,0.32207801938056946,0.5384367108345032,0.3897288739681244,0.5438641905784607,0.41746336221694946,0.47735846042633057,0.4277772903442383,0.45934349298477173,0.41866251826286316,0.4744580388069153,0.3606841564178467,0.5153483748435974,0.40202194452285767,0.4230581820011139,0.4088553488254547,0.416835755109787,0.40076944231987,0.440786212682724,0.3244391679763794,0.5128282308578491,0.345956027507782,0.4392916262149811,0.331147700548172,0.4859742224216461,0.31958112120628357,0.5263421535491943,0.2841184139251709,0.5302940607070923,0.29408514499664307,0.49460798501968384,0.29164591431617737,0.5341389775276184,0.28879040479660034,0.5697640776634216,ㅁ
0.26706570386886597,0.7150713205337524,0.3151731789112091,0.7103320360183716,0.34884798526763916,0.665549099445343,0.3375791013240814,0.6002742648124695,0.3224494159221649,0.5515626072883606,0.39005762338638306,0.5680534839630127,0.4197424054145813,0.5051636695861816,0.4292261600494385,0.4879019856452942,0.42128005623817444,0.4994950592517853,0.3631771504878998,0.5363924503326416,0.4058297276496887,0.45565763115882874,0.4132370948791504,0.44450998306274414,0.4064788818359375,0.4593362808227539,0.32706817984580994,0.5300847887992859,0.3487868010997772,0.454395592212677,0.3348798453807831,0.4977048933506012,0.3240113854408264,0.5391868948936462,0.2860267162322998,0.5437582731246948,0.2955945134162903,0.5068780779838562,0.29223039746284485,0.5443548560142517,0.28893035650253296,0.5809778571128845,ㅁ
0.26550233364105225,0.731131374835968,0.3138402998447418,0.7179440259933472,0.34572428464889526,0.6656294465065002,0.3323599100112915,0.5982070565223694,0.3149212896823883,0.5440133213996887,0.38756120204925537,0.5784114003181458,0.43111652135849,0.5186864137649536,0.4440261423587799,0.49186399579048157,0.4390498101711273,0.4958885908126831,0.3550640344619751,0.5506700873374939,0.3850695490837097,0.4588107466697693,0.39130470156669617,0.44291844964027405,0.3867955207824707,0.45589298009872437,0.31899508833885193,0.5486154556274414,0.3148763179779053,0.5207585096359253,0.3094618320465088,0.573306143283844,0.30743592977523804,0.6126999855041504,0.283473402261734,0.559697151184082,0.2835002839565277,0.5417137145996094,0.28170573711395264,0.5849534273147583,0.2842119336128235,0.6177979707717896,ㅁ
0.2664183974266052,0.7276538610458374,0.30929550528526306,0.7141091227531433,0.33856672048568726,0.6567051410675049,0.3248036801815033,0.5870593786239624,0.30537307262420654,0.5323910117149353,0.3829077482223511,0.573613166809082,0.42146629095077515,0.5135748982429504,0.4329795241355896,0.48668283224105835,0.42573803663253784,0.4908803403377533,0.3498494327068329,0.5456185340881348,0.3744960427284241,0.45820093154907227,0.38406679034233093,0.43282371759414673,0.38283950090408325,0.4358048439025879,0.3134782314300537,0.5471460223197937,0.31475135684013367,0.5045376420021057,0.3112562298774719,0.5538415908813477,0.30927491188049316,0.5954283475875854,0.2789306938648224,0.565110981464386,0.28221946954727173,0.5447647571563721,0.2813594341278076,0.5836169123649597,0.28373873233795166,0.6148319840431213,ㅁ
0.2592787742614746,0.738355278968811,0.3001348376274109,0.7163040637969971,0.3235880136489868,0.6523596048355103,0.3052040636539459,0.5820201635360718,0.28709810972213745,0.5268748998641968,0.36684224009513855,0.5645514726638794,0.4095582365989685,0.5036076307296753,0.4185786843299866,0.47395312786102295,0.4067821204662323,0.4794911742210388,0.32958996295928955,0.5424667596817017,0.34505054354667664,0.445583701133728,0.3513416647911072,0.4238632917404175,0.3473876118659973,0.432573527097702,0.2912122309207916,0.5504095554351807,0.2849545478820801,0.5178365707397461,0.28692036867141724,0.5681508183479309,0.28845369815826416,0.6051313281059265,0.2578463554382324,0.5730371475219727,0.25686219334602356,0.5602359175682068,0.25738635659217834,0.5991432070732117,0.26006922125816345,0.6245869398117065,ㅁ
0.25671032071113586,0.7464097142219543,0.300706148147583,0.7149196863174438,0.31839191913604736,0.6404726505279541,0.29087910056114197,0.5730259418487549,0.26193302869796753,0.5238217115402222,0.34524834156036377,0.5398747324943542,0.37447506189346313,0.4643270969390869,0.3765190541744232,0.43184003233909607,0.3650358319282532,0.4429231584072113,0.30172836780548096,0.531008243560791,0.29862886667251587,0.4269302487373352,0.30041778087615967,0.4018976092338562,0.2974049150943756,0.4157923460006714,0.26321274042129517,0.5524649024009705,0.2585202753543854,0.513698399066925,0.2687509059906006,0.5649479627609253,0.2746395468711853,0.6068199872970581,0.23148588836193085,0.5880439281463623,0.23677758872509003,0.5696069002151489,0.24511271715164185,0.6118383407592773,0.25111907720565796,0.6434367299079895,ㅁ
0.24521048367023468,0.7322169542312622,0.2834433615207672,0.6912859082221985,0.28765055537223816,0.6176578998565674,0.24989892542362213,0.5558142066001892,0.21496246755123138,0.5101127624511719,0.3040575087070465,0.5081323385238647,0.318360298871994,0.42967894673347473,0.3137620985507965,0.397516131401062,0.3050117492675781,0.41011711955070496,0.2590371072292328,0.5107412934303284,0.2391221523284912,0.413724422454834,0.23487317562103271,0.3892287611961365,0.23472760617733002,0.4033675789833069,0.22451278567314148,0.5429347157478333,0.20987391471862793,0.503198504447937,0.22527524828910828,0.552129864692688,0.23904016613960266,0.592960774898529,0.1993062049150467,0.5887754559516907,0.1963636428117752,0.5609411597251892,0.21059556305408478,0.600898027420044,0.2241206020116806,0.6328415870666504,ㅁ
0.2216556817293167,0.6916449666023254,0.2630937099456787,0.6505079865455627,0.2721041440963745,0.5767722129821777,0.23835763335227966,0.5117517709732056,0.2048533409833908,0.46575045585632324,0.29751622676849365,0.47685888409614563,0.31453603506088257,0.4023872911930084,0.3134867548942566,0.36568683385849,0.30602675676345825,0.3721531629562378,0.25422993302345276,0.475464791059494,0.24295508861541748,0.3784394860267639,0.24008506536483765,0.35005414485931396,0.2368917018175125,0.359640896320343,0.21789196133613586,0.5023085474967957,0.2075193077325821,0.45333585143089294,0.21676138043403625,0.4996514916419983,0.223602294921875,0.5411475300788879,0.18861980736255646,0.5436440110206604,0.18780454993247986,0.5095847845077515,0.19703464210033417,0.5489720702171326,0.20418395102024078,0.582552969455719,ㅁ
0.21464291214942932,0.6788454651832581,0.2661248743534088,0.6549442410469055,0.29298508167266846,0.5939455032348633,0.27660447359085083,0.524412989616394,0.2533634305000305,0.47793370485305786,0.326888769865036,0.49855485558509827,0.36463719606399536,0.435102254152298,0.3713849186897278,0.3990222215652466,0.36278825998306274,0.40176036953926086,0.28955695033073425,0.4746460020542145,0.3041199743747711,0.3784831166267395,0.30897292494773865,0.34852567315101624,0.30612707138061523,0.35710808634757996,0.25220707058906555,0.4809131622314453,0.24765996634960175,0.4289730489253998,0.24841976165771484,0.4744515120983124,0.24920625984668732,0.5169492959976196,0.21675169467926025,0.5018423199653625,0.21573129296302795,0.4798259735107422,0.22020165622234344,0.5136656761169434,0.2245837301015854,0.544223427772522,ㅁ
0.21884137392044067,0.6294004917144775,0.26675668358802795,0.622437596321106,0.30170369148254395,0.5717280507087708,0.30292314291000366,0.4989205002784729,0.29064419865608215,0.4441641569137573,0.3530346751213074,0.5032404661178589,0.3994615077972412,0.46155548095703125,0.4136067032814026,0.43438833951950073,0.40338200330734253,0.43317386507987976,0.3259481191635132,0.46714580059051514,0.3608432412147522,0.3867795169353485,0.3711314797401428,0.363167405128479,0.36458277702331543,0.3707336485385895,0.29099979996681213,0.45938944816589355,0.30218246579170227,0.40012097358703613,0.29330524802207947,0.4371156692504883,0.28546684980392456,0.4754692614078522,0.2539779245853424,0.4671960771083832,0.26100319623947144,0.4408245086669922,0.25718408823013306,0.46977847814559937,0.25313642621040344,0.5012252926826477,ㅁ
0.22093862295150757,0.7055483460426331,0.26401740312576294,0.7143497467041016,0.2977767586708069,0.68707674741745,0.30234476923942566,0.635313868522644,0.30706286430358887,0.5928757190704346,0.36671942472457886,0.6171602606773376,0.41798216104507446,0.5870854258537292,0.44155585765838623,0.5731086134910583,0.4460378885269165,0.5710588693618774,0.3422006666660309,0.5754823684692383,0.39471250772476196,0.5072429180145264,0.4046827256679535,0.4927528202533722,0.3998291790485382,0.4943614602088928,0.3074710965156555,0.555566668510437,0.32647594809532166,0.5010610818862915,0.30530500411987305,0.543790340423584,0.28978365659713745,0.5826503038406372,0.2668474614620209,0.5533159375190735,0.2745025157928467,0.5270941257476807,0.26313233375549316,0.5613418221473694,0.256087064743042,0.5943153500556946,ㅁ
0.37332963943481445,0.8763160705566406,0.4205515384674072,0.8610199689865112,0.463184654712677,0.828843355178833,0.486981064081192,0.8271892070770264,0.4981779456138611,0.8406659364700317,0.45947206020355225,0.698652446269989,0.4855152666568756,0.6360840797424316,0.4884820282459259,0.6119996309280396,0.4836963415145874,0.6158087849617004,0.41995635628700256,0.6858047842979431,0.4294860064983368,0.5942164063453674,0.4319995641708374,0.569804847240448,0.4305100440979004,0.5708140134811401,0.3840828239917755,0.7013266086578369,0.3807052969932556,0.6359100937843323,0.3840233087539673,0.6802728176116943,0.3869660198688507,0.7239171266555786,0.35176098346710205,0.7371756434440613,0.3484037220478058,0.7036420106887817,0.35227277874946594,0.7343385815620422,0.3572815954685211,0.7662020921707153,ㅁ
0.4346011281013489,0.8153970241546631,0.47104576230049133,0.7866038084030151,0.4834396243095398,0.7383087873458862,0.4698335528373718,0.690700113773346,0.4496056139469147,0.6645901799201965,0.48375651240348816,0.6344226598739624,0.4971618056297302,0.5664628148078918,0.5054819583892822,0.5451303720474243,0.5098779201507568,0.556670069694519,0.44792333245277405,0.6334629654884338,0.43586504459381104,0.5551212430000305,0.43783506751060486,0.532459020614624,0.44284847378730774,0.5337926149368286,0.4193814992904663,0.6553471684455872,0.41185781359672546,0.5958787202835083,0.42236676812171936,0.6342684030532837,0.43169263005256653,0.6706424951553345,0.3959597945213318,0.691669225692749,0.3955412805080414,0.6581352353096008,0.4060342013835907,0.6819761991500854,0.41529709100723267,0.7082557082176208,ㅁ
0.4307636320590973,0.7431238889694214,0.46403968334198,0.7134813070297241,0.47080373764038086,0.6613173484802246,0.44853630661964417,0.6167024374008179,0.4254794716835022,0.5906901359558105,0.4753028452396393,0.5756695866584778,0.48888757824897766,0.5187231302261353,0.4900340139865875,0.494268000125885,0.48526787757873535,0.5003651976585388,0.44228655099868774,0.5707159638404846,0.433449387550354,0.49906033277511597,0.43201571702957153,0.4801306426525116,0.4316617548465729,0.48732542991638184,0.4168197214603424,0.5890945196151733,0.40626809000968933,0.5363990068435669,0.4135892987251282,0.5722600221633911,0.4209335148334503,0.6042156219482422,0.39533731341362,0.6213623285293579,0.39424240589141846,0.5896196365356445,0.4035164713859558,0.6140097975730896,0.4120367765426636,0.6394482254981995,ㅁ
0.4125751256942749,0.6447494029998779,0.45013079047203064,0.6143470406532288,0.4567962884902954,0.5569103956222534,0.4300667643547058,0.5081565380096436,0.40275561809539795,0.4765324294567108,0.4620532989501953,0.4567303955554962,0.47574642300605774,0.3874048590660095,0.47802138328552246,0.3598654866218567,0.4738504886627197,0.3704811930656433,0.4249657392501831,0.4521370828151703,0.4145828187465668,0.37360769510269165,0.41325700283050537,0.34651291370391846,0.41273579001426697,0.351132333278656,0.3957654535770416,0.4728938639163971,0.38301894068717957,0.41584908962249756,0.39408576488494873,0.4522424340248108,0.4050896167755127,0.48817139863967896,0.37161895632743835,0.5079862475395203,0.36958473920822144,0.47800344228744507,0.38060930371284485,0.5034806132316589,0.39117980003356934,0.5311244130134583,ㅁ
0.39789992570877075,0.6226677894592285,0.44920727610588074,0.5944125652313232,0.4703904986381531,0.5166391134262085,0.4428099989891052,0.4496024549007416,0.40578150749206543,0.41008561849594116,0.4803500175476074,0.38537806272506714,0.5026828646659851,0.2972142696380615,0.5121710896492004,0.2584468722343445,0.511428713798523,0.2718646228313446,0.43223923444747925,0.3735119104385376,0.4204829931259155,0.2619530260562897,0.42459481954574585,0.22847265005111694,0.4288104176521301,0.24161607027053833,0.39198780059814453,0.3965182602405548,0.3840039372444153,0.317760705947876,0.3967477083206177,0.37148210406303406,0.4081990420818329,0.42351365089416504,0.3579109013080597,0.4376857280731201,0.36340001225471497,0.39887651801109314,0.3782481849193573,0.4349028766155243,0.3892531394958496,0.4719406068325043,ㅁ
0.3227502107620239,0.6544185876846313,0.38364678621292114,0.6184545159339905,0.41048574447631836,0.5289682149887085,0.3741454482078552,0.45572996139526367,0.33003881573677063,0.4113862216472626,0.4225773513317108,0.36747366189956665,0.4501504600048065,0.267122745513916,0.4614098072052002,0.22436287999153137,0.4596584439277649,0.24481286108493805,0.3651999235153198,0.35513466596603394,0.35258933901786804,0.22138987481594086,0.3585379421710968,0.18583030998706818,0.3632248044013977,0.2054504156112671,0.3158191740512848,0.3841419517993927,0.30873793363571167,0.2972223162651062,0.3241742253303528,0.367994487285614,0.3360070288181305,0.43102750182151794,0.27476930618286133,0.43260079622268677,0.28081202507019043,0.39080944657325745,0.29919126629829407,0.4375,0.3121742308139801,0.47928982973098755,ㅁ
0.23254628479480743,0.7320090532302856,0.3069280982017517,0.6860721111297607,0.3306586742401123,0.57975172996521,0.27835044264793396,0.4867982864379883,0.22357290983200073,0.42051962018013,0.34445393085479736,0.3622916340827942,0.38340991735458374,0.22712236642837524,0.3873712420463562,0.17395493388175964,0.373270183801651,0.20354050397872925,0.2679354250431061,0.34743326902389526,0.25011637806892395,0.17330972850322723,0.2504550516605377,0.1339935064315796,0.2521970272064209,0.16324546933174133,0.20496603846549988,0.3874439597129822,0.1837824285030365,0.28594669699668884,0.2025967687368393,0.37698331475257874,0.2224692702293396,0.45669296383857727,0.15652965009212494,0.45757436752319336,0.14812132716178894,0.4104703366756439,0.16987644135951996,0.47289279103279114,0.19210770726203918,0.5245553851127625,ㅁ
0.2657929062843323,0.8511806130409241,0.3453201353549957,0.795757532119751,0.3735528290271759,0.6744513511657715,0.3118296265602112,0.5835652947425842,0.23680874705314636,0.5180749297142029,0.36574509739875793,0.431037962436676,0.39060837030410767,0.27976882457733154,0.3947485685348511,0.22096596658229828,0.38766780495643616,0.24882452189922333,0.28068050742149353,0.42485207319259644,0.24528111517429352,0.22456850111484528,0.2482137829065323,0.1884380280971527,0.2550090551376343,0.23080268502235413,0.21923018991947174,0.47487887740135193,0.1814189851284027,0.3679102063179016,0.21632638573646545,0.47096383571624756,0.24911125004291534,0.5535845756530762,0.1742752194404602,0.5594983696937561,0.16365951299667358,0.5212090015411377,0.1903114914894104,0.5901455879211426,0.2163972556591034,0.6434668302536011,ㅁ
0.2721717953681946,0.8458312749862671,0.34640154242515564,0.7981837391853333,0.37796276807785034,0.6891276836395264,0.3344987630844116,0.5979456901550293,0.2762216329574585,0.5330352187156677,0.38561147451400757,0.47093549370765686,0.41465914249420166,0.34532541036605835,0.42320454120635986,0.2938576340675354,0.42005929350852966,0.3086017370223999,0.311045378446579,0.45781397819519043,0.28533393144607544,0.29120588302612305,0.2931313216686249,0.2513877749443054,0.3020327091217041,0.27156880497932434,0.2531627416610718,0.4982866048812866,0.2295493185520172,0.3965504765510559,0.25749605894088745,0.4863293468952179,0.27999231219291687,0.5635288953781128,0.20812280476093292,0.5699256658554077,0.20954075455665588,0.5217753052711487,0.2327619194984436,0.584323525428772,0.24962837994098663,0.6402651071548462,ㅁ
0.23476336896419525,0.7632525563240051,0.2953724265098572,0.7329643964767456,0.32322362065315247,0.6491481065750122,0.2900378108024597,0.555361270904541,0.2593945860862732,0.48470619320869446,0.36345013976097107,0.49546030163764954,0.3867276608943939,0.38642218708992004,0.3910495936870575,0.34378141164779663,0.373174250125885,0.3583422899246216,0.31708019971847534,0.4672996997833252,0.35091927647590637,0.33875685930252075,0.35361576080322266,0.30685317516326904,0.34079858660697937,0.32779353857040405,0.2656540870666504,0.4787427484989166,0.25909560918807983,0.38360562920570374,0.25269386172294617,0.45539340376853943,0.2515263855457306,0.5211842656135559,0.21531826257705688,0.5157424211502075,0.20921877026557922,0.4599931836128235,0.2128090262413025,0.5141476392745972,0.22004765272140503,0.5654560923576355,ㅁ
0.19059237837791443,0.7160214185714722,0.24743585288524628,0.6928755640983582,0.2774810492992401,0.6243128776550293,0.26017218828201294,0.5308302640914917,0.2390012890100479,0.46111366152763367,0.34135571122169495,0.5037508010864258,0.3882943391799927,0.4212395250797272,0.40093162655830383,0.3800615668296814,0.3863354027271271,0.38355234265327454,0.3029821813106537,0.46362534165382385,0.35227563977241516,0.355490505695343,0.3572438955307007,0.3225853443145752,0.34120702743530273,0.33982211351394653,0.2536701261997223,0.4583788216114044,0.2574297785758972,0.3668481707572937,0.2411908060312271,0.4205529987812042,0.23165404796600342,0.4790327548980713,0.2021469622850418,0.4758884310722351,0.1960708647966385,0.4242236614227295,0.19078272581100464,0.46682095527648926,0.1912013292312622,0.5142713785171509,ㅁ
0.1950298547744751,0.6775685548782349,0.2504512369632721,0.6816906332969666,0.2970958650112152,0.6436169147491455,0.311656653881073,0.564600944519043,0.31219109892845154,0.49835407733917236,0.37931662797927856,0.581919252872467,0.4409443140029907,0.5403058528900146,0.4640652537345886,0.5133378505706787,0.4579818844795227,0.5081098079681396,0.36032071709632874,0.5271235108375549,0.428567111492157,0.4664727449417114,0.4436558485031128,0.4331654906272888,0.43456941843032837,0.42681074142456055,0.3234846889972687,0.49509647488594055,0.36237800121307373,0.4200138747692108,0.33886003494262695,0.4427919089794159,0.31326016783714294,0.48122456669807434,0.27800101041793823,0.48007747530937195,0.29230692982673645,0.4387587606906891,0.2816195487976074,0.4622159004211426,0.26853811740875244,0.49772053956985474,ㅁ
0.1977110058069229,0.6856018900871277,0.24740684032440186,0.6882363557815552,0.2904769480228424,0.6424063444137573,0.2934940755367279,0.5591851472854614,0.28932011127471924,0.49442169070243835,0.3627394437789917,0.5687525868415833,0.42500001192092896,0.5243746638298035,0.4458242654800415,0.4993872344493866,0.4344225823879242,0.49692967534065247,0.33989444375038147,0.5194276571273804,0.4042228162288666,0.4533320665359497,0.41703087091445923,0.42474105954170227,0.4023030400276184,0.4235583543777466,0.301430881023407,0.49436384439468384,0.33280932903289795,0.4141266345977783,0.3117048740386963,0.44574999809265137,0.28931689262390137,0.48922649025917053,0.25723811984062195,0.490586519241333,0.2668019235134125,0.44503819942474365,0.2567307949066162,0.4768577516078949,0.24654152989387512,0.5165198445320129,ㅁ
0.29246923327445984,0.7473400235176086,0.34628134965896606,0.7122684717178345,0.369077205657959,0.6335856318473816,0.3414871394634247,0.5589587092399597,0.30741432309150696,0.5090382099151611,0.39073193073272705,0.5056367516517639,0.4163478910923004,0.42722761631011963,0.423927366733551,0.39006727933883667,0.4180544912815094,0.3916279077529907,0.34711164236068726,0.48711568117141724,0.3548462390899658,0.3860362768173218,0.35687267780303955,0.3503763675689697,0.3522397577762604,0.35494405031204224,0.30522528290748596,0.5051456689834595,0.2981390058994293,0.4159342646598816,0.3028889000415802,0.45814865827560425,0.30874505639076233,0.507341742515564,0.2670193016529083,0.5441721081733704,0.2684202194213867,0.5006835460662842,0.2782329022884369,0.5344547629356384,0.28731852769851685,0.5746117234230042,ㅁ
0.3148522675037384,0.7498462200164795,0.3652440011501312,0.7059556841850281,0.3771677613258362,0.6179726123809814,0.3421572148799896,0.5438987016677856,0.2967686057090759,0.4999351501464844,0.3692740797996521,0.4788326025009155,0.36987096071243286,0.39388951659202576,0.3656652867794037,0.3504205346107483,0.3616635799407959,0.34054529666900635,0.32206836342811584,0.47620889544487,0.3000990152359009,0.37410199642181396,0.2973824739456177,0.3389679193496704,0.3007887303829193,0.33960574865341187,0.28376588225364685,0.5079508423805237,0.26090162992477417,0.4205845892429352,0.28181567788124084,0.4633464813232422,0.30374523997306824,0.5147430300712585,0.25256574153900146,0.558387041091919,0.24705815315246582,0.5120362043380737,0.26646095514297485,0.5413488745689392,0.28552860021591187,0.58031165599823,ㅁ
0.25775429606437683,0.741534411907196,0.3007762134075165,0.6800981760025024,0.29605621099472046,0.5911487340927124,0.24599802494049072,0.5304230451583862,0.19957725703716278,0.48988911509513855,0.2772441506385803,0.44719332456588745,0.26184704899787903,0.3666265904903412,0.25010794401168823,0.32278621196746826,0.24025624990463257,0.3084123134613037,0.22771796584129333,0.4524151384830475,0.1999606043100357,0.35987770557403564,0.1877153068780899,0.32589203119277954,0.18335792422294617,0.32196271419525146,0.19094131886959076,0.49166610836982727,0.15589430928230286,0.4113897681236267,0.17231819033622742,0.4574747681617737,0.19311492145061493,0.5040146112442017,0.16507232189178467,0.5509849786758423,0.1443384289741516,0.5073074698448181,0.16310271620750427,0.5366004705429077,0.1858803927898407,0.5692128539085388,ㅁ
0.2511565685272217,0.7644804120063782,0.3008180260658264,0.7038605213165283,0.2987493872642517,0.6177348494529724,0.2538200914859772,0.5486009120941162,0.21094930171966553,0.5114409327507019,0.2816145420074463,0.4801933467388153,0.27351826429367065,0.39776280522346497,0.2645508348941803,0.3547248840332031,0.25654786825180054,0.3454386591911316,0.23332050442695618,0.4825342893600464,0.20295654237270355,0.38428908586502075,0.19480471312999725,0.34791260957717896,0.19549347460269928,0.3484402894973755,0.19721543788909912,0.518920361995697,0.1651953011751175,0.4412488639354706,0.17930671572685242,0.47126615047454834,0.19725480675697327,0.5118447542190552,0.16879674792289734,0.5737066268920898,0.15049967169761658,0.5275818705558777,0.16738645732402802,0.5481085181236267,0.18790827691555023,0.5800786018371582,ㅁ
0.236808642745018,0.7586372494697571,0.29006677865982056,0.716227650642395,0.30253130197525024,0.6329066753387451,0.26755473017692566,0.552909791469574,0.23213672637939453,0.5000574588775635,0.31962114572525024,0.4985089600086212,0.33941757678985596,0.40508222579956055,0.34102410078048706,0.3672305941581726,0.3331264853477478,0.3791068196296692,0.27109554409980774,0.4828009605407715,0.27218830585479736,0.37101995944976807,0.272165447473526,0.341394305229187,0.27114230394363403,0.357938289642334,0.22787773609161377,0.5029876828193665,0.2110656499862671,0.41341733932495117,0.21628569066524506,0.4564526677131653,0.22702962160110474,0.5085070729255676,0.1900578737258911,0.5437261462211609,0.18041658401489258,0.49518027901649475,0.19019955396652222,0.5260631442070007,0.20380516350269318,0.5655926465988159,ㅁ
0.21829554438591003,0.6572868824005127,0.27023664116859436,0.6274837255477905,0.29756373167037964,0.5562991499900818,0.275321900844574,0.47057223320007324,0.2508573532104492,0.41158050298690796,0.33898627758026123,0.4494706392288208,0.36455339193344116,0.37044283747673035,0.3736101984977722,0.3332555294036865,0.3661009669303894,0.3298313617706299,0.30406397581100464,0.42059168219566345,0.33949634432792664,0.3346395790576935,0.34621661901474,0.2956223487854004,0.34187382459640503,0.2910446524620056,0.26071855425834656,0.4226129353046417,0.2594135105609894,0.33637428283691406,0.2534821331501007,0.3738986849784851,0.25270992517471313,0.42086923122406006,0.21659108996391296,0.44447240233421326,0.21169596910476685,0.39974501729011536,0.2150486707687378,0.4345197379589081,0.22211234271526337,0.47496306896209717,ㅁ
0.21940870583057404,0.7044677734375,0.27153462171554565,0.6950105428695679,0.3094412684440613,0.6425790190696716,0.3025730848312378,0.5595996975898743,0.29184871912002563,0.49965083599090576,0.3676632344722748,0.5434632301330566,0.41232946515083313,0.47273313999176025,0.43253132700920105,0.4392234683036804,0.42564141750335693,0.4371030330657959,0.3399539589881897,0.506345272064209,0.39590564370155334,0.4292074143886566,0.41035062074661255,0.3935149610042572,0.404219388961792,0.389957457780838,0.29867494106292725,0.49514317512512207,0.31681063771247864,0.4114609360694885,0.3010018765926361,0.45138993859291077,0.2905372679233551,0.4965495467185974,0.2528911530971527,0.5032452940940857,0.25753939151763916,0.4594506323337555,0.25144049525260925,0.4973493814468384,0.24847552180290222,0.539164662361145,ㅁ
0.22756952047348022,0.7354507446289062,0.27724549174308777,0.7227941751480103,0.316152960062027,0.6713508367538452,0.3109612464904785,0.5926387310028076,0.2987200617790222,0.5345616340637207,0.3755190968513489,0.5905194878578186,0.4263620972633362,0.529005229473114,0.4502149224281311,0.5074476003646851,0.44963210821151733,0.5137341618537903,0.3487149477005005,0.5501850843429565,0.4029102623462677,0.4744541347026825,0.41564512252807617,0.4426882565021515,0.408021479845047,0.441457599401474,0.30985844135284424,0.5334198474884033,0.3315616250038147,0.45382776856422424,0.31519177556037903,0.4894877076148987,0.30124977231025696,0.5325703024864197,0.2680042088031769,0.5367615818977356,0.2743115723133087,0.5000810027122498,0.2669992744922638,0.5352126359939575,0.26198363304138184,0.573616623878479,ㅁ
0.19884473085403442,0.7165752053260803,0.24891521036624908,0.7082688808441162,0.2801053822040558,0.6592288017272949,0.27840209007263184,0.5863028764724731,0.27413392066955566,0.5268663167953491,0.3457499146461487,0.5707597732543945,0.3976999521255493,0.5157970786094666,0.4145210087299347,0.4854198098182678,0.4000486135482788,0.48738425970077515,0.3168303370475769,0.5319264531135559,0.37128618359565735,0.45348262786865234,0.3793691098690033,0.42255136370658875,0.363772451877594,0.4273456633090973,0.27598345279693604,0.5203589200973511,0.29087033867836,0.44026264548301697,0.27574270963668823,0.4726294279098511,0.26344767212867737,0.5190796256065369,0.23271600902080536,0.5287966728210449,0.23507240414619446,0.4864860475063324,0.2298300713300705,0.5176949501037598,0.22938549518585205,0.558108925819397,ㅁ
0.2982262372970581,0.6082844138145447,0.34730055928230286,0.5801717042922974,0.3715466260910034,0.5191068649291992,0.3522038459777832,0.44731470942497253,0.3284360468387604,0.40033528208732605,0.4038067162036896,0.42422425746917725,0.43323513865470886,0.3641350567340851,0.4448428750038147,0.33305755257606506,0.4425086975097656,0.3287288546562195,0.36967334151268005,0.3977234363555908,0.3895837068557739,0.31434398889541626,0.39492422342300415,0.2826904058456421,0.3917818069458008,0.2849523425102234,0.33164092898368835,0.40173208713531494,0.33107149600982666,0.3249071538448334,0.32984596490859985,0.35005274415016174,0.33084410429000854,0.3886471390724182,0.29449012875556946,0.42436543107032776,0.29533082246780396,0.3850551247596741,0.29857826232910156,0.40849769115448,0.30285850167274475,0.4429323375225067,ㅁ
0.27096623182296753,0.592658281326294,0.316434383392334,0.5570318698883057,0.3247571289539337,0.48080453276634216,0.28610050678253174,0.413730263710022,0.2526012063026428,0.3667234778404236,0.34858086705207825,0.35772788524627686,0.3666277229785919,0.27115628123283386,0.3692258596420288,0.23403635621070862,0.3611450791358948,0.2443339079618454,0.30384361743927,0.342210054397583,0.3057159185409546,0.23499992489814758,0.30396050214767456,0.20466113090515137,0.2984781265258789,0.22033639252185822,0.262546569108963,0.3610387444496155,0.24543997645378113,0.2781175374984741,0.24904251098632812,0.32100576162338257,0.2568971514701843,0.3696373999118805,0.22829237580299377,0.3995554447174072,0.2176092565059662,0.36887407302856445,0.2261982262134552,0.40190187096595764,0.23757502436637878,0.4367837905883789,ㅁ
0.237399622797966,0.6006592512130737,0.27937620878219604,0.5529955625534058,0.279364675283432,0.47515010833740234,0.23613525927066803,0.40988966822624207,0.19780133664608002,0.3568851351737976,0.29556187987327576,0.3385460376739502,0.30339205265045166,0.24413737654685974,0.2999592423439026,0.205638125538826,0.29208338260650635,0.2189803272485733,0.24820949137210846,0.328189879655838,0.2409307062625885,0.21292805671691895,0.2362014800310135,0.18239063024520874,0.23219341039657593,0.19787240028381348,0.20656552910804749,0.35321030020713806,0.17872354388237,0.2787172794342041,0.18610554933547974,0.3270038068294525,0.19772376120090485,0.380472868680954,0.17493245005607605,0.3997962176799774,0.15688735246658325,0.37363144755363464,0.17192550003528595,0.41179218888282776,0.1900440752506256,0.44917985796928406,ㅁ
0.20936362445354462,0.853229820728302,0.26347804069519043,0.7978100180625916,0.2729444205760956,0.7032511234283447,0.23111754655838013,0.6224588751792908,0.18950486183166504,0.5703982710838318,0.28342652320861816,0.569044828414917,0.2888762354850769,0.4698747396469116,0.2882596552371979,0.43277254700660706,0.2836979031562805,0.4473864436149597,0.23271135985851288,0.5591583847999573,0.22697550058364868,0.4401201605796814,0.22306540608406067,0.40951740741729736,0.22179380059242249,0.42512720823287964,0.18844006955623627,0.5870152711868286,0.16796304285526276,0.4920106530189514,0.17361101508140564,0.5346886515617371,0.18451251089572906,0.5880190134048462,0.14982640743255615,0.6389583945274353,0.14046788215637207,0.5915043950080872,0.15437135100364685,0.6265249848365784,0.17159055173397064,0.6698275804519653,ㅁ
0.16905656456947327,0.9614930748939514,0.216680645942688,0.9094167947769165,0.2272343933582306,0.8111326098442078,0.18297263979911804,0.7332620024681091,0.14294278621673584,0.6764700412750244,0.2414727509021759,0.6754055619239807,0.2514151632785797,0.5789702534675598,0.24749988317489624,0.5409619212150574,0.2402489185333252,0.5520791411399841,0.1913057267665863,0.6668742299079895,0.1867721527814865,0.5552623271942139,0.18266505002975464,0.520733118057251,0.18096193671226501,0.5299845933914185,0.14625509083271027,0.6926624774932861,0.13071629405021667,0.6052427887916565,0.13546110689640045,0.6514333486557007,0.1440928876399994,0.7123361825942993,0.1090974509716034,0.7371281385421753,0.09870564192533493,0.6918424367904663,0.11026955395936966,0.7274170517921448,0.12456560134887695,0.7698847055435181,ㅁ
0.19224709272384644,0.853056788444519,0.23858630657196045,0.8011645078659058,0.24266287684440613,0.7178179621696472,0.19544744491577148,0.6767797470092773,0.14717938005924225,0.6564738154411316,0.1968780755996704,0.5755255818367004,0.17033112049102783,0.490716814994812,0.15698803961277008,0.4584890305995941,0.15665054321289062,0.4690910577774048,0.1482369750738144,0.5934646129608154,0.10172341018915176,0.49223965406417847,0.09487970173358917,0.46905243396759033,0.10534793138504028,0.48442593216896057,0.11798565834760666,0.6397201418876648,0.08427729457616806,0.5753353834152222,0.11177964508533478,0.6149002313613892,0.14219778776168823,0.6588195562362671,0.10146932303905487,0.7009893655776978,0.09438270330429077,0.6763153076171875,0.12220533192157745,0.7048331499099731,0.1489650309085846,0.7331085801124573,ㅁ
0.2858363091945648,0.6694326400756836,0.3364671766757965,0.6196411848068237,0.35048720240592957,0.5295301079750061,0.32217979431152344,0.45648059248924255,0.2864595651626587,0.4200311601161957,0.3247823417186737,0.4189019203186035,0.31657248735427856,0.3381190299987793,0.3195142149925232,0.3026176393032074,0.3263438642024994,0.3004789352416992,0.2864121198654175,0.423044890165329,0.26226040720939636,0.32126951217651367,0.26941627264022827,0.29372137784957886,0.28292304277420044,0.3019375205039978,0.2537585496902466,0.45278969407081604,0.24064913392066956,0.36881354451179504,0.2658221125602722,0.4014297425746918,0.28583836555480957,0.4466918110847473,0.22743505239486694,0.49686282873153687,0.23269732296466827,0.44786855578422546,0.2571257948875427,0.4720301628112793,0.2731884717941284,0.5074214339256287,ㅁ
0.32554715871810913,0.6615001559257507,0.37241074442863464,0.646837055683136,0.4034053087234497,0.595245897769928,0.4062274992465973,0.5306329727172852,0.39199697971343994,0.4830317199230194,0.42997798323631287,0.49803027510643005,0.4568668603897095,0.42935988306999207,0.4664962887763977,0.3982827067375183,0.46331194043159485,0.4033852219581604,0.3989901542663574,0.47612014412879944,0.41494596004486084,0.37787187099456787,0.42505592107772827,0.3560587167739868,0.4284473955631256,0.3716304898262024,0.36510151624679565,0.4812488555908203,0.37838998436927795,0.40146297216415405,0.37998443841934204,0.43546760082244873,0.3798794150352478,0.476736843585968,0.33297523856163025,0.5024086236953735,0.3464577794075012,0.4653381407260895,0.35204392671585083,0.48771169781684875,0.3518902659416199,0.5184279680252075,ㅁ
0.29323944449424744,0.6255353689193726,0.3391512334346771,0.6237887144088745,0.37366941571235657,0.5879705548286438,0.381549209356308,0.5226160287857056,0.3789307475090027,0.4707779586315155,0.4324747920036316,0.5306975841522217,0.48194950819015503,0.4902738332748413,0.4977545142173767,0.46657413244247437,0.48670753836631775,0.4644934833049774,0.41432467103004456,0.4914042353630066,0.46490374207496643,0.43482154607772827,0.4772701561450958,0.4083537459373474,0.46827876567840576,0.4086209237575531,0.3839107155799866,0.47216713428497314,0.405799925327301,0.4070558547973633,0.391436368227005,0.4296685755252838,0.3779577910900116,0.464587539434433,0.34861382842063904,0.467572420835495,0.35761335492134094,0.43070608377456665,0.35139283537864685,0.4500199854373932,0.3450648784637451,0.4802648425102234,ㅁ
0.31174054741859436,0.6440364122390747,0.3547540605068207,0.6385387182235718,0.38442090153694153,0.5917991399765015,0.37936776876449585,0.5278065204620361,0.3687727153301239,0.47917473316192627,0.4301673471927643,0.5117294192314148,0.46477019786834717,0.45236653089523315,0.4746803045272827,0.4295358657836914,0.4635908007621765,0.433906614780426,0.4044487476348877,0.4811510145664215,0.4386230707168579,0.409250944852829,0.4444977939128876,0.3832046389579773,0.43440231680870056,0.38643503189086914,0.37089839577674866,0.47660210728645325,0.3827781081199646,0.4045427143573761,0.37679174542427063,0.4273849427700043,0.3709380030632019,0.4624035656452179,0.3363703489303589,0.49034184217453003,0.34078654646873474,0.4563370943069458,0.34055033326148987,0.4802669584751129,0.3410962224006653,0.5117754936218262,ㅁ
0.774823784828186,0.6623327732086182,0.7380992770195007,0.6526604890823364,0.7203191518783569,0.6142848134040833,0.7430192232131958,0.5744265913963318,0.776694118976593,0.5457674860954285,0.6898364424705505,0.49948421120643616,0.662987232208252,0.4424685835838318,0.6543261408805847,0.4077818989753723,0.6545625925064087,0.4088797867298126,0.7279080152511597,0.4811340272426605,0.7231770157814026,0.39426007866859436,0.7184340357780457,0.36275723576545715,0.7177495360374451,0.36657270789146423,0.7633148431777954,0.493339866399765,0.775114119052887,0.44465571641921997,0.7693510055541992,0.4952189028263092,0.7621574401855469,0.5403800010681152,0.7958106994628906,0.5218011736869812,0.7978176474571228,0.514363169670105,0.7900869250297546,0.5466740131378174,0.7815845012664795,0.5724834203720093,ㅁ
0.7251703143119812,0.5502097606658936,0.6859951615333557,0.5513191223144531,0.6615679264068604,0.5200258493423462,0.6924282312393188,0.4762919545173645,0.7294669151306152,0.4392319321632385,0.6200242042541504,0.3937820792198181,0.5808279514312744,0.34031039476394653,0.5559189319610596,0.31143730878829956,0.5372662544250488,0.29322943091392517,0.6565188765525818,0.35947883129119873,0.6345854997634888,0.2777172923088074,0.6242082118988037,0.2339554876089096,0.6159616708755493,0.20298510789871216,0.6954007744789124,0.36202648282051086,0.70279860496521,0.29497942328453064,0.7078155875205994,0.34941014647483826,0.7081596255302429,0.3982905149459839,0.7360503673553467,0.3857031762599945,0.7422624826431274,0.3765751123428345,0.738983690738678,0.42037567496299744,0.733687698841095,0.45842015743255615,ㅁ
0.6416963338851929,0.6890642642974854,0.5823214054107666,0.652362048625946,0.5518906116485596,0.5790855288505554,0.5804007053375244,0.529786229133606,0.6308184862136841,0.5021219849586487,0.5649228692054749,0.39135757088661194,0.5560427308082581,0.29076528549194336,0.5465092658996582,0.23962347209453583,0.5320290923118591,0.24079352617263794,0.6211842894554138,0.39487379789352417,0.6463502049446106,0.2751396894454956,0.6287540197372437,0.22022835910320282,0.6065324544906616,0.21470887959003448,0.6649993062019348,0.43575796484947205,0.6774113178253174,0.3419168293476105,0.6457655429840088,0.4083918631076813,0.6236522197723389,0.4718371033668518,0.7005768418312073,0.49662888050079346,0.6810604333877563,0.4633617699146271,0.6514468789100647,0.5127271413803101,0.6346063017845154,0.5550552606582642,ㅁ
