0.7719781398773193,0.841387152671814,0.710627555847168,0.7992907762527466,0.674289345741272,0.707394003868103,0.7060637474060059,0.6454249620437622,0.7543321847915649,0.6532187461853027,0.6969494819641113,0.5832628011703491,0.6957639455795288,0.49342840909957886,0.6994102001190186,0.4415282607078552,0.704991340637207,0.39842718839645386,0.7345900535583496,0.5754242539405823,0.7330148220062256,0.47219687700271606,0.7356022000312805,0.4132577180862427,0.7388230562210083,0.3657969534397125,0.7711171507835388,0.588413417339325,0.7687264680862427,0.4914785921573639,0.7690645456314087,0.435813844203949,0.7699308395385742,0.39064639806747437,0.808117687702179,0.6179149746894836,0.804713785648346,0.5426203608512878,0.8016542196273804,0.49753767251968384,0.7990702986717224,0.4603261947631836,ㅂ
0.7463319897651672,0.8522560000419617,0.6812792420387268,0.829236626625061,0.6258834600448608,0.7513211369514465,0.6414605379104614,0.6843685507774353,0.6925564408302307,0.6884446144104004,0.6467062830924988,0.6062940359115601,0.6318592429161072,0.5126591920852661,0.6259132027626038,0.45791274309158325,0.6230837106704712,0.4127925634384155,0.6868382096290588,0.590435266494751,0.6761980652809143,0.48431819677352905,0.6741166114807129,0.42404818534851074,0.6747444868087769,0.3755898177623749,0.7265832424163818,0.5969066619873047,0.7166934013366699,0.4992738366127014,0.7119234204292297,0.4426608085632324,0.70936518907547,0.39696890115737915,0.7671619057655334,0.6222788691520691,0.7587432861328125,0.5486085414886475,0.7529348731040955,0.5039660930633545,0.7493810653686523,0.4669390916824341,ㅂ
0.7818347811698914,0.7650973796844482,0.7159398794174194,0.7549628019332886,0.661232590675354,0.6966776251792908,0.6787173748016357,0.6321194171905518,0.7289747595787048,0.6157755255699158,0.6519573926925659,0.5679155588150024,0.627058744430542,0.4784635305404663,0.6153732538223267,0.42406225204467773,0.6077982783317566,0.3787308633327484,0.6853809952735901,0.5449034571647644,0.6565141081809998,0.4470286965370178,0.6417166590690613,0.38749581575393677,0.6304455995559692,0.33896195888519287,0.7228699326515198,0.5407971739768982,0.6947339773178101,0.4492510259151459,0.6793897747993469,0.39495599269866943,0.6670328378677368,0.3510228991508484,0.7670446038246155,0.5519250631332397,0.7462180852890015,0.48330849409103394,0.7303043007850647,0.4421783685684204,0.7166375517845154,0.40873125195503235,ㅂ
0.7726335525512695,0.7717004418373108,0.7149741649627686,0.7633388042449951,0.6645464897155762,0.717045783996582,0.6762348413467407,0.6555983424186707,0.7219535112380981,0.6289306879043579,0.6453405022621155,0.5952522158622742,0.6154177784919739,0.5127255320549011,0.6004643440246582,0.46278178691864014,0.5898362994194031,0.4207647442817688,0.6751784086227417,0.5677136778831482,0.6421724557876587,0.477323442697525,0.6247583627700806,0.42292171716690063,0.6111196279525757,0.3785712420940399,0.7094544172286987,0.5587047338485718,0.679243266582489,0.4742521643638611,0.6621580123901367,0.4251924753189087,0.6483067274093628,0.3855845034122467,0.7488384246826172,0.5643789768218994,0.7251340746879578,0.5005487203598022,0.7079885601997375,0.46281182765960693,0.6934671998023987,0.43305230140686035,ㅂ
0.7934489846229553,0.7961592078208923,0.7360179424285889,0.809024453163147,0.6788507699966431,0.7834155559539795,0.6777703762054443,0.7230427265167236,0.7115246057510376,0.6825926303863525,0.6316157579421997,0.6639969944953918,0.5837832689285278,0.5891777873039246,0.5579646825790405,0.5408555865287781,0.5382621884346008,0.49932047724723816,0.6564552783966064,0.6293880939483643,0.6009719967842102,0.5508584976196289,0.5703653693199158,0.5025723576545715,0.5457753539085388,0.46167808771133423,0.6893097758293152,0.6092312932014465,0.637315034866333,0.5363714098930359,0.6073639988899231,0.49383169412612915,0.5829564332962036,0.4587411880493164,0.7313033938407898,0.599931001663208,0.6924129724502563,0.54521644115448,0.6664637923240662,0.5140789747238159,0.6434780955314636,0.48849964141845703,ㅂ
0.8411158323287964,0.8190722465515137,0.7839292287826538,0.851125180721283,0.7224107980728149,0.8472387194633484,0.7034900188446045,0.7855532169342041,0.7264184355735779,0.7308214902877808,0.6542788147926331,0.7481318116188049,0.5897613763809204,0.6946478486061096,0.5546622276306152,0.6582720279693604,0.5262421369552612,0.6253782510757446,0.6713119149208069,0.7023124694824219,0.5999720692634583,0.6444965600967407,0.5592741966247559,0.6069175004959106,0.5254348516464233,0.5737909078598022,0.7006964683532715,0.6695944666862488,0.6344166398048401,0.6167027950286865,0.5956418514251709,0.5842140913009644,0.5639691352844238,0.5569779872894287,0.7412115931510925,0.6451546549797058,0.6912818551063538,0.6033188104629517,0.6581869721412659,0.5806538462638855,0.6304714679718018,0.5625818967819214,ㅂ
0.8495520353317261,0.7995184659957886,0.795574426651001,0.8394425511360168,0.7278288006782532,0.8409914374351501,0.7070772051811218,0.7792702913284302,0.7299800515174866,0.7253330945968628,0.6593225002288818,0.7487698793411255,0.5931199789047241,0.7063648700714111,0.5549031496047974,0.6772264838218689,0.5223032832145691,0.649219274520874,0.6732770800590515,0.701363205909729,0.5994841456413269,0.6552731990814209,0.557054877281189,0.6254732608795166,0.5196409225463867,0.5985636115074158,0.7004515528678894,0.6673721075057983,0.630873441696167,0.6224265098571777,0.5903996825218201,0.5963563919067383,0.5549196004867554,0.5735941529273987,0.7390343546867371,0.6419748663902283,0.6878155469894409,0.6106590628623962,0.6543669700622559,0.5934913754463196,0.6252055168151855,0.5782199501991272,ㅂ
0.8218227028846741,0.787147581577301,0.7638037800788879,0.8036056756973267,0.700748860836029,0.7802863121032715,0.6824865937232971,0.7153664827346802,0.7099757790565491,0.6746671795845032,0.650947093963623,0.6705751419067383,0.6022153496742249,0.6078645586967468,0.5733879208564758,0.5682463645935059,0.5498692393302917,0.5319498777389526,0.6701298356056213,0.6349194645881653,0.6128555536270142,0.5665539503097534,0.5806933045387268,0.5232487320899963,0.5543584823608398,0.486066073179245,0.6990724205970764,0.6130735278129578,0.6433901786804199,0.5478348135948181,0.611823320388794,0.5107786059379578,0.5857591032981873,0.4791279435157776,0.7376688122749329,0.6019304990768433,0.6944349408149719,0.5529484748840332,0.6665797233581543,0.5249091982841492,0.642816960811615,0.5019658207893372,ㅂ
0.8309798240661621,0.7425300478935242,0.786016047000885,0.7981452941894531,0.7279700040817261,0.8248498439788818,0.6960307955741882,0.7848609089851379,0.6975809931755066,0.7259790301322937,0.635400116443634,0.7562671303749084,0.5581393241882324,0.7344319820404053,0.5122014880180359,0.7184671759605408,0.47273677587509155,0.7024533748626709,0.6386009454727173,0.7088526487350464,0.5519692897796631,0.6878815293312073,0.49937719106674194,0.6716570258140564,0.4538136124610901,0.6574480533599854,0.6572673916816711,0.6663817763328552,0.5738322138786316,0.6462289094924927,0.5242475867271423,0.6326435804367065,0.4815022051334381,0.6219509840011597,0.689233660697937,0.6250833868980408,0.6262368559837341,0.6089591383934021,0.5851435661315918,0.6018996238708496,0.5489756464958191,0.5978806018829346,ㅂ
0.8394907712936401,0.634725034236908,0.8001839518547058,0.7019666433334351,0.7415963411331177,0.7388238906860352,0.7037327289581299,0.6956554055213928,0.6995394229888916,0.6324175596237183,0.637156069278717,0.6922373175621033,0.552435576915741,0.6917077302932739,0.5023014545440674,0.688262403011322,0.4582452178001404,0.6823192238807678,0.6346739530563354,0.6377273797988892,0.5424429774284363,0.6392750144004822,0.48493123054504395,0.638363778591156,0.4342551827430725,0.6373348236083984,0.6493523120880127,0.5868483185768127,0.5599223375320435,0.5867829918861389,0.5072002410888672,0.5857760310173035,0.46176764369010925,0.5856326818466187,0.6771854162216187,0.5362448692321777,0.6089109182357788,0.5346333980560303,0.5652221441268921,0.5375417470932007,0.5281724333763123,0.5417981743812561,ㅂ
0.7972418069839478,0.7178123593330383,0.743889331817627,0.7584961652755737,0.6734235882759094,0.7610295414924622,0.6499232649803162,0.7002248167991638,0.6712455749511719,0.6377537250518799,0.6014004945755005,0.662891685962677,0.5309363603591919,0.6136003136634827,0.48989301919937134,0.5794329643249512,0.4558420181274414,0.5485175251960754,0.6138849854469299,0.615036129951477,0.5346082448959351,0.5612708330154419,0.487981379032135,0.5268903970718384,0.44752800464630127,0.49757814407348633,0.6404438614845276,0.5789957046508789,0.563705325126648,0.5302581787109375,0.5192751288414001,0.502903938293457,0.4802182912826538,0.47965091466903687,0.6799301505088806,0.5505766868591309,0.6241797208786011,0.5127016305923462,0.5872500538825989,0.4923136830329895,0.5542459487915039,0.4758411943912506,ㅂ
0.7708938717842102,0.7574657201766968,0.7098652124404907,0.7772323489189148,0.6402854323387146,0.7521493434906006,0.6263803839683533,0.680804967880249,0.6575617790222168,0.6336092352867126,0.5890750288963318,0.6353075504302979,0.5322423577308655,0.5676637291908264,0.49930495023727417,0.5237141251564026,0.4725809693336487,0.48281365633010864,0.6105734705924988,0.5945682525634766,0.5445339679718018,0.521282434463501,0.5076686143875122,0.4722956418991089,0.4765782952308655,0.42815276980400085,0.6434321999549866,0.5703897476196289,0.5808480978012085,0.5012919306755066,0.5457117557525635,0.4605174660682678,0.5159189701080322,0.42513471841812134,0.6869916319847107,0.556991457939148,0.6396479606628418,0.5039300918579102,0.6096547245979309,0.4716765880584717,0.5836999416351318,0.44395697116851807,ㅂ
0.755246639251709,0.7892895340919495,0.6887388229370117,0.7914518713951111,0.6231601238250732,0.745110809803009,0.6207019090652466,0.666883647441864,0.6606873869895935,0.6303220987319946,0.5894021987915039,0.6086535453796387,0.5441663861274719,0.5253075957298279,0.5177811980247498,0.473497211933136,0.495879203081131,0.42766809463500977,0.6190662384033203,0.5753419399261475,0.5676839351654053,0.4854782819747925,0.5382452011108398,0.4308165907859802,0.5127341747283936,0.38351011276245117,0.6570598483085632,0.5613786578178406,0.6093505620956421,0.4754616320133209,0.5814028978347778,0.42510831356048584,0.5570722818374634,0.3823399543762207,0.7043959498405457,0.5615454316139221,0.66949063539505,0.4942796528339386,0.645493745803833,0.4542135000228882,0.6245701313018799,0.42070871591567993,ㅂ
0.7097950577735901,0.8161237239837646,0.640150785446167,0.8041577339172363,0.5765335559844971,0.7310644388198853,0.5825753808021545,0.6511737704277039,0.6305145025253296,0.6330944895744324,0.5642553567886353,0.5932971239089966,0.5334315299987793,0.502692461013794,0.5168027281761169,0.4492855966091156,0.5030021071434021,0.40332722663879395,0.5989168286323547,0.5657724142074585,0.5632443428039551,0.4645775556564331,0.5440130233764648,0.4053477644920349,0.5264782905578613,0.3552650511264801,0.638446569442749,0.5604650974273682,0.6046013236045837,0.46532899141311646,0.5851479768753052,0.40973275899887085,0.5675521492958069,0.3636961579322815,0.6845805048942566,0.5715368390083313,0.6591863632202148,0.4993155598640442,0.641010046005249,0.4567268490791321,0.6247040033340454,0.42163822054862976,ㅂ
0.6330844163894653,0.8103873133659363,0.5741547346115112,0.7659094929695129,0.5386854410171509,0.6717389225959778,0.5664821267127991,0.6030219793319702,0.612786054611206,0.6127884387969971,0.5780177712440491,0.5403154492378235,0.5852384567260742,0.4438103139400482,0.593622088432312,0.38718485832214355,0.6021067500114441,0.3397567570209503,0.6175955533981323,0.5366415977478027,0.6261087656021118,0.426967054605484,0.6341927647590637,0.3636714220046997,0.6419811248779297,0.311608225107193,0.6531240344047546,0.5542030334472656,0.6601225733757019,0.45288851857185364,0.6650993824005127,0.39282524585723877,0.6706199049949646,0.34429699182510376,0.688664436340332,0.5903497934341431,0.693080723285675,0.5119474530220032,0.6948137879371643,0.4634915590286255,0.696229875087738,0.4245683550834656,ㅂ
0.6201011538505554,0.8122628927230835,0.5695826411247253,0.7482514381408691,0.549941897392273,0.6456665992736816,0.5864446759223938,0.5869432687759399,0.6325808763504028,0.6022531986236572,0.6071975231170654,0.5374311804771423,0.6282395124435425,0.4486132860183716,0.6437643766403198,0.3991616666316986,0.6597597599029541,0.35861557722091675,0.6451543569564819,0.5441197156906128,0.6686521768569946,0.4418782591819763,0.6850613355636597,0.3825491666793823,0.6999966502189636,0.33630284667015076,0.6769222021102905,0.5706700682640076,0.6997652649879456,0.47435519099235535,0.713040292263031,0.4180604815483093,0.7239408493041992,0.3719346523284912,0.7045238018035889,0.6140155792236328,0.7222561240196228,0.5402086973190308,0.7318559885025024,0.4935765266418457,0.7396345138549805,0.4539502263069153,ㅂ
0.6236547231674194,0.802278459072113,0.5766417980194092,0.7292077541351318,0.5628892779350281,0.6138061881065369,0.6012631058692932,0.5601772665977478,0.6462404131889343,0.5919181108474731,0.6418544054031372,0.5159652233123779,0.6743565201759338,0.4287133812904358,0.6967716813087463,0.3783322870731354,0.7182180881500244,0.33776038885116577,0.6809594631195068,0.5300003290176392,0.7181386351585388,0.4307258129119873,0.7439823150634766,0.37452879548072815,0.7667785882949829,0.3284056782722473,0.7111743092536926,0.5636370778083801,0.745408833026886,0.47009336948394775,0.7676995992660522,0.41666319966316223,0.7868378162384033,0.37265753746032715,0.7359738349914551,0.6146566867828369,0.7611521482467651,0.5419286489486694,0.7773139476776123,0.49496912956237793,0.791750431060791,0.4547654390335083,ㅂ
0.6947698593139648,0.7696342468261719,0.64603191614151,0.6834573745727539,0.6397285461425781,0.5570698380470276,0.6892284750938416,0.4996427297592163,0.7401208281517029,0.5371023416519165,0.7390565872192383,0.4457617402076721,0.7867783308029175,0.3510380983352661,0.8183366656303406,0.2941819429397583,0.8473109602928162,0.2471923828125,0.7832654118537903,0.46691203117370605,0.83812415599823,0.35734546184539795,0.8744035959243774,0.2933068871498108,0.9063253998756409,0.24145227670669556,0.8144574165344238,0.5109127759933472,0.8680369257926941,0.40613651275634766,0.9007935523986816,0.34469273686408997,0.928854763507843,0.29435133934020996,0.8365548849105835,0.5751612186431885,0.8785466551780701,0.49589017033576965,0.9040818214416504,0.4433041512966156,0.9257020354270935,0.39825892448425293,ㅂ
0.6775781512260437,0.8043687343597412,0.6233221888542175,0.7372211217880249,0.599395751953125,0.6317697167396545,0.6339698433876038,0.5709303021430969,0.6834331750869751,0.5875769257545471,0.6708278059959412,0.5019555687904358,0.6969772577285767,0.40023887157440186,0.717796266078949,0.3409643769264221,0.7379263639450073,0.2913305461406708,0.7123956680297852,0.5118122100830078,0.7434464693069458,0.3954996168613434,0.7656704783439636,0.3273172974586487,0.7860147953033447,0.26871347427368164,0.7460352182388306,0.5430381894111633,0.7753492593765259,0.434743732213974,0.7948487401008606,0.3708920478820801,0.8117839097976685,0.315837025642395,0.7755843997001648,0.593991756439209,0.7977805137634277,0.5115659236907959,0.8108959197998047,0.45883244276046753,0.8221206665039062,0.412807822227478,ㅂ
0.7342261075973511,0.8127270936965942,0.6729704737663269,0.7930734157562256,0.6200437545776367,0.729718804359436,0.625577449798584,0.6592882871627808,0.6668091416358948,0.6265307664871216,0.6220607161521912,0.6126295328140259,0.5959928631782532,0.5322116613388062,0.5824974179267883,0.4837421774864197,0.5730125904083252,0.44140076637268066,0.6511518955230713,0.5913771986961365,0.6207273006439209,0.49759441614151,0.6049239635467529,0.442755788564682,0.5936040282249451,0.39551496505737305,0.6840119361877441,0.5879600048065186,0.6567255258560181,0.5017678141593933,0.641506016254425,0.451973021030426,0.6300809979438782,0.4092157781124115,0.7231495380401611,0.5984620451927185,0.7026225924491882,0.5353209972381592,0.6886184215545654,0.49653318524360657,0.6771248579025269,0.4622213840484619,ㅂ
0.762812614440918,0.8044081926345825,0.7022092342376709,0.7889766097068787,0.6480499505996704,0.7208549976348877,0.6553499698638916,0.6474120020866394,0.7009973526000977,0.6278457045555115,0.643243134021759,0.6060224771499634,0.6161583065986633,0.5254581570625305,0.6029089689254761,0.4783093333244324,0.5924733281135559,0.4370315670967102,0.6729568839073181,0.5822443962097168,0.641869306564331,0.4920401871204376,0.6259064674377441,0.4388211667537689,0.6122628450393677,0.3937930762767792,0.706778883934021,0.5776432156562805,0.6780775785446167,0.49472278356552124,0.6620610952377319,0.4467923641204834,0.6486183404922485,0.40809518098831177,0.7467011213302612,0.5869249105453491,0.7237246632575989,0.5240124464035034,0.7078893184661865,0.48761337995529175,0.6949859857559204,0.4578480124473572,ㅂ
0.7405297756195068,0.8193995952606201,0.6764059066772461,0.8165829181671143,0.6146894097328186,0.7641220688819885,0.609403133392334,0.692188024520874,0.6492081880569458,0.6637514233589172,0.6023985147476196,0.639764130115509,0.5658861994743347,0.5640335083007812,0.5472241044044495,0.5172951817512512,0.5334818959236145,0.4762929677963257,0.6298261284828186,0.6113725304603577,0.5890672206878662,0.5266470313072205,0.5674129128456116,0.476613849401474,0.5502523183822632,0.4347876012325287,0.6624664664268494,0.6007038354873657,0.6252520680427551,0.5207162499427795,0.6040794849395752,0.475070059299469,0.5869556069374084,0.43805426359176636,0.7024455666542053,0.603970468044281,0.6735123991966248,0.5431531071662903,0.6540919542312622,0.5080491900444031,0.6378312706947327,0.4790493845939636,ㅂ
0.74017733335495,0.8024190664291382,0.6792575716972351,0.8071478009223938,0.6151649951934814,0.7667741179466248,0.6046939492225647,0.694145917892456,0.6405814290046692,0.6555102467536926,0.5873342752456665,0.643264889717102,0.5426738262176514,0.5692867040634155,0.5174031257629395,0.5245106816291809,0.4970592260360718,0.48442888259887695,0.6121795773506165,0.6115015745162964,0.5604974627494812,0.5292441844940186,0.5318736433982849,0.4775468111038208,0.5086710453033447,0.4331631064414978,0.6449697017669678,0.5967316627502441,0.5974302291870117,0.520378589630127,0.5704230666160583,0.47652581334114075,0.5476117134094238,0.4405713677406311,0.6866506338119507,0.594775378704071,0.6519094705581665,0.5373291373252869,0.6286875605583191,0.5039501786231995,0.6088594794273376,0.4766659140586853,ㅂ
0.7114347815513611,0.8111822605133057,0.6488612294197083,0.8192710280418396,0.5841477513313293,0.7823964953422546,0.564663827419281,0.7110489010810852,0.5932289958000183,0.6700870990753174,0.546094536781311,0.6716563105583191,0.493073970079422,0.6081719994544983,0.46411535143852234,0.5667283535003662,0.44234007596969604,0.5277218818664551,0.5669198632240295,0.6361933946609497,0.5064442157745361,0.5661144852638245,0.4725317358970642,0.5210039615631104,0.4454590082168579,0.481319785118103,0.5985747575759888,0.6130830645561218,0.5400791764259338,0.5461724996566772,0.5072124004364014,0.5054930448532104,0.4797587990760803,0.47034549713134766,0.641680121421814,0.6005008220672607,0.5983244776725769,0.5522284507751465,0.5707211494445801,0.5229983925819397,0.5472171306610107,0.4982025623321533,ㅂ
0.6997823119163513,0.7326353788375854,0.6382766366004944,0.7207323908805847,0.582461416721344,0.6605374813079834,0.5848884582519531,0.5879053473472595,0.6243706941604614,0.5620898008346558,0.580359160900116,0.5266014337539673,0.5548142194747925,0.4359087646007538,0.5420265197753906,0.38021212816238403,0.5327252149581909,0.3323363661766052,0.6127479672431946,0.5039100050926208,0.5831691026687622,0.40442538261413574,0.5670021772384644,0.34407100081443787,0.5532000064849854,0.29124927520751953,0.6488471031188965,0.5023148059844971,0.6202033162117004,0.41013631224632263,0.6034974455833435,0.3559049963951111,0.5891098976135254,0.30929601192474365,0.6909618377685547,0.5171687602996826,0.6704609394073486,0.44740766286849976,0.6538634300231934,0.4042298197746277,0.6384023427963257,0.36715492606163025,ㅂ
0.760736346244812,0.6682292222976685,0.6686720848083496,0.6740226745605469,0.5836216807365417,0.6069289445877075,0.5985382795333862,0.505931556224823,0.665371298789978,0.45328137278556824,0.5485391616821289,0.4025912582874298,0.49335747957229614,0.267543226480484,0.4618099629878998,0.17998366057872772,0.437441349029541,0.10023415088653564,0.5994064211845398,0.35289523005485535,0.5348677635192871,0.20520232617855072,0.49667075276374817,0.10666030645370483,0.4637607932090759,0.017812997102737427,0.6594885587692261,0.338046133518219,0.6005042195320129,0.19500583410263062,0.5631353855133057,0.10867595672607422,0.5295572280883789,0.03198152780532837,0.7290111184120178,0.3484037220478058,0.6852499842643738,0.24098557233810425,0.6530441641807556,0.17359355092048645,0.6229221224784851,0.1116684079170227,ㅂ
0.7148193120956421,0.7043806314468384,0.6331704258918762,0.7107878923416138,0.5495908856391907,0.6590743064880371,0.5470811128616333,0.5622044801712036,0.5962534546852112,0.4993475079536438,0.5006215572357178,0.4685958921909332,0.44079041481018066,0.3549179434776306,0.4104424715042114,0.2814488112926483,0.3867183327674866,0.2131558656692505,0.5424101948738098,0.4204520583152771,0.47373276948928833,0.29354041814804077,0.43714097142219543,0.212533637881279,0.4053328037261963,0.13704031705856323,0.5954369306564331,0.4019453227519989,0.53321373462677,0.28032803535461426,0.49875590205192566,0.20702208578586578,0.4676806926727295,0.14055383205413818,0.6594058275222778,0.4047149419784546,0.6119855642318726,0.3148881793022156,0.5786300897598267,0.2595859467983246,0.5477249622344971,0.20949149131774902,ㅂ
0.6930578947067261,0.7554855346679688,0.6198567152023315,0.7666493058204651,0.5451933145523071,0.7268120050430298,0.5327768325805664,0.6464312672615051,0.5654096603393555,0.5851932168006897,0.4959695041179657,0.5695136189460754,0.4392848610877991,0.4760648012161255,0.40614190697669983,0.41771945357322693,0.377615749835968,0.3659003973007202,0.5294923186302185,0.5269696712493896,0.4668131172657013,0.42319634556770325,0.4300142824649811,0.36039596796035767,0.39691561460494995,0.3038356900215149,0.5725171566009521,0.5074763298034668,0.5125644207000732,0.41095227003097534,0.4764136075973511,0.3544072210788727,0.443850576877594,0.3039751946926117,0.6255761981010437,0.5043679475784302,0.5809831023216248,0.43380671739578247,0.5495201945304871,0.3906450867652893,0.5203819870948792,0.35112160444259644,ㅂ
0.690327525138855,0.7833636999130249,0.6250202059745789,0.7952204346656799,0.5546271800994873,0.7591828107833862,0.543496310710907,0.6868834495544434,0.5785634517669678,0.6380138397216797,0.5157196521759033,0.6326179504394531,0.4649513065814972,0.5524985790252686,0.43783146142959595,0.5015405416488647,0.4157254695892334,0.4559057354927063,0.5424792766571045,0.5937311053276062,0.4846668541431427,0.503735363483429,0.4527912735939026,0.4494275152683258,0.4249401092529297,0.40243589878082275,0.5785503387451172,0.5739805698394775,0.524827778339386,0.4906288981437683,0.4946141242980957,0.44227883219718933,0.46842193603515625,0.4020487666130066,0.6247149705886841,0.5682032704353333,0.5843470096588135,0.5060009360313416,0.5574997067451477,0.4688631296157837,0.5342279076576233,0.43803274631500244,ㅂ
0.6704226136207581,0.7623471617698669,0.610561192035675,0.7712792754173279,0.5448482036590576,0.7356085777282715,0.537958562374115,0.668402910232544,0.5765296816825867,0.6259040236473083,0.5142216086387634,0.6253840327262878,0.46896809339523315,0.5547758936882019,0.44492894411087036,0.5106896758079529,0.4255920648574829,0.47071170806884766,0.5390970706939697,0.5904792547225952,0.487236350774765,0.5116947293281555,0.4590039849281311,0.46366772055625916,0.4348927438259125,0.42195671796798706,0.5726308822631836,0.572029173374176,0.5237986445426941,0.4987460970878601,0.49654099345207214,0.45667070150375366,0.4730374217033386,0.4214217960834503,0.6143543720245361,0.5670694708824158,0.5760514736175537,0.5140010714530945,0.550951361656189,0.4815879166126251,0.5302504897117615,0.4534681439399719,ㅂ
0.651658833026886,0.804440975189209,0.596572756767273,0.8133048415184021,0.5404189825057983,0.778437077999115,0.5309735536575317,0.7147284746170044,0.5567037463188171,0.6708229184150696,0.5092875957489014,0.6730265021324158,0.4683411717414856,0.6046435832977295,0.4472846984863281,0.5612485408782959,0.43136832118034363,0.5239144563674927,0.5314561128616333,0.6424633860588074,0.48702383041381836,0.5673213005065918,0.46301302313804626,0.5227738618850708,0.4440224766731262,0.48548850417137146,0.5596573352813721,0.6262636184692383,0.5180894732475281,0.5564782023429871,0.49523022770881653,0.5162272453308105,0.4765401780605316,0.4831867814064026,0.5939568281173706,0.6215502023696899,0.5612863302230835,0.5683248043060303,0.5408557057380676,0.5376302003860474,0.5233337879180908,0.5120112895965576,ㅂ
0.6859942078590393,0.7626240849494934,0.6252744793891907,0.7586014270782471,0.5658403635025024,0.7076655030250549,0.5650124549865723,0.6351260542869568,0.5978389978408813,0.5969462990760803,0.5456337332725525,0.6029648780822754,0.508102297782898,0.5266444087028503,0.4868645966053009,0.47873854637145996,0.47043219208717346,0.4382389485836029,0.5705416202545166,0.5709194540977478,0.5290911793708801,0.4857960343360901,0.5052468776702881,0.43391281366348267,0.48592454195022583,0.39129388332366943,0.6023367643356323,0.5566652417182922,0.5634593963623047,0.47673463821411133,0.54104083776474,0.4301161766052246,0.5218431949615479,0.3922441899776459,0.6411927938461304,0.5561867952346802,0.6131376028060913,0.4949536621570587,0.5938361287117004,0.46001023054122925,0.5769423246383667,0.43225282430648804,ㅂ
0.7455530762672424,0.7429095506668091,0.6729055643081665,0.7272650599479675,0.6046948432922363,0.6548408269882202,0.6077985763549805,0.5622425079345703,0.6551565527915955,0.517799437046051,0.5913525819778442,0.5023429989814758,0.557837724685669,0.3975144028663635,0.5418040752410889,0.3321194052696228,0.529710590839386,0.27467095851898193,0.6304667592048645,0.4716520607471466,0.5909460783004761,0.3570405840873718,0.5714580416679382,0.2874884605407715,0.5546066164970398,0.22569510340690613,0.6743863821029663,0.46618127822875977,0.6377659440040588,0.36008399724960327,0.6169347167015076,0.2962929904460907,0.5991665124893188,0.24197083711624146,0.7257214784622192,0.4784270226955414,0.6986157298088074,0.39799100160598755,0.6793177127838135,0.34825706481933594,0.662075936794281,0.30495357513427734,ㅂ
0.7876552939414978,0.7575336694717407,0.6932453513145447,0.7170946598052979,0.6167875528335571,0.5979850888252258,0.6382257342338562,0.47788506746292114,0.7121241688728333,0.436972439289093,0.6412374973297119,0.4002528190612793,0.6217460632324219,0.2591792345046997,0.6161738634109497,0.17470544576644897,0.6137145757675171,0.10199311375617981,0.6986715793609619,0.3751085102558136,0.6740376353263855,0.21830198168754578,0.6629867553710938,0.12283146381378174,0.6550155878067017,0.0445956289768219,0.7571075558662415,0.3832973837852478,0.7327840924263,0.2340582013130188,0.7203665375709534,0.14774563908576965,0.7097427845001221,0.07699421048164368,0.8197524547576904,0.4172418415546417,0.802263081073761,0.3038939833641052,0.7892016172409058,0.23506301641464233,0.7777048945426941,0.175763338804245,ㅂ
0.7991591691970825,0.8185796737670898,0.6951716542243958,0.7546311616897583,0.6140626668930054,0.6052602529525757,0.6426455974578857,0.4633796811103821,0.7379173040390015,0.42585697770118713,0.6578631401062012,0.3662123680114746,0.6482818126678467,0.20037037134170532,0.6487811207771301,0.1018158495426178,0.6537803411483765,0.015739113092422485,0.7258740067481995,0.34608036279678345,0.7098554372787476,0.16068479418754578,0.703106701374054,0.052078694105148315,0.6985353827476501,-0.042337387800216675,0.7918018698692322,0.36375728249549866,0.7778206467628479,0.19396139681339264,0.7680107355117798,0.08941110968589783,0.7596732378005981,0.004026204347610474,0.8633532524108887,0.412643164396286,0.8528464436531067,0.28588902950286865,0.8407203555107117,0.20711703598499298,0.8302227258682251,0.14052331447601318,ㅂ
0.7573426365852356,0.9531223773956299,0.6489246487617493,0.8854759335517883,0.5621016621589661,0.7344187498092651,0.5912784934043884,0.6086567640304565,0.6831238269805908,0.5860684514045715,0.6176967024803162,0.4730096757411957,0.6111364364624023,0.3017404079437256,0.6171115636825562,0.19825536012649536,0.6267227530479431,0.10314571857452393,0.6898685693740845,0.45502814650535583,0.679804801940918,0.2628103494644165,0.680152952671051,0.15021982789039612,0.6809569001197815,0.04467886686325073,0.7600777745246887,0.4773379862308502,0.7515968680381775,0.2979775369167328,0.7483598589897156,0.189697265625,0.7435746192932129,0.09214293956756592,0.834303081035614,0.53580641746521,0.8267418146133423,0.39568328857421875,0.8176306486129761,0.30733123421669006,0.8079702854156494,0.22638395428657532,ㅂ
0.6949143409729004,0.9177191257476807,0.5954487323760986,0.8939722180366516,0.5028706789016724,0.7964469790458679,0.4959842264652252,0.6754017472267151,0.5645763874053955,0.617111086845398,0.510196328163147,0.5387186408042908,0.4819644093513489,0.3920348584651947,0.4721226096153259,0.30421632528305054,0.4673997163772583,0.2222253382205963,0.5697469711303711,0.5089426040649414,0.537168562412262,0.3453301191329956,0.5219507217407227,0.24735310673713684,0.5111339688301086,0.15569809079170227,0.6323266625404358,0.5144054293632507,0.6021795868873596,0.3614024817943573,0.5852347612380981,0.2710954248905182,0.5713997483253479,0.1901051104068756,0.7020780444145203,0.5478127598762512,0.6761659979820251,0.4296247661113739,0.6565605998039246,0.3566020727157593,0.6387596130371094,0.2899298369884491,ㅂ
0.7356487512588501,0.8152437210083008,0.6402348875999451,0.8268169164657593,0.5303794145584106,0.7710317373275757,0.5119359493255615,0.6655111908912659,0.5714735984802246,0.596410870552063,0.47953277826309204,0.5325117111206055,0.41558247804641724,0.3954858183860779,0.38230016827583313,0.3076930642127991,0.35571110248565674,0.22564047574996948,0.5302219986915588,0.47646188735961914,0.4550645053386688,0.3263171315193176,0.4134160876274109,0.23025792837142944,0.3774942457675934,0.1394970715045929,0.5922496914863586,0.4546465277671814,0.5219664573669434,0.3128684163093567,0.48274779319763184,0.22581705451011658,0.44893592596054077,0.1462077498435974,0.6669430732727051,0.45817282795906067,0.6139165759086609,0.3554336428642273,0.57831209897995,0.2918287515640259,0.5466755628585815,0.23285657167434692,ㅂ
0.7884854674339294,0.7421286702156067,0.6945274472236633,0.7724052667617798,0.5914952754974365,0.7371556162834167,0.5729290246963501,0.6334715485572815,0.6200946569442749,0.5457441210746765,0.5137259364128113,0.5261039733886719,0.4281124770641327,0.4038347005844116,0.37664881348609924,0.3258392810821533,0.33278417587280273,0.25437474250793457,0.555417537689209,0.458685964345932,0.45755916833877563,0.32507532835006714,0.3982361853122711,0.23864057660102844,0.34507596492767334,0.15890735387802124,0.6133125424385071,0.42232564091682434,0.5220170617103577,0.294203519821167,0.4685722291469574,0.21666216850280762,0.4204649329185486,0.14782053232192993,0.6868644952774048,0.4073284864425659,0.6207512021064758,0.3153788447380066,0.5740461349487305,0.25860458612442017,0.5300933122634888,0.20782414078712463,ㅂ
0.7815617322921753,0.9103198647499084,0.7014617323875427,0.9098097085952759,0.6179696321487427,0.8544412851333618,0.6003513932228088,0.7649263143539429,0.641350507736206,0.7069399952888489,0.5697659254074097,0.6909267902374268,0.5100318193435669,0.588607132434845,0.4775530695915222,0.523265540599823,0.45216813683509827,0.46375572681427,0.6047562956809998,0.6492821574211121,0.5365041494369507,0.5376323461532593,0.49854451417922974,0.46659791469573975,0.4659695029258728,0.4025079905986786,0.6510803699493408,0.6298051476478577,0.5864750146865845,0.5267627835273743,0.5523549318313599,0.4653368592262268,0.5228317975997925,0.4110870063304901,0.7079306244850159,0.6272398233413696,0.6593191027641296,0.5492162704467773,0.6268492937088013,0.5007243156433105,0.5988578796386719,0.4577692747116089,ㅂ
0.6306991577148438,0.8121134042739868,0.5675936937332153,0.7649857401847839,0.524852991104126,0.6816157698631287,0.533475399017334,0.6027041673660278,0.5822311639785767,0.5778496265411377,0.561754584312439,0.557266116142273,0.556279718875885,0.46312886476516724,0.5566316246986389,0.4081481099128723,0.5588107109069824,0.3599228858947754,0.5965240001678467,0.5470580458641052,0.5929872989654541,0.4391563832759857,0.592507541179657,0.3784767985343933,0.5918411612510681,0.32508203387260437,0.6291541457176208,0.5570060014724731,0.6257900595664978,0.45615583658218384,0.6236304044723511,0.3987186849117279,0.6210766434669495,0.35103505849838257,0.6657034158706665,0.5852286219596863,0.665145218372345,0.5094919204711914,0.6625545620918274,0.46351251006126404,0.658411979675293,0.42322272062301636,ㅂ
0.5834326148033142,0.8655732870101929,0.535639226436615,0.8129206895828247,0.5047523975372314,0.7246856689453125,0.5136573314666748,0.6487691402435303,0.5598180890083313,0.6377021074295044,0.5525859594345093,0.6169993877410889,0.5636800527572632,0.5279431343078613,0.5725136399269104,0.47664958238601685,0.5822370052337646,0.4318903684616089,0.5843737125396729,0.6161799430847168,0.5980625748634338,0.5142164826393127,0.6093468070030212,0.4560921788215637,0.6198817491531372,0.40714728832244873,0.6125726699829102,0.6340165138244629,0.6240013837814331,0.5400993824005127,0.6335009932518005,0.48655009269714355,0.6419473886489868,0.4427465796470642,0.64036625623703,0.6672555208206177,0.6474142670631409,0.5949822664260864,0.653834879398346,0.551616370677948,0.6595935821533203,0.5158044695854187,ㅂ
0.5419638752937317,0.8725101947784424,0.5094866752624512,0.8100959062576294,0.4999542236328125,0.7284522652626038,0.5176489353179932,0.6664310693740845,0.5534418821334839,0.662479043006897,0.5702191591262817,0.6409011483192444,0.6061233878135681,0.5699153542518616,0.6282305121421814,0.528798520565033,0.6489468812942505,0.49511009454727173,0.5982353687286377,0.6559444069862366,0.6388953924179077,0.5762184858322144,0.6650517582893372,0.5301755666732788,0.6879880428314209,0.49265286326408386,0.6203444004058838,0.6848618984222412,0.6565163135528564,0.6095854640007019,0.6807853579521179,0.5657154321670532,0.7018536925315857,0.5295726656913757,0.6370632648468018,0.7262697815895081,0.6631510853767395,0.6672343015670776,0.6822614073753357,0.6311712861061096,0.6999615430831909,0.600434422492981,ㅂ
0.5807363986968994,0.8877262473106384,0.5435003042221069,0.8307243585586548,0.5283869504928589,0.752680242061615,0.5357516407966614,0.6869469285011292,0.570203423500061,0.6784039735794067,0.5868006348609924,0.6670160293579102,0.613050103187561,0.5985002517700195,0.6292929649353027,0.558488130569458,0.6459788680076599,0.5235232710838318,0.6141287684440613,0.6747753620147705,0.6434643268585205,0.5965741872787476,0.6632899641990662,0.5517069697380066,0.6811826229095459,0.5125916004180908,0.6359186172485352,0.6980956792831421,0.6629798412322998,0.6228933930397034,0.6819489598274231,0.5819993019104004,0.6988972425460815,0.5474668741226196,0.654044508934021,0.7343807816505432,0.6723154783248901,0.675556480884552,0.6875504851341248,0.6413858532905579,0.7028518319129944,0.6112797260284424,ㅂ
0.622005045413971,0.8501603007316589,0.5733874440193176,0.8146607875823975,0.5410608053207397,0.7468163967132568,0.5404985547065735,0.6786567568778992,0.5749436020851135,0.6606309413909912,0.5689787268638611,0.6577145457267761,0.5708865523338318,0.5895484685897827,0.5739368796348572,0.5521376132965088,0.5784097909927368,0.520006000995636,0.596598744392395,0.6519777774810791,0.5988821983337402,0.574422299861908,0.6015048623085022,0.5331211686134338,0.6036039590835571,0.49673694372177124,0.6233963370323181,0.6606820225715637,0.6242498755455017,0.5857093930244446,0.6255976557731628,0.546629011631012,0.6269232630729675,0.5144492983818054,0.6518111824989319,0.6799106001853943,0.6502787470817566,0.6204831004142761,0.6490457057952881,0.5920577049255371,0.6481595039367676,0.5698410868644714,ㅂ
0.6328486204147339,0.7290152907371521,0.5888720154762268,0.7006645202636719,0.5628631114959717,0.6401575207710266,0.568700909614563,0.5816789269447327,0.5875887274742126,0.5526919364929199,0.5800399780273438,0.5705968737602234,0.5741220116615295,0.5058164596557617,0.573406994342804,0.4676929712295532,0.5742231607437134,0.43673810362815857,0.6049690842628479,0.5628034472465515,0.5992650389671326,0.4914368987083435,0.5966441035270691,0.4510106146335602,0.5951253175735474,0.4195825755596161,0.6287586688995361,0.5669983625411987,0.6241074204444885,0.500705361366272,0.620691180229187,0.4633218050003052,0.6181666851043701,0.43487226963043213,0.6546789407730103,0.5810516476631165,0.6520305871963501,0.5335918068885803,0.6473187804222107,0.5051383972167969,0.6418781876564026,0.48275819420814514,ㅂ
0.6495447158813477,0.6507453322410583,0.6069048643112183,0.6362547278404236,0.5732970833778381,0.5890533924102783,0.5796030163764954,0.5365396738052368,0.6064040660858154,0.5113545656204224,0.5708060264587402,0.5042950510978699,0.5558007955551147,0.4384424686431885,0.5496445894241333,0.3974839746952057,0.5455257296562195,0.36223942041397095,0.5932148694992065,0.48933500051498413,0.5758749842643738,0.4167085289955139,0.5668164491653442,0.3730120062828064,0.5590803027153015,0.33591428399086,0.6180203557014465,0.488006055355072,0.6019092202186584,0.4216446578502655,0.592290461063385,0.381759911775589,0.5833786725997925,0.34942251443862915,0.6469271779060364,0.49731874465942383,0.6360296607017517,0.44756051898002625,0.6263290643692017,0.4174879789352417,0.616564929485321,0.3935803771018982,ㅂ
0.6173804998397827,0.640537440776825,0.5785337090492249,0.626335620880127,0.5506898164749146,0.5843040347099304,0.5573927164077759,0.5354956388473511,0.5829287171363831,0.513350248336792,0.5444093346595764,0.5063899755477905,0.5301018953323364,0.4423374831676483,0.5244094729423523,0.402920126914978,0.5200843811035156,0.3689625859260559,0.5655706524848938,0.4908304810523987,0.5494654178619385,0.4197334051132202,0.5411040186882019,0.3778002858161926,0.5332750082015991,0.34224581718444824,0.5892820358276367,0.48825347423553467,0.5738852620124817,0.4232913851737976,0.5650073885917664,0.385042667388916,0.55622398853302,0.3537525534629822,0.6167579293251038,0.4959360659122467,0.6064907312393188,0.4489879012107849,0.5974795818328857,0.4200388193130493,0.5881307721138,0.39663001894950867,ㅂ
0.6113713979721069,0.7067957520484924,0.5637028813362122,0.6869590282440186,0.5268596410751343,0.6352105736732483,0.5196839570999146,0.578697681427002,0.5363773107528687,0.5477436780929565,0.5317254066467285,0.5357793569564819,0.5175126791000366,0.4629821479320526,0.5112475752830505,0.4184471666812897,0.507983922958374,0.38188600540161133,0.5563862919807434,0.5235685110092163,0.5410090684890747,0.4426174759864807,0.5331822037696838,0.3927360475063324,0.528293251991272,0.352195680141449,0.5833367705345154,0.5247544050216675,0.5690188407897949,0.44798338413238525,0.5629844069480896,0.4035300016403198,0.5588812828063965,0.3672597110271454,0.6137639284133911,0.538995623588562,0.6039705276489258,0.481489360332489,0.5967362523078918,0.44623637199401855,0.5898261070251465,0.41701582074165344,ㅂ
0.5067616105079651,0.751723051071167,0.45195040106773376,0.732841432094574,0.41152918338775635,0.6775112748146057,0.40538233518600464,0.6163173913955688,0.429393470287323,0.5864499807357788,0.419575959444046,0.5597043037414551,0.4074488878250122,0.4806465208530426,0.40201595425605774,0.4315171241760254,0.3984513282775879,0.3875754475593567,0.4491865336894989,0.5447613596916199,0.4353465735912323,0.45560401678085327,0.42787620425224304,0.40108343958854675,0.42108675837516785,0.3529738485813141,0.47962814569473267,0.5458160638809204,0.4660877287387848,0.46258994936943054,0.4584420323371887,0.41215837001800537,0.45093056559562683,0.36792904138565063,0.512283980846405,0.5617172718048096,0.502120316028595,0.500930905342102,0.49602511525154114,0.4615773558616638,0.4896295368671417,0.4257206320762634,ㅂ
0.3416815400123596,0.6660332679748535,0.39354145526885986,0.6284112930297852,0.41801315546035767,0.5490216016769409,0.38990575075149536,0.4820394814014435,0.3523400127887726,0.4579427242279053,0.429328054189682,0.4465324580669403,0.440141499042511,0.36342135071754456,0.44173651933670044,0.3173035681247711,0.44078588485717773,0.2778584957122803,0.39365240931510925,0.42765045166015625,0.4053720235824585,0.3387603163719177,0.4106680154800415,0.28687554597854614,0.4133443534374237,0.24574115872383118,0.35939186811447144,0.43111667037010193,0.3683983385562897,0.3469160199165344,0.37687546014785767,0.3007037043571472,0.3812255859375,0.26407474279403687,0.3233146667480469,0.4492795169353485,0.3307548761367798,0.3785041570663452,0.3387604355812073,0.3384860157966614,0.3464703857898712,0.3043806552886963,ㅂ
0.33461275696754456,0.7141029834747314,0.39078962802886963,0.6829124093055725,0.4257937967777252,0.5970001220703125,0.39612093567848206,0.5264639258384705,0.35239744186401367,0.5103833675384521,0.43018752336502075,0.48638349771499634,0.44280287623405457,0.39724400639533997,0.444563090801239,0.34642767906188965,0.4435170292854309,0.3036833703517914,0.39374274015426636,0.46827805042266846,0.40873801708221436,0.37365472316741943,0.4152708053588867,0.313571035861969,0.4184170365333557,0.2669408321380615,0.3600086271762848,0.4724552631378174,0.37150004506111145,0.3844394087791443,0.38168245553970337,0.328978955745697,0.3873952329158783,0.285637229681015,0.32342255115509033,0.49214401841163635,0.3324061632156372,0.42260849475860596,0.34085553884506226,0.37781623005867004,0.349053293466568,0.3383358120918274,ㅂ
0.3011198341846466,0.7185338139533997,0.357107013463974,0.7232495546340942,0.4148559868335724,0.6728062629699707,0.42252981662750244,0.590476393699646,0.395581990480423,0.5394999980926514,0.46760115027427673,0.5770401358604431,0.5177841186523438,0.5077664852142334,0.5443240404129028,0.4652763903141022,0.5648707151412964,0.4272485375404358,0.4418165683746338,0.5377627611160278,0.4981476068496704,0.4617418348789215,0.5297868251800537,0.41659659147262573,0.5546291470527649,0.3798512816429138,0.4099493622779846,0.5194920897483826,0.46045488119125366,0.44858989119529724,0.4913099706172943,0.4081927537918091,0.5143808722496033,0.37668901681900024,0.37048792839050293,0.512830913066864,0.4087425172328949,0.45608747005462646,0.43279287219047546,0.4228411614894867,0.45348742604255676,0.39448678493499756,ㅂ
0.2833095192909241,0.6328226327896118,0.3408173620700836,0.6419376134872437,0.3994404673576355,0.6086262464523315,0.41506320238113403,0.5364415645599365,0.39805006980895996,0.48114049434661865,0.45692163705825806,0.5391280055046082,0.5173461437225342,0.49384409189224243,0.550329864025116,0.4634760022163391,0.5776776075363159,0.4337770342826843,0.4410625994205475,0.4972716271877289,0.5082967877388,0.44655802845954895,0.5469076037406921,0.41478636860847473,0.5798757672309875,0.3862118124961853,0.4154258370399475,0.4704383909702301,0.47808387875556946,0.420828253030777,0.5160669088363647,0.39517107605934143,0.5472869873046875,0.37326115369796753,0.38066646456718445,0.4522092342376709,0.42604437470436096,0.40938398241996765,0.45684874057769775,0.386982262134552,0.4854731261730194,0.3684390187263489,ㅂ
0.31530874967575073,0.6119366884231567,0.3673405051231384,0.6340503096580505,0.42794832587242126,0.6223183870315552,0.44818875193595886,0.5503643155097961,0.4359491765499115,0.49353647232055664,0.49163299798965454,0.5454121232032776,0.5506734848022461,0.49748966097831726,0.5840463638305664,0.4661007225513458,0.6122273206710815,0.4372432827949524,0.4767988622188568,0.501429557800293,0.5424072742462158,0.45278501510620117,0.58402019739151,0.41763126850128174,0.617912769317627,0.3877257704734802,0.45191439986228943,0.47348979115486145,0.5132840871810913,0.426343709230423,0.5511518716812134,0.3986436724662781,0.5824363231658936,0.3765307664871216,0.4165729880332947,0.45310044288635254,0.46333879232406616,0.41532495617866516,0.494774729013443,0.39615070819854736,0.5240992903709412,0.38041436672210693,ㅂ
0.3154555559158325,0.5354170799255371,0.37584492564201355,0.5521900057792664,0.4420405626296997,0.5290912389755249,0.45016998052597046,0.449074387550354,0.42755991220474243,0.39220255613327026,0.5058184266090393,0.4251607656478882,0.5687298774719238,0.3602820634841919,0.6056960225105286,0.31633538007736206,0.6356067657470703,0.27488410472869873,0.48385122418403625,0.3786030113697052,0.5545504689216614,0.3097192943096161,0.5997775197029114,0.2594000995159149,0.6367166042327881,0.21534386277198792,0.45131543278694153,0.3521841764450073,0.5154553651809692,0.28377866744995117,0.558244526386261,0.24129347503185272,0.594444751739502,0.20605267584323883,0.4078109860420227,0.3364904224872589,0.4561014473438263,0.28246110677719116,0.49107086658477783,0.25306546688079834,0.5244674682617188,0.22863076627254486,ㅂ
0.3540068566799164,0.7094100713729858,0.4234943389892578,0.691895604133606,0.4787099361419678,0.6184004545211792,0.44938924908638,0.5348174571990967,0.40201595425605774,0.49445855617523193,0.5009627342224121,0.4752754271030426,0.5371803641319275,0.3720327615737915,0.5574932098388672,0.3083294928073883,0.5731374025344849,0.2504320740699768,0.46175405383110046,0.4405565559864044,0.5036787986755371,0.32828134298324585,0.5297502279281616,0.25200968980789185,0.5506020784378052,0.18658003211021423,0.42024773359298706,0.43509823083877563,0.4560444951057434,0.32833534479141235,0.48361557722091675,0.2616502344608307,0.5058215856552124,0.20493200421333313,0.37201598286628723,0.44946223497390747,0.3999045491218567,0.3684438169002533,0.42282265424728394,0.3177850842475891,0.4449162781238556,0.27208131551742554,ㅂ
0.3700615167617798,0.7545714378356934,0.44112369418144226,0.7232262492179871,0.49607962369918823,0.6333289742469788,0.46348685026168823,0.5447717308998108,0.41071176528930664,0.5114948749542236,0.5008023381233215,0.48350951075553894,0.5239853858947754,0.37314414978027344,0.5338922739028931,0.30646246671676636,0.5404362678527832,0.2469867467880249,0.45760753750801086,0.4581969976425171,0.4862805902957916,0.34054648876190186,0.5016399025917053,0.2626012861728668,0.5125188231468201,0.19806718826293945,0.4167308807373047,0.46059465408325195,0.43955540657043457,0.3493397831916809,0.4573037624359131,0.27848702669143677,0.470153272151947,0.22066450119018555,0.3713829219341278,0.4827847480773926,0.39022427797317505,0.3966948390007019,0.40640273690223694,0.3416905403137207,0.4220486879348755,0.29256582260131836,ㅂ
0.3380512297153473,0.684982419013977,0.4079742431640625,0.6421719193458557,0.45485058426856995,0.5413285493850708,0.41574758291244507,0.45758068561553955,0.3615598976612091,0.4375266134738922,0.4349793791770935,0.39983662962913513,0.44481828808784485,0.2905735373497009,0.4449549615383148,0.22572961449623108,0.44242316484451294,0.17266133427619934,0.3899816870689392,0.38261476159095764,0.40203073620796204,0.2628318667411804,0.40696683526039124,0.18863576650619507,0.40827494859695435,0.1328774392604828,0.35061323642730713,0.39270320534706116,0.35935208201408386,0.2801307439804077,0.36652615666389465,0.21198540925979614,0.3703382909297943,0.15797188878059387,0.30938711762428284,0.4230070114135742,0.3151468336582184,0.33463549613952637,0.3230185806751251,0.27989697456359863,0.33024248480796814,0.23118196427822113,ㅂ
0.30422720313072205,0.6866164207458496,0.373665988445282,0.632983922958374,0.4107644259929657,0.5272293090820312,0.3614460229873657,0.4556904435157776,0.3034636676311493,0.4406535029411316,0.3815765678882599,0.3801089823246002,0.3795567452907562,0.26407644152641296,0.3719905614852905,0.19546924531459808,0.36261439323425293,0.1369035243988037,0.33186590671539307,0.36956340074539185,0.33183184266090393,0.24626092612743378,0.32821744680404663,0.1659206748008728,0.3231586217880249,0.1004975438117981,0.2909727096557617,0.3845345675945282,0.2890695333480835,0.2701522707939148,0.2911524176597595,0.1966753751039505,0.2907435894012451,0.13696730136871338,0.25114813446998596,0.4207472503185272,0.24918082356452942,0.3311043381690979,0.2531754970550537,0.2718391418457031,0.2575813829898834,0.21866101026535034,ㅂ
0.25422579050064087,0.7513576745986938,0.3200332522392273,0.6890591382980347,0.3531840443611145,0.5821287631988525,0.3008120357990265,0.5130545496940613,0.24378105998039246,0.4965457320213318,0.32335540652275085,0.43302711844444275,0.31713762879371643,0.31630492210388184,0.3078213632106781,0.24784427881240845,0.29813095927238464,0.188594251871109,0.27242371439933777,0.4242658019065857,0.26946449279785156,0.2982272505760193,0.26497820019721985,0.21744763851165771,0.2596498429775238,0.14966365694999695,0.23145297169685364,0.4422329366207123,0.22650499641895294,0.3255959153175354,0.22677043080329895,0.2544473707675934,0.22472603619098663,0.19516056776046753,0.19219937920570374,0.48305511474609375,0.18842217326164246,0.3915591239929199,0.19227975606918335,0.33265089988708496,0.196454718708992,0.27884340286254883,ㅂ
0.22994674742221832,0.8834109306335449,0.2997397184371948,0.8203696608543396,0.3403322994709015,0.721271276473999,0.2856432795524597,0.6500043272972107,0.22413869202136993,0.6455348134040833,0.3153914213180542,0.5524096488952637,0.31564193964004517,0.4279441833496094,0.30790695548057556,0.35352957248687744,0.2973996102809906,0.28697219491004944,0.26273778080940247,0.5381672382354736,0.26562178134918213,0.40345609188079834,0.2627609372138977,0.3154793977737427,0.2568695843219757,0.24120718240737915,0.21825946867465973,0.5544939637184143,0.21625372767448425,0.4298872947692871,0.21825844049453735,0.346810519695282,0.21712958812713623,0.2768790125846863,0.17476245760917664,0.596867561340332,0.17298142611980438,0.4965571165084839,0.17780941724777222,0.43141451478004456,0.18251582980155945,0.3744088113307953,ㅂ
0.31637832522392273,0.7752776145935059,0.38393262028694153,0.7380844950675964,0.43269723653793335,0.64986652135849,0.4040690064430237,0.5690717697143555,0.3545614778995514,0.5479594469070435,0.4261935353279114,0.5179420113563538,0.43478551506996155,0.4158366322517395,0.4326799213886261,0.3556300401687622,0.4291931986808777,0.3047221601009369,0.384187251329422,0.49895650148391724,0.3954353630542755,0.3883730173110962,0.39823809266090393,0.31659358739852905,0.3986004590988159,0.2592126727104187,0.3463534116744995,0.504430890083313,0.35497403144836426,0.40132537484169006,0.36107292771339417,0.3371170163154602,0.3633665144443512,0.28612375259399414,0.30546021461486816,0.5288036465644836,0.3139055669307709,0.4482397437095642,0.32212331891059875,0.3966136574745178,0.3294612765312195,0.35081958770751953,ㅂ
0.32131895422935486,0.5677225589752197,0.3833189606666565,0.5695858597755432,0.4470372796058655,0.5263725519180298,0.45041459798812866,0.44924741983413696,0.4176710546016693,0.4059186577796936,0.4852893650531769,0.4107332229614258,0.5263997316360474,0.3294704258441925,0.5474254488945007,0.27791064977645874,0.5637452006340027,0.23147602379322052,0.45716744661331177,0.3742617964744568,0.503055989742279,0.2901313900947571,0.5309820771217346,0.23216485977172852,0.552545428276062,0.18281085789203644,0.42429256439208984,0.35952359437942505,0.4665558338165283,0.2801728844642639,0.4940902888774872,0.23045970499515533,0.5163205862045288,0.18855322897434235,0.38433051109313965,0.35915857553482056,0.41768577694892883,0.29660922288894653,0.4412180185317993,0.25924110412597656,0.4625048041343689,0.2261001616716385,ㅂ
0.3830125331878662,0.6147484183311462,0.4487271308898926,0.6171109676361084,0.5087032914161682,0.576863169670105,0.511319100856781,0.5049333572387695,0.4833402931690216,0.4633829891681671,0.5475813150405884,0.4688839018344879,0.5959812998771667,0.3959965705871582,0.6192002892494202,0.34952011704444885,0.6371225714683533,0.3079853355884552,0.5216037631034851,0.4330512583255768,0.5751551389694214,0.352176696062088,0.6060791015625,0.2961636781692505,0.6286783218383789,0.24742695689201355,0.49046292901039124,0.41546115279197693,0.5396853089332581,0.3395421504974365,0.5679630041122437,0.2935585677623749,0.5883445739746094,0.2532920241355896,0.4514563977718353,0.40954747796058655,0.4879203736782074,0.35257261991500854,0.5133264064788818,0.31910252571105957,0.5347957611083984,0.28858762979507446,ㅂ
0.4404255151748657,0.7167213559150696,0.5010652542114258,0.7206853628158569,0.5603645443916321,0.6784540414810181,0.5664157271385193,0.6105757355690002,0.5341418385505676,0.575753390789032,0.5847187638282776,0.5599114894866943,0.6198285222053528,0.48426324129104614,0.6373465061187744,0.43664127588272095,0.6513335108757019,0.3923759162425995,0.5584427714347839,0.5309451818466187,0.597998321056366,0.4476623237133026,0.6216710209846497,0.39193376898765564,0.6384672522544861,0.343484103679657,0.5279059410095215,0.5217828750610352,0.5622625946998596,0.44267475605010986,0.5860632061958313,0.39436042308807373,0.6027481555938721,0.3527788519859314,0.49055996537208557,0.5251504182815552,0.5184841752052307,0.4651474356651306,0.5395410060882568,0.4280351400375366,0.5569139719009399,0.39449387788772583,ㅂ
0.5073586106300354,0.7930171489715576,0.5676983594894409,0.7859338521957397,0.6191790699958801,0.739678680896759,0.6182377934455872,0.6753028631210327,0.5842796564102173,0.6501597166061401,0.622143030166626,0.6229845285415649,0.641398549079895,0.5476152896881104,0.646723747253418,0.5005549192428589,0.6484845280647278,0.45854485034942627,0.5947257280349731,0.5984472036361694,0.6153654456138611,0.5111509561538696,0.6248956918716431,0.4538207948207855,0.6284459829330444,0.4059229791164398,0.5660440325737,0.5925105214118958,0.5850678086280823,0.5115331411361694,0.5973652005195618,0.45982593297958374,0.6030018329620361,0.4158540964126587,0.5320354700088501,0.6003274321556091,0.5487483143806458,0.5371010303497314,0.5607138276100159,0.4972747564315796,0.5686675310134888,0.4615131616592407,ㅂ
0.5305336713790894,0.7904542088508606,0.5865609049797058,0.7780075073242188,0.6340907216072083,0.7243240475654602,0.6299130916595459,0.6590414047241211,0.5940867066383362,0.6396099925041199,0.6234748363494873,0.605376124382019,0.6325777769088745,0.5268651843070984,0.6321877837181091,0.48045629262924194,0.6286963224411011,0.439439982175827,0.594136655330658,0.5873600244522095,0.6047168970108032,0.49825769662857056,0.6069880127906799,0.4416818916797638,0.6041531562805176,0.3958497643470764,0.5657714009284973,0.5871214270591736,0.574876606464386,0.5056150555610657,0.5807139277458191,0.45377594232559204,0.5808737874031067,0.41113966703414917,0.5333164930343628,0.6005046367645264,0.543738067150116,0.5344212055206299,0.5503944158554077,0.4931224286556244,0.5534502863883972,0.4563169479370117,ㅂ
0.5097387433052063,0.7460899353027344,0.5756051540374756,0.7221411466598511,0.6267568469047546,0.6409720778465271,0.6106882691383362,0.5627630949020386,0.5654308199882507,0.538942813873291,0.6062792539596558,0.5070400834083557,0.6122775673866272,0.4092556834220886,0.6081969738006592,0.34951114654541016,0.6023352742195129,0.2988366186618805,0.5690124034881592,0.48696044087409973,0.5732069611549377,0.380260169506073,0.5709224343299866,0.30974459648132324,0.5658684372901917,0.2524782717227936,0.5342977643013,0.4908560514450073,0.5356354713439941,0.3881896138191223,0.5365084409713745,0.3251126706600189,0.5348453521728516,0.2719161808490753,0.4955926835536957,0.5140912532806396,0.4993833303451538,0.4330170750617981,0.5038841962814331,0.3845694065093994,0.5070765018463135,0.3410756289958954,ㅂ
0.48098698258399963,0.6965008974075317,0.5531428456306458,0.6687363386154175,0.6119526624679565,0.5802863836288452,0.5892996191978455,0.48727768659591675,0.5361819267272949,0.45060470700263977,0.6013595461845398,0.4264053404331207,0.6082649230957031,0.315024197101593,0.6035228371620178,0.24866840243339539,0.5967774987220764,0.1898980736732483,0.5563761591911316,0.40399622917175293,0.5643633604049683,0.28059202432632446,0.5657286643981934,0.2037866711616516,0.5638178586959839,0.14233005046844482,0.5156405568122864,0.4081185758113861,0.5220283269882202,0.29340994358062744,0.5266101956367493,0.22233717143535614,0.5263073444366455,0.1651051640510559,0.47235122323036194,0.4314115643501282,0.4791346490383148,0.3411906957626343,0.485503226518631,0.28393423557281494,0.48960065841674805,0.23326309025287628,ㅂ
0.43709737062454224,0.6446185111999512,0.5245226621627808,0.610874593257904,0.5950614809989929,0.48862290382385254,0.5659196972846985,0.3667253255844116,0.4968996047973633,0.3277240991592407,0.5964044332504272,0.3162609934806824,0.6110956072807312,0.17893023788928986,0.6103262901306152,0.09827721118927002,0.6088582873344421,0.03076648712158203,0.5402646064758301,0.2837536334991455,0.5536143779754639,0.1383533626794815,0.5608998537063599,0.04977983236312866,0.5654726028442383,-0.01884239912033081,0.4896889328956604,0.28271937370300293,0.5004735589027405,0.14893873035907745,0.5109283924102783,0.06752347946166992,0.5160742998123169,0.002734661102294922,0.4378533661365509,0.30413007736206055,0.44562339782714844,0.2002943605184555,0.4545133113861084,0.13447894155979156,0.46335870027542114,0.07497233152389526,ㅂ
0.33559006452560425,0.9041111469268799,0.439525842666626,0.8491101861000061,0.5221211314201355,0.7092961668968201,0.4614567458629608,0.5710600018501282,0.3639964759349823,0.5330235958099365,0.5152719020843506,0.45388904213905334,0.528052568435669,0.2757198214530945,0.5243819355964661,0.16798582673072815,0.5184219479560852,0.0708182156085968,0.4404992163181305,0.4162170886993408,0.4558022916316986,0.22972896695137024,0.46036407351493835,0.11020740866661072,0.4618183672428131,0.008003979921340942,0.3726384937763214,0.4218936264514923,0.3903413414955139,0.24616359174251556,0.4042227566242218,0.13507068157196045,0.41297823190689087,0.0401759147644043,0.3019710183143616,0.46331578493118286,0.3152385950088501,0.3171307444572449,0.3282102644443512,0.22682887315750122,0.34147676825523376,0.14511048793792725,ㅂ
0.37440428137779236,0.8877795934677124,0.4703022539615631,0.8211932182312012,0.5469471216201782,0.6955945491790771,0.4983876943588257,0.5708820819854736,0.41506755352020264,0.5515185594558716,0.5257272720336914,0.4956871569156647,0.537060022354126,0.34845834970474243,0.5320495963096619,0.26243826746940613,0.524674654006958,0.18192645907402039,0.46528664231300354,0.4670478105545044,0.47768545150756836,0.3058764338493347,0.4810072183609009,0.20052677392959595,0.4786311089992523,0.10581102967262268,0.41133737564086914,0.4748498797416687,0.42351794242858887,0.3247758150100708,0.43212273716926575,0.23554709553718567,0.43246209621429443,0.15638580918312073,0.3544623851776123,0.511370062828064,0.3659631013870239,0.39101868867874146,0.3779717981815338,0.3141722083091736,0.38609039783477783,0.242773175239563,ㅂ
0.34430283308029175,0.8446856737136841,0.4310871660709381,0.8043513298034668,0.4984670579433441,0.6981436610221863,0.46036913990974426,0.5921946167945862,0.39653515815734863,0.5608760118484497,0.48634862899780273,0.5225510001182556,0.497440904378891,0.3970218300819397,0.49539345502853394,0.319790244102478,0.4900694489479065,0.2488698661327362,0.4355584383010864,0.4964050352573395,0.44856494665145874,0.3570850193500519,0.4528636038303375,0.26581165194511414,0.4523929953575134,0.18731603026390076,0.3895430564880371,0.5008895993232727,0.4007522463798523,0.3713984489440918,0.40870773792266846,0.29064837098121643,0.4097711741924286,0.22090482711791992,0.33944424986839294,0.527931272983551,0.351043701171875,0.42489588260650635,0.3622574210166931,0.35897302627563477,0.3707069754600525,0.29755473136901855,ㅂ
0.3098520040512085,0.8013479113578796,0.38351115584373474,0.7702692151069641,0.4432307779788971,0.6791039109230042,0.4198087453842163,0.5824026465415955,0.3656882345676422,0.5513904690742493,0.4426116943359375,0.5365428328514099,0.4554430842399597,0.42892736196517944,0.4553874731063843,0.3651770353317261,0.4533854126930237,0.30974438786506653,0.39990976452827454,0.5112215280532837,0.4141911268234253,0.39395755529403687,0.42081862688064575,0.3193660378456116,0.42335689067840576,0.25776422023773193,0.36082783341407776,0.5133915543556213,0.373741090297699,0.4053862392902374,0.38373544812202454,0.34022924304008484,0.3874821364879608,0.28696584701538086,0.31906697154045105,0.5344931483268738,0.33066248893737793,0.45123589038848877,0.34215304255485535,0.3980610966682434,0.3511733412742615,0.35092586278915405,ㅂ
0.2156347632408142,0.7922191619873047,0.29330670833587646,0.7545344233512878,0.34336838126182556,0.6556021571159363,0.30469638109207153,0.5561676621437073,0.24371778964996338,0.5332096219062805,0.3382730782032013,0.500989556312561,0.34595757722854614,0.38066422939300537,0.34314867854118347,0.3057883381843567,0.338855117559433,0.23907583951950073,0.28887155652046204,0.47220146656036377,0.29887765645980835,0.34354156255722046,0.3041937053203583,0.26042190194129944,0.3068675398826599,0.19063198566436768,0.24300527572631836,0.4755772352218628,0.25161683559417725,0.35450199246406555,0.26248422265052795,0.2765845060348511,0.26865285634994507,0.21188461780548096,0.19491907954216003,0.5044707655906677,0.2036658525466919,0.40744495391845703,0.21351055800914764,0.3471642732620239,0.2217688262462616,0.2947827875614166,ㅂ
0.20799541473388672,0.8262773752212524,0.28965646028518677,0.7793240547180176,0.34472981095314026,0.6749874353408813,0.2997802793979645,0.574874222278595,0.23490646481513977,0.549202561378479,0.3402557969093323,0.505048930644989,0.3465884327888489,0.3768778443336487,0.34326109290122986,0.2993309497833252,0.33883562684059143,0.22818216681480408,0.2878912389278412,0.4775533974170685,0.29579073190689087,0.34191960096359253,0.2989422678947449,0.25217947363853455,0.3008687496185303,0.17332559823989868,0.24004480242729187,0.4836937189102173,0.2481311857700348,0.35713905096054077,0.2573077380657196,0.27334609627723694,0.26308101415634155,0.2005901336669922,0.18933583796024323,0.5151471495628357,0.19644472002983093,0.4120005965232849,0.2067462056875229,0.34595808386802673,0.21722181141376495,0.28634878993034363,ㅂ
0.16858193278312683,0.8302938938140869,0.2616382837295532,0.8082423210144043,0.3453231453895569,0.7169770002365112,0.3230237364768982,0.5969122052192688,0.2552538216114044,0.5531448125839233,0.3702404797077179,0.5311688780784607,0.4040312170982361,0.4007449746131897,0.41710662841796875,0.31964173913002014,0.4266369342803955,0.24287807941436768,0.3204103708267212,0.48143887519836426,0.35922521352767944,0.33974820375442505,0.37977877259254456,0.24618643522262573,0.3958168029785156,0.16232594847679138,0.2693977355957031,0.4721037745475769,0.3056073784828186,0.3391757309436798,0.3312693238258362,0.2565850615501404,0.3507321774959564,0.18307289481163025,0.21187473833560944,0.48856672644615173,0.24368754029273987,0.3790229558944702,0.2658853232860565,0.31443411111831665,0.28490760922431946,0.2553306519985199,ㅂ
0.22816112637519836,0.7934238314628601,0.3200267255306244,0.7918374538421631,0.4107343554496765,0.723851203918457,0.4134554862976074,0.6094643473625183,0.3635554015636444,0.5503890514373779,0.46004706621170044,0.5673181414604187,0.5104650855064392,0.45596784353256226,0.5296011567115784,0.3833765685558319,0.5427828431129456,0.3158159554004669,0.4211564064025879,0.5179283618927002,0.4765743017196655,0.3963194489479065,0.5055685043334961,0.31428760290145874,0.5261120200157166,0.24307069182395935,0.3748703598976135,0.49910447001457214,0.42463192343711853,0.384155809879303,0.4563329219818115,0.31157511472702026,0.47863447666168213,0.24717414379119873,0.3179311752319336,0.500806987285614,0.3613714575767517,0.4119790196418762,0.38989850878715515,0.3560643196105957,0.4136059880256653,0.3045186400413513,ㅂ
0.29812729358673096,0.7424170970916748,0.37441420555114746,0.7573690414428711,0.4597398340702057,0.7182227969169617,0.47589004039764404,0.6205722689628601,0.44885891675949097,0.557256281375885,0.5126334428787231,0.5959279537200928,0.5660377144813538,0.5118246674537659,0.5920734405517578,0.4562518000602722,0.6138685345649719,0.40607452392578125,0.4850082993507385,0.5470142364501953,0.544620156288147,0.45721039175987244,0.5783401131629944,0.3969857096672058,0.6041339635848999,0.34534701704978943,0.44989633560180664,0.5227644443511963,0.5052146315574646,0.4374178946018219,0.538156270980835,0.3846741318702698,0.5626534223556519,0.3375994861125946,0.40332362055778503,0.5124090313911438,0.450240820646286,0.44591987133026123,0.4807090163230896,0.40548038482666016,0.5068058967590332,0.3675030767917633,ㅂ
0.3294216990470886,0.7602273225784302,0.39864325523376465,0.7779122591018677,0.47194036841392517,0.7526467442512512,0.4887602627277374,0.6648463606834412,0.4676571488380432,0.6081020832061768,0.521308183670044,0.6373060345649719,0.5705278515815735,0.5644001364707947,0.5956573486328125,0.5186993479728699,0.6173692345619202,0.47698110342025757,0.496967613697052,0.5921553373336792,0.5551050305366516,0.5161449909210205,0.5889247059822083,0.464202880859375,0.6151294708251953,0.4191664457321167,0.4652954041957855,0.5677096247673035,0.5215346217155457,0.49737024307250977,0.5550786852836609,0.4550197422504425,0.5812817811965942,0.4182544946670532,0.4223026633262634,0.5547207593917847,0.46792131662368774,0.4992469847202301,0.4967419505119324,0.46814411878585815,0.5215026140213013,0.43951186537742615,ㅂ
0.3582259714603424,0.8217195868492126,0.429129034280777,0.8115700483322144,0.493740975856781,0.7471590638160706,0.49111056327819824,0.656280517578125,0.451136976480484,0.6146849989891052,0.5083466172218323,0.6159355640411377,0.5371127128601074,0.522949755191803,0.5487949252128601,0.4659391939640045,0.5565537214279175,0.41611090302467346,0.4769469201564789,0.5842677354812622,0.5089651942253113,0.48065274953842163,0.527338981628418,0.4149721562862396,0.5383684039115906,0.3607717752456665,0.44296887516975403,0.5753731727600098,0.47397345304489136,0.47886908054351807,0.49367132782936096,0.42008617520332336,0.5050681829452515,0.3701198697090149,0.40126267075538635,0.5818980932235718,0.42527738213539124,0.5083845853805542,0.44254615902900696,0.4618476331233978,0.4545663893222809,0.4197402596473694,ㅂ
0.29260361194610596,0.8533281683921814,0.3718896210193634,0.8295743465423584,0.4387638568878174,0.7258738279342651,0.41817402839660645,0.6196058392524719,0.36088886857032776,0.592556893825531,0.4369584023952484,0.5690949559211731,0.4561954140663147,0.4600256383419037,0.46113327145576477,0.3938857913017273,0.4628848135471344,0.334259033203125,0.393110990524292,0.5396419167518616,0.4141892194747925,0.419255793094635,0.425878643989563,0.3427846431732178,0.4321942627429962,0.2783716320991516,0.35098668932914734,0.5400593876838684,0.36995264887809753,0.42916736006736755,0.38484424352645874,0.3600594699382782,0.39367714524269104,0.3004917800426483,0.304050087928772,0.5605174899101257,0.321478933095932,0.4703533351421356,0.33535629510879517,0.41443318128585815,0.34619057178497314,0.362444669008255,ㅂ
0.2391396015882492,0.8509686589241028,0.3227290213108063,0.8036428093910217,0.3823961019515991,0.6874964237213135,0.34957656264305115,0.5794882774353027,0.28560739755630493,0.5548375248908997,0.37012505531311035,0.5240936875343323,0.3764246702194214,0.40074682235717773,0.36967575550079346,0.32625293731689453,0.3613886833190918,0.2599187195301056,0.317778617143631,0.5021984577178955,0.32611769437789917,0.3682834506034851,0.3287111222743988,0.2810392677783966,0.3285548985004425,0.20735105872154236,0.27027854323387146,0.5110922455787659,0.275956928730011,0.3843410015106201,0.283688485622406,0.30403411388397217,0.2868906557559967,0.2374536693096161,0.2204819917678833,0.5425230264663696,0.2253532111644745,0.4388696849346161,0.23604430258274078,0.3752366900444031,0.2469618171453476,0.3187309205532074,ㅂ
0.14716720581054688,0.834640622138977,0.23666512966156006,0.7660329341888428,0.29473403096199036,0.6331866383552551,0.24030564725399017,0.5148337483406067,0.16376343369483948,0.48859211802482605,0.2672097682952881,0.4520983397960663,0.2664557099342346,0.3054761588573456,0.25511643290519714,0.22305431962013245,0.2422855794429779,0.15032193064689636,0.2055375576019287,0.4292711019515991,0.20502518117427826,0.2735685706138611,0.20122000575065613,0.17826947569847107,0.19467192888259888,0.09829467535018921,0.1535843461751938,0.4398914575576782,0.15372884273529053,0.29955554008483887,0.15698662400245667,0.2140466868877411,0.15398138761520386,0.14399567246437073,0.1019987091422081,0.47732362151145935,0.10061074793338776,0.3663516640663147,0.10601161420345306,0.29648321866989136,0.10981259495019913,0.23678487539291382,ㅂ
0.2873225510120392,0.9011564254760742,0.37280428409576416,0.8522670865058899,0.43641555309295654,0.7324056625366211,0.4165353775024414,0.6230990290641785,0.3552600145339966,0.6160160899162292,0.4224269390106201,0.5686951875686646,0.4284590184688568,0.4510748088359833,0.4218868315219879,0.3846735954284668,0.4154473543167114,0.3251209855079651,0.37574052810668945,0.5504370927810669,0.38383999466896057,0.42102083563804626,0.38436681032180786,0.3381465971469879,0.38097870349884033,0.26479461789131165,0.33194881677627563,0.5600003600120544,0.33653712272644043,0.43749356269836426,0.33976420760154724,0.36192044615745544,0.3393818140029907,0.29443782567977905,0.28424200415611267,0.5893171429634094,0.29007643461227417,0.49293601512908936,0.29733604192733765,0.4343729019165039,0.302589476108551,0.3797793686389923,ㅂ
0.35563337802886963,0.8624062538146973,0.42883363366127014,0.8207182288169861,0.4846199154853821,0.7272052764892578,0.45819705724716187,0.6395791172981262,0.40225446224212646,0.6292787194252014,0.459653377532959,0.5871589183807373,0.46415457129478455,0.4824397563934326,0.4584903419017792,0.4200051426887512,0.451191246509552,0.36443591117858887,0.4177737236022949,0.5702163577079773,0.42317113280296326,0.4536771774291992,0.4224669635295868,0.3774634301662445,0.41721421480178833,0.31377294659614563,0.38076892495155334,0.577229917049408,0.38361671566963196,0.4694691300392151,0.38645032048225403,0.4043569266796112,0.38308054208755493,0.35060372948646545,0.3409443199634552,0.6030361652374268,0.34699463844299316,0.517336368560791,0.35404884815216064,0.4631875157356262,0.35761383175849915,0.4149153232574463,ㅂ
0.3772917091846466,0.7808294296264648,0.4303681254386902,0.7547851800918579,0.47398677468299866,0.6919183731079102,0.45408394932746887,0.6241750717163086,0.4153592586517334,0.6016036868095398,0.4626811444759369,0.5841341018676758,0.4704022705554962,0.5064066052436829,0.46966609358787537,0.46114933490753174,0.4676075279712677,0.422577440738678,0.4301338195800781,0.5695854425430298,0.43853673338890076,0.4818451404571533,0.44084978103637695,0.4296451210975647,0.4402715861797333,0.388532817363739,0.4015858471393585,0.572929322719574,0.40814024209976196,0.49390465021133423,0.41192570328712463,0.4457240104675293,0.41231074929237366,0.40680500864982605,0.3711566925048828,0.5902863144874573,0.3775477707386017,0.5287886261940002,0.3821146786212921,0.49026718735694885,0.38411107659339905,0.45541173219680786,ㅂ
0.369048148393631,0.762061357498169,0.42272529006004333,0.7466049790382385,0.46860283613204956,0.6984983086585999,0.4640859365463257,0.6402661204338074,0.43201616406440735,0.6174429655075073,0.4722084105014801,0.5875895619392395,0.48391348123550415,0.5115837454795837,0.4848317503929138,0.4644918143749237,0.48388874530792236,0.4222879111766815,0.44322648644447327,0.5696200132369995,0.4569866359233856,0.4844684898853302,0.46185600757598877,0.4279438257217407,0.4630764126777649,0.3810952305793762,0.41398170590400696,0.5698572397232056,0.4276173710823059,0.49043238162994385,0.4346682131290436,0.43862444162368774,0.43719717860221863,0.3955816626548767,0.3810722827911377,0.5842007398605347,0.39380714297294617,0.5224437117576599,0.4027077257633209,0.48292306065559387,0.4092977046966553,0.4483067989349365,ㅂ
0.3456539511680603,0.7144266963005066,0.3944666385650635,0.7298961281776428,0.45031508803367615,0.7132992148399353,0.4617207944393158,0.6539774537086487,0.4411279559135437,0.613176167011261,0.49210646748542786,0.6199332475662231,0.531909704208374,0.5591826438903809,0.5524671077728271,0.5190699696540833,0.5692479610443115,0.48227211833000183,0.47296443581581116,0.5849527716636658,0.517902672290802,0.5211864709854126,0.544312059879303,0.47713929414749146,0.5647839307785034,0.43869537115097046,0.44810768961906433,0.5670837759971619,0.48980119824409485,0.5070754289627075,0.5148792862892151,0.47038203477859497,0.5342352986335754,0.43732544779777527,0.41596028208732605,0.5597388744354248,0.4496583938598633,0.5143473148345947,0.47182759642601013,0.4874526560306549,0.49060362577438354,0.4619978964328766,ㅂ
0.3050011396408081,0.6994818449020386,0.3521106243133545,0.7301135659217834,0.40726369619369507,0.7334411144256592,0.42854511737823486,0.6718373894691467,0.4224795699119568,0.6188020706176758,0.46679583191871643,0.6813802123069763,0.5267156362533569,0.6537643671035767,0.5607079863548279,0.6336517930030823,0.5896509885787964,0.6139125823974609,0.46014663577079773,0.6369447708129883,0.5285231471061707,0.6080527901649475,0.5708085894584656,0.5876574516296387,0.6055498123168945,0.5707753896713257,0.44331181049346924,0.6035983562469482,0.5066707134246826,0.5752133131027222,0.5468632578849792,0.5605201721191406,0.5797022581100464,0.5496909022331238,0.4164813458919525,0.5746968984603882,0.4652418792247772,0.5530486702919006,0.4969049394130707,0.5430973172187805,0.5261383056640625,0.5364083051681519,ㅂ
0.27977803349494934,0.5935940146446228,0.32666969299316406,0.6168348789215088,0.37797731161117554,0.6034657955169678,0.38429149985313416,0.5352526307106018,0.37008392810821533,0.48593831062316895,0.4352545738220215,0.5570564866065979,0.495037317276001,0.5319773554801941,0.530156135559082,0.5146303772926331,0.5598095655441284,0.49645349383354187,0.4264069199562073,0.5160800218582153,0.49349138140678406,0.4886205196380615,0.5346875190734863,0.4679740071296692,0.569991946220398,0.44884371757507324,0.4073544442653656,0.4871566593647003,0.4692497253417969,0.45680859684944153,0.5080984830856323,0.4396713376045227,0.5407822728157043,0.42484450340270996,0.37908753752708435,0.46359723806381226,0.42529240250587463,0.43760600686073303,0.45603322982788086,0.42480409145355225,0.4847922623157501,0.41391682624816895,ㅂ
0.2817355990409851,0.5540941953659058,0.33279773592948914,0.5626676082611084,0.37927427887916565,0.5251628756523132,0.3773077726364136,0.45692747831344604,0.3543817698955536,0.4160674512386322,0.435136616230011,0.4594973921775818,0.4842429757118225,0.4076278805732727,0.5124645829200745,0.3735559582710266,0.5361135601997375,0.34066900610923767,0.41784489154815674,0.42128637433052063,0.47279202938079834,0.36530154943466187,0.5072235465049744,0.32859230041503906,0.538308322429657,0.2961310148239136,0.39152276515960693,0.39986738562583923,0.44439175724983215,0.34465938806533813,0.4790703058242798,0.3129979074001312,0.5088419914245605,0.2866289019584656,0.35774996876716614,0.38895779848098755,0.39688074588775635,0.3439493477344513,0.4245620369911194,0.3177957832813263,0.45130038261413574,0.29598939418792725,ㅂ
0.265743613243103,0.5783774852752686,0.3255026340484619,0.5819596648216248,0.3804059326648712,0.5448924899101257,0.36694443225860596,0.47014668583869934,0.3347017765045166,0.4259634017944336,0.4275021553039551,0.4498511552810669,0.4805010259151459,0.38661137223243713,0.5119608640670776,0.34416505694389343,0.5378752946853638,0.3029652237892151,0.40297049283981323,0.40975090861320496,0.46237489581108093,0.34231245517730713,0.500316858291626,0.2944453954696655,0.5325609445571899,0.2514050602912903,0.3705936074256897,0.39065003395080566,0.4242161214351654,0.32384955883026123,0.461236834526062,0.28255710005760193,0.4929037094116211,0.24669978022575378,0.32974860072135925,0.3837068974971771,0.3704308867454529,0.3294591009616852,0.39927566051483154,0.29682785272598267,0.4269369840621948,0.26733797788619995,ㅂ
0.30328118801116943,0.517032265663147,0.36692968010902405,0.538520336151123,0.434002548456192,0.5075182318687439,0.4329474866390228,0.41782328486442566,0.4044201076030731,0.3600144386291504,0.5050427913665771,0.42021888494491577,0.5761051774024963,0.3638679087162018,0.619277834892273,0.3251759111881256,0.654839038848877,0.2886481285095215,0.48325884342193604,0.36865758895874023,0.5632214546203613,0.3102608621120453,0.614431619644165,0.2668377459049225,0.6578840017318726,0.22978612780570984,0.45073193311691284,0.33638086915016174,0.5247520208358765,0.2768182158470154,0.5722241401672363,0.2399759739637375,0.6124462485313416,0.21019069850444794,0.4060837924480438,0.31330403685569763,0.46261629462242126,0.2669116258621216,0.50114506483078,0.2414351850748062,0.5382614731788635,0.21943886578083038,ㅂ
0.30582737922668457,0.43399953842163086,0.3740413784980774,0.46950656175613403,0.45104846358299255,0.4469054341316223,0.45787009596824646,0.3469167649745941,0.43537837266921997,0.2749939262866974,0.5465200543403625,0.371707022190094,0.639580488204956,0.3282099664211273,0.6953033208847046,0.30040305852890015,0.7440394163131714,0.27108678221702576,0.5306991338729858,0.30687442421913147,0.6342217326164246,0.26186951994895935,0.7002420425415039,0.22728827595710754,0.7595649361610413,0.19496023654937744,0.49869734048843384,0.2622697353363037,0.5960102677345276,0.2139655500650406,0.6569512486457825,0.1876194179058075,0.7088192701339722,0.16494709253311157,0.45202070474624634,0.22819918394088745,0.5238392353057861,0.18754133582115173,0.5712507963180542,0.16734734177589417,0.6157711744308472,0.1510353833436966,ㅂ
0.2734420895576477,0.4279649257659912,0.3360555171966553,0.47574523091316223,0.40978750586509705,0.47079163789749146,0.4276174008846283,0.3675953447818756,0.4200742542743683,0.28295907378196716,0.5165690779685974,0.4103703796863556,0.617378830909729,0.3883521854877472,0.6785774230957031,0.3692697286605835,0.7328627109527588,0.34731635451316833,0.5088303685188293,0.3422008752822876,0.6221672892570496,0.3207547664642334,0.692770779132843,0.29987820982933044,0.7573844194412231,0.2794148921966553,0.4836910665035248,0.2897758185863495,0.5897295475006104,0.26396235823631287,0.6553215384483337,0.24940410256385803,0.7126060724258423,0.23747345805168152,0.44217243790626526,0.24225033819675446,0.5196017026901245,0.21764563024044037,0.5695264935493469,0.2075364589691162,0.6177871227264404,0.20075754821300507,ㅂ
0.21119235455989838,0.48996928334236145,0.27920082211494446,0.5346747636795044,0.3517411947250366,0.5222674012184143,0.3568514585494995,0.41508224606513977,0.33671629428863525,0.33116617798805237,0.45412176847457886,0.4478708803653717,0.5523902773857117,0.4143248498439789,0.6138144135475159,0.38649532198905945,0.6685134172439575,0.3558359146118164,0.44299134612083435,0.3774818480014801,0.5534430742263794,0.34370213747024536,0.6243326663970947,0.3146241307258606,0.6901237368583679,0.28625327348709106,0.4154295027256012,0.32549232244491577,0.5171692371368408,0.2894720733165741,0.5827703475952148,0.267417848110199,0.6406345963478088,0.24885250627994537,0.37231066823005676,0.2816532850265503,0.4479970633983612,0.2505534291267395,0.49797970056533813,0.23592089116573334,0.5459229350090027,0.2256586104631424,ㅂ
0.19536453485488892,0.5877918004989624,0.27072685956954956,0.6107926368713379,0.34572267532348633,0.5796917080879211,0.33876532316207886,0.47108855843544006,0.3010261058807373,0.3992786109447479,0.4332996904850006,0.46038535237312317,0.5216559767723083,0.3896663784980774,0.575372040271759,0.3404318392276764,0.6203935742378235,0.29114216566085815,0.40766796469688416,0.3943307399749756,0.5082826018333435,0.3192351758480072,0.5733674764633179,0.26476505398750305,0.6300048828125,0.21354734897613525,0.36809778213500977,0.35364043712615967,0.45973822474479675,0.2790214717388153,0.520656943321228,0.23441804945468903,0.5730811357498169,0.1950867921113968,0.31415247917175293,0.326709121465683,0.3825365900993347,0.2679097354412079,0.42918193340301514,0.23504935204982758,0.47449618577957153,0.20680437982082367,ㅂ
0.2512538433074951,0.6587099432945251,0.33242958784103394,0.6625238656997681,0.41128575801849365,0.6108133792877197,0.39597922563552856,0.5046806335449219,0.3512253761291504,0.44243159890174866,0.4802914261817932,0.47665709257125854,0.5518791675567627,0.3893918991088867,0.5934367179870605,0.3277164101600647,0.627327561378479,0.2673601508140564,0.44816383719444275,0.420862078666687,0.5303824543952942,0.3269634544849396,0.5827497839927673,0.25954246520996094,0.6270602941513062,0.19968071579933167,0.40467119216918945,0.39260390400886536,0.47833311557769775,0.30112552642822266,0.5293864607810974,0.2450898140668869,0.5721114277839661,0.19768041372299194,0.3485245108604431,0.3808743953704834,0.40564727783203125,0.30818766355514526,0.4471711814403534,0.26517051458358765,0.48743683099746704,0.2273169904947281,ㅂ
0.30395984649658203,0.8053861260414124,0.3916980028152466,0.7932205200195312,0.47213515639305115,0.7161245346069336,0.44475215673446655,0.6115313172340393,0.3837844729423523,0.5711938142776489,0.5157197117805481,0.5431391596794128,0.571198046207428,0.42600831389427185,0.6017765998840332,0.35451120138168335,0.6246161460876465,0.28805428743362427,0.47138047218322754,0.4962531626224518,0.53495192527771,0.3750940263271332,0.5736836194992065,0.2894165813922882,0.6038073301315308,0.21458372473716736,0.42179298400878906,0.4818687438964844,0.47907885909080505,0.3676474094390869,0.5187535881996155,0.29535794258117676,0.5496151447296143,0.2321530282497406,0.3614586889743805,0.48954761028289795,0.41143542528152466,0.39788922667503357,0.4446907043457031,0.34120917320251465,0.4741593599319458,0.28998857736587524,ㅂ
0.3095063269138336,0.7529578804969788,0.38957807421684265,0.7233050465583801,0.46132802963256836,0.6314108967781067,0.43167951703071594,0.5333954095840454,0.37075352668762207,0.5119301080703735,0.48345035314559937,0.493498295545578,0.5260761976242065,0.38974815607070923,0.5478054881095886,0.32539528608322144,0.5649962425231934,0.2663038671016693,0.4429281949996948,0.45783913135528564,0.49187713861465454,0.34744787216186523,0.5207408666610718,0.27337244153022766,0.5429938435554504,0.21091753244400024,0.40057557821273804,0.4496985375881195,0.44437044858932495,0.3454987108707428,0.47504544258117676,0.27867257595062256,0.4981508255004883,0.22406044602394104,0.3518756628036499,0.4598369002342224,0.3869914710521698,0.37580054998397827,0.4113159775733948,0.3231714367866516,0.4330800473690033,0.27593135833740234,ㅂ
