0.1973632127046585,0.32747882604599,0.2661639451980591,0.33727535605430603,0.3163463771343231,0.39914894104003906,0.3310789167881012,0.4665880501270294,0.3318887948989868,0.5188158750534058,0.34927868843078613,0.4044971466064453,0.3941475749015808,0.48948144912719727,0.42149198055267334,0.53533935546875,0.44330620765686035,0.5723167657852173,0.3173442482948303,0.4294663667678833,0.34031981229782104,0.5471281409263611,0.35164201259613037,0.6196996569633484,0.3593389689922333,0.6753852963447571,0.28139838576316833,0.45012420415878296,0.290679395198822,0.5423869490623474,0.28173306584358215,0.5133031606674194,0.27535223960876465,0.4785587191581726,0.2471943199634552,0.4669792354106903,0.25808075070381165,0.5277324914932251,0.24994149804115295,0.5056841373443604,0.24316632747650146,0.47951313853263855,ㅅ
0.18413886427879333,0.35170215368270874,0.252628892660141,0.35946959257125854,0.303180456161499,0.4190059006214142,0.31657013297080994,0.48595529794692993,0.3150143027305603,0.5381208062171936,0.3389785885810852,0.4201805293560028,0.3911243975162506,0.5000460147857666,0.4237847328186035,0.5442765951156616,0.44984012842178345,0.5800873637199402,0.3083880543708801,0.4491819143295288,0.33908745646476746,0.5646163821220398,0.3539629578590393,0.6347380876541138,0.36479678750038147,0.6891756057739258,0.2713904082775116,0.4734940528869629,0.2820096015930176,0.5650874972343445,0.2708866000175476,0.5330491065979004,0.26333993673324585,0.4969974756240845,0.23525281250476837,0.4923076927661896,0.24596132338047028,0.5510851144790649,0.23669184744358063,0.5269677639007568,0.22992661595344543,0.5001094341278076,ㅅ
0.15841759741306305,0.4075118899345398,0.23503312468528748,0.400323748588562,0.30165964365005493,0.455289751291275,0.32624551653862,0.5216757655143738,0.3342616558074951,0.5756213665008545,0.33825770020484924,0.45514094829559326,0.4082089960575104,0.5230163931846619,0.4521259665489197,0.5589922070503235,0.48719310760498047,0.5888692140579224,0.3102891743183136,0.49360793828964233,0.3595350384712219,0.6108788847923279,0.38613295555114746,0.6825649738311768,0.40586036443710327,0.7416759729385376,0.27465760707855225,0.5252583026885986,0.29933348298072815,0.621055543422699,0.2847713232040405,0.5904472470283508,0.2728973627090454,0.5560807585716248,0.23894383013248444,0.5499575138092041,0.2588411569595337,0.6119493246078491,0.2489427626132965,0.5883318185806274,0.2400667667388916,0.5599048137664795,ㅅ
0.21677842736244202,0.2690955102443695,0.2854093313217163,0.3220236897468567,0.3129690885543823,0.41411200165748596,0.30085140466690063,0.49259325861930847,0.281387597322464,0.5386919975280762,0.31860873103141785,0.4236293137073517,0.3400235176086426,0.5394506454467773,0.3528726398944855,0.6059467792510986,0.3598636984825134,0.6601356863975525,0.27236536145210266,0.43105265498161316,0.25332486629486084,0.5787225365638733,0.23819372057914734,0.6600004434585571,0.22697779536247253,0.7188899517059326,0.2267649918794632,0.43347567319869995,0.21845822036266327,0.549548327922821,0.22956222295761108,0.5193184018135071,0.2398379147052765,0.48147261142730713,0.18860065937042236,0.4296206831932068,0.19482256472110748,0.5090210437774658,0.2041267454624176,0.4847203195095062,0.20876500010490417,0.4540118873119354,ㅅ
0.3329331874847412,0.2468366026878357,0.38867610692977905,0.314593106508255,0.39449357986450195,0.4035893678665161,0.365988552570343,0.4712916314601898,0.3364865779876709,0.5069484114646912,0.3791784644126892,0.4149872958660126,0.38686051964759827,0.5382676720619202,0.3912642002105713,0.6079766154289246,0.39310553669929504,0.6619328856468201,0.3295231759548187,0.4088003933429718,0.2940298318862915,0.5451235771179199,0.26792195439338684,0.6256695985794067,0.24594330787658691,0.6791360974311829,0.2897452712059021,0.3987407088279724,0.281692773103714,0.5071971416473389,0.3055616617202759,0.4991907477378845,0.32127612829208374,0.4697730243206024,0.2619266211986542,0.3895893096923828,0.27039164304733276,0.46057993173599243,0.291290283203125,0.4531696140766144,0.30096563696861267,0.43110325932502747,ㅅ
0.3624173402786255,0.2623981237411499,0.41051989793777466,0.33668890595436096,0.4117913246154785,0.4261825382709503,0.3811952471733093,0.4884685277938843,0.3486993610858917,0.5177640914916992,0.39629149436950684,0.44578683376312256,0.39041784405708313,0.5739855766296387,0.3879496157169342,0.648884654045105,0.38551193475723267,0.7049082517623901,0.34628066420555115,0.4352119266986847,0.29847657680511475,0.5689523220062256,0.2683056890964508,0.6497490406036377,0.24389788508415222,0.7033417224884033,0.30519235134124756,0.4177517890930176,0.28849756717681885,0.517875611782074,0.3110201358795166,0.5031529664993286,0.32689106464385986,0.46951207518577576,0.2762032151222229,0.40027764439582825,0.27806806564331055,0.46903520822525024,0.29660481214523315,0.4572867155075073,0.30525726079940796,0.4316616356372833,ㅅ
0.3753613531589508,0.3026666045188904,0.4167724549770355,0.39836132526397705,0.4023953378200531,0.4920509159564972,0.3554629981517792,0.5462875962257385,0.31484806537628174,0.5654157996177673,0.3777255713939667,0.48922109603881836,0.3615778684616089,0.620019257068634,0.3508341908454895,0.6933337450027466,0.3383212685585022,0.7506238222122192,0.32747167348861694,0.46410834789276123,0.2646297514438629,0.5867858529090881,0.21911776065826416,0.6594666242599487,0.18154287338256836,0.7082197666168213,0.29197654128074646,0.43912243843078613,0.2608909606933594,0.5443095564842224,0.2866145372390747,0.5429017543792725,0.3087220788002014,0.5168444514274597,0.2692248821258545,0.42104601860046387,0.2616709768772125,0.5054018497467041,0.28629276156425476,0.5049481391906738,0.30268219113349915,0.48239806294441223,ㅅ
0.29052889347076416,0.35677671432495117,0.3497186005115509,0.40967607498168945,0.37153929471969604,0.49522140622138977,0.3599276542663574,0.5680438876152039,0.33917853236198425,0.6132096648216248,0.3623758852481842,0.5253221988677979,0.38704681396484375,0.6392125487327576,0.4044787883758545,0.7031863927841187,0.4162927269935608,0.7524312138557434,0.31781819462776184,0.5320100784301758,0.30146753787994385,0.6636976003646851,0.2890205681324005,0.7418962717056274,0.2739839255809784,0.7944782376289368,0.27871623635292053,0.5281631946563721,0.27373015880584717,0.6226691603660583,0.29180586338043213,0.6057143807411194,0.3003181219100952,0.5728000998497009,0.24920275807380676,0.5198366045951843,0.25801295042037964,0.5820271372795105,0.2728743851184845,0.5665647983551025,0.2767711281776428,0.5399636030197144,ㅅ
0.2664400041103363,0.3196161985397339,0.3206283450126648,0.3738223910331726,0.3334101736545563,0.4563859701156616,0.30798065662384033,0.5276839733123779,0.2784929871559143,0.5695002675056458,0.33938151597976685,0.4804317057132721,0.36403459310531616,0.5837141275405884,0.3811497390270233,0.6421543955802917,0.3945104777812958,0.6872010827064514,0.29610368609428406,0.4880501627922058,0.28100839257240295,0.6181409955024719,0.26821815967559814,0.6956712603569031,0.25413450598716736,0.7496548891067505,0.2562541365623474,0.4841598868370056,0.25066322088241577,0.5697726011276245,0.26419758796691895,0.5480914115905762,0.271079421043396,0.515130877494812,0.22286869585514069,0.4748578369617462,0.22998112440109253,0.5260493159294128,0.23976141214370728,0.5082049369812012,0.24095268547534943,0.48477640748023987,ㅅ
0.24960148334503174,0.2898402512073517,0.30972787737846375,0.32919931411743164,0.3339070975780487,0.41066375374794006,0.32022157311439514,0.48351341485977173,0.30139070749282837,0.5333967804908752,0.3524903655052185,0.4216499626636505,0.38966816663742065,0.5171722173690796,0.41545161604881287,0.573940098285675,0.4342743754386902,0.6191719770431519,0.31091535091400146,0.4317987561225891,0.31198760867118835,0.5613805651664734,0.30995607376098633,0.642336368560791,0.30435943603515625,0.7031015753746033,0.26960769295692444,0.4349280297756195,0.2712465822696686,0.5419716835021973,0.2780081331729889,0.5140392184257507,0.28028103709220886,0.4780428409576416,0.23411886394023895,0.43661659955978394,0.24455556273460388,0.5099051594734192,0.24869707226753235,0.48710140585899353,0.24700672924518585,0.45971357822418213,ㅅ
0.3134046196937561,0.18566100299358368,0.37787380814552307,0.24113145470619202,0.40172016620635986,0.3365711569786072,0.38649433851242065,0.41988080739974976,0.36597707867622375,0.4778081178665161,0.41355884075164795,0.34809523820877075,0.44383496046066284,0.47132155299186707,0.46521931886672974,0.54599928855896,0.4812360405921936,0.6029047966003418,0.3621870279312134,0.34206366539001465,0.3456059396266937,0.5018799304962158,0.33075159788131714,0.5990528464317322,0.3174263536930084,0.6663179397583008,0.3118770718574524,0.3380008637905121,0.30275800824165344,0.47791117429733276,0.3178805708885193,0.46741536259651184,0.32826000452041626,0.4342622756958008,0.27119141817092896,0.3384777903556824,0.27875837683677673,0.43486288189888,0.29229438304901123,0.41777166724205017,0.29679691791534424,0.3876526653766632,ㅅ
0.3212731182575226,0.08558370172977448,0.3910895586013794,0.16265101730823517,0.4105938971042633,0.28013432025909424,0.3874990940093994,0.37544897198677063,0.3620850741863251,0.43846020102500916,0.41122734546661377,0.2776068150997162,0.43665334582328796,0.43595680594444275,0.45365720987319946,0.5274704694747925,0.4668458104133606,0.5982983708381653,0.34550100564956665,0.26426413655281067,0.32213887572288513,0.45420241355895996,0.3017200231552124,0.5634903311729431,0.28543758392333984,0.638574481010437,0.28704148530960083,0.2575159966945648,0.2844157814979553,0.4314398169517517,0.31193411350250244,0.4416016936302185,0.33081570267677307,0.4199928939342499,0.24329397082328796,0.2582820951938629,0.2554135024547577,0.3868545889854431,0.27892327308654785,0.3841732144355774,0.2888697683811188,0.3607523739337921,ㅅ
0.3066811263561249,0.13299869000911713,0.3882090151309967,0.20739653706550598,0.41625797748565674,0.3336329460144043,0.39989662170410156,0.43935462832450867,0.3788188099861145,0.5122479796409607,0.41383808851242065,0.3371308743953705,0.4517671465873718,0.5187019109725952,0.47541847825050354,0.6193454265594482,0.4914344251155853,0.6985215544700623,0.34244564175605774,0.3336411714553833,0.3226008713245392,0.5629279613494873,0.30666691064834595,0.6888086199760437,0.29052734375,0.7807105779647827,0.2790641784667969,0.3322497308254242,0.2851363718509674,0.5336589217185974,0.31534555554389954,0.5112268924713135,0.32914748787879944,0.46123868227005005,0.23221911489963531,0.334024578332901,0.24672886729240417,0.4770963788032532,0.27276670932769775,0.4627207815647125,0.28022921085357666,0.4282505214214325,ㅅ
0.32045942544937134,0.12974193692207336,0.401205837726593,0.19792136549949646,0.43383800983428955,0.3202643096446991,0.4210131764411926,0.4248497486114502,0.4014573097229004,0.4980109930038452,0.44031545519828796,0.32931452989578247,0.480726957321167,0.4960979223251343,0.5072124004364014,0.5893078446388245,0.5276104807853699,0.6608924865722656,0.3731034994125366,0.3253290355205536,0.3625689446926117,0.5368046164512634,0.349029004573822,0.6550729870796204,0.336355060338974,0.7383555173873901,0.3113120496273041,0.32496383786201477,0.31408295035362244,0.5125334858894348,0.3400769829750061,0.49787867069244385,0.3553965091705322,0.45574039220809937,0.264101505279541,0.3275964856147766,0.2768017053604126,0.46096548438072205,0.29919275641441345,0.44464877247810364,0.3080596923828125,0.4094157814979553,ㅅ
0.3494299650192261,0.29746246337890625,0.41650059819221497,0.3525658845901489,0.4394535720348358,0.45374321937561035,0.42916685342788696,0.5402036309242249,0.4120655059814453,0.6002411842346191,0.45033180713653564,0.4697108864784241,0.4891369640827179,0.6015937924385071,0.5163664221763611,0.6770879030227661,0.5368669033050537,0.7354496717453003,0.401612788438797,0.4747198522090912,0.3916689157485962,0.6381101012229919,0.3805394768714905,0.7323899269104004,0.3699127435684204,0.8009825348854065,0.35446396470069885,0.4744042158126831,0.3496498167514801,0.6201364398002625,0.3627578914165497,0.5981999039649963,0.36987000703811646,0.5571365356445312,0.3156963586807251,0.4723323881626129,0.3204917311668396,0.5756663680076599,0.333174467086792,0.5553120970726013,0.337807297706604,0.5220507383346558,ㅅ
0.38063493371009827,0.38647663593292236,0.4233483672142029,0.4542371928691864,0.42175543308258057,0.5527003407478333,0.403097003698349,0.6319299936294556,0.3857019543647766,0.6852203011512756,0.42706018686294556,0.5639419555664062,0.43675267696380615,0.6841158866882324,0.4433809816837311,0.761774480342865,0.44629764556884766,0.8217240571975708,0.38408800959587097,0.5564285516738892,0.3439066410064697,0.6850663423538208,0.3125588893890381,0.7624906301498413,0.2866998314857483,0.819536566734314,0.34611523151397705,0.5448808670043945,0.31866878271102905,0.6499155759811401,0.3332306444644928,0.6285348534584045,0.34689024090766907,0.5939924120903015,0.3161601424217224,0.5344343185424805,0.3020808696746826,0.6111800670623779,0.31544965505599976,0.5948308706283569,0.3254859447479248,0.5684933662414551,ㅅ
0.256378173828125,0.3820008337497711,0.30755648016929626,0.46464142203330994,0.3002927303314209,0.5655394792556763,0.2586412727832794,0.6370751261711121,0.21976685523986816,0.6753831505775452,0.2816479504108429,0.5696651935577393,0.27761995792388916,0.723120927810669,0.2683296799659729,0.8123732209205627,0.25710877776145935,0.8801782131195068,0.22818134725093842,0.558686375617981,0.18444308638572693,0.7091153860092163,0.1536027491092682,0.7964698076248169,0.12789258360862732,0.8583143949508667,0.1872444748878479,0.5456384420394897,0.17742684483528137,0.6495094299316406,0.20329956710338593,0.6454975605010986,0.2221844345331192,0.6191014647483826,0.1624244749546051,0.5349944233894348,0.17154592275619507,0.6085479855537415,0.19760113954544067,0.6053040027618408,0.21110141277313232,0.5864222049713135,ㅅ
0.30149045586586,0.3164181709289551,0.3362308442592621,0.40441516041755676,0.32138359546661377,0.4918077886104584,0.2803580164909363,0.5505823493003845,0.24692437052726746,0.5817010402679443,0.3096051514148712,0.48989227414131165,0.2969631254673004,0.6146610379219055,0.2889251410961151,0.6869415044784546,0.2789327800273895,0.743577778339386,0.2654998302459717,0.46842849254608154,0.20847442746162415,0.5925565958023071,0.16700108349323273,0.666032612323761,0.13277491927146912,0.7167297005653381,0.22935155034065247,0.4489702880382538,0.1959591507911682,0.5616346597671509,0.21751326322555542,0.5680426359176636,0.23740734159946442,0.546902596950531,0.20323334634304047,0.4367697834968567,0.19437703490257263,0.5239406228065491,0.2155105173587799,0.5290259122848511,0.2290397733449936,0.511975884437561,ㅅ
0.2929207384586334,0.27519479393959045,0.32520434260368347,0.362420916557312,0.3038780987262726,0.4550766944885254,0.2565167248249054,0.5232827067375183,0.21773257851600647,0.5609711408615112,0.29261934757232666,0.429304301738739,0.2760358452796936,0.559111475944519,0.2602778375148773,0.6276411414146423,0.243391752243042,0.6817364692687988,0.24360240995883942,0.41100406646728516,0.18903449177742004,0.5375202298164368,0.1470487266778946,0.606657087802887,0.1103677898645401,0.6538716554641724,0.20523154735565186,0.39422154426574707,0.18413203954696655,0.5076077580451965,0.21104681491851807,0.5038506388664246,0.23160597681999207,0.47695767879486084,0.17905254662036896,0.3846476078033447,0.17711955308914185,0.4731443226337433,0.20198456943035126,0.47806575894355774,0.21795445680618286,0.46052882075309753,ㅅ
0.28479865193367004,0.26750966906547546,0.3198813199996948,0.357526957988739,0.306156724691391,0.44660329818725586,0.26729846000671387,0.5107818841934204,0.23538090288639069,0.5462769865989685,0.28697529435157776,0.43980422616004944,0.27547940611839294,0.5715230703353882,0.2694632411003113,0.6443455815315247,0.26129287481307983,0.7006530165672302,0.2401007115840912,0.4240046739578247,0.1898343414068222,0.556327223777771,0.15227559208869934,0.6334205865859985,0.11888930201530457,0.6839514970779419,0.20449736714363098,0.40475115180015564,0.19075119495391846,0.5084198713302612,0.21881641447544098,0.5029684901237488,0.23886440694332123,0.4765625596046448,0.18038809299468994,0.3894117772579193,0.1889818012714386,0.4674409329891205,0.2134125828742981,0.4660937488079071,0.22664570808410645,0.4462796151638031,ㅅ
0.24643728137016296,0.2868560254573822,0.30242443084716797,0.34943923354148865,0.31636813282966614,0.4367145299911499,0.29336297512054443,0.5091481804847717,0.2688233554363251,0.5529981851577759,0.3196895122528076,0.45551756024360657,0.343585342168808,0.5799146890640259,0.35835134983062744,0.6500669717788696,0.36888521909713745,0.7034522294998169,0.2713185250759125,0.4575396776199341,0.25661277770996094,0.6006743311882019,0.24314893782138824,0.681693434715271,0.2299206554889679,0.739524245262146,0.228133887052536,0.45426005125045776,0.2268442064523697,0.567301332950592,0.2427164763212204,0.5490220189094543,0.2508009374141693,0.5140475630760193,0.19420814514160156,0.44877809286117554,0.20407046377658844,0.515038788318634,0.22034534811973572,0.4979386627674103,0.22524335980415344,0.4739733040332794,ㅅ
0.236981600522995,0.2442171573638916,0.30050933361053467,0.2940930128097534,0.3260907828807831,0.3842480778694153,0.314696341753006,0.4625571370124817,0.29552745819091797,0.5162349939346313,0.34219276905059814,0.39811211824417114,0.3768579959869385,0.511687695980072,0.4013877213001251,0.5776704549789429,0.419795960187912,0.6296042203903198,0.2945103645324707,0.406392365694046,0.2900758981704712,0.5512024164199829,0.28248509764671326,0.6409487724304199,0.2726397216320038,0.7072739005088806,0.24851375818252563,0.40983811020851135,0.24662041664123535,0.5288925766944885,0.2557651400566101,0.49894002079963684,0.25990593433380127,0.458812952041626,0.20981162786483765,0.41266417503356934,0.2184934765100479,0.49592000246047974,0.22571268677711487,0.47195395827293396,0.22585627436637878,0.4421781301498413,ㅅ
0.19920803606510162,0.23901811242103577,0.27761605381965637,0.2741798758506775,0.3204873502254486,0.371875524520874,0.31612372398376465,0.46846693754196167,0.3058181703090668,0.5383905172348022,0.3426324427127838,0.37072518467903137,0.4075012803077698,0.4786495864391327,0.45315098762512207,0.5440352559089661,0.48918116092681885,0.5944700241088867,0.28925126791000366,0.38993847370147705,0.31624317169189453,0.5564414262771606,0.3292597234249115,0.6619073748588562,0.33651119470596313,0.7416419982910156,0.23722900450229645,0.4081766903400421,0.2627480626106262,0.5549063086509705,0.27166032791137695,0.5264415144920349,0.2725180685520172,0.4822542667388916,0.19293910264968872,0.4265008866786957,0.22297467291355133,0.5282508730888367,0.2286788523197174,0.49899038672447205,0.22429940104484558,0.4626599848270416,ㅅ
0.1402573585510254,0.252360463142395,0.22484531998634338,0.2696356773376465,0.28876399993896484,0.3646054267883301,0.3141947090625763,0.47244298458099365,0.3293023109436035,0.5543038845062256,0.32882052659988403,0.33567920327186584,0.4200260043144226,0.4072686731815338,0.47986099123954773,0.44977110624313354,0.5265686511993408,0.4821200966835022,0.2895527184009552,0.3771432936191559,0.34865444898605347,0.5250040292739868,0.37768417596817017,0.6098633408546448,0.3968551456928253,0.6722627878189087,0.24382802844047546,0.411693274974823,0.284424364566803,0.5373330116271973,0.26982778310775757,0.5000200271606445,0.2567810118198395,0.45728641748428345,0.19880175590515137,0.44366011023521423,0.23698532581329346,0.5297176241874695,0.2237975150346756,0.497120201587677,0.21017500758171082,0.46357035636901855,ㅅ
0.11664986610412598,0.2711361050605774,0.20767034590244293,0.2833470106124878,0.27644914388656616,0.3768613338470459,0.30447614192962646,0.4856642782688141,0.31976518034935,0.5714041590690613,0.31196844577789307,0.35492461919784546,0.40571328997612,0.4308115839958191,0.4676969647407532,0.4758606255054474,0.5151180028915405,0.5104146599769592,0.26890793442726135,0.39677694439888,0.3319215476512909,0.5506327152252197,0.3639622926712036,0.6423223614692688,0.3831288814544678,0.7115002870559692,0.22079256176948547,0.43254637718200684,0.27015769481658936,0.5628138780593872,0.26163479685783386,0.5251204371452332,0.24902239441871643,0.4814433455467224,0.17544981837272644,0.46473193168640137,0.22170305252075195,0.5567482709884644,0.21240234375,0.5233960747718811,0.1976468861103058,0.4883045256137848,ㅅ
0.12229843437671661,0.2290423959493637,0.2125473916530609,0.24811017513275146,0.2747417390346527,0.3453221917152405,0.28674978017807007,0.44757845997810364,0.28523188829421997,0.5244494676589966,0.29571986198425293,0.34051206707954407,0.38196861743927,0.4428575932979584,0.43652814626693726,0.5005858540534973,0.4784281253814697,0.5496232509613037,0.243887796998024,0.37796550989151,0.28964728116989136,0.5504751801490784,0.3115214705467224,0.6602714657783508,0.32189637422561646,0.7483159303665161,0.19244767725467682,0.40762054920196533,0.23561055958271027,0.560196042060852,0.23939549922943115,0.5159074664115906,0.23229184746742249,0.4633440673351288,0.149571031332016,0.4350084662437439,0.19709651172161102,0.545488715171814,0.20279210805892944,0.5139689445495605,0.19520428776741028,0.47418928146362305,ㅅ
0.1907917559146881,0.15651783347129822,0.27679264545440674,0.20081987977027893,0.32203900814056396,0.3085002303123474,0.31519246101379395,0.4105493724346161,0.30141058564186096,0.4831793010234833,0.34284451603889465,0.30509915947914124,0.4111931622028351,0.4245559871196747,0.4581540822982788,0.4946534335613251,0.4947941303253174,0.5486719608306885,0.28377053141593933,0.32433101534843445,0.30997127294540405,0.5032031536102295,0.3207445740699768,0.6167129874229431,0.32476893067359924,0.7031667232513428,0.22721076011657715,0.3405803442001343,0.2548154890537262,0.500067412853241,0.26387402415275574,0.4676511883735657,0.2640443444252014,0.4209664463996887,0.17939427495002747,0.35692450404167175,0.21411652863025665,0.46822941303253174,0.22201168537139893,0.4380777180194855,0.21810071170330048,0.40016627311706543,ㅅ
0.24509459733963013,0.1685658097267151,0.3255903124809265,0.23378078639507294,0.358999639749527,0.34688472747802734,0.3462285101413727,0.4427469074726105,0.32672592997550964,0.5086395740509033,0.37355801463127136,0.3581749498844147,0.42208147048950195,0.496708482503891,0.45588183403015137,0.5767841935157776,0.4800698161125183,0.6389399766921997,0.3115330934524536,0.367328017950058,0.309000164270401,0.5512949824333191,0.30289801955223083,0.6650550365447998,0.2921791076660156,0.7487690448760986,0.25409162044525146,0.37198278307914734,0.2600123882293701,0.5309478044509888,0.27614647150039673,0.5017436146736145,0.2835473120212555,0.45776066184043884,0.2072235345840454,0.37589219212532043,0.22721457481384277,0.48855090141296387,0.24046611785888672,0.46148616075515747,0.24215279519557953,0.424798846244812,ㅅ
0.271852046251297,0.1626805067062378,0.34183430671691895,0.22863344848155975,0.3675765097141266,0.33797046542167664,0.35016459226608276,0.42826634645462036,0.3268066346645355,0.4900306165218353,0.377588152885437,0.3481068015098572,0.4167698621749878,0.48471879959106445,0.44303232431411743,0.5635102987289429,0.4618619680404663,0.6250677108764648,0.32036665081977844,0.3468034863471985,0.3073853850364685,0.5281756520271301,0.2929760217666626,0.6374969482421875,0.2765497863292694,0.7162429094314575,0.2645632326602936,0.3430033028125763,0.25672054290771484,0.502583920955658,0.27189433574676514,0.47373297810554504,0.2802475392818451,0.42839285731315613,0.21768322587013245,0.3415229618549347,0.2239355742931366,0.4541752338409424,0.236634761095047,0.42904311418533325,0.23919278383255005,0.39347460865974426,ㅅ
0.3000285029411316,0.16066142916679382,0.3636952042579651,0.23085591197013855,0.38027891516685486,0.3379709720611572,0.35056808590888977,0.4251272678375244,0.3178524374961853,0.4811534881591797,0.38616251945495605,0.35050827264785767,0.41476529836654663,0.4919573962688446,0.4333738088607788,0.5751041769981384,0.4473225474357605,0.6394425630569458,0.3297841250896454,0.3381945490837097,0.30657267570495605,0.5177727937698364,0.2851056754589081,0.6213874220848083,0.26536428928375244,0.6948121786117554,0.2758992314338684,0.3288639187812805,0.26068025827407837,0.4846886396408081,0.27707523107528687,0.4624219238758087,0.2865021228790283,0.4207286238670349,0.23099486529827118,0.3230784833431244,0.2351219654083252,0.4362388551235199,0.24904336035251617,0.41465941071510315,0.2501152753829956,0.3816036880016327,ㅅ
0.39627498388290405,0.15588828921318054,0.44729408621788025,0.24448835849761963,0.4455317258834839,0.3480699062347412,0.4080747961997986,0.4298156797885895,0.3748909533023834,0.48171067237854004,0.4388236701488495,0.3418189585208893,0.44341620802879333,0.4871998429298401,0.44691550731658936,0.5723750591278076,0.4497807025909424,0.6378933191299438,0.382686972618103,0.3121895492076874,0.3302471935749054,0.47728997468948364,0.29492470622062683,0.57152259349823,0.27070310711860657,0.633453905582428,0.33242136240005493,0.2920304834842682,0.2999688386917114,0.456794410943985,0.3135637044906616,0.5104131698608398,0.3274161219596863,0.5279617309570312,0.2951323091983795,0.2826870381832123,0.28774380683898926,0.4073236584663391,0.30952784419059753,0.4368659257888794,0.32308945059776306,0.44101089239120483,ㅅ
0.3609902262687683,0.16159850358963013,0.42215487360954285,0.22978129982948303,0.4387272894382477,0.3341096043586731,0.4180552065372467,0.4199378788471222,0.39540696144104004,0.47449788451194763,0.43814530968666077,0.33750614523887634,0.4584571421146393,0.47665050625801086,0.47099965810775757,0.5554159879684448,0.47922712564468384,0.6179206371307373,0.3816324472427368,0.33155497908592224,0.3615528643131256,0.49789655208587646,0.34602028131484985,0.5967651605606079,0.3307843804359436,0.6672477126121521,0.33026549220085144,0.32490772008895874,0.32328352332115173,0.46860212087631226,0.34611234068870544,0.4563595950603485,0.3597390651702881,0.42007505893707275,0.29078221321105957,0.3221563398838043,0.29881325364112854,0.4334726333618164,0.3202543556690216,0.4258410334587097,0.3285093307495117,0.3984689712524414,ㅅ
0.3086610734462738,0.25276732444763184,0.3682733178138733,0.3128374218940735,0.38056424260139465,0.40598729252815247,0.3562386929988861,0.48143428564071655,0.33100414276123047,0.5296714305877686,0.38760098814964294,0.4233780801296234,0.4128462076187134,0.547095000743866,0.4291488528251648,0.6157244443893433,0.44116267561912537,0.6687940359115601,0.3406924307346344,0.42678192257881165,0.33391445875167847,0.5672010183334351,0.326328307390213,0.6495554447174072,0.31832727789878845,0.7076678276062012,0.2981504499912262,0.4264693558216095,0.3026256263256073,0.5379335880279541,0.3181200623512268,0.5232856869697571,0.3262624740600586,0.4910421669483185,0.26538047194480896,0.4247973561286926,0.2857707440853119,0.4955741763114929,0.3025147318840027,0.48120856285095215,0.3073579668998718,0.4578874409198761,ㅅ
0.32614797353744507,0.26439744234085083,0.3797461986541748,0.3188958168029785,0.3958749771118164,0.4081413447856903,0.37946099042892456,0.47758764028549194,0.3585096299648285,0.5234532356262207,0.41091811656951904,0.429333359003067,0.4293452203273773,0.5424780249595642,0.44450098276138306,0.6037034392356873,0.45721787214279175,0.6511751413345337,0.3697572648525238,0.4301283061504364,0.3570556938648224,0.559520423412323,0.345894455909729,0.635638415813446,0.3341425657272339,0.6909946203231812,0.3290882706642151,0.42590633034706116,0.3177504241466522,0.5288246870040894,0.327883780002594,0.5052005052566528,0.33475780487060547,0.4706189036369324,0.29425978660583496,0.4210430383682251,0.295784056186676,0.49514415860176086,0.30360087752342224,0.47567370533943176,0.30618101358413696,0.4479123651981354,ㅅ
0.30131796002388,0.21144360303878784,0.35866284370422363,0.27681031823158264,0.3707168400287628,0.3723280429840088,0.34678134322166443,0.4466283321380615,0.3219177722930908,0.4939478933811188,0.37522003054618835,0.38416388630867004,0.3986574113368988,0.4980882406234741,0.4163590967655182,0.5665372610092163,0.43023180961608887,0.6202884912490845,0.32522815465927124,0.3759806156158447,0.30544033646583557,0.5196976661682129,0.28785577416419983,0.6070317029953003,0.27116888761520386,0.669908344745636,0.2793150544166565,0.36697375774383545,0.2713474929332733,0.49744531512260437,0.28936174511909485,0.4832196533679962,0.30032995343208313,0.45066899061203003,0.24211718142032623,0.3612530827522278,0.24783679842948914,0.4540073275566101,0.2627583146095276,0.4379275441169739,0.2667386531829834,0.4095684885978699,ㅅ
0.29650986194610596,0.1378341168165207,0.36285480856895447,0.2061343789100647,0.3835146427154541,0.3124719560146332,0.362222284078598,0.39886561036109924,0.33854225277900696,0.45654863119125366,0.384846568107605,0.32170748710632324,0.40872475504875183,0.46343645453453064,0.4277896285057068,0.544823408126831,0.44216352701187134,0.6081671118736267,0.32627594470977783,0.3093213438987732,0.29949700832366943,0.4912108778953552,0.2785533666610718,0.5978158116340637,0.2590380311012268,0.6744367480278015,0.2710907459259033,0.3002922534942627,0.259973406791687,0.45906707644462585,0.2813962697982788,0.437575101852417,0.2927471101284027,0.393594354391098,0.2269800305366516,0.2969511151313782,0.23532676696777344,0.40392035245895386,0.25479060411453247,0.38692766427993774,0.25962913036346436,0.3569501042366028,ㅅ
0.2793557345867157,0.07044674456119537,0.3510010540485382,0.15702851116657257,0.36510753631591797,0.28421056270599365,0.3326587677001953,0.38371819257736206,0.30454564094543457,0.4497345983982086,0.3651324212551117,0.28568094968795776,0.392523854970932,0.45466166734695435,0.4122004508972168,0.5545516610145569,0.4262920022010803,0.6330139636993408,0.2953062951564789,0.2705899178981781,0.27017220854759216,0.48883581161499023,0.25054091215133667,0.6128566861152649,0.2285759449005127,0.7057190537452698,0.2312847375869751,0.25880980491638184,0.2231084108352661,0.4553278982639313,0.24811220169067383,0.43348565697669983,0.2597440481185913,0.38095325231552124,0.17929111421108246,0.2553349733352661,0.19265170395374298,0.4018738865852356,0.21618378162384033,0.3873417377471924,0.22086964547634125,0.34830188751220703,ㅅ
0.2647132873535156,0.13655003905296326,0.34741145372390747,0.2131906896829605,0.3826103210449219,0.3444984257221222,0.37688571214675903,0.45859476923942566,0.3689446449279785,0.5364921689033508,0.3781088590621948,0.362151563167572,0.43222662806510925,0.5655062198638916,0.4638446569442749,0.675469696521759,0.48835882544517517,0.7605067491531372,0.30278369784355164,0.358774870634079,0.29044216871261597,0.6057499647140503,0.27619531750679016,0.73723965883255,0.2614152729511261,0.8359702825546265,0.23684725165367126,0.3536417782306671,0.24405568838119507,0.5630114078521729,0.2695413827896118,0.5267667770385742,0.2788670063018799,0.4679681062698364,0.18668422102928162,0.3500922918319702,0.20615456998348236,0.49327555298805237,0.23193883895874023,0.4716504216194153,0.23798596858978271,0.43392738699913025,ㅅ
0.3266853392124176,0.2303980588912964,0.39819028973579407,0.2903159260749817,0.42991697788238525,0.393534392118454,0.42083388566970825,0.48145782947540283,0.40581947565078735,0.545207679271698,0.46291226148605347,0.42131710052490234,0.492522656917572,0.5397942066192627,0.5143405199050903,0.6084834933280945,0.5326597690582275,0.6644039750099182,0.4199998378753662,0.4193638563156128,0.40234386920928955,0.5701593160629272,0.3918289542198181,0.6586617231369019,0.38391920924186707,0.7266221642494202,0.3735879063606262,0.4125008285045624,0.35054585337638855,0.5447605848312378,0.3495188057422638,0.5146358609199524,0.3535100221633911,0.47259652614593506,0.3295537531375885,0.40866783261299133,0.31992876529693604,0.5039095878601074,0.31947553157806396,0.476788729429245,0.32351577281951904,0.4410715401172638,ㅅ
0.21876007318496704,0.305533230304718,0.2917802929878235,0.3435537815093994,0.3327209949493408,0.4300331473350525,0.33445823192596436,0.512577474117279,0.32656580209732056,0.5728662610054016,0.36659279465675354,0.4350298345088959,0.42115944623947144,0.5274688005447388,0.4577414095401764,0.5765165090560913,0.4875631332397461,0.6150291562080383,0.3276331424713135,0.4558955430984497,0.34489205479621887,0.5876160860061646,0.34925490617752075,0.666895866394043,0.35141101479530334,0.727242112159729,0.28538721799850464,0.46935221552848816,0.29380255937576294,0.5816816091537476,0.2896024286746979,0.5542911887168884,0.28671789169311523,0.5181452631950378,0.24681833386421204,0.47972357273101807,0.25875717401504517,0.5540421605110168,0.25460463762283325,0.5298010110855103,0.2501339316368103,0.5019510388374329,ㅅ
0.2051812708377838,0.3257608711719513,0.27545952796936035,0.356568843126297,0.31935691833496094,0.44163310527801514,0.3311678171157837,0.5279399156570435,0.3338748514652252,0.5913469791412354,0.35918277502059937,0.4357731342315674,0.4188319444656372,0.5155148506164551,0.4588811993598938,0.5610480904579163,0.4913993775844574,0.596673309803009,0.32480037212371826,0.4611061215400696,0.35017669200897217,0.5827946662902832,0.3603242337703705,0.655443549156189,0.367849737405777,0.7095863819122314,0.28537556529045105,0.4796708822250366,0.2952670753002167,0.5848642587661743,0.28504401445388794,0.5576258301734924,0.2792688012123108,0.5227134823799133,0.2472340613603592,0.4954436719417572,0.25758078694343567,0.5651357173919678,0.2498687207698822,0.5407616496086121,0.24489304423332214,0.5136879682540894,ㅅ
0.21372732520103455,0.3195027709007263,0.283679723739624,0.3463084101676941,0.3277406692504883,0.43255409598350525,0.3396475315093994,0.5230975151062012,0.34378260374069214,0.5903708934783936,0.3703204095363617,0.4213048219680786,0.4342140257358551,0.49948158860206604,0.4759146273136139,0.5440364480018616,0.5090569853782654,0.5784623622894287,0.33532971143722534,0.4448896050453186,0.3638947606086731,0.5745605230331421,0.37691444158554077,0.6514424085617065,0.3858117163181305,0.7085897922515869,0.29548394680023193,0.4631119966506958,0.30560651421546936,0.5753466486930847,0.2958102822303772,0.5493581295013428,0.2905190587043762,0.5147804021835327,0.25705698132514954,0.47973936796188354,0.2685767412185669,0.5570327043533325,0.2603405714035034,0.5330909490585327,0.25514477491378784,0.5042313933372498,ㅅ
0.31418657302856445,0.25904738903045654,0.38130348920822144,0.30696094036102295,0.4130597412586212,0.4062612056732178,0.407864511013031,0.4978266656398773,0.39859551191329956,0.5624071359634399,0.45008501410484314,0.40513017773628235,0.4949129521846771,0.4991673231124878,0.5283043384552002,0.5522918105125427,0.5569378733634949,0.5955095291137695,0.41111427545547485,0.41696682572364807,0.4144096374511719,0.5527161955833435,0.4121033251285553,0.6230772733688354,0.41194233298301697,0.6746211647987366,0.3667948842048645,0.42165401577949524,0.3596175014972687,0.5389683842658997,0.35329899191856384,0.5050415992736816,0.3542129397392273,0.4632761776447296,0.32405194640159607,0.4249534010887146,0.32568007707595825,0.5099384188652039,0.3209283947944641,0.48445531725883484,0.3209714889526367,0.45220378041267395,ㅅ
0.34527236223220825,0.27021652460098267,0.40811973810195923,0.3252851366996765,0.43447476625442505,0.42261868715286255,0.4270421862602234,0.504786491394043,0.411938339471817,0.5620288252830505,0.4578301012516022,0.4385714530944824,0.4943341910839081,0.5388505458831787,0.5194876790046692,0.5989002585411072,0.5387362241744995,0.6476638317108154,0.4167211949825287,0.4421352446079254,0.4054343104362488,0.5802170038223267,0.39518770575523376,0.6610052585601807,0.3860461711883545,0.7204116582870483,0.374019980430603,0.4390585422515869,0.3566562533378601,0.5558856725692749,0.3591846525669098,0.5247927308082581,0.3657817840576172,0.48436298966407776,0.3339017629623413,0.4367615580558777,0.32812032103538513,0.5219715237617493,0.3285798728466034,0.4965589642524719,0.33199048042297363,0.46419844031333923,ㅅ
0.3894374668598175,0.2607882022857666,0.44041743874549866,0.330545574426651,0.44929778575897217,0.4246772825717926,0.4268570840358734,0.4950694739818573,0.4036329686641693,0.5418281555175781,0.4594053030014038,0.4528910517692566,0.47568368911743164,0.5734539031982422,0.4907785952091217,0.6417735815048218,0.5034470558166504,0.6960335373878479,0.41444188356399536,0.44369640946388245,0.3828831911087036,0.5839557647705078,0.3589710593223572,0.6644626259803772,0.33919405937194824,0.7234349250793457,0.3715421259403229,0.4285218119621277,0.34564995765686035,0.5474669933319092,0.35977819561958313,0.523999810218811,0.3725053668022156,0.4887322187423706,0.33577480912208557,0.41366222500801086,0.32817354798316956,0.49517375230789185,0.33862292766571045,0.4759216606616974,0.3443736135959625,0.44914859533309937,ㅅ
0.3957216441631317,0.2888675332069397,0.44011637568473816,0.3641341030597687,0.4390944540500641,0.4581039845943451,0.4100121557712555,0.5296974778175354,0.3804023861885071,0.5727784037590027,0.4387547969818115,0.47736841440200806,0.4453588128089905,0.6046945452690125,0.4517376124858856,0.6803267002105713,0.4552125632762909,0.7387449741363525,0.3911360502243042,0.4634726941585541,0.3481998145580292,0.6036092042922974,0.31971311569213867,0.6848752498626709,0.2964295744895935,0.7425637245178223,0.3477533757686615,0.4464414119720459,0.32042157649993896,0.561596691608429,0.33882078528404236,0.5476149916648865,0.3531211316585541,0.5145642757415771,0.313691645860672,0.43050986528396606,0.30502966046333313,0.5098945498466492,0.32161328196525574,0.49591749906539917,0.32953760027885437,0.47135162353515625,ㅅ
0.3172321915626526,0.2873886823654175,0.3610022962093353,0.3735769987106323,0.35675057768821716,0.4627778232097626,0.3219621777534485,0.5235610008239746,0.2909974753856659,0.5545806288719177,0.3434901833534241,0.4738648235797882,0.34587544202804565,0.6017739176750183,0.3477333188056946,0.675644040107727,0.3475111126899719,0.732528805732727,0.29380854964256287,0.4626702666282654,0.25378331542015076,0.604603111743927,0.2246016561985016,0.6910582184791565,0.1974504292011261,0.7512814998626709,0.254009872674942,0.4456116259098053,0.23998132348060608,0.5508154034614563,0.2638477683067322,0.5409416556358337,0.27976149320602417,0.5097185373306274,0.22665750980377197,0.430990606546402,0.23394623398780823,0.5062490701675415,0.255988210439682,0.49765586853027344,0.2662621736526489,0.47337836027145386,ㅅ
0.3312215805053711,0.3020024299621582,0.37683358788490295,0.3812189996242523,0.3754652142524719,0.472085177898407,0.34472280740737915,0.5385358333587646,0.31741082668304443,0.5801047682762146,0.36865559220314026,0.48947906494140625,0.373663067817688,0.6165672540664673,0.3781774640083313,0.6936830282211304,0.38181260228157043,0.7536672353744507,0.3201379179954529,0.47749921679496765,0.2811903655529022,0.614226222038269,0.2534324526786804,0.697075366973877,0.2291473150253296,0.7589004039764404,0.27922654151916504,0.46099206805229187,0.2643907070159912,0.568743884563446,0.2827136218547821,0.5565904378890991,0.29516738653182983,0.5251434445381165,0.24811951816082,0.4463680684566498,0.25077345967292786,0.5235328078269958,0.26661714911460876,0.5138000845909119,0.27205538749694824,0.4902452230453491,ㅅ
0.418302446603775,0.2753475606441498,0.4676239490509033,0.3499119281768799,0.4726009964942932,0.4494870603084564,0.4458026587963104,0.5252127647399902,0.4200177788734436,0.5736825466156006,0.4835802912712097,0.46473759412765503,0.49998199939727783,0.5925995111465454,0.515643298625946,0.6706110239028931,0.5287113189697266,0.7316858768463135,0.437716007232666,0.4491359293460846,0.4049188494682312,0.5955427885055542,0.3786748945713043,0.6803053021430969,0.3583815395832062,0.7438578605651855,0.3939654529094696,0.43322908878326416,0.3675292730331421,0.5649834275245667,0.3801487386226654,0.553307056427002,0.3926427364349365,0.5212115049362183,0.35606467723846436,0.42128786444664,0.3468001186847687,0.5208495855331421,0.360154926776886,0.5084296464920044,0.3684289753437042,0.48132455348968506,ㅅ
0.41032934188842773,0.3125506639480591,0.44807782769203186,0.3906404376029968,0.4392949044704437,0.49134206771850586,0.39645200967788696,0.5646446347236633,0.36659306287765503,0.6188603043556213,0.4787819981575012,0.5142201781272888,0.47588011622428894,0.6328532695770264,0.48315393924713135,0.7015125155448914,0.4914655387401581,0.7574034333229065,0.4450312852859497,0.48806947469711304,0.41235026717185974,0.6177371740341187,0.39144185185432434,0.6929534673690796,0.37341612577438354,0.7510836124420166,0.40684419870376587,0.45961666107177734,0.3594820499420166,0.5745183229446411,0.366392582654953,0.5495799779891968,0.38082900643348694,0.5157963633537292,0.3701607286930084,0.4327922761440277,0.33740776777267456,0.5277515053749084,0.3426204323768616,0.5117758512496948,0.3540961742401123,0.48346734046936035,ㅅ
0.2693394124507904,0.28227120637893677,0.3413703441619873,0.34090322256088257,0.3610168695449829,0.4345617890357971,0.33964988589286804,0.517555832862854,0.31511199474334717,0.5656289458274841,0.3396558463573456,0.460856169462204,0.3498173952102661,0.5960460305213928,0.3529442548751831,0.6703760027885437,0.35155943036079407,0.7270641922950745,0.2856445014476776,0.47654035687446594,0.2682494819164276,0.6277979016304016,0.25412628054618835,0.7208906412124634,0.23972903192043304,0.7856709957122803,0.24444130063056946,0.4802387058734894,0.2628980875015259,0.5784327983856201,0.2909669578075409,0.5669284462928772,0.30451488494873047,0.5370500087738037,0.22022826969623566,0.47734490036964417,0.24949994683265686,0.5442647933959961,0.275727778673172,0.5368793606758118,0.2879794239997864,0.5149886608123779,ㅅ
0.7390357851982117,0.30330801010131836,0.6745256781578064,0.3420370817184448,0.6432603001594543,0.4190772771835327,0.6529707908630371,0.4916445314884186,0.6755552887916565,0.537305474281311,0.6400863528251648,0.45196595788002014,0.599615752696991,0.5568712949752808,0.577893078327179,0.6172440052032471,0.5618976354598999,0.6624698638916016,0.685664176940918,0.47019869089126587,0.6957269906997681,0.6111742258071899,0.7049915790557861,0.6944680213928223,0.7143533825874329,0.7562969923019409,0.72658371925354,0.47685596346855164,0.725294828414917,0.5713329315185547,0.7137429714202881,0.5453067421913147,0.7100093960762024,0.5122010111808777,0.7573165893554688,0.47565948963165283,0.7423862814903259,0.532238245010376,0.7353703379631042,0.5077961683273315,0.7332772612571716,0.4787408113479614,ㅅ
0.684505820274353,0.25726038217544556,0.6350086331367493,0.3125388026237488,0.6167271137237549,0.39541980624198914,0.6343023180961609,0.46145012974739075,0.6639131903648376,0.5004737377166748,0.6055763959884644,0.4296969771385193,0.5839208960533142,0.5377681851387024,0.5685165524482727,0.600841224193573,0.5570701360702515,0.6500996351242065,0.6468462347984314,0.43206876516342163,0.6731963157653809,0.5607613921165466,0.6923762559890747,0.6364904642105103,0.7089598774909973,0.6938159465789795,0.6885449886322021,0.42415186762809753,0.7142079472541809,0.5147862434387207,0.7056806683540344,0.4833424687385559,0.6974704265594482,0.448978990316391,0.7226426005363464,0.41137412190437317,0.7304854393005371,0.466248095035553,0.7227798700332642,0.43984973430633545,0.714471697807312,0.4130297899246216,ㅅ
0.6081194281578064,0.2898024618625641,0.5743220448493958,0.3746541142463684,0.5843361616134644,0.4701772928237915,0.6281442046165466,0.5259873867034912,0.6701256632804871,0.5497981905937195,0.560782790184021,0.493229478597641,0.5512776374816895,0.6132683753967285,0.5397870540618896,0.6796962022781372,0.5289031267166138,0.7335374355316162,0.5975056886672974,0.4659758508205414,0.6343410611152649,0.5852240920066833,0.6563072204589844,0.6515427827835083,0.675407886505127,0.7026481628417969,0.6356439590454102,0.43556496500968933,0.6871824264526367,0.5449054837226868,0.6780165433883667,0.5234152674674988,0.6646823287010193,0.4897103011608124,0.6692440509796143,0.40572503209114075,0.7035231590270996,0.49282675981521606,0.6930186152458191,0.48399195075035095,0.676582932472229,0.46080267429351807,ㅅ
0.6409469246864319,0.2586813271045685,0.6044284105300903,0.35868126153945923,0.6264513731002808,0.4627644121646881,0.6834205389022827,0.5256980657577515,0.7348223328590393,0.5639439821243286,0.6046206951141357,0.48556652665138245,0.5941948294639587,0.6254200339317322,0.5824839472770691,0.708268404006958,0.570438802242279,0.7730951309204102,0.6494627594947815,0.45089343190193176,0.6926314830780029,0.5867629647254944,0.7257455587387085,0.6743960976600647,0.7516028881072998,0.7377563714981079,0.6962303519248962,0.4145579934120178,0.7603591680526733,0.546042799949646,0.767616331577301,0.5717939138412476,0.763815701007843,0.5693876147270203,0.7357187867164612,0.38246873021125793,0.772880494594574,0.48476642370224,0.7636656165122986,0.4995492398738861,0.7462915182113647,0.49403148889541626,ㅅ
0.641646683216095,0.10801175236701965,0.5844265222549438,0.21043401956558228,0.5875657200813293,0.3350737988948822,0.6342318654060364,0.4243556261062622,0.6817415356636047,0.4854726791381836,0.5628435611724854,0.3511154353618622,0.5292065143585205,0.5112868547439575,0.5020155310630798,0.5990240573883057,0.4775218069553375,0.6629070043563843,0.6190603971481323,0.3190292418003082,0.6630415916442871,0.4998283386230469,0.6937867999076843,0.6126265525817871,0.718935489654541,0.6926180720329285,0.6786789298057556,0.2903197705745697,0.7302683591842651,0.46891579031944275,0.7168009281158447,0.4884908199310303,0.7011986970901489,0.46665728092193604,0.7277694940567017,0.26948150992393494,0.7464892864227295,0.40303921699523926,0.7254553437232971,0.4034248888492584,0.7052497267723083,0.3715210556983948,ㅅ
0.6548090577125549,-0.02939826250076294,0.5691739320755005,0.057191401720047,0.5327910780906677,0.18059971928596497,0.5500583052635193,0.28628525137901306,0.5818189382553101,0.36250370740890503,0.520997941493988,0.19481535255908966,0.4626714885234833,0.3547660708427429,0.42147761583328247,0.44515904784202576,0.38818055391311646,0.5165526866912842,0.5883898138999939,0.18374067544937134,0.6147826313972473,0.39585286378860474,0.6339781284332275,0.520807147026062,0.6553798913955688,0.616115927696228,0.6551956534385681,0.1782745122909546,0.6626102328300476,0.37233126163482666,0.6352111101150513,0.35238638520240784,0.6238346099853516,0.30207985639572144,0.7110885977745056,0.1765579879283905,0.6943589448928833,0.31855636835098267,0.6719158291816711,0.2945152223110199,0.6595531105995178,0.2507229447364807,ㅅ
0.6274112462997437,-0.0033407509326934814,0.5373393297195435,0.07242429256439209,0.5059517621994019,0.19529509544372559,0.5232334136962891,0.3077266812324524,0.5540080070495605,0.3908168077468872,0.5051718950271606,0.18844059109687805,0.4423640966415405,0.34263038635253906,0.4031977951526642,0.42864441871643066,0.37239164113998413,0.5016562938690186,0.5738294124603271,0.19562476873397827,0.5915338397026062,0.4027155339717865,0.6082969307899475,0.5280756950378418,0.6301305294036865,0.6194496154785156,0.6385319232940674,0.20419862866401672,0.626002311706543,0.3853796124458313,0.595068633556366,0.3480163514614105,0.5854093432426453,0.2883412837982178,0.6854391098022461,0.21612508594989777,0.6535192131996155,0.345309317111969,0.630500853061676,0.3142557442188263,0.6230860948562622,0.26967310905456543,ㅅ
0.6631901264190674,0.09098291397094727,0.5803496837615967,0.13216592371463776,0.5398611426353455,0.22118023037910461,0.5416874885559082,0.31130215525627136,0.5512420535087585,0.3776127099990845,0.5355829000473022,0.22113829851150513,0.4872432351112366,0.310512512922287,0.4557274281978607,0.36367523670196533,0.4296486973762512,0.4088261127471924,0.5885201692581177,0.24799992144107819,0.5773339867591858,0.4052389860153198,0.5712965130805969,0.5038414001464844,0.5729139447212219,0.5769010782241821,0.6373317241668701,0.2700967490673065,0.6135252118110657,0.4016825556755066,0.5918902158737183,0.3767666220664978,0.5883482694625854,0.334738165140152,0.6741862297058105,0.28705209493637085,0.6394665241241455,0.37502917647361755,0.6224954128265381,0.35287365317344666,0.6174112558364868,0.3190547823905945,ㅅ
0.6956589221954346,0.18436609208583832,0.6148689389228821,0.2259923368692398,0.5750919580459595,0.3152812719345093,0.5824651718139648,0.40571314096450806,0.5946082472801208,0.46672046184539795,0.5728841423988342,0.3258594572544098,0.5355508327484131,0.4178468585014343,0.5146567225456238,0.4783647954463959,0.49889564514160156,0.5290049314498901,0.6249458193778992,0.35448041558265686,0.6217142939567566,0.512489914894104,0.6190192103385925,0.6139275431632996,0.6230955123901367,0.6885325908660889,0.6709166169166565,0.3718394637107849,0.6463814377784729,0.4793891906738281,0.6222938299179077,0.4562665820121765,0.6154705286026001,0.42260462045669556,0.7050875425338745,0.381588876247406,0.6679323315620422,0.44963496923446655,0.6469157934188843,0.43212994933128357,0.6390842199325562,0.40818309783935547,ㅅ
0.6832355856895447,0.3018210530281067,0.6061649322509766,0.3483119010925293,0.5729963183403015,0.4420299530029297,0.5799925923347473,0.5307610034942627,0.5954842567443848,0.586898922920227,0.5692321062088013,0.47322556376457214,0.5247423052787781,0.5901557207107544,0.5073830485343933,0.6599011421203613,0.49634674191474915,0.7145190834999084,0.6217563152313232,0.5022103190422058,0.6200963258743286,0.66388338804245,0.6200563311576843,0.7569080591201782,0.6242024302482605,0.8268334865570068,0.6652094125747681,0.5159950256347656,0.638987123966217,0.6153563261032104,0.6142767071723938,0.5933049321174622,0.6088529229164124,0.5627524852752686,0.6940496563911438,0.5182467699050903,0.6540644764900208,0.5678402185440063,0.6331602334976196,0.5482838153839111,0.6283003091812134,0.5241217017173767,ㅅ
0.6063268184661865,0.3667870759963989,0.5582492351531982,0.44844672083854675,0.5520114302635193,0.5414255261421204,0.5822209715843201,0.6122356653213501,0.6177306175231934,0.652717113494873,0.5422695279121399,0.5720778107643127,0.5200016498565674,0.690694272518158,0.5013314485549927,0.758715808391571,0.48622751235961914,0.8135482668876648,0.5850046873092651,0.5722561478614807,0.6099377870559692,0.7164520621299744,0.6307101845741272,0.7998368144035339,0.6496708393096924,0.8627700805664062,0.6275569200515747,0.5613099932670593,0.6544526219367981,0.6685179471969604,0.6476742625236511,0.6406105756759644,0.6415404081344604,0.6049554347991943,0.6636902093887329,0.5433782339096069,0.6736776828765869,0.6222187280654907,0.6658904552459717,0.5984770655632019,0.6581107974052429,0.5665472745895386,ㅅ
0.5930629968643188,0.36035555601119995,0.556857705116272,0.44530680775642395,0.5669837594032288,0.5471782684326172,0.6085430383682251,0.6192399263381958,0.640617847442627,0.6669759750366211,0.5477672815322876,0.5676247477531433,0.530623733997345,0.6866104602813721,0.5139317512512207,0.7534264922142029,0.49827900528907776,0.805190920829773,0.5873317122459412,0.5567967891693115,0.6152007579803467,0.6934559941291809,0.6350381970405579,0.7742351293563843,0.6528114080429077,0.836270809173584,0.6265565752983093,0.5361039042472839,0.6654882431030273,0.634931206703186,0.6561918258666992,0.6061350107192993,0.6448360085487366,0.5718382000923157,0.6600471138954163,0.5114778280258179,0.6830829977989197,0.588905394077301,0.6741575002670288,0.5660232305526733,0.6623444557189941,0.5364445447921753,ㅅ
0.582237720489502,0.33959469199180603,0.559328556060791,0.4329007863998413,0.5726534724235535,0.5234696865081787,0.6173449754714966,0.5816850662231445,0.657821774482727,0.6147415041923523,0.561785876750946,0.5683887600898743,0.5561079382896423,0.6935080885887146,0.5443469882011414,0.7667900919914246,0.5320744514465332,0.8229624032974243,0.5876062512397766,0.540807843208313,0.62661212682724,0.6679698824882507,0.6540524363517761,0.7472029328346252,0.6745347380638123,0.8057518005371094,0.621212899684906,0.5046415328979492,0.6954566240310669,0.6038796901702881,0.7105152010917664,0.588955819606781,0.7064058780670166,0.5654070377349854,0.6534975171089172,0.4663962125778198,0.7106550931930542,0.5421697497367859,0.7109154462814331,0.5335837602615356,0.6955680847167969,0.5173876285552979,ㅅ
0.5994764566421509,0.2641896605491638,0.5796268582344055,0.368842214345932,0.6117053031921387,0.4673083424568176,0.6736534833908081,0.5220456123352051,0.7225510478019714,0.553757905960083,0.5771393775939941,0.48568034172058105,0.5720806121826172,0.615139365196228,0.5628379583358765,0.6908144354820251,0.5511304140090942,0.7495733499526978,0.6036490201950073,0.457278847694397,0.6456261277198792,0.5842921733856201,0.6729509830474854,0.6651087999343872,0.6920925974845886,0.7265558838844299,0.6394323110580444,0.42019927501678467,0.7174856066703796,0.5221724510192871,0.7321757674217224,0.5107902884483337,0.7274835109710693,0.48768752813339233,0.6762669086456299,0.38079768419265747,0.733303427696228,0.46531397104263306,0.7365348935127258,0.46676477789878845,0.7248468995094299,0.45460689067840576,ㅅ
0.6045873761177063,0.26933544874191284,0.5929040312767029,0.37617427110671997,0.6219771504402161,0.4754714369773865,0.6827307343482971,0.5285782814025879,0.7275134325027466,0.5612682104110718,0.584425151348114,0.5062257051467896,0.5763199925422668,0.6334946155548096,0.564145028591156,0.707053005695343,0.5495181679725647,0.7669897079467773,0.5982505083084106,0.46932196617126465,0.6432366967201233,0.5835940837860107,0.6701261401176453,0.6636215448379517,0.6884024143218994,0.723602294921875,0.627565860748291,0.42438364028930664,0.7212963104248047,0.5097915530204773,0.7473862171173096,0.5112027525901794,0.7487466931343079,0.500610888004303,0.6624861359596252,0.37855926156044006,0.7334433794021606,0.45081502199172974,0.7514282464981079,0.4680044651031494,0.7501499056816101,0.475597083568573,ㅅ
0.6430894136428833,0.23333241045475006,0.6139217019081116,0.3418947756290436,0.6372399926185608,0.44497355818748474,0.6939725279808044,0.5055340528488159,0.7410778403282166,0.5401434898376465,0.600346028804779,0.4591251611709595,0.5773937702178955,0.5811038017272949,0.5568335056304932,0.6519030332565308,0.5357557535171509,0.7090365886688232,0.6287316083908081,0.4262828826904297,0.663162112236023,0.5405339598655701,0.6853088140487671,0.6229797601699829,0.7022156715393066,0.6832994818687439,0.6671484708786011,0.3877108097076416,0.7359511256217957,0.4894393980503082,0.7547051310539246,0.504353404045105,0.757524847984314,0.498862624168396,0.7065484523773193,0.3492971956729889,0.7563315033912659,0.4390179216861725,0.7644614577293396,0.4631291329860687,0.7586541175842285,0.47215351462364197,ㅅ
0.7185042500495911,0.16384291648864746,0.6689242124557495,0.23785459995269775,0.65533047914505,0.3379068970680237,0.6800116300582886,0.41378337144851685,0.7158401012420654,0.4604470431804657,0.6378360390663147,0.36158326268196106,0.6145398616790771,0.4860481917858124,0.5978273749351501,0.5570197105407715,0.5844706892967224,0.61339271068573,0.6844010949134827,0.34975236654281616,0.7120611071586609,0.49994051456451416,0.7322874069213867,0.5890325903892517,0.7511319518089294,0.654558539390564,0.7321953177452087,0.33548611402511597,0.7625024914741516,0.47222357988357544,0.7508237361907959,0.453302264213562,0.7407034039497375,0.4156649112701416,0.773422360420227,0.3219926357269287,0.7859988212585449,0.4223022758960724,0.7748534679412842,0.4035049378871918,0.7639212012290955,0.3699929416179657,ㅅ
0.7910704016685486,0.09733878076076508,0.7203536629676819,0.1611194759607315,0.7000418305397034,0.2593139708042145,0.721240222454071,0.3460816740989685,0.7488216757774353,0.4018947184085846,0.6994078755378723,0.2684377431869507,0.6671774387359619,0.40476855635643005,0.6518906950950623,0.4812403917312622,0.6400302648544312,0.5413382053375244,0.7612237930297852,0.2768658697605133,0.7836735844612122,0.43799397349357605,0.8010030388832092,0.5358158349990845,0.8174132704734802,0.6048988103866577,0.8127378225326538,0.280268132686615,0.8014620542526245,0.4041643440723419,0.7716081738471985,0.3820533752441406,0.7582443952560425,0.3425656259059906,0.8493189215660095,0.28325849771499634,0.8223543763160706,0.3679681420326233,0.8002153038978577,0.34736910462379456,0.7905842661857605,0.31646570563316345,ㅅ
0.8052095770835876,0.10839933156967163,0.7257061004638672,0.17965605854988098,0.700684130191803,0.28676876425743103,0.719086766242981,0.3758750855922699,0.7451838850975037,0.43168991804122925,0.7082586884498596,0.3025427758693695,0.6727308034896851,0.4582850933074951,0.6549291014671326,0.5471446514129639,0.6409468054771423,0.614820659160614,0.7733373045921326,0.31640419363975525,0.784579336643219,0.48851948976516724,0.7962200045585632,0.5918529033660889,0.8082040548324585,0.6662389039993286,0.8244962096214294,0.32433879375457764,0.799810528755188,0.4448024034500122,0.7694439888000488,0.42787712812423706,0.7572550773620605,0.39076337218284607,0.8582285046577454,0.3286890983581543,0.8200328350067139,0.39978569746017456,0.7983463406562805,0.37668338418006897,0.7909067869186401,0.3429533839225769,ㅅ
0.7214981913566589,0.25885432958602905,0.6465263962745667,0.345403790473938,0.6209160089492798,0.4812716841697693,0.6359283328056335,0.6051649451255798,0.6564668416976929,0.6802604794502258,0.6275322437286377,0.4965769648551941,0.593184232711792,0.6761167645454407,0.5739396810531616,0.7722150087356567,0.5610575675964355,0.8472780585289001,0.6987965106964111,0.5074261426925659,0.7270054221153259,0.6997901201248169,0.7429148554801941,0.8166234493255615,0.7596954107284546,0.9034296870231628,0.7544167637825012,0.5045434832572937,0.7377591729164124,0.6295789480209351,0.7077465653419495,0.598823606967926,0.6994483470916748,0.5565260052680969,0.7889952063560486,0.49702075123786926,0.7497282028198242,0.5770076513290405,0.7274342775344849,0.5535892248153687,0.7224633097648621,0.5214309096336365,ㅅ
0.5181208848953247,0.1941351294517517,0.45345044136047363,0.3100771903991699,0.4637629985809326,0.4655055105686188,0.523449182510376,0.5759809613227844,0.5811046957969666,0.6399626731872559,0.47146761417388916,0.4492940604686737,0.4518119692802429,0.6710852384567261,0.4354396462440491,0.7913628816604614,0.4230666756629944,0.8892990350723267,0.5473042130470276,0.4299076795578003,0.6101880073547363,0.6779584884643555,0.6466386914253235,0.8224202394485474,0.6821006536483765,0.9314050674438477,0.6106394529342651,0.4092276096343994,0.6304919123649597,0.6075999140739441,0.5894075036048889,0.580594539642334,0.5673276782035828,0.5277586579322815,0.6499153971672058,0.39320898056030273,0.6386176943778992,0.5357056856155396,0.6081375479698181,0.5087282061576843,0.5943562388420105,0.4619683623313904,ㅅ
0.5239067077636719,0.18501439690589905,0.4635186195373535,0.2996857762336731,0.46470075845718384,0.42844876646995544,0.5071737766265869,0.5241131782531738,0.5513976812362671,0.5854369401931763,0.46789810061454773,0.4333617091178894,0.45448800921440125,0.6194349527359009,0.44306230545043945,0.7178183794021606,0.4340684115886688,0.7927249670028687,0.5360815525054932,0.41509297490119934,0.5867789387702942,0.6245177984237671,0.6142100095748901,0.7398511171340942,0.6404165029525757,0.8187788724899292,0.5936959981918335,0.39571624994277954,0.6137890219688416,0.5729108452796936,0.5790801048278809,0.5632174015045166,0.5582115650177002,0.5227031111717224,0.6308017373085022,0.38022586703300476,0.6233896613121033,0.5080094933509827,0.5963208079338074,0.4974754750728607,0.580539345741272,0.46308034658432007,ㅅ
0.6392578482627869,0.27776676416397095,0.5702440142631531,0.3408130407333374,0.5481306314468384,0.43689534068107605,0.5632818937301636,0.5194385051727295,0.586359977722168,0.5776885747909546,0.5520299673080444,0.44636720418930054,0.5131809711456299,0.5775506496429443,0.4929942488670349,0.6489284038543701,0.4773677587509155,0.7071709632873535,0.6093122959136963,0.45434367656707764,0.6202735304832458,0.612801730632782,0.6281915903091431,0.7082873582839966,0.6387051939964294,0.7797286510467529,0.6590175628662109,0.4563352167606354,0.6488350629806519,0.5932877063751221,0.6274977326393127,0.5703679919242859,0.620766282081604,0.5301811695098877,0.6921539306640625,0.4561848044395447,0.6705957651138306,0.550408124923706,0.6546353101730347,0.5314178466796875,0.6503263711929321,0.4985656142234802,ㅅ
0.7468346953392029,0.4145102798938751,0.6663045287132263,0.43296927213668823,0.6086801290512085,0.5097901225090027,0.5993512868881226,0.6012438535690308,0.6061246991157532,0.6667954325675964,0.5773614048957825,0.5083928108215332,0.4998941421508789,0.5757764577865601,0.4484776556491852,0.6105981469154358,0.40717971324920654,0.6377798914909363,0.6116546392440796,0.5399141311645508,0.555438220500946,0.6658570766448975,0.5214074850082397,0.7447540760040283,0.4993462562561035,0.8082705736160278,0.6559759974479675,0.5654004812240601,0.6366667151451111,0.6820096969604492,0.6479650139808655,0.6500311493873596,0.6610193252563477,0.6111403703689575,0.7013914585113525,0.5833703875541687,0.6771529316902161,0.6749438643455505,0.6849592924118042,0.6481096148490906,0.6944593787193298,0.6115832328796387,ㅅ
0.7679504156112671,0.4449288845062256,0.6855823397636414,0.45579129457473755,0.6243056654930115,0.5332178473472595,0.6069961786270142,0.6294872760772705,0.6055613160133362,0.7022006511688232,0.589570939540863,0.5280659794807434,0.5081285238265991,0.5891316533088684,0.45368707180023193,0.620105504989624,0.41125792264938354,0.6463578343391418,0.6217910051345825,0.5660092830657959,0.5589582324028015,0.6929958462715149,0.5218990445137024,0.775060772895813,0.49731940031051636,0.8439480662345886,0.6639636158943176,0.5958749651908875,0.6474433541297913,0.7089145183563232,0.6611994504928589,0.6747739911079407,0.6744015216827393,0.635407567024231,0.7073990702629089,0.618079662322998,0.6854438781738281,0.7028777599334717,0.6954824924468994,0.673583984375,0.7041206955909729,0.6363221406936646,ㅅ
0.7724689841270447,0.4245261251926422,0.6881163716316223,0.44137337803840637,0.6275342106819153,0.5295881032943726,0.614854633808136,0.6318646669387817,0.6183755397796631,0.7066909670829773,0.5928162336349487,0.5101795196533203,0.5049669742584229,0.5718565583229065,0.45213600993156433,0.6040204167366028,0.40962934494018555,0.6304793953895569,0.6273783445358276,0.5499297976493835,0.5628448724746704,0.6790016889572144,0.5243395566940308,0.7584794759750366,0.49663543701171875,0.8257898092269897,0.670355498790741,0.5820725560188293,0.6519924402236938,0.6951392292976379,0.6644276976585388,0.6587849259376526,0.6771455407142639,0.6204219460487366,0.7129492163658142,0.6058608293533325,0.688949704170227,0.6892125606536865,0.6976029872894287,0.6601340770721436,0.7059270143508911,0.6248207092285156,ㅅ
0.76925128698349,0.40013235807418823,0.6842605471611023,0.41439735889434814,0.6192481517791748,0.4977492094039917,0.6059646606445312,0.5993723273277283,0.6095344424247742,0.6753333210945129,0.5731343030929565,0.49206972122192383,0.4824770390987396,0.5562209486961365,0.42340004444122314,0.587493896484375,0.37705034017562866,0.6123940944671631,0.6070820093154907,0.5295395255088806,0.5338301658630371,0.6661239266395569,0.4921613931655884,0.754784107208252,0.46340125799179077,0.8272124528884888,0.653961181640625,0.5596166849136353,0.6422173380851746,0.6839406490325928,0.6611713171005249,0.6527862548828125,0.6749067306518555,0.6143218278884888,0.7022400498390198,0.5815775394439697,0.683984637260437,0.6754884123802185,0.6959240436553955,0.6476230025291443,0.7040827870368958,0.6106677055358887,ㅅ
0.7376576662063599,0.299064040184021,0.654198944568634,0.3491407632827759,0.6074679493904114,0.45768001675605774,0.6130572557449341,0.5724280476570129,0.6252040266990662,0.655121922492981,0.5644335746765137,0.45103269815444946,0.48078060150146484,0.558477520942688,0.42846089601516724,0.6167365908622742,0.3881341218948364,0.6621201038360596,0.6119455099105835,0.47082871198654175,0.5690246224403381,0.6496409177780151,0.5456162095069885,0.7553092241287231,0.5339760780334473,0.8387172222137451,0.6673298478126526,0.4852432608604431,0.6648157238960266,0.6363338828086853,0.6704558730125427,0.5945180654525757,0.6753267049789429,0.5473060607910156,0.7206662893295288,0.492858350276947,0.7083793878555298,0.6086121201515198,0.7115100026130676,0.5777910947799683,0.7145777344703674,0.5360296964645386,ㅅ
0.7118370532989502,0.24198992550373077,0.6321813464164734,0.30259954929351807,0.5906510353088379,0.415191650390625,0.603270411491394,0.5254150629043579,0.622620701789856,0.6013408303260803,0.547977089881897,0.4135100543498993,0.47461020946502686,0.5250566005706787,0.4236683249473572,0.5861698389053345,0.3836405873298645,0.6334822773933411,0.5947749614715576,0.41967448592185974,0.5626776218414307,0.5945731401443481,0.5447098016738892,0.7007300853729248,0.5368078947067261,0.7824599742889404,0.650175154209137,0.42687514424324036,0.6542114019393921,0.5879364609718323,0.6592163443565369,0.5510385036468506,0.6618348956108093,0.5029325485229492,0.70162034034729,0.4318345785140991,0.6971871852874756,0.5576446652412415,0.6992868781089783,0.527861475944519,0.6982364654541016,0.48485052585601807,ㅅ
0.6367576718330383,0.2652091383934021,0.5706483125686646,0.34090161323547363,0.5469042658805847,0.4586476981639862,0.5713953971862793,0.559926450252533,0.6017217636108398,0.6292601823806763,0.518933892250061,0.46225541830062866,0.46193987131118774,0.5952267050743103,0.42387181520462036,0.6691663861274719,0.393971711397171,0.7270180583000183,0.5663920640945435,0.4638017416000366,0.5607258081436157,0.6475969552993774,0.5631564855575562,0.753471851348877,0.5702354907989502,0.8355941772460938,0.6185933947563171,0.4623023569583893,0.63299959897995,0.6122866272926331,0.6319772601127625,0.5747723579406738,0.6311870217323303,0.5287459492683411,0.6648075580596924,0.45910853147506714,0.6640380024909973,0.5700356364250183,0.661160945892334,0.5395699739456177,0.6587085723876953,0.5012490153312683,ㅅ
0.5853367447853088,0.25156140327453613,0.5282987952232361,0.3307376503944397,0.513084352016449,0.44081225991249084,0.5408354997634888,0.5303467512130737,0.5742274522781372,0.5909857749938965,0.492058128118515,0.45802953839302063,0.4476170539855957,0.5919839143753052,0.4154694080352783,0.6684492826461792,0.38966691493988037,0.7288361191749573,0.5392655730247498,0.4539094567298889,0.5472171902656555,0.6243056058883667,0.5597062706947327,0.7246443033218384,0.5742408633232117,0.8014763593673706,0.5896405577659607,0.4455907642841339,0.6096041202545166,0.588688313961029,0.6026862263679504,0.556292712688446,0.597075343132019,0.5117552280426025,0.6340333223342896,0.4351738393306732,0.6377259492874146,0.5438910722732544,0.6309851408004761,0.5170024037361145,0.6254596710205078,0.47971442341804504,ㅅ
0.5419398546218872,0.21970458328723907,0.49148041009902954,0.3087686002254486,0.48816078901290894,0.4167079031467438,0.519114077091217,0.4950271248817444,0.5607556700706482,0.5419898629188538,0.4897659420967102,0.4419386088848114,0.4708517789840698,0.5952991247177124,0.46039313077926636,0.6809020042419434,0.4534805417060852,0.7486696243286133,0.5446412563323975,0.4230468273162842,0.5913277864456177,0.5899316668510437,0.6251683235168457,0.6868953704833984,0.6560629606246948,0.7589733600616455,0.595859706401825,0.399002343416214,0.6244000792503357,0.5428215265274048,0.6019779443740845,0.5149581432342529,0.5872381329536438,0.4727751612663269,0.6329284310340881,0.37596526741981506,0.6368313431739807,0.48103296756744385,0.618242621421814,0.45387476682662964,0.6067318320274353,0.4168332517147064,ㅅ
0.5199851989746094,0.1874772608280182,0.4717118740081787,0.3002801239490509,0.4809429943561554,0.41837766766548157,0.5258393287658691,0.49250906705856323,0.5754297375679016,0.5329509973526001,0.4987708032131195,0.4237861633300781,0.4866713285446167,0.6025962233543396,0.4774125814437866,0.7026793360710144,0.4706534445285797,0.7843033671379089,0.5618714690208435,0.3994148075580597,0.627058744430542,0.5825610160827637,0.6712080836296082,0.6959717273712158,0.712468147277832,0.7805732488632202,0.6131390929222107,0.37443187832832336,0.6455336213111877,0.5349119305610657,0.6116511821746826,0.5242404341697693,0.5894312262535095,0.4860271215438843,0.6453521847724915,0.355907142162323,0.6488345265388489,0.48136106133461,0.6234368085861206,0.46845754981040955,0.6057751774787903,0.43394163250923157,ㅅ
0.47571203112602234,0.18834105134010315,0.42644667625427246,0.31594425439834595,0.44311895966529846,0.4461670219898224,0.49709153175354004,0.526715099811554,0.552562952041626,0.5668485760688782,0.46641576290130615,0.4424823224544525,0.457527220249176,0.6336383819580078,0.4486131966114044,0.7380988597869873,0.44012680649757385,0.824933648109436,0.5377826690673828,0.41069477796554565,0.6005312204360962,0.5997604131698608,0.6424150466918945,0.7205569744110107,0.6828119158744812,0.809174656867981,0.59437495470047,0.3755778968334198,0.6261059641838074,0.5371320247650146,0.5876988768577576,0.523515522480011,0.562863290309906,0.4822434186935425,0.6272606253623962,0.3484862446784973,0.6326403021812439,0.4717700481414795,0.6036125421524048,0.45859450101852417,0.5860355496406555,0.42297008633613586,ㅅ
0.44757381081581116,0.17793351411819458,0.39234694838523865,0.2880043387413025,0.402112752199173,0.41644006967544556,0.4479207992553711,0.5076251029968262,0.5035144090652466,0.5524699091911316,0.41564834117889404,0.4023551940917969,0.4018738865852356,0.5927271246910095,0.3915064334869385,0.6927546262741089,0.3841327130794525,0.7766364812850952,0.4842929244041443,0.37253692746162415,0.5466793775558472,0.5641695261001587,0.5885900259017944,0.6747617721557617,0.6271213293075562,0.7551906704902649,0.541578471660614,0.34536972641944885,0.5707507133483887,0.529102623462677,0.5342660546302795,0.5197985172271729,0.5116637945175171,0.4765782058238983,0.5780631899833679,0.3321247696876526,0.5776782035827637,0.4671970009803772,0.5480851531028748,0.4548393189907074,0.5299104452133179,0.41810911893844604,ㅅ
0.469515323638916,0.11481131613254547,0.4192337393760681,0.21508225798606873,0.431277334690094,0.3260129690170288,0.47514691948890686,0.39786943793296814,0.5290059447288513,0.4268272817134857,0.4446716904640198,0.3076307475566864,0.42926546931266785,0.4583066403865814,0.41951677203178406,0.5439984202384949,0.41170912981033325,0.6196630597114563,0.5056437253952026,0.2721099853515625,0.5646045804023743,0.4239320158958435,0.6093445420265198,0.5219100713729858,0.6486556529998779,0.590027391910553,0.5599795579910278,0.24530862271785736,0.5883606672286987,0.4079217314720154,0.5554129481315613,0.41237807273864746,0.5317949652671814,0.37454187870025635,0.5971199870109558,0.23600247502326965,0.6044550538063049,0.3667013347148895,0.5759774446487427,0.36749377846717834,0.5550643801689148,0.333934485912323,ㅅ
0.5237220525741577,0.21697339415550232,0.48314976692199707,0.3044414520263672,0.49188074469566345,0.39983120560646057,0.5269834995269775,0.46438494324684143,0.5675559043884277,0.5024357438087463,0.4986039400100708,0.4056127369403839,0.4870953857898712,0.5451642274856567,0.474434494972229,0.6173202395439148,0.46357473731040955,0.6763200163841248,0.5499250292778015,0.3811536133289337,0.603710949420929,0.5252084732055664,0.6400747895240784,0.6083955764770508,0.6737524271011353,0.6664150357246399,0.5954943299293518,0.3576858639717102,0.6303933262825012,0.4953785538673401,0.6054831743240356,0.4857988953590393,0.5887770652770996,0.45056116580963135,0.6264513731002808,0.34131714701652527,0.6351529359817505,0.4463294744491577,0.6140514016151428,0.4341013431549072,0.5994560718536377,0.4008786976337433,ㅅ
0.5656651854515076,0.32712894678115845,0.5206709504127502,0.398714154958725,0.5123044848442078,0.484840989112854,0.5313534736633301,0.5491793751716614,0.5549758672714233,0.5963201522827148,0.5103966593742371,0.49588534235954285,0.48734384775161743,0.606480598449707,0.46981438994407654,0.6677488088607788,0.455170601606369,0.7171667218208313,0.5554801225662231,0.4847872257232666,0.5879162549972534,0.6126262545585632,0.6075484752655029,0.6901986598968506,0.6264194846153259,0.7465338110923767,0.5975546836853027,0.47244778275489807,0.6163137555122375,0.5884811878204346,0.5969104766845703,0.5725612640380859,0.5860633254051208,0.5397753715515137,0.6280224919319153,0.4611209034919739,0.6291387677192688,0.5439804792404175,0.6133631467819214,0.5280622243881226,0.6040249466896057,0.5000119805335999,ㅅ
0.6555776000022888,0.35393068194389343,0.6081423759460449,0.4139227271080017,0.590578556060791,0.49277758598327637,0.6014405488967896,0.5558978319168091,0.6204022169113159,0.6003904342651367,0.5793926119804382,0.5105431079864502,0.5443412661552429,0.6046540141105652,0.5208485126495361,0.6578399538993835,0.5009042620658875,0.6995523571968079,0.6179714202880859,0.5066108703613281,0.6302170753479004,0.6302099227905273,0.6385259032249451,0.7033802270889282,0.6473764181137085,0.7592885494232178,0.6574867367744446,0.5006958246231079,0.6683545708656311,0.6089375019073486,0.6594091057777405,0.5889062285423279,0.6539306044578552,0.5563138723373413,0.6907224655151367,0.4943425953388214,0.6888239979743958,0.56126868724823,0.6800944805145264,0.5412999391555786,0.6730324029922485,0.5151240229606628,ㅅ
0.6803266406059265,0.3383769094944,0.6312314867973328,0.39521098136901855,0.6105574369430542,0.4731026291847229,0.6229459047317505,0.5362093448638916,0.6429336667060852,0.5804606676101685,0.593686580657959,0.4914318323135376,0.5577260851860046,0.5800744891166687,0.5348963141441345,0.6314465999603271,0.516714870929718,0.6719304323196411,0.6304248571395874,0.4868982136249542,0.6426619291305542,0.6062262058258057,0.6527974605560303,0.6766615509986877,0.6624867916107178,0.730393648147583,0.6690543293952942,0.48021358251571655,0.6851679682731628,0.5846827626228333,0.6800647974014282,0.5623429417610168,0.6756153106689453,0.5308055877685547,0.7022082209587097,0.47298726439476013,0.706275999546051,0.5442965626716614,0.6996880173683167,0.5242374539375305,0.6924260258674622,0.4981309473514557,ㅅ
0.6803238391876221,0.271559476852417,0.6276746988296509,0.3304211497306824,0.6121398210525513,0.42299574613571167,0.6342571973800659,0.5069335103034973,0.6553086042404175,0.5638201832771301,0.5745181441307068,0.4344767928123474,0.5356614589691162,0.5303241610527039,0.5083884000778198,0.5838238000869751,0.4872265160083771,0.6260069012641907,0.6103515028953552,0.4342916011810303,0.6221019625663757,0.5685827732086182,0.6320639252662659,0.6456706523895264,0.641130805015564,0.703868567943573,0.6512504816055298,0.4295281767845154,0.6765943765640259,0.5342164039611816,0.6756943464279175,0.5017193555831909,0.6713279485702515,0.4661439061164856,0.6894193887710571,0.4223828613758087,0.6999169588088989,0.4933570921421051,0.6980487704277039,0.4664938747882843,0.6920000910758972,0.4364134669303894,ㅅ
0.7034224271774292,0.24920466542243958,0.6407737135887146,0.3034902811050415,0.616172730922699,0.4019738435745239,0.6329702138900757,0.5009413957595825,0.6521543860435486,0.5650829672813416,0.5712066292762756,0.4015062749385834,0.5242975950241089,0.49043354392051697,0.4884060025215149,0.535710871219635,0.4596898853778839,0.5713557004928589,0.6049553155899048,0.40900447964668274,0.6005873680114746,0.5565739274024963,0.60158771276474,0.6437974572181702,0.6049660444259644,0.7097028493881226,0.6492483615875244,0.4107651710510254,0.6770561337471008,0.5255014896392822,0.6806870102882385,0.489828497171402,0.6773779392242432,0.45137616991996765,0.6928989291191101,0.4094804525375366,0.7085801959037781,0.4958108961582184,0.7109200358390808,0.46499407291412354,0.7055538296699524,0.42993760108947754,ㅅ
0.7336720824241638,0.2594994902610779,0.6694101095199585,0.3117973804473877,0.6395200490951538,0.4130368232727051,0.6512302160263062,0.5140478610992432,0.667553722858429,0.5841281414031982,0.5975319743156433,0.415009081363678,0.5387693643569946,0.5107035636901855,0.5036122798919678,0.5624253153800964,0.4748165011405945,0.6032457947731018,0.6362622976303101,0.42461133003234863,0.6255947947502136,0.5767784118652344,0.6255319118499756,0.6607147455215454,0.6270116567611694,0.7243268489837646,0.6822370290756226,0.4285047650337219,0.6950416564941406,0.5529158711433411,0.6970816850662231,0.51866215467453,0.6960828304290771,0.48019784688949585,0.7254738807678223,0.4281674921512604,0.7285740971565247,0.5137497782707214,0.7298937439918518,0.48556604981422424,0.7274149060249329,0.453752726316452,ㅅ
0.7103203535079956,0.2576850950717926,0.6401086449623108,0.3061286211013794,0.6034488677978516,0.4054693579673767,0.6122482419013977,0.5051824450492859,0.6264820098876953,0.5749610662460327,0.5627985596656799,0.4077601730823517,0.4990648031234741,0.4952039420604706,0.4547525644302368,0.5439318418502808,0.42054450511932373,0.5825862884521484,0.603114902973175,0.4203016757965088,0.5777271389961243,0.564416229724884,0.5629620552062988,0.6517177224159241,0.5567593574523926,0.7199062705039978,0.6505282521247864,0.4273674488067627,0.6580603718757629,0.5522967576980591,0.6612957715988159,0.5151925683021545,0.6635774970054626,0.4743107259273529,0.6950960755348206,0.4289770722389221,0.6944108009338379,0.5198878049850464,0.6952883005142212,0.4903414249420166,0.6937587857246399,0.45420560240745544,ㅅ
0.6877437233924866,0.1900487095117569,0.6267340183258057,0.2660556435585022,0.6039286851882935,0.36948493123054504,0.6239781379699707,0.4501799941062927,0.6560546159744263,0.5020163655281067,0.5839581489562988,0.40661853551864624,0.5469440221786499,0.5413712859153748,0.5233138799667358,0.6197404861450195,0.5056084394454956,0.6817018985748291,0.6360653638839722,0.3985178768634796,0.6541551947593689,0.5628624558448792,0.6709348559379578,0.6649209260940552,0.6879781484603882,0.7428592443466187,0.6894559860229492,0.38673722743988037,0.7091930508613586,0.531673014163971,0.6995073556900024,0.4968094229698181,0.6925384402275085,0.4531293213367462,0.7317276000976562,0.37345245480537415,0.7346401810646057,0.46706828474998474,0.7223948240280151,0.4385988712310791,0.7119674682617188,0.4053833782672882,ㅅ
0.6464014649391174,0.15789097547531128,0.5856738090515137,0.2414834052324295,0.5706695318222046,0.35152631998062134,0.5984978079795837,0.43491891026496887,0.6384699940681458,0.48733407258987427,0.5597354173660278,0.3786524832248688,0.529857337474823,0.5274956226348877,0.5116358399391174,0.612826406955719,0.49922817945480347,0.6804117560386658,0.6163148283958435,0.3616567850112915,0.6543614864349365,0.5333911776542664,0.6818443536758423,0.6356063485145569,0.7079164385795593,0.7120867371559143,0.6713512539863586,0.3461172878742218,0.6980150938034058,0.5049174427986145,0.6797247529029846,0.4759480953216553,0.6679397225379944,0.4310761094093323,0.7138519883155823,0.3328264355659485,0.7166821956634521,0.4377659559249878,0.6981698870658875,0.4126117527484894,0.6847763657569885,0.3787210285663605,ㅅ
0.5464263558387756,0.16774073243141174,0.49803248047828674,0.2556461989879608,0.4987677037715912,0.36180204153060913,0.5319507122039795,0.43748411536216736,0.5743215680122375,0.47872626781463623,0.4965819716453552,0.3792635202407837,0.48057398200035095,0.5294846892356873,0.4705243408679962,0.6154709458351135,0.46375495195388794,0.6858166456222534,0.5511472225189209,0.35842233896255493,0.6012000441551208,0.514019250869751,0.6378337740898132,0.6062004566192627,0.6714995503425598,0.6749193668365479,0.6026465892791748,0.33473482728004456,0.6387620568275452,0.4792841374874115,0.6158890724182129,0.45561733841896057,0.6009025573730469,0.41244667768478394,0.6397076845169067,0.315066933631897,0.6473804712295532,0.4199434518814087,0.6269416809082031,0.39530619978904724,0.613418459892273,0.35581353306770325,ㅅ
0.4541390538215637,0.2454727441072464,0.41123974323272705,0.34038811922073364,0.41938498616218567,0.4440772831439972,0.45997947454452515,0.517436146736145,0.5018491148948669,0.5605226755142212,0.4257507026195526,0.4400249421596527,0.42651256918907166,0.5932828783988953,0.4299429655075073,0.6777573227882385,0.43533360958099365,0.7458347082138062,0.4802132546901703,0.41244733333587646,0.5475338101387024,0.5602235794067383,0.5940137505531311,0.6464246511459351,0.6351353526115417,0.7049049139022827,0.5272206664085388,0.38738471269607544,0.5629441142082214,0.5315757393836975,0.5321558713912964,0.52513587474823,0.5109018683433533,0.48979830741882324,0.5581653714179993,0.3721123933792114,0.5662649869918823,0.48337918519973755,0.541863203048706,0.47773027420043945,0.5244103670120239,0.45177730917930603,ㅅ
0.5177354216575623,0.24773210287094116,0.4652485251426697,0.3396761417388916,0.4699491262435913,0.4525219202041626,0.5112486481666565,0.5297755002975464,0.5558156371116638,0.5698750615119934,0.47495901584625244,0.45001736283302307,0.46417123079299927,0.611379086971283,0.45990195870399475,0.6967003345489502,0.45844241976737976,0.7669250965118408,0.5341541171073914,0.4316898584365845,0.5921033024787903,0.5906968116760254,0.6289858818054199,0.6844722032546997,0.6636624336242676,0.7551678419113159,0.5821898579597473,0.4129626452922821,0.6060855388641357,0.5561058521270752,0.5736305117607117,0.544183611869812,0.5567095279693604,0.5107777118682861,0.6113748550415039,0.40280187129974365,0.6088642477989197,0.508015513420105,0.5838868021965027,0.4956437945365906,0.5715755224227905,0.4647212028503418,ㅅ
0.6386377811431885,0.22660283744335175,0.558861255645752,0.28207260370254517,0.5190019607543945,0.38133785128593445,0.5226460099220276,0.4706137776374817,0.5402696132659912,0.5414264798164368,0.5043865442276001,0.40138521790504456,0.4342654049396515,0.5236724019050598,0.3944438695907593,0.5940997004508972,0.36294305324554443,0.6502898931503296,0.5598565936088562,0.40909531712532043,0.5465258955955505,0.5875481963157654,0.5396761298179626,0.6917529106140137,0.5373191237449646,0.7728849649429321,0.6142345070838928,0.41583317518234253,0.5996705889701843,0.5705993175506592,0.5915661454200745,0.5406900644302368,0.5926340818405151,0.4959123730659485,0.6573551297187805,0.41837579011917114,0.6323044300079346,0.522560715675354,0.6245325803756714,0.4962032437324524,0.6226848363876343,0.4589742422103882,ㅅ
