0.7829110622406006,0.5311696529388428,0.7055785059928894,0.551443874835968,0.6277985572814941,0.5309446454048157,0.5668541193008423,0.5228113532066345,0.5279771089553833,0.4918765723705292,0.621422529220581,0.380645751953125,0.5539870262145996,0.37545740604400635,0.528763473033905,0.42228201031684875,0.5306786298751831,0.4643399119377136,0.6344507932662964,0.3340144455432892,0.5759519934654236,0.25505945086479187,0.5310646295547485,0.2052856683731079,0.49738913774490356,0.16196461021900177,0.6619278192520142,0.31311550736427307,0.6245558261871338,0.21533580124378204,0.592167854309082,0.15519554913043976,0.5627379417419434,0.1040029525756836,0.695787250995636,0.318650484085083,0.6783009171485901,0.235382080078125,0.6593822836875916,0.17662736773490906,0.6401212215423584,0.12411600351333618,ㅇ
0.7580484747886658,0.5467703342437744,0.672722339630127,0.574941873550415,0.5848378539085388,0.5529641509056091,0.5160403251647949,0.5480584502220154,0.47003668546676636,0.5158293843269348,0.571098804473877,0.37451454997062683,0.5008697509765625,0.3758491575717926,0.4693387746810913,0.42919015884399414,0.466185599565506,0.477239191532135,0.5844489336013794,0.3226597309112549,0.5148736238479614,0.23482121527194977,0.4604584574699402,0.18029002845287323,0.4180910885334015,0.134617418050766,0.6172118186950684,0.29591554403305054,0.5671385526657104,0.19159480929374695,0.5278457999229431,0.12752175331115723,0.4908832907676697,0.07358437776565552,0.6593226194381714,0.29870060086250305,0.6339025497436523,0.20651479065418243,0.6102111339569092,0.14327457547187805,0.5853302478790283,0.08683916926383972,ㅇ
0.8569467663764954,0.6668412089347839,0.7339319586753845,0.6969528198242188,0.6148170232772827,0.665583074092865,0.5279233455657959,0.667563796043396,0.4655861556529999,0.6412723064422607,0.5904668569564819,0.42578810453414917,0.49323272705078125,0.43713808059692383,0.46256354451179504,0.5253515243530273,0.46644580364227295,0.5997786521911621,0.6142164468765259,0.3634776473045349,0.518628716468811,0.24506227672100067,0.4445268213748932,0.17076432704925537,0.3868797719478607,0.10660219192504883,0.6643597483634949,0.3391192555427551,0.5952262282371521,0.19312167167663574,0.538159966468811,0.10288378596305847,0.48314809799194336,0.023466020822525024,0.7267391681671143,0.35416674613952637,0.6961442232131958,0.22800934314727783,0.6645601987838745,0.14143478870391846,0.6305364370346069,0.06266558170318604,ㅇ
0.913794994354248,0.8679519891738892,0.7572627067565918,0.890021026134491,0.6106588244438171,0.869817852973938,0.48981958627700806,0.8927139043807983,0.39245015382766724,0.9124899506568909,0.5763450264930725,0.5312401652336121,0.44538599252700806,0.5783708095550537,0.41085147857666016,0.724428117275238,0.42402809858322144,0.8357270956039429,0.6122851967811584,0.44501468539237976,0.471246600151062,0.28238704800605774,0.3566429018974304,0.17658108472824097,0.26383259892463684,0.07913520932197571,0.68672776222229,0.4147472381591797,0.5935478806495667,0.2013920247554779,0.5189670920372009,0.0717710554599762,0.44783297181129456,-0.04414147138595581,0.7773200869560242,0.4416366219520569,0.7498142719268799,0.2542877495288849,0.7118459939956665,0.12602704763412476,0.6701593399047852,0.006650030612945557,ㅇ
0.622170090675354,0.6934694051742554,0.5539824366569519,0.6234179139137268,0.49868243932724,0.539742112159729,0.4519246816635132,0.47900521755218506,0.4253601133823395,0.4162827432155609,0.5716822147369385,0.40691161155700684,0.5140089988708496,0.3430171012878418,0.46723634004592896,0.36429283022880554,0.4438377618789673,0.4013923108577728,0.6056284308433533,0.38543906807899475,0.5894380807876587,0.2576006054878235,0.572033703327179,0.17110362648963928,0.5596291422843933,0.09472000598907471,0.6419665813446045,0.3988635838031769,0.659958004951477,0.2773644030094147,0.6633820533752441,0.19664104282855988,0.6644187569618225,0.12292981147766113,0.6720210313796997,0.44041839241981506,0.7079252004623413,0.352780282497406,0.7313910722732544,0.28593045473098755,0.7515698075294495,0.22259755432605743,ㅇ
0.5887856483459473,0.67626953125,0.5142297148704529,0.6017434597015381,0.45410898327827454,0.5233984589576721,0.3986237943172455,0.46790099143981934,0.3642130494117737,0.4010912775993347,0.5357511639595032,0.3693128824234009,0.4708406627178192,0.3070344924926758,0.41530394554138184,0.336174339056015,0.3862984776496887,0.3783167004585266,0.565375804901123,0.34625470638275146,0.543391764163971,0.20397286117076874,0.5122182965278625,0.11400860548019409,0.48733535408973694,0.03210848569869995,0.5963721871376038,0.35733023285865784,0.6104772090911865,0.2200450599193573,0.6023336052894592,0.1251891553401947,0.5928095579147339,0.03871464729309082,0.6197389364242554,0.39676421880722046,0.651909589767456,0.2913035750389099,0.6658675074577332,0.2108924239873886,0.6772229075431824,0.13457417488098145,ㅇ
0.5700218081474304,0.6622977256774902,0.49149975180625916,0.5732136964797974,0.4283072352409363,0.469811350107193,0.36341768503189087,0.3956107795238495,0.3231211304664612,0.3172869384288788,0.5288986563682556,0.3063834011554718,0.45664316415786743,0.21549397706985474,0.3940563201904297,0.24153688549995422,0.36040952801704407,0.29021894931793213,0.5675100684165955,0.27547621726989746,0.5515555143356323,0.11850348114967346,0.5210162401199341,0.015243202447891235,0.49503546953201294,-0.07177728414535522,0.6052161455154419,0.288296639919281,0.6365947127342224,0.13174262642860413,0.6409363150596619,0.01711973547935486,0.6424280405044556,-0.08202895522117615,0.6309877634048462,0.33235058188438416,0.6778807044029236,0.20535582304000854,0.7036893367767334,0.10241645574569702,0.7257223129272461,0.00459703803062439,ㅇ
0.5542490482330322,0.728598952293396,0.47833967208862305,0.6216819286346436,0.4174535572528839,0.5123263001441956,0.36352571845054626,0.4316302537918091,0.32923078536987305,0.35105448961257935,0.5130881071090698,0.3629841208457947,0.45411211252212524,0.2655770182609558,0.39395225048065186,0.2858879864215851,0.3592100739479065,0.33008113503456116,0.5558923482894897,0.3405069410800934,0.5513107180595398,0.170094296336174,0.5258090496063232,0.058840394020080566,0.5030885338783264,-0.03726470470428467,0.5974205136299133,0.35652270913124084,0.6258804202079773,0.19222448766231537,0.6255356669425964,0.07570302486419678,0.6235916614532471,-0.02681058645248413,0.6277482509613037,0.4041683077812195,0.6753359436988831,0.2856655418872833,0.7020670175552368,0.19341853260993958,0.7254148721694946,0.10795673727989197,ㅇ
0.5401785373687744,0.698872983455658,0.4729524254798889,0.6097572445869446,0.4271051287651062,0.5218008756637573,0.3800586760044098,0.4604213833808899,0.3482847809791565,0.39795982837677,0.5068181157112122,0.38367971777915955,0.4519689381122589,0.3101276159286499,0.3986818790435791,0.3337380588054657,0.3693031966686249,0.37595272064208984,0.5350349545478821,0.36593928933143616,0.5284731984138489,0.2240225374698639,0.5065076947212219,0.1309206187725067,0.4884282648563385,0.050829023122787476,0.5615978837013245,0.38033828139305115,0.5896628499031067,0.24663622677326202,0.5915927290916443,0.15193840861320496,0.5906624794006348,0.06730911135673523,0.5793074369430542,0.4208059012889862,0.6245130896568298,0.32423532009124756,0.6479280591011047,0.2510948181152344,0.6670418977737427,0.18201851844787598,ㅇ
0.5662185549736023,0.7623472213745117,0.4950765073299408,0.6692962050437927,0.4526066482067108,0.5881586074829102,0.4049699902534485,0.5437402129173279,0.3671001195907593,0.49951669573783875,0.5074164271354675,0.45369952917099,0.4498385190963745,0.39038631319999695,0.40049710869789124,0.4298210144042969,0.3710017800331116,0.4803242087364197,0.522727370262146,0.44751831889152527,0.5070667266845703,0.313947856426239,0.476453572511673,0.2324252724647522,0.44926393032073975,0.16610699892044067,0.5379311442375183,0.46754324436187744,0.5528063178062439,0.3291941285133362,0.5499759316444397,0.24115091562271118,0.54493248462677,0.16750818490982056,0.5449665784835815,0.5071967840194702,0.5732209086418152,0.41076308488845825,0.5858616828918457,0.3411426544189453,0.5952245593070984,0.2765447497367859,ㅇ
0.5642412900924683,0.9046305418014526,0.5015705823898315,0.8419162034988403,0.45173782110214233,0.7554676532745361,0.40251266956329346,0.6986998319625854,0.3721882700920105,0.647441029548645,0.5124680399894714,0.6328645348548889,0.46504104137420654,0.5617020130157471,0.42409470677375793,0.586155116558075,0.40423256158828735,0.6283872723579407,0.5456719398498535,0.612520158290863,0.5257651209831238,0.4930647909641266,0.5080294013023376,0.41220492124557495,0.4953252375125885,0.34292250871658325,0.5833937525749207,0.6218847632408142,0.5844783782958984,0.5052971839904785,0.5778765082359314,0.42839157581329346,0.5713262557983398,0.3608972132205963,0.6174686551094055,0.6580352187156677,0.6462215185165405,0.5744736790657043,0.6646426916122437,0.514317512512207,0.680884599685669,0.4608500599861145,ㅇ
0.5927181243896484,0.9412652254104614,0.5288031101226807,0.882431149482727,0.48292118310928345,0.7928491234779358,0.44155260920524597,0.7362832427024841,0.4173620045185089,0.6884211897850037,0.5364063382148743,0.6776713728904724,0.49594026803970337,0.6012231707572937,0.45731669664382935,0.6226081252098083,0.4374600350856781,0.6657066941261292,0.5673650503158569,0.6594825387001038,0.5510917901992798,0.5425237417221069,0.532841145992279,0.4688422381877899,0.5178674459457397,0.4090074300765991,0.605171263217926,0.6698534488677979,0.6034175157546997,0.5577324032783508,0.5964304208755493,0.48665475845336914,0.58821702003479,0.4247458875179291,0.6434395909309387,0.704335629940033,0.6695155501365662,0.6235154271125793,0.6842226386070251,0.5675361752510071,0.6961199045181274,0.5158590078353882,ㅇ
0.6274426579475403,0.8344886302947998,0.5751369595527649,0.7639477252960205,0.5404289960861206,0.6695924401283264,0.5124557018280029,0.6006069183349609,0.5031543970108032,0.5382770895957947,0.605272650718689,0.5835168361663818,0.5848568677902222,0.500864565372467,0.5516746640205383,0.4952734112739563,0.5260884761810303,0.5153095126152039,0.6408349275588989,0.5739998817443848,0.642052173614502,0.46149539947509766,0.6364352703094482,0.3874521255493164,0.63019198179245,0.3271907866001129,0.6781287789344788,0.5883670449256897,0.6911263465881348,0.49020904302597046,0.6952676773071289,0.42108744382858276,0.6948098540306091,0.36227086186408997,0.7115569710731506,0.6230272650718689,0.7435584664344788,0.5567739605903625,0.7657397985458374,0.5082778930664062,0.7828230857849121,0.46644118428230286,ㅇ
0.574660062789917,0.8332725167274475,0.539967954158783,0.7359363436698914,0.5328158140182495,0.6357399225234985,0.5194674730300903,0.5557458400726318,0.5148541927337646,0.4870474338531494,0.6222923994064331,0.5851261615753174,0.6105182766914368,0.5049254298210144,0.5767425894737244,0.47831374406814575,0.5487666130065918,0.48010337352752686,0.6569576859474182,0.5854054689407349,0.6805368661880493,0.48431217670440674,0.6869640350341797,0.407640665769577,0.6912596821784973,0.3445490896701813,0.6857498288154602,0.6097656488418579,0.7259859442710876,0.5230080485343933,0.7435948252677917,0.45415571331977844,0.7538667917251587,0.398212194442749,0.7040144801139832,0.6475515365600586,0.7584060430526733,0.5918346643447876,0.7942994236946106,0.5479869842529297,0.8229888677597046,0.5101611018180847,ㅇ
0.5662963390350342,0.8202115893363953,0.5316376686096191,0.729629635810852,0.5217038989067078,0.6287105083465576,0.5059193968772888,0.5475054979324341,0.5014917850494385,0.4787212312221527,0.6121788024902344,0.5728828310966492,0.5977449417114258,0.48907995223999023,0.5613255500793457,0.46476566791534424,0.5319424867630005,0.4706401824951172,0.6459296345710754,0.5699821710586548,0.6690976023674011,0.4656938910484314,0.674264132976532,0.389507532119751,0.6771678328514099,0.32959794998168945,0.674342930316925,0.5931122303009033,0.7156615853309631,0.5043225288391113,0.7340134382247925,0.4370269179344177,0.744994580745697,0.38222551345825195,0.6917105913162231,0.6321268677711487,0.7464910745620728,0.5770668387413025,0.782861590385437,0.5325920581817627,0.8112147450447083,0.49334806203842163,ㅇ
0.5991308689117432,0.7888989448547363,0.5422362685203552,0.716848611831665,0.5041592717170715,0.6192898154258728,0.47275882959365845,0.5461990833282471,0.4535323977470398,0.48230263590812683,0.5761915445327759,0.5241511464118958,0.545979917049408,0.44476932287216187,0.509243905544281,0.43662238121032715,0.48481854796409607,0.45544570684432983,0.6126354932785034,0.5099328756332397,0.6125936508178711,0.3932608962059021,0.6038564443588257,0.3135271370410919,0.5966814756393433,0.2514035701751709,0.6496760249137878,0.5249473452568054,0.6637308597564697,0.41489267349243164,0.6654932498931885,0.3405700623989105,0.665511965751648,0.2792085111141205,0.6814191937446594,0.5635314583778381,0.7177138328552246,0.48759448528289795,0.7421798706054688,0.43155181407928467,0.7626769542694092,0.3816567063331604,ㅇ
0.6037716865539551,0.7281025052070618,0.531250536441803,0.6865636110305786,0.46534955501556396,0.6268375515937805,0.41452956199645996,0.585237443447113,0.3947056531906128,0.5324105024337769,0.5102518200874329,0.4807491600513458,0.45709389448165894,0.42514050006866455,0.42068806290626526,0.45296359062194824,0.40314632654190063,0.4940851330757141,0.541722297668457,0.4511161148548126,0.5084269642829895,0.33922311663627625,0.4771374464035034,0.2663381099700928,0.45153918862342834,0.2049674391746521,0.5802399516105652,0.45187845826148987,0.5720281600952148,0.33992838859558105,0.5594466328620911,0.26690614223480225,0.54581618309021,0.2014957070350647,0.619355320930481,0.48157957196235657,0.6375745534896851,0.39216095209121704,0.6474427580833435,0.3276088237762451,0.6538102030754089,0.2661370038986206,ㅇ
0.6062570214271545,0.7453471422195435,0.530671238899231,0.7255569696426392,0.45749953389167786,0.6894100904464722,0.39969393610954285,0.6703516244888306,0.36048710346221924,0.6318627595901489,0.4728841781616211,0.524484395980835,0.4045533537864685,0.49594640731811523,0.3766101598739624,0.5494680404663086,0.3732783794403076,0.6005980968475342,0.5027905106544495,0.4865648150444031,0.44962573051452637,0.3838678002357483,0.40673747658729553,0.3149787187576294,0.3709625005722046,0.25260141491889954,0.5455559492111206,0.47981777787208557,0.5155864357948303,0.3679245114326477,0.4881117045879364,0.2959713935852051,0.46292126178741455,0.23051998019218445,0.5924012660980225,0.5033143162727356,0.5980281233787537,0.4118962287902832,0.5978494882583618,0.34315091371536255,0.5962055325508118,0.2781642973423004,ㅇ
0.6258099675178528,0.842178463935852,0.5473015308380127,0.8400136828422546,0.46952036023139954,0.8180986642837524,0.40876075625419617,0.8255998492240906,0.3593616187572479,0.8302748203277588,0.4544352889060974,0.6461688280105591,0.3847156763076782,0.6475979685783386,0.3676025867462158,0.7144221067428589,0.3669354319572449,0.773971438407898,0.484173059463501,0.5959779024124146,0.4081189036369324,0.5006271600723267,0.35132038593292236,0.43431341648101807,0.29876959323883057,0.3765271306037903,0.5330989360809326,0.5774374604225159,0.47914305329322815,0.45979273319244385,0.4391654431819916,0.3860810399055481,0.39752310514450073,0.32137924432754517,0.5918902158737183,0.5911785960197449,0.5871065258979797,0.48747357726097107,0.5796496868133545,0.4138614535331726,0.5680537223815918,0.3449501395225525,ㅇ
0.531353771686554,0.8440408110618591,0.4344968795776367,0.8092589378356934,0.361905574798584,0.7608187198638916,0.30144938826560974,0.7457067966461182,0.25813212990760803,0.7205861806869507,0.38735976815223694,0.5952897071838379,0.3127361834049225,0.5687052011489868,0.2749747633934021,0.623917281627655,0.264009565114975,0.6796945929527283,0.4049898684024811,0.5690764784812927,0.3436320722103119,0.4605962038040161,0.29150909185409546,0.39988845586776733,0.24853019416332245,0.3463766574859619,0.4318917989730835,0.566702127456665,0.3971996009349823,0.44165611267089844,0.36085590720176697,0.3709591329097748,0.3293554186820984,0.3086615204811096,0.4592078924179077,0.589695930480957,0.4632665514945984,0.4946034252643585,0.45745399594306946,0.4263635277748108,0.449654221534729,0.36099472641944885,ㅇ
0.4911232590675354,0.8446058034896851,0.399804949760437,0.8025677800178528,0.33315640687942505,0.752734899520874,0.27628087997436523,0.7326588034629822,0.23568443953990936,0.6974095106124878,0.3667977452278137,0.5956640839576721,0.29452115297317505,0.5591897964477539,0.2545846104621887,0.612014889717102,0.23906458914279938,0.6665545701980591,0.3802098333835602,0.5762420892715454,0.32751455903053284,0.46026772260665894,0.27609241008758545,0.40004223585128784,0.23064671456813812,0.34807997941970825,0.4003655016422272,0.5794153809547424,0.3709649443626404,0.4496487081050873,0.340257465839386,0.3753937780857086,0.3126329481601715,0.3125768303871155,0.41924282908439636,0.6041501760482788,0.4232204556465149,0.5064231753349304,0.4157787561416626,0.43734216690063477,0.40754634141921997,0.37237057089805603,ㅇ
0.541455090045929,0.8477229475975037,0.46321749687194824,0.7872939705848694,0.40137824416160583,0.7180514931678772,0.3466596305370331,0.6811659932136536,0.31297755241394043,0.6423776149749756,0.4550003707408905,0.5739584565162659,0.39201536774635315,0.5149915814399719,0.3535829186439514,0.5516196489334106,0.3381538689136505,0.5965752005577087,0.47825223207473755,0.5518461465835571,0.44160112738609314,0.4364895224571228,0.405371755361557,0.36528444290161133,0.3768673837184906,0.30473414063453674,0.5051364302635193,0.5564210414886475,0.4927767217159271,0.43279558420181274,0.4737950563430786,0.35857370495796204,0.4568811058998108,0.2930896580219269,0.5305346846580505,0.5848209857940674,0.5444788932800293,0.49603381752967834,0.5492457151412964,0.4303465485572815,0.5532936453819275,0.3689955472946167,ㅇ
0.5720666646957397,0.8348674178123474,0.5103931427001953,0.7571571469306946,0.4663994312286377,0.6611495614051819,0.43003973364830017,0.5946999192237854,0.4175877273082733,0.5355133414268494,0.5423169732093811,0.5505563020706177,0.4998811185359955,0.46489235758781433,0.45416197180747986,0.47668808698654175,0.42748337984085083,0.5126510262489319,0.5749287605285645,0.5361095666885376,0.5701563358306885,0.41488534212112427,0.5517035126686096,0.3305998742580414,0.536301851272583,0.26152974367141724,0.6080735325813293,0.5508102774620056,0.6227298974990845,0.4305585026741028,0.6207919716835022,0.34858250617980957,0.6184006333351135,0.27498167753219604,0.6359825730323792,0.5895759463310242,0.6694428324699402,0.5024263858795166,0.68886798620224,0.4369933009147644,0.7049559354782104,0.37504053115844727,ㅇ
0.5830010175704956,0.845538854598999,0.5290359854698181,0.7525292038917542,0.49989160895347595,0.6448798179626465,0.4730221927165985,0.5681168437004089,0.465761661529541,0.5020694732666016,0.5894538760185242,0.5536711812019348,0.5628740787506104,0.4585261642932892,0.5179889798164368,0.4534073770046234,0.48746126890182495,0.47752201557159424,0.6260619163513184,0.5456715226173401,0.6390924453735352,0.41792863607406616,0.6372467875480652,0.32853421568870544,0.6358193159103394,0.254994660615921,0.6599215865135193,0.5678699612617493,0.6929531693458557,0.4527214467525482,0.7057102918624878,0.3706681728363037,0.7153188586235046,0.29933691024780273,0.6845115423202515,0.6138408780097961,0.7339257001876831,0.5355952978134155,0.7663760185241699,0.4768542945384979,0.7943647503852844,0.4233957529067993,ㅇ
0.6086854934692383,0.9251834750175476,0.581862211227417,0.8098078370094299,0.5811206698417664,0.6930303573608398,0.5733748078346252,0.6052135825157166,0.5812405347824097,0.5327239036560059,0.6899052858352661,0.6424172520637512,0.6854434013366699,0.5365690588951111,0.6432809233665466,0.5081350803375244,0.6072666049003601,0.5146726369857788,0.7313522100448608,0.6501953601837158,0.775631308555603,0.5294238328933716,0.7967060208320618,0.4406846761703491,0.8130931258201599,0.36845043301582336,0.7627831101417542,0.6883451342582703,0.822891116142273,0.5876479744911194,0.8549641966819763,0.512732207775116,0.879913866519928,0.4469468593597412,0.7799351811408997,0.7482196092605591,0.8489105105400085,0.6939555406570435,0.8963919878005981,0.6520318984985352,0.9368786215782166,0.6132369041442871,ㅇ
0.609320342540741,0.9485514163970947,0.5923409461975098,0.8356515169143677,0.6023347973823547,0.7178953886032104,0.6037911176681519,0.6248041391372681,0.6247889399528503,0.5531947016716003,0.7186166644096375,0.6871968507766724,0.7257452607154846,0.5814045667648315,0.6872538328170776,0.5406006574630737,0.6510565876960754,0.5336619019508362,0.759056806564331,0.7036529779434204,0.816760241985321,0.5841245651245117,0.8456745147705078,0.4941440522670746,0.8673328161239624,0.4195345640182495,0.7869089841842651,0.7508759498596191,0.8597486019134521,0.6568352580070496,0.8993962407112122,0.5825926065444946,0.9312410950660706,0.5145519971847534,0.7971029281616211,0.8159524202346802,0.8734047412872314,0.7720558047294617,0.9255557060241699,0.7370634078979492,0.9712044596672058,0.7019001841545105,ㅇ
0.7290774583816528,0.707935094833374,0.657187283039093,0.6715538501739502,0.593402087688446,0.6027058362960815,0.5383356213569641,0.5613225698471069,0.5010561943054199,0.5169833302497864,0.6324477791786194,0.4631434977054596,0.5747830867767334,0.41481712460517883,0.5341503620147705,0.44350993633270264,0.512387752532959,0.48066258430480957,0.6637084484100342,0.43098196387290955,0.6371840238571167,0.32603487372398376,0.6092126369476318,0.2568778395652771,0.5844666957855225,0.20288172364234924,0.7019401788711548,0.4291794002056122,0.7006232738494873,0.3237990140914917,0.6902244687080383,0.25489383935928345,0.6771008968353271,0.1949208676815033,0.7390276789665222,0.45342668890953064,0.7566881775856018,0.359960675239563,0.7663483619689941,0.29097574949264526,0.7728790044784546,0.22815679013729095,ㅇ
0.6864776611328125,0.7745428085327148,0.6115961670875549,0.744010329246521,0.543481707572937,0.6828122138977051,0.4880778193473816,0.6413280963897705,0.4551071226596832,0.59275221824646,0.5843026041984558,0.5335736274719238,0.5247253179550171,0.4868518114089966,0.48423314094543457,0.518860399723053,0.46606412529945374,0.5591695308685303,0.6107432842254639,0.5031284689903259,0.5853443145751953,0.39215296506881714,0.5595689415931702,0.3233543336391449,0.5393450260162354,0.26807740330696106,0.6431901454925537,0.5006773471832275,0.644126296043396,0.3876188397407532,0.6351672410964966,0.3169393837451935,0.6259774565696716,0.2578909695148468,0.6744134426116943,0.5247796773910522,0.693507194519043,0.4294743239879608,0.703012228012085,0.3614806532859802,0.7112213373184204,0.30111557245254517,ㅇ
0.6961970329284668,0.8883903622627258,0.6117967963218689,0.848721981048584,0.5414810180664062,0.7890771627426147,0.48204314708709717,0.7587834000587463,0.4379158020019531,0.7261061072349548,0.5737336874008179,0.6356121897697449,0.505841076374054,0.5985628962516785,0.4649958610534668,0.6407288908958435,0.4486945867538452,0.6897040605545044,0.5974451899528503,0.6031941175460815,0.557476818561554,0.48265981674194336,0.5193820595741272,0.4051447808742523,0.4893104135990143,0.341270387172699,0.6286120414733887,0.6002665162086487,0.6165701150894165,0.4746757447719574,0.5972642302513123,0.39544492959976196,0.5780836939811707,0.3254892826080322,0.6608061790466309,0.6259403824806213,0.6751589179039001,0.528195858001709,0.6811412572860718,0.45950567722320557,0.6848081946372986,0.39679834246635437,ㅇ
0.7191358804702759,0.9107104539871216,0.6322091221809387,0.882807731628418,0.5572839975357056,0.825972318649292,0.4973903298377991,0.8005290627479553,0.4560970664024353,0.768272340297699,0.5824396014213562,0.6714400053024292,0.5135597586631775,0.6326197981834412,0.4763723611831665,0.6729994416236877,0.4626131057739258,0.7203271389007568,0.6071326732635498,0.6359968185424805,0.5614597797393799,0.5253644585609436,0.519182026386261,0.4544368386268616,0.4831252694129944,0.39605990052223206,0.6416848301887512,0.6308207511901855,0.6214278340339661,0.5143532156944275,0.5966225266456604,0.4393557608127594,0.5709710121154785,0.37292125821113586,0.6787610054016113,0.654425323009491,0.6879810094833374,0.5597897171974182,0.6885217428207397,0.49134570360183716,0.6863380074501038,0.429291695356369,ㅇ
0.6866265535354614,0.8304590582847595,0.6108937859535217,0.7832618951797485,0.5493374466896057,0.7180472612380981,0.49691975116729736,0.6801096796989441,0.45759785175323486,0.6408271193504333,0.5991479754447937,0.5808078050613403,0.5329077839851379,0.5325538516044617,0.4875638484954834,0.5646064281463623,0.4658697843551636,0.6061530709266663,0.6225839257240295,0.5525427460670471,0.5947214961051941,0.4356781244277954,0.564554750919342,0.3635447025299072,0.539750874042511,0.3060862720012665,0.6504544615745544,0.5520973205566406,0.6516976356506348,0.4316703677177429,0.6409592628479004,0.35246288776397705,0.6301839351654053,0.28651225566864014,0.6750220060348511,0.5785573720932007,0.6967583894729614,0.48578348755836487,0.705376923084259,0.4167467951774597,0.7119613885879517,0.3560446500778198,ㅇ
0.6671082973480225,0.8027610182762146,0.5875669717788696,0.760628342628479,0.5209982991218567,0.6992806196212769,0.46302521228790283,0.6677563786506653,0.4200655221939087,0.6282100677490234,0.5593780875205994,0.541325032711029,0.49077001214027405,0.49712759256362915,0.45157623291015625,0.5452643036842346,0.436509370803833,0.5986953973770142,0.5766056776046753,0.5140138268470764,0.540409505367279,0.39357423782348633,0.49780166149139404,0.32424840331077576,0.46022549271583557,0.2680308520793915,0.6017645001411438,0.5152321457862854,0.5970973968505859,0.3889244496822357,0.5780102014541626,0.3083367347717285,0.5577050447463989,0.24055257439613342,0.6245914101600647,0.5417764186859131,0.6386148929595947,0.4398759603500366,0.6403688192367554,0.36634427309036255,0.6396288871765137,0.2988557815551758,ㅇ
0.6847708225250244,0.7816698551177979,0.606965184211731,0.7322986125946045,0.5407721996307373,0.6619030237197876,0.48746058344841003,0.6198187470436096,0.44764888286590576,0.576881468296051,0.5871453285217285,0.522784948348999,0.5277901887893677,0.46812716126441956,0.4817401170730591,0.49797821044921875,0.45364052057266235,0.5398374199867249,0.6105077266693115,0.4966565668582916,0.5840601921081543,0.3766342103481293,0.5523794293403625,0.3048696517944336,0.5245747566223145,0.2464301884174347,0.640482485294342,0.4969806373119354,0.6395735740661621,0.38000911474227905,0.6318139433860779,0.304538369178772,0.6216957569122314,0.23791784048080444,0.6691062450408936,0.5215047597885132,0.6872867345809937,0.42203032970428467,0.698731541633606,0.35208553075790405,0.7070810794830322,0.2879774570465088,ㅇ
0.7210594415664673,0.8077279925346375,0.6464405655860901,0.7492737770080566,0.5888015031814575,0.6559463739395142,0.5335289835929871,0.5972012877464294,0.4896412789821625,0.5508590340614319,0.6478155851364136,0.5154165625572205,0.5873405933380127,0.4599855840206146,0.5363272428512573,0.4788977801799774,0.5091153383255005,0.5132823586463928,0.6781632900238037,0.48848897218704224,0.663882315158844,0.3650900423526764,0.6464897990226746,0.2805336117744446,0.6354404091835022,0.21279865503311157,0.7130795121192932,0.4963434338569641,0.7366848587989807,0.3638693690299988,0.7485843896865845,0.27636492252349854,0.7580073475837708,0.20233574509620667,0.7435715198516846,0.5350226163864136,0.7900989651679993,0.4380868971347809,0.8234268426895142,0.3675011396408081,0.8505284190177917,0.30572953820228577,ㅇ
0.7614489197731018,0.7741277813911438,0.6688988208770752,0.71280837059021,0.5889725685119629,0.6192981600761414,0.513034462928772,0.5647550821304321,0.4490213394165039,0.5210469365119934,0.648939847946167,0.4332127571105957,0.5652788877487183,0.38927358388900757,0.502252459526062,0.426098495721817,0.46564728021621704,0.47139814496040344,0.6859634518623352,0.39333394169807434,0.6519615054130554,0.23193061351776123,0.6191654801368713,0.12353527545928955,0.5958227515220642,0.036864906549453735,0.7316592931747437,0.4026837944984436,0.7515384554862976,0.2384309470653534,0.7571793794631958,0.12669184803962708,0.759966254234314,0.025704950094223022,0.7751395106315613,0.4523611068725586,0.8316254615783691,0.3325725793838501,0.8716621994972229,0.2434973418712616,0.9035257697105408,0.16041487455368042,ㅇ
0.7499143481254578,0.9301197528839111,0.6393696069717407,0.8461060523986816,0.5445331335067749,0.7222606539726257,0.4601799249649048,0.653519868850708,0.3909306824207306,0.5997850298881531,0.6205213069915771,0.5058697462081909,0.526628315448761,0.4313323199748993,0.45635420083999634,0.4799586236476898,0.41212359070777893,0.5417104959487915,0.6684216856956482,0.46441882848739624,0.6341509819030762,0.269488662481308,0.596848726272583,0.144310861825943,0.5655381679534912,0.03374543786048889,0.7225309014320374,0.4799255132675171,0.7451529502868652,0.2861347198486328,0.7489669322967529,0.14824694395065308,0.7479832768440247,0.019080311059951782,0.7706471681594849,0.5447039604187012,0.8325439691543579,0.4053748846054077,0.8762048482894897,0.3011952042579651,0.9124765396118164,0.1996632218360901,ㅇ
0.6677696108818054,0.9601083993911743,0.5576602816581726,0.8925241827964783,0.4701412618160248,0.7919483780860901,0.39443010091781616,0.7416495084762573,0.3361573815345764,0.6971771121025085,0.5208717584609985,0.6135655045509338,0.43881234526634216,0.5469759702682495,0.38154667615890503,0.592198371887207,0.35327351093292236,0.650603711605072,0.5486974716186523,0.5808717012405396,0.5048656463623047,0.42196428775787354,0.456971138715744,0.32277750968933105,0.4181937575340271,0.2373964488506317,0.5853692293167114,0.5839905142784119,0.5758740901947021,0.4190480411052704,0.5589926838874817,0.31027719378471375,0.5427560806274414,0.21064981818199158,0.6224148869514465,0.6193423867225647,0.6489098072052002,0.491280198097229,0.6672868728637695,0.4006004333496094,0.6833832263946533,0.31728434562683105,ㅇ
0.6681366562843323,0.9135163426399231,0.6022509932518005,0.8513814210891724,0.5508542060852051,0.7638537287712097,0.5096140503883362,0.7095823884010315,0.4779823422431946,0.6579827666282654,0.6057378053665161,0.6471676230430603,0.561193585395813,0.5776938796043396,0.5200899839401245,0.5864758491516113,0.48860466480255127,0.612909197807312,0.6216058135032654,0.6376156210899353,0.5925663113594055,0.5210953950881958,0.5595066547393799,0.4556105136871338,0.5281497240066528,0.40559425950050354,0.6408087015151978,0.6470834016799927,0.612353503704071,0.5267367959022522,0.5838808417320251,0.4568648934364319,0.5568830370903015,0.4024576246738434,0.6555507779121399,0.6688621640205383,0.6345322132110596,0.5788898468017578,0.6169471144676208,0.5206957459449768,0.598512589931488,0.4717080295085907,ㅇ
0.6576949954032898,0.8824557662010193,0.5942515730857849,0.825354814529419,0.5481804013252258,0.7424683570861816,0.5104480385780334,0.6867437958717346,0.4844154119491577,0.6298934817314148,0.610914409160614,0.6325421333312988,0.5656192302703857,0.5678930282592773,0.5243189930915833,0.5758341550827026,0.493571937084198,0.6018138527870178,0.6282848715782166,0.6191340684890747,0.6028889417648315,0.5103079080581665,0.56516033411026,0.4545263350009918,0.5278691053390503,0.41818469762802124,0.647498369216919,0.6223028302192688,0.622453510761261,0.5102154016494751,0.5899483561515808,0.4496604800224304,0.5594542622566223,0.4075857400894165,0.6601702570915222,0.6374891996383667,0.6445234417915344,0.5510373115539551,0.6253660321235657,0.4964582920074463,0.6043704152107239,0.4519113302230835,ㅇ
0.6445692181587219,0.8720097541809082,0.5831360220909119,0.8225972056388855,0.5365839600563049,0.7503050565719604,0.49762263894081116,0.6991925835609436,0.46976345777511597,0.6430573463439941,0.5947198271751404,0.6338544487953186,0.5490320920944214,0.5696027278900146,0.5088087320327759,0.5786523818969727,0.48092758655548096,0.6083542704582214,0.614333987236023,0.613266110420227,0.585236132144928,0.512304425239563,0.539944589138031,0.4778243899345398,0.4973190426826477,0.4698069393634796,0.6366025805473328,0.6089688539505005,0.6126343011856079,0.5046577453613281,0.5725085735321045,0.4621464014053345,0.5351143479347229,0.4450753629207611,0.6562532186508179,0.6203694939613342,0.6413458585739136,0.5340168476104736,0.6121131777763367,0.4854971766471863,0.5802668929100037,0.4548898935317993,ㅇ
0.6408061385154724,0.8594909906387329,0.5796242952346802,0.8138300180435181,0.5333799719810486,0.7473348379135132,0.49360066652297974,0.7005680799484253,0.4677599370479584,0.6437129974365234,0.583885908126831,0.6265148520469666,0.5369122624397278,0.5621684193611145,0.49801933765411377,0.5757637619972229,0.476826012134552,0.6119508147239685,0.6015809774398804,0.6039314270019531,0.570739209651947,0.5021594762802124,0.5259267091751099,0.4791935980319977,0.4881333112716675,0.48158520460128784,0.6224728226661682,0.5958130359649658,0.5970232486724854,0.49035578966140747,0.5550822615623474,0.46026772260665894,0.5205742716789246,0.45576104521751404,0.6410727500915527,0.6034463047981262,0.6260116100311279,0.5139726400375366,0.5923110246658325,0.4721723198890686,0.5589891076087952,0.4524739980697632,ㅇ
0.643058180809021,0.8499742150306702,0.5789794921875,0.8019481301307678,0.5340062975883484,0.7290499210357666,0.4962766766548157,0.6788358688354492,0.47192105650901794,0.6209573149681091,0.5898510813713074,0.6106305122375488,0.5464750528335571,0.5491348505020142,0.5093636512756348,0.5577125549316406,0.4849769175052643,0.5885354280471802,0.6088439226150513,0.587924599647522,0.5851448774337769,0.48537054657936096,0.545495867729187,0.4441155791282654,0.5066989660263062,0.42673078179359436,0.6312479376792908,0.5821573138237,0.6100875735282898,0.47534582018852234,0.5720664262771606,0.42760032415390015,0.5359193682670593,0.4068676233291626,0.6495224833488464,0.5911576747894287,0.6335445046424866,0.49841469526290894,0.6024580001831055,0.45069509744644165,0.5689506530761719,0.4257410764694214,ㅇ
0.6319571733474731,0.8514155149459839,0.5735417604446411,0.8022831678390503,0.5297732949256897,0.7257078289985657,0.4913069009780884,0.6693659424781799,0.47031983733177185,0.6097743511199951,0.599109947681427,0.6105855703353882,0.5566884875297546,0.537942111492157,0.5128141641616821,0.5421490669250488,0.48363807797431946,0.5681211352348328,0.6242846250534058,0.5914623737335205,0.6149165630340576,0.4779210090637207,0.5881790518760681,0.4094164967536926,0.5624125599861145,0.3524143397808075,0.6494428515434265,0.5936505198478699,0.647668182849884,0.4818478226661682,0.6350489258766174,0.41086167097091675,0.622200608253479,0.3512735068798065,0.6681151390075684,0.6144439578056335,0.6704393625259399,0.5260751843452454,0.6676813960075378,0.4662052392959595,0.6641210317611694,0.41238880157470703,ㅇ
0.6315836906433105,0.8755999207496643,0.5677737593650818,0.8189329504966736,0.5193257927894592,0.7383170127868652,0.4778822362422943,0.6807301044464111,0.4522976875305176,0.6222997903823853,0.5823671221733093,0.621815025806427,0.5334569811820984,0.5514938235282898,0.4876209795475006,0.5596354603767395,0.4616192877292633,0.5892890691757202,0.6103246808052063,0.5987110137939453,0.5977160930633545,0.4855949878692627,0.5713992118835449,0.4146654009819031,0.5479816198348999,0.3573068082332611,0.6392619013786316,0.6016659140586853,0.6459541320800781,0.4891224801540375,0.6325170993804932,0.4145545959472656,0.6184535622596741,0.35376492142677307,0.6628218293190002,0.625545859336853,0.6907004714012146,0.5375146269798279,0.7038897275924683,0.47082239389419556,0.7139616012573242,0.4127063453197479,ㅇ
0.6331684589385986,0.8912559747695923,0.5671913623809814,0.8271356821060181,0.519420862197876,0.742560863494873,0.4761127829551697,0.6852203011512756,0.44605499505996704,0.630908727645874,0.5848361253738403,0.6294047236442566,0.5317159295082092,0.558834969997406,0.4851045608520508,0.5671635866165161,0.4580130875110626,0.5960056185722351,0.613564670085907,0.6056145429611206,0.602837085723877,0.4892265796661377,0.5815343856811523,0.41267430782318115,0.5621263384819031,0.35331255197525024,0.6428174376487732,0.6092491149902344,0.6562322378158569,0.4978865385055542,0.6511138081550598,0.42179226875305176,0.6434193253517151,0.3606400191783905,0.6665433645248413,0.6370135545730591,0.7049837708473206,0.5552895069122314,0.7271071672439575,0.49247393012046814,0.744329035282135,0.43833446502685547,ㅇ
0.6332071423530579,0.9047985672950745,0.5660913586616516,0.8461993336677551,0.5183644890785217,0.7438563108444214,0.4707365930080414,0.6823949217796326,0.4296579658985138,0.640417218208313,0.5817672610282898,0.6277315020561218,0.5207676291465759,0.5766053795814514,0.46813303232192993,0.5829368233680725,0.43711695075035095,0.6027384996414185,0.6107016205787659,0.6031969785690308,0.5996862649917603,0.48709172010421753,0.5900934934616089,0.40399661660194397,0.5861315131187439,0.33844274282455444,0.6406892538070679,0.6136199235916138,0.6654309034347534,0.49967464804649353,0.6756651997566223,0.42516887187957764,0.68155837059021,0.3603730797767639,0.6652420163154602,0.6505786776542664,0.7136083841323853,0.5711462497711182,0.747469425201416,0.5150917768478394,0.7729200124740601,0.46402502059936523,ㅇ
0.6187089085578918,0.9134848713874817,0.5623896718025208,0.8293166756629944,0.5336034893989563,0.721648633480072,0.5012775659561157,0.652215301990509,0.4757270812988281,0.597993791103363,0.6117059588432312,0.6312029957771301,0.5670059323310852,0.5549200177192688,0.5151048302650452,0.547307550907135,0.48019939661026,0.5635522603988647,0.6408543586730957,0.6158931851387024,0.650110125541687,0.4978240132331848,0.6470716595649719,0.41579651832580566,0.6458703279495239,0.3498877286911011,0.6670368313789368,0.6306003928184509,0.7078903317451477,0.5236473083496094,0.7265282273292542,0.45135265588760376,0.7400603294372559,0.3887638449668884,0.6839752197265625,0.6694550514221191,0.7394507527351379,0.6026732921600342,0.7763421535491943,0.5516555905342102,0.806439995765686,0.5056666135787964,ㅇ
0.6271358728408813,0.8485177755355835,0.5893748998641968,0.7516912817955017,0.5775383710861206,0.6468595862388611,0.5603888034820557,0.5624987483024597,0.5542710423469543,0.48891451954841614,0.6721781492233276,0.5832324624061584,0.6623437404632568,0.48889777064323425,0.6219834089279175,0.4644930064678192,0.5891322493553162,0.4753040671348572,0.7042828798294067,0.5794488787651062,0.7389419674873352,0.47010987997055054,0.7452023029327393,0.3865647315979004,0.7485461235046387,0.3183381259441376,0.7292643785476685,0.598744809627533,0.7842667698860168,0.5066525936126709,0.8082975149154663,0.43057548999786377,0.824314296245575,0.3687577247619629,0.7434262037277222,0.6331741213798523,0.8122137784957886,0.580854594707489,0.8581427335739136,0.535796046257019,0.8961837887763977,0.4971802532672882,ㅇ
0.674182116985321,0.7404210567474365,0.6242040991783142,0.6482438445091248,0.6024985313415527,0.5412494540214539,0.5835458636283875,0.4590925872325897,0.5784947872161865,0.38415664434432983,0.6989755630493164,0.4689381718635559,0.6854707598686218,0.377696692943573,0.6456573009490967,0.35524022579193115,0.6132347583770752,0.36286699771881104,0.7318609356880188,0.4593762457370758,0.7572711706161499,0.34038519859313965,0.7534810900688171,0.2563260793685913,0.7484115958213806,0.1892283856868744,0.7604822516441345,0.4749032258987427,0.8059846758842468,0.3685621917247772,0.8186101913452148,0.28493303060531616,0.8258962035179138,0.21572154760360718,0.7795244455337524,0.5085344314575195,0.8402266502380371,0.43756479024887085,0.8790355920791626,0.38037237524986267,0.911290168762207,0.3299030065536499,ㅇ
0.761180579662323,0.7339550852775574,0.6884713768959045,0.6712077856063843,0.6313183903694153,0.5727641582489014,0.5907396674156189,0.49714237451553345,0.5727655291557312,0.4241296350955963,0.702213704586029,0.4505777657032013,0.6627843976020813,0.36631378531455994,0.6218445897102356,0.36391228437423706,0.5949279069900513,0.3889342248439789,0.7385348677635193,0.425077348947525,0.7259108424186707,0.29500970244407654,0.6977006793022156,0.2140500545501709,0.6713334918022156,0.15351513028144836,0.7765994071960449,0.43074655532836914,0.7800344824790955,0.2999335527420044,0.7669795155525208,0.20896998047828674,0.7533682584762573,0.133424311876297,0.8105670809745789,0.46056056022644043,0.8378234505653381,0.3592507839202881,0.8519555926322937,0.28249597549438477,0.8614211082458496,0.21334996819496155,ㅇ
0.7880545854568481,0.8258345723152161,0.7077195048332214,0.7592365741729736,0.644249677658081,0.6603902578353882,0.5884718894958496,0.5942580103874207,0.5523304343223572,0.5356497764587402,0.7043497562408447,0.5182819962501526,0.648302435874939,0.43227118253707886,0.6007504463195801,0.45088717341423035,0.570575475692749,0.49265265464782715,0.7379024028778076,0.4896192252635956,0.7173488140106201,0.3596656322479248,0.6831529140472412,0.28370901942253113,0.648825466632843,0.231298565864563,0.7784869074821472,0.4906570017337799,0.7728306651115417,0.3492664694786072,0.7583587765693665,0.255778044462204,0.7440195083618164,0.1798292100429535,0.816439151763916,0.5195770263671875,0.8472671508789062,0.41108623147010803,0.8636547923088074,0.33154040575027466,0.8761026263237,0.26033535599708557,ㅇ
0.722703754901886,0.8587793707847595,0.6345885992050171,0.8154520988464355,0.5557778477668762,0.7366747856140137,0.4944589138031006,0.6914406418800354,0.4466893672943115,0.6515021324157715,0.5910528302192688,0.5742407441139221,0.5264756679534912,0.5098611116409302,0.4882686734199524,0.5446421504020691,0.46793943643569946,0.5936247110366821,0.6166536211967468,0.5419065952301025,0.5639187693595886,0.4270815849304199,0.512503981590271,0.368900328874588,0.46717870235443115,0.3263002336025238,0.6548110246658325,0.5387603044509888,0.6200152635574341,0.41444066166877747,0.5815468430519104,0.34278881549835205,0.5461038947105408,0.28197500109672546,0.69527268409729,0.5613863468170166,0.6976423859596252,0.45823633670806885,0.6924096941947937,0.38668978214263916,0.6837549209594727,0.3186336159706116,ㅇ
0.6960493326187134,0.8356931209564209,0.6034911870956421,0.8143845200538635,0.5218966007232666,0.7638623118400574,0.45600154995918274,0.739564836025238,0.4030444025993347,0.7095902562141418,0.5390613079071045,0.5960083603858948,0.4642813503742218,0.5553863644599915,0.4261828660964966,0.6027922034263611,0.4140951633453369,0.6548164486885071,0.5540441274642944,0.5621330738067627,0.48420530557632446,0.46351850032806396,0.4220709800720215,0.41617023944854736,0.370500385761261,0.3768698275089264,0.5851595997810364,0.5497058629989624,0.5338795185089111,0.4318479597568512,0.48507899045944214,0.3646142780780792,0.4428388476371765,0.3068044185638428,0.6210560202598572,0.560553252696991,0.6123308539390564,0.4541151523590088,0.6003232002258301,0.37947121262550354,0.5860812067985535,0.3106045424938202,ㅇ
0.6839482188224792,0.8308649659156799,0.591183066368103,0.81504225730896,0.5095452070236206,0.7765092849731445,0.4412497878074646,0.7637336254119873,0.3849809765815735,0.7421367764472961,0.5124003291130066,0.6041586399078369,0.4334370493888855,0.579753041267395,0.3987628221511841,0.6357219219207764,0.39325493574142456,0.6901692152023315,0.522830605506897,0.5676279067993164,0.44722238183021545,0.4751349687576294,0.38304054737091064,0.43255913257598877,0.3298734724521637,0.39665448665618896,0.5508946776390076,0.5530813932418823,0.4985462725162506,0.4318610429763794,0.44817647337913513,0.36788904666900635,0.4042031764984131,0.3135455846786499,0.5854392647743225,0.5638777613639832,0.5777779221534729,0.4566466510295868,0.561256468296051,0.38137298822402954,0.5430485606193542,0.3125440180301666,ㅇ
0.19856971502304077,0.6541550159454346,0.2657414972782135,0.6544294953346252,0.33247286081314087,0.6334058046340942,0.38578134775161743,0.6212191581726074,0.42364346981048584,0.5990541577339172,0.34131884574890137,0.4932667315006256,0.4060302972793579,0.48093417286872864,0.41832733154296875,0.531093418598175,0.41561198234558105,0.5777902007102966,0.323611855506897,0.4524509012699127,0.3791833221912384,0.37758636474609375,0.42333197593688965,0.3386537730693817,0.4616232216358185,0.30351343750953674,0.29241088032722473,0.43406885862350464,0.3254639506340027,0.35169172286987305,0.356602281332016,0.30856049060821533,0.3891727328300476,0.27159255743026733,0.2536363899707794,0.43589022755622864,0.26421433687210083,0.36556750535964966,0.27793997526168823,0.3223384618759155,0.2963922321796417,0.28491562604904175,ㅇ
0.2219829559326172,0.680599570274353,0.28618329763412476,0.6887776851654053,0.34770533442497253,0.6702772378921509,0.3981582224369049,0.6679556369781494,0.44275420904159546,0.6580839157104492,0.36481666564941406,0.528120219707489,0.42422404885292053,0.529479444026947,0.43620237708091736,0.5826864242553711,0.4314339756965637,0.6329380869865417,0.3511255383491516,0.49027958512306213,0.40416473150253296,0.41914045810699463,0.4511226713657379,0.39037051796913147,0.49097907543182373,0.36592158675193787,0.32389533519744873,0.4734695255756378,0.35697391629219055,0.3889490067958832,0.39180344343185425,0.35281217098236084,0.42636120319366455,0.32436007261276245,0.29032471776008606,0.4754679501056671,0.30185791850090027,0.3985021114349365,0.3176892399787903,0.3498704731464386,0.33794787526130676,0.3084637522697449,ㅇ
0.21241945028305054,0.6225923299789429,0.2809589207172394,0.6305838227272034,0.35100996494293213,0.6220081448554993,0.40717148780822754,0.6285998225212097,0.45406919717788696,0.6224834322929382,0.36763879656791687,0.47377684712409973,0.43476006388664246,0.48450690507888794,0.4472551941871643,0.5428658723831177,0.44060754776000977,0.5962392091751099,0.35380709171295166,0.436027854681015,0.41365692019462585,0.35994768142700195,0.4681433141231537,0.32829850912094116,0.5110151767730713,0.3045812249183655,0.32342544198036194,0.42226776480674744,0.3577393889427185,0.32764771580696106,0.39653196930885315,0.28628361225128174,0.43379196524620056,0.2539364695549011,0.2841828167438507,0.43037474155426025,0.29263630509376526,0.35160505771636963,0.3106778562068939,0.2990376651287079,0.33312249183654785,0.25267481803894043,ㅇ
0.19633056223392487,0.6003051996231079,0.27421241998672485,0.6046557426452637,0.35393089056015015,0.582570493221283,0.41695547103881836,0.5798617601394653,0.466896653175354,0.5681204795837402,0.36091500520706177,0.4138689637184143,0.43670862913131714,0.4130103886127472,0.45041969418525696,0.4779506027698517,0.443031907081604,0.535108745098114,0.3430241644382477,0.3717627227306366,0.40494504570961,0.2807822823524475,0.46142643690109253,0.23917318880558014,0.50569087266922,0.20562849938869476,0.3075598180294037,0.3589678704738617,0.34054654836654663,0.24901412427425385,0.38469988107681274,0.19976039230823517,0.42736366391181946,0.16040068864822388,0.2657231390476227,0.3708378076553345,0.27299439907073975,0.27420520782470703,0.29080331325531006,0.20900382101535797,0.3137073218822479,0.15251055359840393,ㅇ
0.179059699177742,0.6247332096099854,0.26459819078445435,0.6214595437049866,0.35319986939430237,0.5998151302337646,0.42108288407325745,0.598522424697876,0.47381308674812317,0.5854523181915283,0.3574531376361847,0.41071760654449463,0.440737247467041,0.4046252369880676,0.45539987087249756,0.4752947688102722,0.4451102614402771,0.5416827201843262,0.33601808547973633,0.3665618300437927,0.40497440099716187,0.2634741961956024,0.4667341709136963,0.21700307726860046,0.516407310962677,0.18091124296188354,0.296558678150177,0.3536650538444519,0.3347069025039673,0.23306342959403992,0.383042573928833,0.18031832575798035,0.43026402592658997,0.13896355032920837,0.2485312968492508,0.3667815625667572,0.25699183344841003,0.26038551330566406,0.27711910009384155,0.19139373302459717,0.30444103479385376,0.13183057308197021,ㅇ
0.13108299672603607,0.6498122215270996,0.2276209592819214,0.6394580602645874,0.3223404586315155,0.6096240878105164,0.3948078155517578,0.6035828590393066,0.45174673199653625,0.5844282507896423,0.3224847614765167,0.40231597423553467,0.4133477807044983,0.39040276408195496,0.43090713024139404,0.46827632188796997,0.42314624786376953,0.5396416783332825,0.2948181629180908,0.3505595326423645,0.368879497051239,0.23312240839004517,0.4351668357849121,0.18183808028697968,0.4916456937789917,0.1401805877685547,0.2482677698135376,0.3353365361690521,0.2891528010368347,0.20332024991512299,0.34131625294685364,0.14525845646858215,0.39481672644615173,0.09778687357902527,0.192751944065094,0.3515740633010864,0.19859454035758972,0.2364090085029602,0.21797320246696472,0.16271531581878662,0.24592265486717224,0.09810876846313477,ㅇ
0.11822907626628876,0.6567338705062866,0.22019538283348083,0.6526767611503601,0.32700061798095703,0.6212221384048462,0.4054519236087799,0.6162346005439758,0.46938955783843994,0.6034399271011353,0.33105096220970154,0.40019845962524414,0.42889946699142456,0.38986897468566895,0.45045024156570435,0.4730246365070343,0.44439995288848877,0.5497260093688965,0.30200648307800293,0.34499335289001465,0.3800433874130249,0.22670795023441315,0.4527066648006439,0.17571383714675903,0.5153197646141052,0.1346328854560852,0.25290706753730774,0.3247930109500885,0.29731857776641846,0.1906825751066208,0.3523504137992859,0.12701350450515747,0.40895870327949524,0.07586231827735901,0.19432660937309265,0.3349184989929199,0.20156055688858032,0.21105895936489105,0.22264085710048676,0.13322347402572632,0.2532631754875183,0.0665273368358612,ㅇ
0.11082130670547485,0.5950301885604858,0.2176545262336731,0.6128289699554443,0.32515305280685425,0.6036021113395691,0.4021967649459839,0.609789252281189,0.4689211845397949,0.6025065779685974,0.35890358686447144,0.39808499813079834,0.45339059829711914,0.40531522035598755,0.45746859908103943,0.4870910942554474,0.43839922547340393,0.5577738881111145,0.3385724723339081,0.33533796668052673,0.4363490045070648,0.24430540204048157,0.5175095796585083,0.207371786236763,0.5884581804275513,0.17625005543231964,0.2931854724884033,0.30395612120628357,0.3611769676208496,0.18176566064357758,0.42745110392570496,0.13295909762382507,0.4933275580406189,0.0970425009727478,0.232965350151062,0.30134010314941406,0.2632010281085968,0.1843520700931549,0.29814913868904114,0.10962602496147156,0.3391586244106293,0.0464455783367157,ㅇ
0.1323513686656952,0.5405932664871216,0.22664815187454224,0.5833659768104553,0.3212766647338867,0.6050387024879456,0.3942946195602417,0.6422423124313354,0.45898348093032837,0.6579721570014954,0.3951573967933655,0.4091762900352478,0.48562732338905334,0.45171597599983215,0.4780474007129669,0.5384637713432312,0.44807565212249756,0.602183997631073,0.3846631944179535,0.34582385420799255,0.4931159019470215,0.2785199284553528,0.5757430195808411,0.2645835876464844,0.6459693908691406,0.25370579957962036,0.3425545394420624,0.30559372901916504,0.4221149682998657,0.20058371126651764,0.4905669093132019,0.16317053139209747,0.5567918419837952,0.13700240850448608,0.2817084491252899,0.2914644479751587,0.3250071704387665,0.18168427050113678,0.36921006441116333,0.11641621589660645,0.41765648126602173,0.060877859592437744,ㅇ
0.1299426406621933,0.5888594388961792,0.22754907608032227,0.6233561038970947,0.3197297751903534,0.6470208168029785,0.38805755972862244,0.6804330348968506,0.4504063129425049,0.6999046802520752,0.38291624188423157,0.45335522294044495,0.4693053066730499,0.4893433153629303,0.461558073759079,0.5789697170257568,0.43275293707847595,0.6497379541397095,0.374872624874115,0.39630693197250366,0.481939435005188,0.3320764899253845,0.5630893111228943,0.3148633539676666,0.6318739652633667,0.2990046739578247,0.33704787492752075,0.3594420850276947,0.42036715149879456,0.25871825218200684,0.48928332328796387,0.22586211562156677,0.5547275543212891,0.20327475666999817,0.2793300747871399,0.34288355708122253,0.3231368958950043,0.23702622950077057,0.36605873703956604,0.1779153048992157,0.41273871064186096,0.13134914636611938,ㅇ
0.1700473427772522,0.6570814847946167,0.25905841588974,0.6630838513374329,0.33977633714675903,0.6553436517715454,0.4002440273761749,0.6612911820411682,0.4543209671974182,0.6533382534980774,0.3658803403377533,0.48558858036994934,0.44187986850738525,0.48916980624198914,0.44783514738082886,0.5601472854614258,0.4332966208457947,0.6249604225158691,0.3523186445236206,0.44317296147346497,0.42759379744529724,0.35691437125205994,0.49145710468292236,0.32128655910491943,0.54510098695755,0.29283881187438965,0.31769827008247375,0.4251382052898407,0.36942750215530396,0.3224678635597229,0.41750240325927734,0.2782488763332367,0.4638882577419281,0.24425861239433289,0.27077800035476685,0.4283769726753235,0.292391836643219,0.33492186665534973,0.31722718477249146,0.2755154073238373,0.34429267048835754,0.22416618466377258,ㅇ
0.20685644447803497,0.6955858469009399,0.276612251996994,0.6888349056243896,0.3462049663066864,0.6680933237075806,0.39694976806640625,0.6619425415992737,0.4386051297187805,0.6437342762947083,0.34700095653533936,0.5140236616134644,0.41674700379371643,0.5035857558250427,0.42887386679649353,0.5677669644355774,0.42242431640625,0.6271477341651917,0.3295324742794037,0.4796559810638428,0.38726213574409485,0.3969809412956238,0.44074153900146484,0.36327505111694336,0.48464053869247437,0.337098091840744,0.2976873219013214,0.46737849712371826,0.33293744921684265,0.37115997076034546,0.37477558851242065,0.33193421363830566,0.4141196310520172,0.30349552631378174,0.25792044401168823,0.47686585783958435,0.2669084072113037,0.3920268416404724,0.2873406410217285,0.3382036089897156,0.31195372343063354,0.29375195503234863,ㅇ
0.27227962017059326,0.7318921089172363,0.3324156105518341,0.6990767121315002,0.38716328144073486,0.6467675566673279,0.4366266429424286,0.6168683767318726,0.4771115183830261,0.5844650864601135,0.3562525808811188,0.5173223614692688,0.4143243134021759,0.47328194975852966,0.4405345916748047,0.5172830820083618,0.44972938299179077,0.5680282115936279,0.3349318206310272,0.49529945850372314,0.36427193880081177,0.39663487672805786,0.4003808796405792,0.3427211046218872,0.4321828782558441,0.3012585937976837,0.306897908449173,0.5017186999320984,0.32033875584602356,0.4027940034866333,0.345469206571579,0.34638863801956177,0.3704689145088196,0.30116182565689087,0.27828413248062134,0.5267917513847351,0.28012463450431824,0.4489513635635376,0.29093456268310547,0.3934744894504547,0.3053462505340576,0.3440292179584503,ㅇ
0.26362642645835876,0.7419908046722412,0.32457229495048523,0.6866251230239868,0.3729218542575836,0.618626594543457,0.4170941412448883,0.5770753622055054,0.44767770171165466,0.5293604135513306,0.3227992653846741,0.511708676815033,0.37079834938049316,0.4582202136516571,0.40188515186309814,0.4799474775791168,0.42039865255355835,0.5126560926437378,0.30469414591789246,0.49710503220558167,0.3242211937904358,0.397152304649353,0.3467203974723816,0.3348851799964905,0.3672153651714325,0.28574591875076294,0.284046471118927,0.5059307217597961,0.29763561487197876,0.4087299108505249,0.31772977113723755,0.3428468406200409,0.338147908449173,0.2888807952404022,0.2654729187488556,0.5290591716766357,0.2740929424762726,0.4515235424041748,0.28831881284713745,0.3979228734970093,0.30509430170059204,0.3524610996246338,ㅇ
0.2695460021495819,0.7198262214660645,0.3249053955078125,0.6657956838607788,0.3711172640323639,0.6039441823959351,0.409369558095932,0.5567946434020996,0.4332279860973358,0.5054967999458313,0.3218025267124176,0.5072335600852966,0.3651420772075653,0.4499444365501404,0.3929179012775421,0.47105738520622253,0.4070025682449341,0.5043166279792786,0.3058767318725586,0.49525120854377747,0.3251267671585083,0.3951002359390259,0.3365768790245056,0.33099544048309326,0.342914879322052,0.27767735719680786,0.28783202171325684,0.5043140053749084,0.3025253117084503,0.4073601961135864,0.31178200244903564,0.34164959192276,0.31962835788726807,0.28693071007728577,0.2693448066711426,0.5260521173477173,0.281390905380249,0.44896167516708374,0.2902015745639801,0.3975697457790375,0.29909181594848633,0.3527189791202545,ㅇ
0.2659541368484497,0.7278773784637451,0.3202723264694214,0.680617094039917,0.36711758375167847,0.6185061931610107,0.4079749584197998,0.5738911628723145,0.44022515416145325,0.5268399715423584,0.3185807764530182,0.5107768177986145,0.3630787432193756,0.4559471011161804,0.393557071685791,0.4778461754322052,0.41172391176223755,0.5110824704170227,0.29894331097602844,0.49271002411842346,0.3182889521121979,0.395840585231781,0.337215781211853,0.3333851099014282,0.35174018144607544,0.2823687791824341,0.2755943536758423,0.4971693158149719,0.2810472249984741,0.3995301127433777,0.29171663522720337,0.33518195152282715,0.30320149660110474,0.28056225180625916,0.25180062651634216,0.5183857083320618,0.24758121371269226,0.4413670301437378,0.25382399559020996,0.38816237449645996,0.26419663429260254,0.34191811084747314,ㅇ
0.25775009393692017,0.6910044550895691,0.31732818484306335,0.6572566032409668,0.3665098249912262,0.6064354777336121,0.4084061086177826,0.5700687170028687,0.44445693492889404,0.5337679982185364,0.32783329486846924,0.48686927556991577,0.3787018656730652,0.4428355097770691,0.40554606914520264,0.47384050488471985,0.41589656472206116,0.514857828617096,0.3038178086280823,0.4631495475769043,0.32544687390327454,0.36841171979904175,0.35348623991012573,0.31246381998062134,0.3761206865310669,0.26565659046173096,0.27633339166641235,0.46403276920318604,0.2792111039161682,0.36944854259490967,0.2975071966648102,0.3130815625190735,0.3171490728855133,0.26351219415664673,0.24835935235023499,0.48286500573158264,0.23372882604599,0.40728721022605896,0.23501530289649963,0.3559054136276245,0.24290448427200317,0.3083128333091736,ㅇ
0.27101802825927734,0.6357918977737427,0.32527750730514526,0.5794265866279602,0.36777591705322266,0.5038285255432129,0.4048674702644348,0.44442012906074524,0.43078893423080444,0.39154261350631714,0.30422481894493103,0.4000408351421356,0.3460427522659302,0.34923407435417175,0.37908628582954407,0.35770100355148315,0.4013077914714813,0.3875994086265564,0.26857542991638184,0.3828743100166321,0.2657495439052582,0.27820226550102234,0.280826598405838,0.2074802815914154,0.295139342546463,0.15148240327835083,0.23639528453350067,0.39423343539237976,0.20963187515735626,0.2957949936389923,0.2104245126247406,0.23134449124336243,0.2172681987285614,0.176082581281662,0.21035179495811462,0.43106964230537415,0.16821378469467163,0.37648913264274597,0.14570720493793488,0.3304722309112549,0.13072314858436584,0.2859359085559845,ㅇ
0.3123484253883362,0.6971226930618286,0.3686642646789551,0.6337536573410034,0.4054710268974304,0.5419591665267944,0.4468795359134674,0.4767206013202667,0.47837477922439575,0.4208841919898987,0.3350624740123749,0.44219857454299927,0.37954163551330566,0.37562528252601624,0.4189387857913971,0.38249048590660095,0.44868865609169006,0.40979766845703125,0.30424848198890686,0.42491838335990906,0.29703807830810547,0.3172718584537506,0.316186785697937,0.24314892292022705,0.33593493700027466,0.1868067979812622,0.2760579586029053,0.4368755519390106,0.24700304865837097,0.3435452878475189,0.2516230046749115,0.2797762155532837,0.26192140579223633,0.22623933851718903,0.25414490699768066,0.4678936004638672,0.21265387535095215,0.4012733995914459,0.19804629683494568,0.34258270263671875,0.1923309862613678,0.2860943078994751,ㅇ
0.2880389392375946,0.6833791732788086,0.35963401198387146,0.620739758014679,0.41888266801834106,0.5317263603210449,0.46790409088134766,0.45690205693244934,0.5057439804077148,0.3830283582210541,0.3385206162929535,0.4073590040206909,0.3954073190689087,0.3324635624885559,0.43563103675842285,0.34720852971076965,0.46131378412246704,0.3864094614982605,0.30222707986831665,0.38318169116973877,0.3059466481208801,0.2561061978340149,0.3329884111881256,0.17288604378700256,0.35951781272888184,0.11006301641464233,0.2641146183013916,0.3937533497810364,0.23916804790496826,0.27911537885665894,0.2538125514984131,0.19795605540275574,0.2764086425304413,0.12905237078666687,0.22922369837760925,0.42812132835388184,0.1910240352153778,0.34185272455215454,0.18718385696411133,0.2769519090652466,0.1967226266860962,0.2150687277317047,ㅇ
0.2627306878566742,0.7193751335144043,0.3416944146156311,0.6448723077774048,0.4088869094848633,0.5408042669296265,0.471771776676178,0.45786282420158386,0.5123580694198608,0.3749426007270813,0.3130062222480774,0.39067256450653076,0.37977731227874756,0.2987568974494934,0.43050363659858704,0.32496100664138794,0.4629860818386078,0.37487414479255676,0.2658395767211914,0.3600076138973236,0.27894002199172974,0.20576319098472595,0.3129173517227173,0.1004977822303772,0.34436818957328796,0.013100951910018921,0.21743227541446686,0.3717040717601776,0.1997806429862976,0.2271493673324585,0.21957868337631226,0.12755551934242249,0.24662572145462036,0.040720194578170776,0.1741466522216797,0.412381649017334,0.1294550746679306,0.3027864098548889,0.12606947124004364,0.2184756100177765,0.13974745571613312,0.14014238119125366,ㅇ
0.24652668833732605,0.78547203540802,0.3235667049884796,0.7060739398002625,0.388613224029541,0.6147174835205078,0.4488547444343567,0.529619574546814,0.4902225136756897,0.4419165253639221,0.29232925176620483,0.439752995967865,0.3610343635082245,0.34967944025993347,0.41088515520095825,0.3778175711631775,0.4415366053581238,0.42953765392303467,0.24058304727077484,0.4073655307292938,0.2510800063610077,0.2442135065793991,0.28718164563179016,0.1370256245136261,0.3204500079154968,0.04931795597076416,0.18659456074237823,0.42313700914382935,0.1664661169052124,0.27064815163612366,0.1883668303489685,0.16942739486694336,0.21807369589805603,0.08194398880004883,0.1376916915178299,0.47420239448547363,0.09429189562797546,0.35786890983581543,0.09007838368415833,0.27140012383461,0.100518137216568,0.19141292572021484,ㅇ
0.22005432844161987,0.824360728263855,0.2952353358268738,0.752795398235321,0.3471437692642212,0.6661274433135986,0.40136784315109253,0.5957679152488708,0.44082075357437134,0.5289162993431091,0.2734787166118622,0.49848541617393494,0.3271220326423645,0.4247772693634033,0.36945125460624695,0.4554763436317444,0.397227942943573,0.5027727484703064,0.2306019514799118,0.47195738554000854,0.2451908439397812,0.33293095231056213,0.2787904143333435,0.24741396307945251,0.3142687678337097,0.17842543125152588,0.18581387400627136,0.4857017397880554,0.16936641931533813,0.35597431659698486,0.18947741389274597,0.2803754210472107,0.22107867896556854,0.21429088711738586,0.1442064344882965,0.5293732285499573,0.10653151571750641,0.4324149191379547,0.10514907538890839,0.3636765778064728,0.12102460861206055,0.3001716136932373,ㅇ
0.22457163035869598,0.7493306398391724,0.29229846596717834,0.6954243779182434,0.3494812846183777,0.6301709413528442,0.39617282152175903,0.5889524817466736,0.43356895446777344,0.545477569103241,0.2997339069843292,0.5024202466011047,0.35009899735450745,0.4465295076370239,0.38252201676368713,0.47296637296676636,0.40186256170272827,0.5130409002304077,0.2741980254650116,0.4819314479827881,0.29428380727767944,0.3773720860481262,0.33145567774772644,0.3190297484397888,0.36711055040359497,0.27738189697265625,0.24523955583572388,0.4878235161304474,0.2423158884048462,0.3836911916732788,0.2682577967643738,0.3236314654350281,0.3004038631916046,0.27797961235046387,0.2180221825838089,0.5119245052337646,0.19898685812950134,0.42816606163978577,0.20388124883174896,0.3714480698108673,0.2193634808063507,0.323458731174469,ㅇ
0.2324901819229126,0.6461048126220703,0.2932537794113159,0.6217315196990967,0.34303542971611023,0.5766963958740234,0.3867601752281189,0.5445303320884705,0.4243811070919037,0.5136422514915466,0.3146016597747803,0.46685120463371277,0.3619612455368042,0.4335715174674988,0.38655751943588257,0.45962828397750854,0.39622360467910767,0.4960246980190277,0.2967013716697693,0.4402724802494049,0.3267580270767212,0.36150193214416504,0.3622038662433624,0.31807416677474976,0.3934394419193268,0.2840225100517273,0.27273330092430115,0.43402180075645447,0.2832189202308655,0.35175979137420654,0.3105674088001251,0.30820316076278687,0.34049928188323975,0.27490532398223877,0.2462879866361618,0.4434123635292053,0.23957525193691254,0.37175843119621277,0.2510451078414917,0.3276655077934265,0.2706599831581116,0.29418379068374634,ㅇ
0.2319173961877823,0.591469407081604,0.29797670245170593,0.5910087823867798,0.35736939311027527,0.5661073923110962,0.4055810868740082,0.5570316910743713,0.4472188949584961,0.5493418574333191,0.3583104908466339,0.4445372223854065,0.4133792519569397,0.4364077150821686,0.4295974373817444,0.47776052355766296,0.4298860430717468,0.5212745070457458,0.3467228412628174,0.4162677824497223,0.39396560192108154,0.34884801506996155,0.44049131870269775,0.3256901502609253,0.4790326952934265,0.31489890813827515,0.3239092230796814,0.4045170247554779,0.3535553514957428,0.32516229152679443,0.3923729360103607,0.2964974045753479,0.4303581118583679,0.2815797030925751,0.2961830198764801,0.40650254487991333,0.30334967374801636,0.3322550654411316,0.3272978961467743,0.2964875400066376,0.3575672507286072,0.27390018105506897,ㅇ
0.31603649258613586,0.6291324496269226,0.37370091676712036,0.6275256872177124,0.42941221594810486,0.6097049117088318,0.47399359941482544,0.5954904556274414,0.5072170495986938,0.5677629709243774,0.42613327503204346,0.48279276490211487,0.47741401195526123,0.47265660762786865,0.4958063066005707,0.5082899928092957,0.4991925358772278,0.5469661951065063,0.4103469252586365,0.44927743077278137,0.4516485035419464,0.37768563628196716,0.4911503493785858,0.34373795986175537,0.5240665078163147,0.31718677282333374,0.38479092717170715,0.4352523386478424,0.40659311413764954,0.3568808138370514,0.43556952476501465,0.32061058282852173,0.4646875858306885,0.29275983572006226,0.35464775562286377,0.43867889046669006,0.3525870740413666,0.37018710374832153,0.36090630292892456,0.3265951871871948,0.37541064620018005,0.28879159688949585,ㅇ
0.29013383388519287,0.549809455871582,0.34732308983802795,0.5723334550857544,0.40992212295532227,0.5785267353057861,0.4540703594684601,0.5884100198745728,0.48489490151405334,0.5749424695968628,0.4426776170730591,0.45102593302726746,0.4967919588088989,0.4617924988269806,0.49820810556411743,0.508573055267334,0.48269927501678467,0.5472214818000793,0.43252044916152954,0.4102564752101898,0.49376577138900757,0.35350653529167175,0.541700541973114,0.33120566606521606,0.5808107256889343,0.3129666745662689,0.4060932695865631,0.38817521929740906,0.44962650537490845,0.3156099319458008,0.4871554672718048,0.28841936588287354,0.5241183042526245,0.26797908544540405,0.3697117567062378,0.38386115431785583,0.38461846113204956,0.3189479112625122,0.4023083746433258,0.2768510580062866,0.4251902103424072,0.24069271981716156,ㅇ
0.31762564182281494,0.5567066669464111,0.37158942222595215,0.5844054222106934,0.4282453656196594,0.6011787056922913,0.4696493446826935,0.624979555606842,0.503341019153595,0.6267856359481812,0.4742436707019806,0.4789471924304962,0.5283063054084778,0.5063149929046631,0.5246056914329529,0.555657684803009,0.5055736303329468,0.5912660956382751,0.46868863701820374,0.4392392933368683,0.5361844301223755,0.3903108537197113,0.5860781669616699,0.37701132893562317,0.6268043518066406,0.3673163950443268,0.44360145926475525,0.4149056077003479,0.49304628372192383,0.34599578380584717,0.5348503589630127,0.32154738903045654,0.5753872990608215,0.3054019808769226,0.40690964460372925,0.4069884419441223,0.42782843112945557,0.3384144902229309,0.451016902923584,0.29838472604751587,0.4782848656177521,0.2667331099510193,ㅇ
0.3235093355178833,0.5506526827812195,0.3773377537727356,0.5854447484016418,0.4335407018661499,0.6128405332565308,0.47199681401252747,0.6421550512313843,0.5057724118232727,0.6461067199707031,0.4911423623561859,0.4912208318710327,0.5451700687408447,0.5270925164222717,0.5331944227218628,0.5806071162223816,0.5074154734611511,0.6162209510803223,0.4872490167617798,0.4500216245651245,0.5607979893684387,0.41111478209495544,0.6125286817550659,0.4052343964576721,0.6540752649307251,0.4011405110359192,0.4622971713542938,0.42199504375457764,0.520839273929596,0.36036786437034607,0.5654394030570984,0.3427475094795227,0.6064852476119995,0.3330520689487457,0.4240376651287079,0.4096415042877197,0.453806072473526,0.34285208582878113,0.48161494731903076,0.3036748170852661,0.5114889144897461,0.2732184827327728,ㅇ
0.3282133936882019,0.5946813821792603,0.392736554145813,0.597834587097168,0.45302751660346985,0.5826195478439331,0.49795934557914734,0.5817450881004333,0.5282409191131592,0.5667374730110168,0.4668857753276825,0.450925350189209,0.5237376093864441,0.44507673382759094,0.5327767729759216,0.4914384186267853,0.523513913154602,0.5357005000114441,0.4505564868450165,0.41386479139328003,0.5015838742256165,0.3368489146232605,0.5465831160545349,0.3156886398792267,0.5843039751052856,0.304080069065094,0.42093223333358765,0.3988063931465149,0.4560650587081909,0.3145040273666382,0.4921715259552002,0.28316786885261536,0.5284988880157471,0.2615354359149933,0.3842766582965851,0.40243011713027954,0.39594680070877075,0.33045488595962524,0.4139467775821686,0.2864643931388855,0.43677636981010437,0.25026482343673706,ㅇ
0.3481184244155884,0.6409675478935242,0.4093489646911621,0.6393420100212097,0.4697069227695465,0.613338828086853,0.5181223154067993,0.6049527525901794,0.5548765063285828,0.5877377986907959,0.4759489595890045,0.4758082330226898,0.5340366363525391,0.4656129777431488,0.5481590628623962,0.5135085582733154,0.5466555953025818,0.5596433281898499,0.45669206976890564,0.43964916467666626,0.5030484795570374,0.35567641258239746,0.547341525554657,0.3226763606071472,0.5863769054412842,0.2978856563568115,0.42435404658317566,0.4285842180252075,0.4541722536087036,0.33779576420783997,0.48949843645095825,0.29866713285446167,0.5258191823959351,0.2679935693740845,0.38716229796409607,0.4380931854248047,0.3919089436531067,0.3597625195980072,0.40696465969085693,0.3114232122898102,0.4285145401954651,0.2699485719203949,ㅇ
0.3291302025318146,0.6379600763320923,0.3978804051876068,0.6288765072822571,0.4664373993873596,0.5935810208320618,0.5211451649665833,0.577200174331665,0.5589600801467896,0.5467185378074646,0.4617428779602051,0.44121235609054565,0.5278016924858093,0.42220833897590637,0.548058271408081,0.47122642397880554,0.5505423545837402,0.5197297930717468,0.43969884514808655,0.4023839831352234,0.48834261298179626,0.31558382511138916,0.5342090129852295,0.26605790853500366,0.5724542737007141,0.2211589813232422,0.4046401381492615,0.3901712894439697,0.43335676193237305,0.29121261835098267,0.4648958444595337,0.23648498952388763,0.4962824285030365,0.18897947669029236,0.36368563771247864,0.40027254819869995,0.36452484130859375,0.31423425674438477,0.37422946095466614,0.2555267810821533,0.38982751965522766,0.2024676352739334,ㅇ
0.31214088201522827,0.6686141490936279,0.3853969871997833,0.6609070301055908,0.4693807363510132,0.6109095215797424,0.5375555157661438,0.5851575136184692,0.5845653414726257,0.5474253296852112,0.46118977665901184,0.4292391538619995,0.5420322418212891,0.4021470844745636,0.5676624774932861,0.4543418288230896,0.570688009262085,0.5103011131286621,0.43405142426490784,0.3800370693206787,0.48992520570755005,0.26460200548171997,0.5453451871871948,0.2078331708908081,0.5926977396011353,0.16348761320114136,0.391028493642807,0.3662654459476471,0.4234948456287384,0.2445589005947113,0.46600037813186646,0.1793740838766098,0.508141040802002,0.12665945291519165,0.3417479395866394,0.3808524012565613,0.3439025282859802,0.2762051820755005,0.3567277193069458,0.20407213270664215,0.3769981861114502,0.14062640070915222,ㅇ
0.28926122188568115,0.7118319272994995,0.3767780363559723,0.6903233528137207,0.46729543805122375,0.6478920578956604,0.5444101095199585,0.6210655570030212,0.5976136922836304,0.5743186473846436,0.4458160400390625,0.4432847201824188,0.5341240763664246,0.4004483222961426,0.5624741315841675,0.4637677073478699,0.5651119947433472,0.5317279696464539,0.4117986261844635,0.39276739954948425,0.4673166275024414,0.2551557421684265,0.5253641605377197,0.18385538458824158,0.5751270651817322,0.1235608458518982,0.36222878098487854,0.38490909337997437,0.3925585448741913,0.24473270773887634,0.4373055696487427,0.1695306897163391,0.48288673162460327,0.10511884093284607,0.30640894174575806,0.40823230147361755,0.29924455285072327,0.2889917492866516,0.3090856671333313,0.2060897946357727,0.32851171493530273,0.13029316067695618,ㅇ
0.34934574365615845,0.6931638121604919,0.4218534231185913,0.6697514653205872,0.48670560121536255,0.6181771159172058,0.5419889092445374,0.585733950138092,0.5867811441421509,0.5528768301010132,0.4658680558204651,0.4769361615180969,0.527093231678009,0.440203994512558,0.5550719499588013,0.47972235083580017,0.5679901838302612,0.5243926644325256,0.44250455498695374,0.443263977766037,0.4827771484851837,0.3482278287410736,0.5273394584655762,0.2975718677043915,0.5671601295471191,0.2544158101081848,0.40955662727355957,0.43632635474205017,0.43254926800727844,0.33375632762908936,0.46467408537864685,0.2788172960281372,0.49879321455955505,0.23206639289855957,0.3726078271865845,0.4506931006908417,0.3674207925796509,0.3653351664543152,0.3754393756389618,0.3072372078895569,0.3903290033340454,0.2552935481071472,ㅇ
0.3041525185108185,0.6636558175086975,0.36584946513175964,0.6569774150848389,0.41592472791671753,0.6200986504554749,0.4568220376968384,0.5920267105102539,0.48318904638290405,0.5596563816070557,0.4058380126953125,0.5177955031394958,0.44892433285713196,0.4911738932132721,0.4707919657230377,0.509372353553772,0.48185861110687256,0.5336808562278748,0.3933824896812439,0.4911140203475952,0.4318527281284332,0.4276711642742157,0.4699099361896515,0.4016445279121399,0.5030495524406433,0.39180654287338257,0.3739837408065796,0.4796876609325409,0.408877968788147,0.4145621657371521,0.4460836350917816,0.38705193996429443,0.48033079504966736,0.376099169254303,0.3519510328769684,0.4800053834915161,0.37954384088516235,0.42601579427719116,0.407378226518631,0.39822664856910706,0.43666961789131165,0.38560962677001953,ㅇ
0.31420981884002686,0.6732152700424194,0.3724462687969208,0.6641069054603577,0.42395755648612976,0.6254854202270508,0.46733957529067993,0.5989274382591248,0.49856656789779663,0.5687305927276611,0.4098699390888214,0.5230852961540222,0.4523780941963196,0.49877139925956726,0.47674790024757385,0.5175936222076416,0.4903075098991394,0.5430527925491333,0.3972579538822174,0.49899017810821533,0.4338424801826477,0.4287644922733307,0.4729033410549164,0.4027070999145508,0.5076243281364441,0.3946895897388458,0.3782114088535309,0.4905977249145508,0.4104609191417694,0.4175112545490265,0.44796526432037354,0.38829076290130615,0.4828190505504608,0.3761746287345886,0.35840827226638794,0.4944181442260742,0.3853812515735626,0.4357152581214905,0.4143780469894409,0.40870535373687744,0.44357800483703613,0.39667460322380066,ㅇ
0.30392712354660034,0.6217108964920044,0.3635505735874176,0.6096311211585999,0.4108360707759857,0.5717552900314331,0.45201659202575684,0.5385344624519348,0.48084214329719543,0.5002217292785645,0.3998182713985443,0.48212411999702454,0.4370599687099457,0.4550933241844177,0.4610380232334137,0.46292418241500854,0.47426292300224304,0.4805864691734314,0.38781481981277466,0.45793575048446655,0.42160022258758545,0.3947327733039856,0.45706480741500854,0.3789927661418915,0.4845830798149109,0.3840435743331909,0.37040793895721436,0.44699785113334656,0.4011375904083252,0.3804681897163391,0.43930017948150635,0.36775875091552734,0.4711912274360657,0.3748495578765869,0.35159581899642944,0.44622987508773804,0.3744378387928009,0.39069199562072754,0.40389353036880493,0.3727380931377411,0.4330166280269623,0.3738349676132202,ㅇ
0.32608562707901,0.6473366022109985,0.3859293758869171,0.6272675395011902,0.42846426367759705,0.5859564542770386,0.46542736887931824,0.5494868159294128,0.48998481035232544,0.5044437050819397,0.40681564807891846,0.500683069229126,0.43834829330444336,0.46832600235939026,0.46375828981399536,0.47339871525764465,0.48177963495254517,0.4876202344894409,0.3937627375125885,0.4785704016685486,0.419892281293869,0.4101024568080902,0.4548726975917816,0.3887711763381958,0.48631465435028076,0.38767316937446594,0.37629207968711853,0.46825525164604187,0.3991508483886719,0.39752042293548584,0.4351809322834015,0.3773844242095947,0.46803146600723267,0.37923359870910645,0.35916951298713684,0.4674839973449707,0.37795111536979675,0.40702497959136963,0.40686294436454773,0.38505101203918457,0.4368051290512085,0.38470375537872314,ㅇ
0.3210563063621521,0.702190637588501,0.3794724941253662,0.6696668863296509,0.4102495014667511,0.5958296060562134,0.4299699068069458,0.5283873677253723,0.43608933687210083,0.472159206867218,0.3867644965648651,0.5331854820251465,0.39938828349113464,0.4666866958141327,0.40916889905929565,0.4239997863769531,0.4193069636821747,0.3885038495063782,0.364534854888916,0.517070472240448,0.3780196011066437,0.4386707544326782,0.3956769108772278,0.3889707326889038,0.41559627652168274,0.35003864765167236,0.34163904190063477,0.5124673843383789,0.3546470105648041,0.43496495485305786,0.37606340646743774,0.38929587602615356,0.39783912897109985,0.35682064294815063,0.31728124618530273,0.5163159966468811,0.32928866147994995,0.45318877696990967,0.3454912304878235,0.41471391916275024,0.3651634454727173,0.3843625783920288,ㅇ
0.3100488781929016,0.7113713622093201,0.36690255999565125,0.6724530458450317,0.39304623007774353,0.5940566658973694,0.4062270224094391,0.5276463031768799,0.41312122344970703,0.473926305770874,0.36691445112228394,0.5329981446266174,0.3749034106731415,0.46466097235679626,0.3804251253604889,0.4175344705581665,0.3862083852291107,0.3766835927963257,0.34513184428215027,0.5202473402023315,0.3551753759384155,0.44070011377334595,0.367500364780426,0.3880278766155243,0.3804590404033661,0.3445315659046173,0.3227784037590027,0.519328236579895,0.33088818192481995,0.44258183240890503,0.3451364040374756,0.39532747864723206,0.35955989360809326,0.3589005172252655,0.29928988218307495,0.526024341583252,0.30710604786872864,0.46543359756469727,0.3186195492744446,0.4265584349632263,0.3330802321434021,0.392280638217926,ㅇ
0.299049973487854,0.705605149269104,0.3512921929359436,0.652744472026825,0.36629384756088257,0.5664277076721191,0.3718857765197754,0.4931797385215759,0.37146270275115967,0.4346742033958435,0.3277991712093353,0.5095236301422119,0.32414451241493225,0.4336513578891754,0.32253381609916687,0.38218653202056885,0.3222501873970032,0.33810946345329285,0.3051246702671051,0.5044296383857727,0.3018328845500946,0.4194583296775818,0.306693434715271,0.362920343875885,0.3139994442462921,0.31748807430267334,0.283454954624176,0.5104982852935791,0.27797961235046387,0.4292001724243164,0.2840891480445862,0.37605565786361694,0.29257768392562866,0.3345770239830017,0.2619647681713104,0.5246639251708984,0.25947701930999756,0.4606626629829407,0.26365670561790466,0.4170472323894501,0.2712092697620392,0.3774872422218323,ㅇ
0.31212085485458374,0.6676021814346313,0.3684311509132385,0.641510546207428,0.4144493043422699,0.5864152908325195,0.45187652111053467,0.5435813069343567,0.47253620624542236,0.4976348578929901,0.38473281264305115,0.4901367723941803,0.4240500330924988,0.4518054127693176,0.4471108615398407,0.46396225690841675,0.4595547616481781,0.4877142608165741,0.36851832270622253,0.4690134823322296,0.39313334226608276,0.3903566300868988,0.42152345180511475,0.3427925705909729,0.44726261496543884,0.3089575171470642,0.3481012284755707,0.4654495120048523,0.3669876456260681,0.38586166501045227,0.3932208716869354,0.3402036428451538,0.4186124801635742,0.3085673749446869,0.32748597860336304,0.47338005900382996,0.34073933959007263,0.4069966971874237,0.36037519574165344,0.3676408529281616,0.38334348797798157,0.3403016924858093,ㅇ
0.3209530711174011,0.654344916343689,0.3787356913089752,0.6394917964935303,0.42740294337272644,0.6118645071983337,0.4683155119419098,0.587591826915741,0.49169227480888367,0.546447217464447,0.4029330909252167,0.49195754528045654,0.4515094757080078,0.46470028162002563,0.47595521807670593,0.4936465620994568,0.48532038927078247,0.5292629599571228,0.38703927397727966,0.46420225501060486,0.4187081754207611,0.3829467296600342,0.45490744709968567,0.33995771408081055,0.48651203513145447,0.3096045255661011,0.36356571316719055,0.4570089876651764,0.3777860701084137,0.3750488758087158,0.40413108468055725,0.3331296145915985,0.43157488107681274,0.3055327832698822,0.3380490839481354,0.46569302678108215,0.3434717357158661,0.39838242530822754,0.3612382411956787,0.3608516752719879,0.3848036527633667,0.33558499813079834,ㅇ
0.32471033930778503,0.6558743119239807,0.3851672410964966,0.6418025493621826,0.4348304271697998,0.6133902072906494,0.47687143087387085,0.5913196802139282,0.5064193606376648,0.556756854057312,0.41428640484809875,0.49156099557876587,0.46585726737976074,0.46912944316864014,0.48883387446403503,0.5016942024230957,0.4959907531738281,0.5395103096961975,0.39896297454833984,0.46459856629371643,0.433445543050766,0.3832431435585022,0.47080668807029724,0.3430056869983673,0.5027613639831543,0.3141379952430725,0.3758617043495178,0.45835065841674805,0.39533984661102295,0.3757261633872986,0.423604816198349,0.33546704053878784,0.45184510946273804,0.30780258774757385,0.3496897518634796,0.46702513098716736,0.35795560479164124,0.39984434843063354,0.3771088719367981,0.3614022731781006,0.4014222323894501,0.3326195776462555,ㅇ
