0.7381584644317627,0.27915745973587036,0.6647396087646484,0.30901938676834106,0.5990578532218933,0.3710985779762268,0.5425099730491638,0.41763702034950256,0.4941667318344116,0.415500670671463,0.6251940131187439,0.4575325846672058,0.5960656404495239,0.5862743854522705,0.5873027443885803,0.6646283864974976,0.5829926133155823,0.7258619070053101,0.6784272789955139,0.47570544481277466,0.6922474503517151,0.6235819458961487,0.7067418694496155,0.7124674320220947,0.7209232449531555,0.7755751609802246,0.7273499965667725,0.47216832637786865,0.7279515266418457,0.5493152737617493,0.7199276089668274,0.5060552358627319,0.7186857461929321,0.4619354009628296,0.7675278782844543,0.4589022696018219,0.757999062538147,0.4980420172214508,0.7535308599472046,0.461599200963974,0.7515506148338318,0.4268624484539032,ㅈ
0.7011311650276184,0.2653319835662842,0.6305937170982361,0.29102903604507446,0.5618782043457031,0.3519265055656433,0.5053648352622986,0.4025568664073944,0.4549103379249573,0.40626946091651917,0.583280622959137,0.4473722577095032,0.5554730892181396,0.5728263854980469,0.5444868206977844,0.6514371037483215,0.536217451095581,0.7153888940811157,0.6357187032699585,0.4673701226711273,0.653411328792572,0.6072750091552734,0.6681857109069824,0.6967109441757202,0.6816346645355225,0.7670142650604248,0.686573326587677,0.46194303035736084,0.6943433284759521,0.531322717666626,0.6849525570869446,0.4785098731517792,0.6807499527931213,0.43071845173835754,0.7294340133666992,0.4435352087020874,0.7273915410041809,0.47352612018585205,0.7214773297309875,0.43431565165519714,0.7160401344299316,0.40270090103149414,ㅈ
0.6352584362030029,0.21114708483219147,0.561835765838623,0.2481367290019989,0.48681262135505676,0.3160673677921295,0.421957790851593,0.373932421207428,0.3635149896144867,0.38181912899017334,0.5052188038825989,0.398712694644928,0.467831015586853,0.5419864654541016,0.4526241421699524,0.6343340873718262,0.4435991942882538,0.708855152130127,0.5585972666740417,0.41303643584251404,0.5757657289505005,0.5913376808166504,0.5953958630561829,0.6968382000923157,0.6125233769416809,0.7745975255966187,0.6153759956359863,0.4082915782928467,0.6381868124008179,0.5161664485931396,0.6310796737670898,0.46417316794395447,0.6234568953514099,0.41214627027511597,0.6653929948806763,0.3938930332660675,0.6753922700881958,0.46289318799972534,0.669101893901825,0.41966795921325684,0.6608797311782837,0.3820214569568634,ㅈ
0.7174816131591797,0.21923565864562988,0.6291871070861816,0.24247446656227112,0.5436691641807556,0.2927537262439728,0.47476595640182495,0.3411773145198822,0.42787501215934753,0.3815322816371918,0.5586133003234863,0.3709873557090759,0.5110542178153992,0.5072990655899048,0.49365031719207764,0.595083475112915,0.48312297463417053,0.6688711047172546,0.616527259349823,0.3933931291103363,0.6142950057983398,0.5861290693283081,0.6218402981758118,0.6980964541435242,0.63018798828125,0.7828952074050903,0.6754224300384521,0.40328478813171387,0.67647385597229,0.5329151153564453,0.6721020936965942,0.48406317830085754,0.6701140403747559,0.43157729506492615,0.7275797128677368,0.40485867857933044,0.7202000021934509,0.48989337682724,0.7173727750778198,0.450050950050354,0.7131929993629456,0.4094446301460266,ㅈ
0.7819138169288635,0.3038083016872406,0.7007172107696533,0.30216968059539795,0.6162881255149841,0.3221144676208496,0.5461509227752686,0.3418177366256714,0.49176767468452454,0.35393667221069336,0.5933403968811035,0.38729754090309143,0.5159275531768799,0.4839574694633484,0.47023701667785645,0.5472256541252136,0.43355175852775574,0.6028239130973816,0.6288867592811584,0.42703577876091003,0.5776861310005188,0.5794529318809509,0.5503990650177002,0.6768866777420044,0.530057430267334,0.7561479210853577,0.6742794513702393,0.4550406336784363,0.6624187231063843,0.5825396180152893,0.6794371604919434,0.5401619672775269,0.689987063407898,0.4918709993362427,0.7223387956619263,0.4754091501235962,0.7132859230041504,0.5643128156661987,0.724419355392456,0.52874755859375,0.7279207706451416,0.4856356978416443,ㅈ
0.8442538976669312,0.40989330410957336,0.7687403559684753,0.37750035524368286,0.682483971118927,0.3672882318496704,0.6100752949714661,0.35751575231552124,0.5553512573242188,0.3366844058036804,0.6477125287055969,0.41458946466445923,0.557279109954834,0.4755956530570984,0.5028381943702698,0.5128905177116394,0.457663893699646,0.5452960133552551,0.672764241695404,0.455425888299942,0.5998417139053345,0.577419102191925,0.5540532469749451,0.6580023765563965,0.5204030871391296,0.7214965224266052,0.7111135125160217,0.494007408618927,0.6879821419715881,0.6143862009048462,0.7120596766471863,0.5836485624313354,0.7287856936454773,0.5428023338317871,0.7530190944671631,0.5285661816596985,0.7369542121887207,0.6138973236083984,0.7544726133346558,0.5846949219703674,0.7637483477592468,0.5451153516769409,ㅈ
0.8712067604064941,0.4390314519405365,0.7898123264312744,0.39623844623565674,0.6985807418823242,0.38210615515708923,0.6209777593612671,0.363132119178772,0.5643147826194763,0.3373938798904419,0.6550484895706177,0.44001734256744385,0.558027982711792,0.49713993072509766,0.5004656314849854,0.5347870588302612,0.4516812562942505,0.5682240128517151,0.6802710294723511,0.4936572015285492,0.5985928177833557,0.620181143283844,0.5494027137756348,0.7023569941520691,0.5112374424934387,0.767478346824646,0.7213624119758606,0.5392743945121765,0.6944936513900757,0.6511945724487305,0.7206836342811584,0.6164237260818481,0.7412959337234497,0.575197160243988,0.7682077884674072,0.5778873562812805,0.7486174702644348,0.6498349905014038,0.7682957649230957,0.6174979209899902,0.781323254108429,0.578271210193634,ㅈ
0.8361555337905884,0.391414076089859,0.7495299577713013,0.3614588975906372,0.653767466545105,0.3721672296524048,0.5702516436576843,0.3816572427749634,0.509746253490448,0.3811984658241272,0.6287748217582703,0.4503471255302429,0.5407100915908813,0.5467696189880371,0.4922635555267334,0.6072197556495667,0.45338279008865356,0.6600961089134216,0.6639134883880615,0.5046209692955017,0.6054885983467102,0.6626055240631104,0.5743621587753296,0.7667921781539917,0.5530416369438171,0.8484511375427246,0.7110400795936584,0.5425218343734741,0.6958154439926147,0.6539075374603271,0.7124816179275513,0.6076059341430664,0.7271910309791565,0.5594694018363953,0.7595289945602417,0.5681760311126709,0.7468531727790833,0.6334764957427979,0.7597148418426514,0.5932478904724121,0.7678640484809875,0.5511379241943359,ㅈ
0.8282746076583862,0.3197283446788788,0.7337612509727478,0.31452855467796326,0.6371175646781921,0.34639859199523926,0.556098997592926,0.37791380286216736,0.49562543630599976,0.39028722047805786,0.6326044201850891,0.4469139277935028,0.547743558883667,0.5757901072502136,0.5092971324920654,0.6604082584381104,0.48510581254959106,0.7334257364273071,0.6912626624107361,0.49239659309387207,0.6542149782180786,0.6894000768661499,0.639833390712738,0.8070691823959351,0.6326413154602051,0.8983044624328613,0.7498701810836792,0.5198121070861816,0.7198289036750793,0.6420501470565796,0.7216565012931824,0.5892640352249146,0.7302660942077637,0.5377429723739624,0.8001757860183716,0.533966600894928,0.766505777835846,0.6063961386680603,0.7690790295600891,0.5650794506072998,0.773497462272644,0.5236695408821106,ㅈ
0.6550815105438232,0.21676263213157654,0.5636874437332153,0.2624128460884094,0.4733216166496277,0.3456859886646271,0.4047743082046509,0.4294852614402771,0.3531307280063629,0.48385289311408997,0.5026618242263794,0.41424649953842163,0.4579720199108124,0.5797383785247803,0.4384460151195526,0.6820232272148132,0.4267091453075409,0.768596887588501,0.565726101398468,0.43448349833488464,0.5830492377281189,0.6444643139839172,0.598930299282074,0.769928514957428,0.6152134537696838,0.8653159737586975,0.6297672986984253,0.4367468059062958,0.6414766907691956,0.5783849358558655,0.6288743615150452,0.5152602195739746,0.6214137673377991,0.45266544818878174,0.6821292638778687,0.42835915088653564,0.6792800426483154,0.5094412565231323,0.6683186292648315,0.45865657925605774,0.6596054434776306,0.4139065444469452,ㅈ
0.5717021822929382,0.18237820267677307,0.48879730701446533,0.2603464722633362,0.40955832600593567,0.3754499852657318,0.3567746877670288,0.48273319005966187,0.3134672939777374,0.5576224327087402,0.44957971572875977,0.43489202857017517,0.433000385761261,0.6201941967010498,0.4303886890411377,0.7297711372375488,0.43011146783828735,0.8204443454742432,0.518308699131012,0.43291616439819336,0.5734899640083313,0.651872456073761,0.6130320429801941,0.7747747898101807,0.6471487283706665,0.8698523044586182,0.5832940936088562,0.4159852862358093,0.6269022226333618,0.5721187591552734,0.6077710390090942,0.5191298127174377,0.5917206406593323,0.45853951573371887,0.6394727230072021,0.39228254556655884,0.6554683446884155,0.48878905177116394,0.6412599682807922,0.44432494044303894,0.6259620189666748,0.397010862827301,ㅈ
0.9353454113006592,0.4806812107563019,0.8317497372627258,0.4225947856903076,0.7156079411506653,0.4114604592323303,0.6179518103599548,0.4297179579734802,0.5487381219863892,0.4576948285102844,0.6938196420669556,0.48069390654563904,0.5809034109115601,0.584051251411438,0.5189216136932373,0.6592208743095398,0.4698018431663513,0.7248380184173584,0.7360323071479797,0.5698961615562439,0.6363176107406616,0.7455745935440063,0.5834945440292358,0.8492993712425232,0.5465312600135803,0.9286125898361206,0.7849391102790833,0.6397314071655273,0.706107497215271,0.7551997900009155,0.7295920252799988,0.6988733410835266,0.7600393891334534,0.6456955075263977,0.8321874141693115,0.6880332231521606,0.7826776504516602,0.7365936040878296,0.7978376150131226,0.6908233165740967,0.8133121728897095,0.6483216881752014,ㅈ
0.6893600821495056,0.24898886680603027,0.5983445048332214,0.2769058048725128,0.507074236869812,0.33816826343536377,0.4366433024406433,0.40271684527397156,0.3752302825450897,0.4262477159500122,0.4987882971763611,0.3710574805736542,0.4374697804450989,0.5065547227859497,0.41221678256988525,0.5921370983123779,0.4003768563270569,0.6658084988594055,0.5451229810714722,0.39098045229911804,0.5269936323165894,0.583472728729248,0.5250756740570068,0.6960472464561462,0.5298851728439331,0.7811360955238342,0.6006483435630798,0.40646836161613464,0.6066129207611084,0.5499074459075928,0.6123908758163452,0.5103991031646729,0.6157569885253906,0.46333110332489014,0.6508635878562927,0.4210449457168579,0.6422358751296997,0.5271532535552979,0.6453487277030945,0.49607712030410767,0.644376814365387,0.4532952606678009,ㅈ
0.6317917108535767,0.3453092575073242,0.5557185411453247,0.3614344596862793,0.48860886693000793,0.4077335000038147,0.43634527921676636,0.455581396818161,0.3913491368293762,0.4711002707481384,0.4558664858341217,0.43102869391441345,0.4051215648651123,0.5307305455207825,0.3769364655017853,0.5927548408508301,0.35271763801574707,0.6516465544700623,0.48743128776550293,0.43751394748687744,0.4744693636894226,0.5888727307319641,0.4647789001464844,0.6822268962860107,0.4571428596973419,0.7561014890670776,0.5304961204528809,0.4465875029563904,0.5591996908187866,0.575035035610199,0.5751705169677734,0.5460699200630188,0.5774602890014648,0.5087323784828186,0.5727235674858093,0.45829468965530396,0.5965471267700195,0.5476747751235962,0.6070732474327087,0.5215791463851929,0.6052085161209106,0.48425570130348206,ㅈ
0.683434784412384,0.45474451780319214,0.6189366579055786,0.4499412477016449,0.5574436187744141,0.481587678194046,0.5010186433792114,0.49954503774642944,0.46256718039512634,0.4929930567741394,0.5449104309082031,0.5647798180580139,0.49908116459846497,0.6673729419708252,0.4786045551300049,0.7247372269630432,0.46137329936027527,0.7737138867378235,0.5757589340209961,0.5982857346534729,0.5619710087776184,0.7228267788887024,0.558887779712677,0.8009992837905884,0.5569469332695007,0.859044075012207,0.6144776940345764,0.6138400435447693,0.6213862299919128,0.672736406326294,0.6296273469924927,0.6384724974632263,0.6350984573364258,0.6022854447364807,0.6514232158660889,0.621599018573761,0.6532273888587952,0.6507023572921753,0.661017894744873,0.6217473745346069,0.6626924872398376,0.5905031561851501,ㅈ
0.6228047609329224,0.3361032009124756,0.559917151927948,0.38235270977020264,0.49590981006622314,0.4640278220176697,0.44343337416648865,0.5338720083236694,0.3925216794013977,0.5561812520027161,0.5274337530136108,0.5242825150489807,0.5143563747406006,0.6619236469268799,0.5112220048904419,0.7456175088882446,0.5103358030319214,0.8152543306350708,0.579078733921051,0.532094419002533,0.6182948350906372,0.6963123679161072,0.6477230191230774,0.7916722297668457,0.6728954911231995,0.8641366362571716,0.6300700902938843,0.5206719636917114,0.667738676071167,0.6274650692939758,0.6527658104896545,0.5814059972763062,0.6381226181983948,0.5331152081489563,0.6729325652122498,0.5014521479606628,0.6902079582214355,0.5764618515968323,0.679287314414978,0.5380248427391052,0.665614664554596,0.5023329854011536,ㅈ
0.5175415277481079,0.3288525640964508,0.4590686857700348,0.374012291431427,0.40476250648498535,0.43730342388153076,0.35862666368484497,0.4898904263973236,0.31548357009887695,0.5172855257987976,0.406902939081192,0.502501368522644,0.38491132855415344,0.624066948890686,0.3695477843284607,0.688582718372345,0.3564917743206024,0.7446538209915161,0.43761956691741943,0.5131253004074097,0.46278777718544006,0.6498076915740967,0.4776252806186676,0.7307106852531433,0.4883725047111511,0.7949346303939819,0.4759662449359894,0.5069564580917358,0.5261199474334717,0.5683683156967163,0.5255277156829834,0.5298692584037781,0.5159739851951599,0.49623674154281616,0.516075074672699,0.4953732490539551,0.5489163994789124,0.5371639728546143,0.5474446415901184,0.5033209323883057,0.5366215705871582,0.4758148193359375,ㅈ
0.6440358757972717,0.4700981378555298,0.5734965205192566,0.4516911804676056,0.5036842226982117,0.4704332947731018,0.4422167241573334,0.4839240312576294,0.3997904658317566,0.48194897174835205,0.4731755256652832,0.5557343363761902,0.4024350345134735,0.6443259716033936,0.36149275302886963,0.692063570022583,0.329555869102478,0.7309867143630981,0.49933329224586487,0.5995455384254456,0.45946577191352844,0.7326916456222534,0.43323972821235657,0.8104215264320374,0.4125231206417084,0.8689459562301636,0.5363343358039856,0.6277259588241577,0.5462440848350525,0.6997084617614746,0.5597031712532043,0.6677929759025574,0.5672180652618408,0.6339832544326782,0.5753941535949707,0.6449074149131775,0.5801111459732056,0.6835713386535645,0.592785120010376,0.654637336730957,0.5972675681114197,0.6217610836029053,ㅈ
0.7090870141983032,0.5756500959396362,0.6379236578941345,0.5189282298088074,0.5582587718963623,0.5108599066734314,0.49190253019332886,0.4970882534980774,0.44918861985206604,0.4705391526222229,0.5131579637527466,0.6107699275016785,0.4298822283744812,0.6732017397880554,0.3823278546333313,0.7128599882125854,0.34721243381500244,0.7485570907592773,0.5350360870361328,0.6692940592765808,0.47105926275253296,0.7818304896354675,0.43410834670066833,0.8485287427902222,0.40869754552841187,0.9005416035652161,0.5698270201683044,0.7085598111152649,0.5575934052467346,0.7542151212692261,0.5749694108963013,0.722582221031189,0.592684268951416,0.6926032900810242,0.6053818464279175,0.7362577319145203,0.5969135761260986,0.7523571252822876,0.6147581338882446,0.7269075512886047,0.6298779249191284,0.6985441446304321,ㅈ
0.797473669052124,0.5712311267852783,0.7182889580726624,0.49289822578430176,0.625143826007843,0.4735166132450104,0.549916684627533,0.4494360089302063,0.5039827227592468,0.4208448529243469,0.5660029649734497,0.576583981513977,0.46630650758743286,0.6358547210693359,0.4127260148525238,0.6738853454589844,0.3708065152168274,0.7096907496452332,0.5861243605613708,0.6471802592277527,0.5052329301834106,0.7541148662567139,0.4589114189147949,0.8201295137405396,0.42698121070861816,0.873427152633667,0.6209724545478821,0.6969018578529358,0.595608651638031,0.7359940409660339,0.6173962354660034,0.7029343247413635,0.6412069797515869,0.6755552291870117,0.6570624113082886,0.7326255440711975,0.6396458148956299,0.7367778420448303,0.6606042385101318,0.7114515900611877,0.6817255616188049,0.6841651201248169,ㅈ
0.7800505757331848,0.46132147312164307,0.6943228840827942,0.40379205346107483,0.612093448638916,0.3968047499656677,0.5400886535644531,0.38701552152633667,0.4904720187187195,0.36516356468200684,0.569476842880249,0.49125489592552185,0.47881901264190674,0.5682847499847412,0.4306269884109497,0.6168407201766968,0.39332979917526245,0.6598447561264038,0.5937501788139343,0.5577437877655029,0.525524914264679,0.6879393458366394,0.4857189357280731,0.7687767744064331,0.4587170481681824,0.8300928473472595,0.6328588128089905,0.6020292639732361,0.6081922054290771,0.6698039770126343,0.6245296597480774,0.6308125853538513,0.644635796546936,0.5930982828140259,0.6744155883789062,0.630933403968811,0.658132791519165,0.6589615941047668,0.6727847456932068,0.6293171644210815,0.6883285045623779,0.5964429378509521,ㅈ
0.7610663175582886,0.4098418056964874,0.6755725741386414,0.38003429770469666,0.5921258926391602,0.39996349811553955,0.5186742544174194,0.41230422258377075,0.46779048442840576,0.40602409839630127,0.5701230764389038,0.5013550519943237,0.5000850558280945,0.592203676700592,0.4639582633972168,0.6499962210655212,0.4387810528278351,0.6981279850006104,0.606302797794342,0.5557479858398438,0.5608278512954712,0.6972867846488953,0.5369287729263306,0.7870758771896362,0.5240090489387512,0.8550205230712891,0.651688277721405,0.5864952206611633,0.633432149887085,0.6627296805381775,0.639333188533783,0.6223470568656921,0.6498998999595642,0.5815996527671814,0.6960952281951904,0.6016244888305664,0.6793039441108704,0.6385622620582581,0.6866139769554138,0.607498824596405,0.6940020322799683,0.5733457803726196,ㅈ
0.7701700925827026,0.3614877462387085,0.6886098980903625,0.3561018705368042,0.60857093334198,0.3965193033218384,0.5394269227981567,0.42981284856796265,0.4883913993835449,0.4339659512042999,0.6038798093795776,0.48849108815193176,0.5494790077209473,0.6018433570861816,0.5241777300834656,0.6714822053909302,0.5058516263961792,0.729524552822113,0.6465248465538025,0.5324455499649048,0.6263652443885803,0.6891276836395264,0.6205536127090454,0.7856277227401733,0.6186075210571289,0.8604211807250977,0.6931838989257812,0.5530522465705872,0.6835517883300781,0.6470141410827637,0.6869236826896667,0.6032912135124207,0.6931487917900085,0.5583016276359558,0.7362405061721802,0.5586326122283936,0.7263186573982239,0.6073975563049316,0.7311462163925171,0.5719245076179504,0.7335198521614075,0.5349728465080261,ㅈ
0.7527483105659485,0.2780434489250183,0.667453944683075,0.30583900213241577,0.5933340787887573,0.3734526038169861,0.5347632765769958,0.4396803379058838,0.4901565611362457,0.4840218126773834,0.6162448525428772,0.4671122133731842,0.584388792514801,0.6082369089126587,0.5763137936592102,0.6923843622207642,0.5746240615844727,0.7615569233894348,0.6746975183486938,0.4923391342163086,0.6816490888595581,0.6643909215927124,0.6924847364425659,0.7686611413955688,0.7066524624824524,0.8468199968338013,0.7289283275604248,0.4968990683555603,0.7262827157974243,0.6103571653366089,0.7149018049240112,0.5644779801368713,0.7114821672439575,0.5148247480392456,0.7725914716720581,0.48953068256378174,0.7576339840888977,0.5602792501449585,0.7505568265914917,0.5218209624290466,0.7471094727516174,0.48088517785072327,ㅈ
0.7273600101470947,0.2275710105895996,0.6434195041656494,0.27819186449050903,0.5745165348052979,0.3574753403663635,0.5314362645149231,0.44549107551574707,0.49260616302490234,0.5040674209594727,0.6156267523765564,0.4512706398963928,0.6027015447616577,0.5998337268829346,0.6067986488342285,0.6903890371322632,0.613833487033844,0.7642253637313843,0.6791844964027405,0.45945730805397034,0.7204249501228333,0.6398029923439026,0.7489607930183411,0.7488152980804443,0.7735112905502319,0.8299957513809204,0.7386897206306458,0.4451102018356323,0.7588804960250854,0.558569610118866,0.7412728071212769,0.5180615782737732,0.7288433909416199,0.47250574827194214,0.7864424586296082,0.42096254229545593,0.7870933413505554,0.4920194745063782,0.7750912308692932,0.455440491437912,0.763633668422699,0.4205187261104584,ㅈ
0.747425377368927,0.14164546132087708,0.6546911597251892,0.205056294798851,0.5799366235733032,0.29412972927093506,0.5300784111022949,0.38797298073768616,0.48573923110961914,0.4545102119445801,0.6298738718032837,0.4019555151462555,0.6215186715126038,0.5731892585754395,0.6261405348777771,0.6725342273712158,0.6351495981216431,0.7514872550964355,0.7053791880607605,0.40974345803260803,0.7500828504562378,0.6081130504608154,0.7805838584899902,0.7310210466384888,0.8089184761047363,0.8189835548400879,0.7728699445724487,0.39097973704338074,0.7850161194801331,0.5178730487823486,0.7593384981155396,0.4756878614425659,0.7446463108062744,0.42341455817222595,0.8261644840240479,0.3626669645309448,0.8146276473999023,0.4425516724586487,0.7941617965698242,0.40344247221946716,0.7814804911613464,0.36079880595207214,ㅈ
0.7660244107246399,0.09149795770645142,0.6619492173194885,0.15954157710075378,0.5747987627983093,0.256113201379776,0.5150555968284607,0.35898450016975403,0.4661664366722107,0.4317030906677246,0.627144992351532,0.35822996497154236,0.6003156900405884,0.5508697032928467,0.5943987369537354,0.6677955985069275,0.5955445766448975,0.7616641521453857,0.7080622911453247,0.3763059377670288,0.7440294027328491,0.6103345155715942,0.76731938123703,0.750758171081543,0.7907588481903076,0.8547029495239258,0.7816993594169617,0.3668138086795807,0.7834032773971558,0.5217863917350769,0.7555961012840271,0.47659194469451904,0.7429108619689941,0.4186372458934784,0.8404035568237305,0.3450380861759186,0.8179401159286499,0.44791704416275024,0.7961094379425049,0.4076356887817383,0.7847793698310852,0.3614388704299927,ㅈ
0.8148919939994812,0.021744221448898315,0.6938354969024658,0.09398260712623596,0.5955214500427246,0.1897761970758438,0.5320085287094116,0.3000997304916382,0.47957003116607666,0.38304799795150757,0.6750946044921875,0.3068142533302307,0.6324782371520996,0.5118330717086792,0.6250844597816467,0.642951488494873,0.6248279213905334,0.7480517625808716,0.769446849822998,0.33220770955085754,0.8004105687141418,0.5935214757919312,0.8199591636657715,0.7679777145385742,0.8410108089447021,0.8910524249076843,0.8449023962020874,0.3284280598163605,0.8044306635856628,0.49443334341049194,0.7630876898765564,0.4686015248298645,0.7451857328414917,0.41715729236602783,0.8971593379974365,0.3150444030761719,0.8369757533073425,0.4408630132675171,0.8036441206932068,0.4140843451023102,0.7891567349433899,0.3751567602157593,ㅈ
0.7055231928825378,0.190890371799469,0.5984960198402405,0.2188124656677246,0.5053200125694275,0.28547191619873047,0.43015149235725403,0.3387143015861511,0.3655698895454407,0.36153867840766907,0.5261551141738892,0.4254244863986969,0.4779997169971466,0.5912925004959106,0.4564822316169739,0.6902545690536499,0.43819841742515564,0.7715946435928345,0.5890361070632935,0.46177756786346436,0.5875254273414612,0.6386770009994507,0.5910269021987915,0.7473450899124146,0.5955186486244202,0.8279170393943787,0.6497264504432678,0.4678129553794861,0.6445372700691223,0.5468572378158569,0.6392335891723633,0.48891228437423706,0.6406123042106628,0.43098869919776917,0.7034738063812256,0.45974093675613403,0.6901475787162781,0.5124189853668213,0.6911267042160034,0.46039819717407227,0.696957528591156,0.4086771607398987,ㅈ
0.6898233890533447,0.2364448457956314,0.5967103242874146,0.2540743947029114,0.5110372304916382,0.3146635890007019,0.44346874952316284,0.36620354652404785,0.3871645927429199,0.38054654002189636,0.5353217720985413,0.43972522020339966,0.48922494053840637,0.5877155065536499,0.4696058928966522,0.6789055466651917,0.45573294162750244,0.7537457942962646,0.5935959815979004,0.47153833508491516,0.5888646245002747,0.639482319355011,0.5919880270957947,0.7433468699455261,0.598837673664093,0.8222995400428772,0.6494184136390686,0.47397005558013916,0.6499280333518982,0.5516899228096008,0.6431414484977722,0.5008911490440369,0.6426539421081543,0.44978708028793335,0.6998971700668335,0.4624921679496765,0.6879866123199463,0.5131600499153137,0.6860728859901428,0.47015073895454407,0.6865704655647278,0.4266203045845032,ㅈ
0.6711269021034241,0.3628256916999817,0.5931050181388855,0.38348302245140076,0.5199821591377258,0.44279611110687256,0.4607606530189514,0.4935450553894043,0.41130322217941284,0.5145062804222107,0.5266187787055969,0.5486594438552856,0.4889554977416992,0.6866146326065063,0.4698082208633423,0.7673327326774597,0.45612767338752747,0.8310455083847046,0.5727502703666687,0.5740454196929932,0.5762404799461365,0.7366402745246887,0.5820537805557251,0.8332341909408569,0.5888323783874512,0.90654456615448,0.6209667921066284,0.5775173306465149,0.6493651270866394,0.6558050513267517,0.6490770578384399,0.6136658787727356,0.6455430388450623,0.5689742565155029,0.6672791838645935,0.5704419612884521,0.6800883412361145,0.620724618434906,0.6813007593154907,0.5846347212791443,0.6768144369125366,0.5457320213317871,ㅈ
0.6806795001029968,0.37770313024520874,0.6094961762428284,0.3949701488018036,0.5421684384346008,0.4426998794078827,0.4841582477092743,0.48412105441093445,0.43944865465164185,0.5067029595375061,0.53615802526474,0.5249689221382141,0.4882983863353729,0.6440419554710388,0.46331220865249634,0.714311957359314,0.4432457387447357,0.7741056084632874,0.571043848991394,0.5522407293319702,0.563406765460968,0.7034786343574524,0.5633681416511536,0.796593189239502,0.5635027885437012,0.867926299571991,0.6124700307846069,0.5612355470657349,0.6371862888336182,0.6464846134185791,0.6419404149055481,0.6082451939582825,0.6407022476196289,0.5671701431274414,0.6556658148765564,0.5617192983627319,0.6680354475975037,0.614950954914093,0.6728585958480835,0.581842839717865,0.6694638729095459,0.5474405884742737,ㅈ
0.7116338610649109,0.4314568042755127,0.645418107509613,0.4048527777194977,0.5768190622329712,0.4207278788089752,0.514614999294281,0.4291357398033142,0.47148823738098145,0.4152783453464508,0.5375237464904785,0.5000483989715576,0.46669697761535645,0.5770904421806335,0.42826002836227417,0.6219195127487183,0.3981929123401642,0.66074138879776,0.5606645941734314,0.5464998483657837,0.5197648406028748,0.6667729616165161,0.4940730035305023,0.7387486696243286,0.4738489091396332,0.7943021655082703,0.5959228873252869,0.57746821641922,0.6050418019294739,0.6389738321304321,0.6210116744041443,0.6084050536155701,0.631591260433197,0.5773860812187195,0.6335089802742004,0.5987189412117004,0.6371732950210571,0.6272055506706238,0.6517857313156128,0.6009387969970703,0.6588824987411499,0.5713505744934082,ㅈ
0.7381441593170166,0.44604966044425964,0.6795175075531006,0.39980533719062805,0.6089868545532227,0.3961431384086609,0.5495022535324097,0.38620394468307495,0.5137175917625427,0.35519567131996155,0.5584692358970642,0.4674625098705292,0.4780314862728119,0.5183219909667969,0.4318072199821472,0.5483877658843994,0.3954874277114868,0.573600709438324,0.5732892751693726,0.522855281829834,0.5112151503562927,0.6194391250610352,0.474321186542511,0.6813817024230957,0.4461629092693329,0.7299038171768188,0.6024015545845032,0.5646010637283325,0.6029096841812134,0.6217169761657715,0.625385582447052,0.596467912197113,0.6419180631637573,0.5693052411079407,0.6366161704063416,0.5953721404075623,0.6419687271118164,0.6212873458862305,0.6607532501220703,0.5984504818916321,0.6717175245285034,0.5718240141868591,ㅈ
0.7510978579521179,0.4300895631313324,0.6732876896858215,0.42781734466552734,0.5962321162223816,0.46460285782814026,0.528689444065094,0.48569968342781067,0.4796900451183319,0.4697027802467346,0.5942453742027283,0.5646433234214783,0.5281486511230469,0.6713170409202576,0.49566420912742615,0.7420538067817688,0.4719335436820984,0.8002333641052246,0.632463276386261,0.6039317846298218,0.6109201312065125,0.764116644859314,0.6011496186256409,0.8571704626083374,0.5934720039367676,0.9255780577659607,0.6772809028625488,0.6212074756622314,0.6806777715682983,0.7027953267097473,0.687087893486023,0.6592327952384949,0.691548228263855,0.614604651927948,0.7186476588249207,0.6259255409240723,0.7164853811264038,0.6683862805366516,0.7213651537895203,0.6330989599227905,0.7203430533409119,0.5957010984420776,ㅈ
0.7563043832778931,0.3297339677810669,0.6816729307174683,0.3414038419723511,0.6028567552566528,0.3941155672073364,0.5381971597671509,0.43107330799102783,0.4886103868484497,0.422284334897995,0.6033471822738647,0.46768277883529663,0.5479109883308411,0.5835579037666321,0.5203283429145813,0.6529710292816162,0.4981458783149719,0.710543155670166,0.6458663940429688,0.501129150390625,0.6321797370910645,0.6513367295265198,0.6338245868682861,0.7432292103767395,0.6382091045379639,0.8149881362915039,0.6922444105148315,0.5147597193717957,0.6956794261932373,0.6047326326370239,0.6996062994003296,0.5572197437286377,0.7044371962547302,0.5113368630409241,0.7355343699455261,0.5159474015235901,0.7319888472557068,0.5599337220191956,0.736210823059082,0.5223625302314758,0.7376629114151001,0.48715534806251526,ㅈ
0.7680299878120422,0.27170753479003906,0.6787383556365967,0.2924756705760956,0.600132405757904,0.34944435954093933,0.5354329347610474,0.4073026180267334,0.48729610443115234,0.4479175806045532,0.6172470450401306,0.45263803005218506,0.5662150979042053,0.5936380624771118,0.5450986623764038,0.679520308971405,0.5321414470672607,0.7517475485801697,0.6742112636566162,0.48002663254737854,0.6724897623062134,0.6521096229553223,0.6805607080459595,0.7587816119194031,0.6918011903762817,0.8403420448303223,0.7302253246307373,0.48476696014404297,0.7242202758789062,0.5906530022621155,0.716201901435852,0.5411189794540405,0.7149506211280823,0.49020835757255554,0.7774710655212402,0.4764948785305023,0.7609662413597107,0.538232684135437,0.7563055753707886,0.4961967170238495,0.7549431920051575,0.4560477137565613,ㅈ
0.7079518437385559,0.21078895032405853,0.6214756965637207,0.23656053841114044,0.539303719997406,0.2960122227668762,0.4745522737503052,0.35850533843040466,0.4279143214225769,0.39915382862091064,0.5593717694282532,0.38714465498924255,0.5095957517623901,0.5238196849822998,0.48870065808296204,0.6092491745948792,0.4743785262107849,0.6795148849487305,0.6143274307250977,0.4118158221244812,0.6168997883796692,0.5889407396316528,0.6258172988891602,0.6980919241905212,0.6356870532035828,0.7822567224502563,0.6695556044578552,0.41621193289756775,0.6759524345397949,0.522816002368927,0.6678442358970642,0.47458380460739136,0.6637811064720154,0.42416054010391235,0.7179756760597229,0.4091837406158447,0.7151358723640442,0.4731897711753845,0.7101141810417175,0.4339323043823242,0.7045102119445801,0.39714163541793823,ㅈ
0.6648255586624146,0.24495422840118408,0.5857518315315247,0.2865082025527954,0.5118452310562134,0.3612121641635895,0.45752325654029846,0.4327007532119751,0.4166587293148041,0.4847702980041504,0.5369669198989868,0.4538581669330597,0.5045493245124817,0.6058050990104675,0.4914628863334656,0.6968367099761963,0.4824009835720062,0.7721614241600037,0.5924779176712036,0.4662373661994934,0.6175902485847473,0.6418724656105042,0.6398533582687378,0.744541347026825,0.6580289006233215,0.8197131752967834,0.6460157036781311,0.4585416913032532,0.668712854385376,0.5699869394302368,0.6617417931556702,0.5172949433326721,0.6540228724479675,0.4627018868923187,0.692466676235199,0.4412926435470581,0.6998706459999084,0.5076913237571716,0.6926639676094055,0.46268078684806824,0.6829878687858582,0.4210943877696991,ㅈ
0.5779941082000732,0.3750428855419159,0.5153992176055908,0.41128867864608765,0.4595818519592285,0.4799588918685913,0.4083904027938843,0.533466637134552,0.35961437225341797,0.546139657497406,0.45195960998535156,0.5590506196022034,0.42026346921920776,0.6883838176727295,0.40099185705184937,0.7626262903213501,0.38534992933273315,0.8230523467063904,0.48877227306365967,0.5758131146430969,0.5055527091026306,0.7329825162887573,0.5157147645950317,0.8256769180297852,0.523046612739563,0.8959827423095703,0.5313817858695984,0.5748738050460815,0.5689994096755981,0.6517974734306335,0.5713268518447876,0.6136638522148132,0.567757785320282,0.5762253403663635,0.5736353397369385,0.567054808139801,0.5925544500350952,0.6168481111526489,0.5947190523147583,0.5824034810066223,0.5899680256843567,0.5500161051750183,ㅈ
0.6206056475639343,0.4416954517364502,0.5510053634643555,0.46003469824790955,0.48936110734939575,0.5115856528282166,0.435968279838562,0.5528884530067444,0.3924908936023712,0.5583444237709045,0.4831744134426117,0.5917905569076538,0.44204577803611755,0.7063621282577515,0.41930997371673584,0.7722974419593811,0.4008229076862335,0.8262754678726196,0.5175889730453491,0.6159061193466187,0.517928957939148,0.7600283026695251,0.521987795829773,0.8470458388328552,0.5255998373031616,0.9105156064033508,0.5593987703323364,0.6191398501396179,0.5887960195541382,0.691820502281189,0.5943355560302734,0.6528711915016174,0.5929405689239502,0.6129468083381653,0.6008726954460144,0.6127896904945374,0.6173964738845825,0.6523072719573975,0.6201856136322021,0.618739128112793,0.6148757338523865,0.5845245718955994,ㅈ
0.8015488386154175,0.4926130175590515,0.7281669974327087,0.47531068325042725,0.6510180830955505,0.4940713942050934,0.5864255428314209,0.5050609707832336,0.5422880053520203,0.47887855768203735,0.6208356022834778,0.5270106196403503,0.5493777990341187,0.6101151704788208,0.5082956552505493,0.6565223336219788,0.4722956120967865,0.699027419090271,0.6405378580093384,0.5613018870353699,0.595305323600769,0.7016545534133911,0.571681559085846,0.7883845567703247,0.5513927936553955,0.8566889762878418,0.6753347516059875,0.5915969014167786,0.6826038956642151,0.706723690032959,0.7060229778289795,0.6803702116012573,0.7167031764984131,0.644983172416687,0.7144121527671814,0.621298611164093,0.7243734002113342,0.6965379118919373,0.7416864633560181,0.6725807189941406,0.7457217574119568,0.6383072137832642,ㅈ
0.8413975834846497,0.5436336994171143,0.7668691873550415,0.5045385360717773,0.6800294518470764,0.5013071298599243,0.6090548038482666,0.49309760332107544,0.5682439804077148,0.451030969619751,0.6413664221763611,0.5397224426269531,0.5495097637176514,0.5953370332717896,0.49422895908355713,0.6212822198867798,0.4486687183380127,0.6449971795082092,0.6575639247894287,0.5821703672409058,0.5857707262039185,0.709750235080719,0.5387484431266785,0.7850558757781982,0.5020979046821594,0.8428316712379456,0.6906399130821228,0.6235206127166748,0.6798492670059204,0.7464209198951721,0.708920955657959,0.7270378470420837,0.7271271347999573,0.6949896216392517,0.7281430959701538,0.6627574563026428,0.7275144457817078,0.7454125881195068,0.7492023706436157,0.7299258708953857,0.7590084075927734,0.6990154385566711,ㅈ
0.8312430381774902,0.4946299195289612,0.7516009211540222,0.4659191966056824,0.6676799058914185,0.475414514541626,0.5984640121459961,0.47409242391586304,0.5531558990478516,0.4374619126319885,0.625860333442688,0.5092525482177734,0.5410767197608948,0.5769880414009094,0.49383294582366943,0.6113503575325012,0.45322898030281067,0.6415024995803833,0.6449393630027771,0.5461650490760803,0.5901715159416199,0.6806837916374207,0.5573124885559082,0.7661691904067993,0.5312070846557617,0.832470178604126,0.6802363395690918,0.583330512046814,0.68442702293396,0.6944880485534668,0.7094190716743469,0.6751192808151245,0.723516047000885,0.6447356939315796,0.7188819050788879,0.6198644638061523,0.7250930070877075,0.6908965110778809,0.745247483253479,0.6707587838172913,0.7531763315200806,0.640020489692688,ㅈ
0.798791766166687,0.3909814953804016,0.7227690815925598,0.3896094560623169,0.644695520401001,0.4198032021522522,0.5772764682769775,0.4435502290725708,0.5255721211433411,0.44247838854789734,0.6158092617988586,0.48227745294570923,0.5462236404418945,0.5751290321350098,0.5059698224067688,0.6283779740333557,0.473823219537735,0.6757410764694214,0.6438947916030884,0.5127841234207153,0.6105152368545532,0.6550725698471069,0.590691328048706,0.746357798576355,0.574476957321167,0.818562924861908,0.6860719323158264,0.5352838039398193,0.7029083371162415,0.6420950889587402,0.7220553159713745,0.6062048077583313,0.7306398749351501,0.5653594732284546,0.7308499813079834,0.5524940490722656,0.7445698976516724,0.6199488639831543,0.7596295475959778,0.5895254611968994,0.7629294395446777,0.5523524880409241,ㅈ
0.7243300080299377,0.2925572991371155,0.6469008326530457,0.3194378912448883,0.5683640837669373,0.38666829466819763,0.5043078660964966,0.4416064918041229,0.4555019736289978,0.4732878506183624,0.573752224445343,0.47013917565345764,0.5354261994361877,0.6110984683036804,0.5203139185905457,0.6943479776382446,0.5105631351470947,0.7655013799667358,0.6235378384590149,0.49191686511039734,0.6309876441955566,0.6638513207435608,0.6443927884101868,0.7655383348464966,0.6574300527572632,0.8429204225540161,0.6766164898872375,0.4954874813556671,0.6966626644134521,0.5940173864364624,0.6941348910331726,0.5460449457168579,0.6910883784294128,0.4984624683856964,0.7255497574806213,0.48962199687957764,0.7290597558021545,0.5483454465866089,0.7272855043411255,0.507850706577301,0.7233139872550964,0.4691919684410095,ㅈ
0.7304627895355225,0.34003961086273193,0.6429648995399475,0.3754291236400604,0.5602564215660095,0.4540879428386688,0.4971824884414673,0.5294519662857056,0.4465654492378235,0.5771583318710327,0.5821200013160706,0.5513479113578796,0.5441110134124756,0.7117503881454468,0.5265328288078308,0.8137588500976562,0.5140385031700134,0.8983668088912964,0.6397948861122131,0.5739160776138306,0.6470555663108826,0.7716180682182312,0.6553145051002502,0.8899681568145752,0.6638140678405762,0.9835031628608704,0.698022186756134,0.5742465257644653,0.7246756553649902,0.7116134762763977,0.7187707424163818,0.6546564698219299,0.7103406190872192,0.5947596430778503,0.7519086003303528,0.5600916147232056,0.7623933553695679,0.6521332859992981,0.7564956545829773,0.6061935424804688,0.7453525066375732,0.5588229894638062,ㅈ
0.6630969643592834,0.5162931680679321,0.5985156297683716,0.5286276340484619,0.5415087342262268,0.5680855512619019,0.4940212666988373,0.610862135887146,0.45488330721855164,0.6362749934196472,0.5290828943252563,0.6385901570320129,0.4868311583995819,0.7525497078895569,0.46721139550209045,0.8154479265213013,0.4521907567977905,0.8696311712265015,0.5608119368553162,0.6610386967658997,0.5577194094657898,0.8019699454307556,0.559087872505188,0.8826156854629517,0.5616419315338135,0.9433150291442871,0.5992884039878845,0.6697396039962769,0.6190477609634399,0.7414745688438416,0.6243658661842346,0.708350658416748,0.6246511936187744,0.6753517389297485,0.6387467384338379,0.673235297203064,0.6461666822433472,0.716759443283081,0.6515175104141235,0.6895902156829834,0.6499698758125305,0.6603529453277588,ㅈ
0.6551792621612549,0.5284985303878784,0.5918448567390442,0.5398210287094116,0.5360804796218872,0.577466607093811,0.4901081323623657,0.6205647587776184,0.4519118070602417,0.6465439200401306,0.5242921710014343,0.6487552523612976,0.48157668113708496,0.7579535841941833,0.46134984493255615,0.819121778011322,0.4454013407230377,0.8714994788169861,0.5531873106956482,0.669856607913971,0.5504518747329712,0.8097092509269714,0.5516765117645264,0.8888749480247498,0.5532589554786682,0.9481887817382812,0.5903189182281494,0.6769163012504578,0.6175312995910645,0.7475782632827759,0.6238275766372681,0.7148708701133728,0.6224749684333801,0.6822229027748108,0.6298952102661133,0.6800769567489624,0.6443766951560974,0.7245640754699707,0.6496703028678894,0.6961552500724792,0.6461938619613647,0.6666858792304993,ㅈ
0.6731212735176086,0.46584153175354004,0.6017218232154846,0.46997886896133423,0.542507529258728,0.5176036357879639,0.49413758516311646,0.5731576681137085,0.4558742940425873,0.6046298742294312,0.5357844829559326,0.605121910572052,0.49347159266471863,0.7277877926826477,0.4739663600921631,0.7978916168212891,0.4597508907318115,0.8565768003463745,0.5742795467376709,0.6361836194992065,0.5712560415267944,0.7819041609764099,0.5720837116241455,0.8691219687461853,0.5756810307502747,0.9351050853729248,0.6153960824012756,0.6475825309753418,0.6226204633712769,0.722043514251709,0.623029351234436,0.6872813701629639,0.6246023774147034,0.6515179872512817,0.6550680994987488,0.6494486331939697,0.6507445573806763,0.6911581158638,0.6538495421409607,0.6644518375396729,0.6533118486404419,0.6329219341278076,ㅈ
0.7235147356987,0.28710731863975525,0.6498135328292847,0.32998883724212646,0.5741455554962158,0.4179431200027466,0.5135458707809448,0.4787996709346771,0.46109795570373535,0.4982869625091553,0.6027440428733826,0.4622902274131775,0.5715721249580383,0.6098794937133789,0.5478387475013733,0.6867325305938721,0.5264900326728821,0.7482829093933105,0.6542739272117615,0.4638640284538269,0.6756713390350342,0.6445639133453369,0.6911633014678955,0.7370998859405518,0.7054526805877686,0.8083254098892212,0.7068021297454834,0.4566658139228821,0.726581871509552,0.6052478551864624,0.7162729501724243,0.5572589039802551,0.7095359563827515,0.503422737121582,0.755172848701477,0.44729119539260864,0.7621826529502869,0.5612280368804932,0.7563520669937134,0.5267149209976196,0.7500903606414795,0.48567065596580505,ㅈ
0.6894987225532532,0.09190084040164948,0.5987733006477356,0.17026962339878082,0.511713445186615,0.2910112738609314,0.4373157024383545,0.36711031198501587,0.37143442034721375,0.3971145451068878,0.5564061999320984,0.292818546295166,0.5205183625221252,0.4769989848136902,0.49263322353363037,0.5815696716308594,0.472137987613678,0.6633906364440918,0.6301770210266113,0.2661330997943878,0.6781783103942871,0.5080049633979797,0.6983518004417419,0.6390438079833984,0.7184368968009949,0.7326315641403198,0.7038825750350952,0.24629873037338257,0.7228606939315796,0.4720686674118042,0.6863957643508911,0.4586847424507141,0.66987544298172,0.40730899572372437,0.7691295146942139,0.23860305547714233,0.7639639377593994,0.415351003408432,0.7335575819015503,0.39962077140808105,0.7166963219642639,0.35409224033355713,ㅈ
0.6898048520088196,-0.008477330207824707,0.5835587382316589,0.08842733502388,0.48047173023223877,0.21991901099681854,0.39111876487731934,0.3011167049407959,0.3077467083930969,0.33109501004219055,0.5430609583854675,0.19409853219985962,0.4981159567832947,0.41230508685112,0.4647769331932068,0.5335139036178589,0.4383430778980255,0.6269367933273315,0.6316275000572205,0.1591036170721054,0.6890199184417725,0.448020339012146,0.7069798707962036,0.6078720092773438,0.7262808680534363,0.7184711694717407,0.7179958820343018,0.1411774456501007,0.7298913598060608,0.4167567491531372,0.6757394075393677,0.41774338483810425,0.6506562232971191,0.36494138836860657,0.7933599948883057,0.14460065960884094,0.7803141474723816,0.3667212128639221,0.7357847094535828,0.36646944284439087,0.7116245627403259,0.32367509603500366,ㅈ
0.7202293276786804,-0.010595947504043579,0.5988231897354126,0.06413394212722778,0.4754808843135834,0.16598975658416748,0.3778996467590332,0.2293696403503418,0.27975475788116455,0.24572592973709106,0.5634110569953918,0.08022065460681915,0.5283666849136353,0.2869566082954407,0.4921846389770508,0.42248228192329407,0.46310955286026,0.5383766889572144,0.6742691993713379,0.04683031141757965,0.73158198595047,0.3699056804180145,0.7427788972854614,0.5578322410583496,0.756595253944397,0.7007027864456177,0.7747527360916138,0.04217888414859772,0.7866154909133911,0.3399864137172699,0.7354510426521301,0.3660655617713928,0.7098793983459473,0.3389909863471985,0.8518730401992798,0.06469158828258514,0.8282833099365234,0.30788683891296387,0.7782711982727051,0.3335193395614624,0.7421898245811462,0.3139326870441437,ㅈ
0.5939839482307434,0.40205317735671997,0.5523095726966858,0.45352670550346375,0.5270619988441467,0.5293228626251221,0.5011102557182312,0.5905526876449585,0.46891075372695923,0.6232243776321411,0.5366048216819763,0.5800521969795227,0.5422213673591614,0.6740790009498596,0.5407957434654236,0.7250361442565918,0.5385016202926636,0.7682388424873352,0.563355565071106,0.5737469792366028,0.6164438724517822,0.6642761826515198,0.6446965932846069,0.7113277912139893,0.6635116338729858,0.7505576610565186,0.5936688184738159,0.55483478307724,0.6440028548240662,0.6172427535057068,0.6349760890007019,0.5879866480827332,0.6193237900733948,0.5633325576782227,0.6224828362464905,0.532285213470459,0.6567085981369019,0.579559326171875,0.6513200402259827,0.5565115809440613,0.6377118229866028,0.537319540977478,ㅈ
0.597295880317688,0.34083986282348633,0.5547130703926086,0.39883512258529663,0.519765317440033,0.4868011474609375,0.4927734136581421,0.5523146390914917,0.4598536193370819,0.5869777202606201,0.5283872485160828,0.5262939929962158,0.5325868725776672,0.6301712393760681,0.5275626182556152,0.6903176307678223,0.5215851664543152,0.7412728071212769,0.5570675134658813,0.5117316246032715,0.6136276125907898,0.6159160137176514,0.6448374390602112,0.6700557470321655,0.6654036641120911,0.7160297632217407,0.5888952612876892,0.48961925506591797,0.6481273770332336,0.5794997811317444,0.6566788554191589,0.5701053142547607,0.6539198160171509,0.5530166029930115,0.6218312382698059,0.468513160943985,0.6628233194351196,0.5340931415557861,0.666283369064331,0.529054582118988,0.656946063041687,0.5194621086120605,ㅈ
0.7363899350166321,0.402182936668396,0.6411462426185608,0.3664777874946594,0.546064019203186,0.40160852670669556,0.4772501587867737,0.43377476930618286,0.4199363589286804,0.4189397990703583,0.556684672832489,0.46440568566322327,0.48895078897476196,0.5656124949455261,0.44275933504104614,0.6202570796012878,0.4012407064437866,0.6714853048324585,0.6006033420562744,0.5062634944915771,0.5735654234886169,0.6561436653137207,0.5589817762374878,0.7412641644477844,0.548585057258606,0.8070248961448669,0.6525423526763916,0.5344655513763428,0.625947117805481,0.6437792181968689,0.6300280690193176,0.6009916067123413,0.6384866833686829,0.5528030395507812,0.6989966630935669,0.549521267414093,0.6725199222564697,0.6317421793937683,0.6723604202270508,0.599606454372406,0.6731292605400085,0.5530722737312317,ㅈ
0.7030764818191528,0.3306483030319214,0.6190909147262573,0.3287225067615509,0.5319238901138306,0.35704535245895386,0.4617726802825928,0.38030844926834106,0.40726613998413086,0.3671259880065918,0.5438103675842285,0.42465707659721375,0.4675627052783966,0.5305560827255249,0.4210280776023865,0.5906287431716919,0.3834298253059387,0.6363054513931274,0.5927658677101135,0.4632645845413208,0.5658276677131653,0.6145516037940979,0.5476897358894348,0.6925516128540039,0.533908486366272,0.7513352632522583,0.6416618227958679,0.48983481526374817,0.6077112555503845,0.6205776929855347,0.5964695811271667,0.6107791066169739,0.6016392111778259,0.5823047161102295,0.6851245164871216,0.5073102712631226,0.6499508619308472,0.5958782434463501,0.6417291164398193,0.5831825733184814,0.643578290939331,0.555452287197113,ㅈ
0.7913386225700378,0.24190925061702728,0.6826724410057068,0.22985810041427612,0.5674213171005249,0.26273393630981445,0.4801446795463562,0.2818548083305359,0.41506561636924744,0.2718280553817749,0.5876805782318115,0.3244346082210541,0.484138548374176,0.45099499821662903,0.4236060380935669,0.5201494097709656,0.3736967146396637,0.5744863152503967,0.6512563824653625,0.366443932056427,0.600135862827301,0.5619592666625977,0.5731920003890991,0.6653013229370117,0.554864227771759,0.7423796653747559,0.7115413546562195,0.40556323528289795,0.643895149230957,0.58063805103302,0.6209957003593445,0.5589348077774048,0.6232784986495972,0.5169005393981934,0.7625186443328857,0.4418989419937134,0.6977508068084717,0.5752196907997131,0.6709257364273071,0.5723876953125,0.6587749123573303,0.5465067028999329,ㅈ
0.3171682059764862,0.2689134478569031,0.3869298994541168,0.2786244750022888,0.45080527663230896,0.32202833890914917,0.5009163022041321,0.35695573687553406,0.5376240015029907,0.3855489492416382,0.4362882375717163,0.41260263323783875,0.46804195642471313,0.5218102931976318,0.4884836673736572,0.5795020461082458,0.49920934438705444,0.625554084777832,0.39280474185943604,0.4314941167831421,0.3948744833469391,0.5686619281768799,0.3964313268661499,0.6503109931945801,0.39096125960350037,0.7079775333404541,0.34947046637535095,0.43667593598365784,0.3527236580848694,0.5335379838943481,0.3581273555755615,0.4981796145439148,0.35803529620170593,0.4565650224685669,0.3084777295589447,0.4332282543182373,0.3192320168018341,0.49876752495765686,0.32472482323646545,0.4667049050331116,0.323459655046463,0.4293091595172882,ㅈ
0.31192371249198914,0.28855472803115845,0.3830637037754059,0.29701679944992065,0.44505780935287476,0.3387971818447113,0.4959847927093506,0.3751877248287201,0.5326208472251892,0.40638914704322815,0.42848002910614014,0.4356858730316162,0.4609414339065552,0.5477609634399414,0.4799087345600128,0.6103239059448242,0.4893459975719452,0.660580039024353,0.38267216086387634,0.4582817554473877,0.38612738251686096,0.5849366188049316,0.38853925466537476,0.6541224718093872,0.388333261013031,0.7026883363723755,0.33858221769332886,0.4654781222343445,0.346076101064682,0.5495445728302002,0.35293275117874146,0.5178089141845703,0.3538747727870941,0.47842085361480713,0.2986679971218109,0.46336808800697327,0.31222832202911377,0.5159278512001038,0.3191378116607666,0.48511171340942383,0.31825122237205505,0.45279252529144287,ㅈ
0.23662278056144714,0.2754870653152466,0.3058243691921234,0.25893133878707886,0.37916719913482666,0.2785302698612213,0.4305145740509033,0.2997244596481323,0.4715721905231476,0.3132597506046295,0.3794446587562561,0.3686656951904297,0.43171197175979614,0.4525468051433563,0.46384233236312866,0.49608471989631653,0.48717761039733887,0.5320295691490173,0.3436545729637146,0.4011959731578827,0.3750080168247223,0.5307032465934753,0.3915802240371704,0.6057907938957214,0.3973555564880371,0.6620153784751892,0.3037371337413788,0.41979578137397766,0.32543429732322693,0.5067887902259827,0.32278260588645935,0.4703705906867981,0.3138655126094818,0.4338691234588623,0.26322293281555176,0.42898285388946533,0.2871963083744049,0.4906807541847229,0.28484657406806946,0.45859676599502563,0.2749589681625366,0.42608627676963806,ㅈ
0.2511987090110779,0.26470068097114563,0.32260867953300476,0.2550384998321533,0.39072340726852417,0.27908897399902344,0.442131906747818,0.30474352836608887,0.48217856884002686,0.32603225111961365,0.3875194489955902,0.37305864691734314,0.43329986929893494,0.46568161249160767,0.4613838195800781,0.5137760639190674,0.48043936491012573,0.553704023361206,0.3477739095687866,0.40680262446403503,0.3723622262477875,0.5381191372871399,0.3861355185508728,0.6139048337936401,0.38974305987358093,0.6691739559173584,0.3058890700340271,0.4240579605102539,0.3248937427997589,0.506890594959259,0.32652321457862854,0.47227901220321655,0.3209945261478424,0.43616947531700134,0.26479241251945496,0.43019652366638184,0.2873906195163727,0.4875965714454651,0.2888016104698181,0.4565236568450928,0.28131723403930664,0.42428189516067505,ㅈ
0.25264236330986023,0.2832763195037842,0.3231341540813446,0.27051448822021484,0.3928268551826477,0.2941157817840576,0.4445868134498596,0.32053181529045105,0.4849401116371155,0.34046241641044617,0.3931282162666321,0.3866522014141083,0.44051945209503174,0.47644054889678955,0.46893933415412903,0.5233327150344849,0.48851925134658813,0.562448263168335,0.3543188273906708,0.41999074816703796,0.380824476480484,0.5496101379394531,0.3959755301475525,0.6246323585510254,0.4011141359806061,0.6814279556274414,0.31295350193977356,0.437416672706604,0.3354615569114685,0.5207085609436035,0.33455130457878113,0.48361068964004517,0.32672256231307983,0.4481481909751892,0.27155813574790955,0.4455832540988922,0.2957003712654114,0.5017311573028564,0.29567667841911316,0.4691649377346039,0.2871249318122864,0.4380079209804535,ㅈ
0.25323209166526794,0.28921735286712646,0.32240206003189087,0.28389525413513184,0.38680264353752136,0.3134140074253082,0.43545717000961304,0.3438360095024109,0.47152847051620483,0.37228450179100037,0.38027340173721313,0.4064660966396332,0.4221225380897522,0.5061479806900024,0.44542205333709717,0.5571273565292358,0.4588673710823059,0.5989434123039246,0.33834320306777954,0.4343254864215851,0.35688748955726624,0.5692331194877625,0.36613571643829346,0.646036684513092,0.3658975064754486,0.7023345828056335,0.2965049743652344,0.44720733165740967,0.3146129846572876,0.5371999144554138,0.31993821263313293,0.5025020837783813,0.31754472851753235,0.4648967981338501,0.25733044743537903,0.4493967294692993,0.2793036997318268,0.5101008415222168,0.284152626991272,0.4811575412750244,0.27949514985084534,0.44954919815063477,ㅈ
0.34679341316223145,0.23634850978851318,0.41716763377189636,0.2564677596092224,0.4708532691001892,0.3121010661125183,0.516646146774292,0.35923755168914795,0.5491801500320435,0.40472424030303955,0.43980488181114197,0.41890576481819153,0.46029722690582275,0.5386359095573425,0.4719085693359375,0.608194887638092,0.4736964702606201,0.6635349988937378,0.38982993364334106,0.43274152278900146,0.3800944685935974,0.5665823221206665,0.3705233931541443,0.6500552296638489,0.3567267060279846,0.7088851928710938,0.34619081020355225,0.426739901304245,0.354059636592865,0.5044378042221069,0.3683029115200043,0.4691762924194336,0.3733859360218048,0.4289053678512573,0.30978885293006897,0.4122854173183441,0.3275362551212311,0.45367732644081116,0.33929017186164856,0.4236575663089752,0.34060564637184143,0.39118877053260803,ㅈ
0.4170345067977905,0.17634177207946777,0.49777424335479736,0.21523365378379822,0.5609900951385498,0.2899455428123474,0.6152635812759399,0.3539533019065857,0.6481327414512634,0.41428136825561523,0.5159169435501099,0.40755516290664673,0.5357407331466675,0.5516370534896851,0.5475003719329834,0.6372740268707275,0.5495151281356812,0.7064785361289978,0.46018174290657043,0.41661515831947327,0.44127583503723145,0.5757346153259277,0.4264376163482666,0.6747379302978516,0.40899574756622314,0.7458616495132446,0.4102171063423157,0.4036885201931,0.4091612696647644,0.4944893717765808,0.4248102307319641,0.4552431106567383,0.43227142095565796,0.40942758321762085,0.36657556891441345,0.3816230297088623,0.3765082061290741,0.44571128487586975,0.3910667896270752,0.4109141528606415,0.39497509598731995,0.3710438013076782,ㅈ
0.45350807905197144,0.1275959461927414,0.5416292548179626,0.1733875721693039,0.6099298596382141,0.26164060831069946,0.6675689220428467,0.33455005288124084,0.7054739594459534,0.400320440530777,0.5644130110740662,0.3848016560077667,0.5827010869979858,0.5459163784980774,0.5936588644981384,0.6395561099052429,0.5933762788772583,0.7133126258850098,0.5027585625648499,0.39422401785850525,0.4792011082172394,0.5684453845024109,0.4616214334964752,0.6746338605880737,0.4402916431427002,0.7464196085929871,0.44625741243362427,0.38118699193000793,0.44300684332847595,0.4922143816947937,0.45966246724128723,0.4487077593803406,0.4666038751602173,0.39618876576423645,0.3976953625679016,0.3586302399635315,0.4084151089191437,0.43416866660118103,0.42403876781463623,0.3976021707057953,0.4270291328430176,0.35356608033180237,ㅈ
0.4118049740791321,0.22237691283226013,0.4872722923755646,0.25039541721343994,0.5468196272850037,0.3123592734336853,0.5940382480621338,0.3699684143066406,0.6240674257278442,0.4288918972015381,0.5084571838378906,0.4142671227455139,0.5308298468589783,0.5447468757629395,0.5462799072265625,0.6205060482025146,0.5565792918205261,0.6816779375076294,0.45466330647468567,0.44007518887519836,0.46515530347824097,0.5820732116699219,0.4691900610923767,0.6689483523368835,0.4725290834903717,0.7313010096549988,0.4063316881656647,0.44404155015945435,0.4079921841621399,0.5401039719581604,0.41030508279800415,0.5919801592826843,0.4107736349105835,0.62315434217453,0.36884504556655884,0.4328499734401703,0.3779866397380829,0.4670211672782898,0.39102703332901,0.4472542703151703,0.39544677734375,0.423045814037323,ㅈ
0.4071572721004486,0.2263907641172409,0.479103147983551,0.2537105679512024,0.5404155850410461,0.3130377531051636,0.5867962837219238,0.36937251687049866,0.6167956590652466,0.4257441461086273,0.5042765736579895,0.4098471999168396,0.5272566676139832,0.5388308167457581,0.5422850251197815,0.6124305725097656,0.5527004599571228,0.6711830496788025,0.4518451988697052,0.43344584107398987,0.4620387852191925,0.5749316215515137,0.46531784534454346,0.6603531241416931,0.4677915573120117,0.7212098836898804,0.4042195677757263,0.4377290606498718,0.4051966965198517,0.5343575477600098,0.40755292773246765,0.580190122127533,0.40833908319473267,0.6039232015609741,0.36601483821868896,0.4288956820964813,0.37328800559043884,0.46210700273513794,0.38555973768234253,0.44375815987586975,0.39023399353027344,0.4202129542827606,ㅈ
0.4027271866798401,0.2336137592792511,0.47644564509391785,0.26237815618515015,0.5368473529815674,0.32491081953048706,0.5844649076461792,0.3842674791812897,0.6132051944732666,0.43821215629577637,0.4976732134819031,0.4226193428039551,0.5179926753044128,0.552263081073761,0.5333229899406433,0.6243584156036377,0.5405439138412476,0.6822751760482788,0.446376770734787,0.44412994384765625,0.45056289434432983,0.5895340442657471,0.45440274477005005,0.6724539995193481,0.4531239867210388,0.7322659492492676,0.39978697896003723,0.4464544355869293,0.39610931277275085,0.5595415830612183,0.4100816547870636,0.5310908555984497,0.41885319352149963,0.4875519573688507,0.35974496603012085,0.4362228810787201,0.36695587635040283,0.47991567850112915,0.38143035769462585,0.45141902565956116,0.387529194355011,0.42050209641456604,ㅈ
0.4070757031440735,0.23814505338668823,0.4805746376514435,0.26804354786872864,0.5401477813720703,0.33002540469169617,0.5879309177398682,0.3894411623477936,0.6169452667236328,0.44370338320732117,0.4999909996986389,0.42968523502349854,0.5208593010902405,0.5586484670639038,0.5368227362632751,0.6305934190750122,0.5441346168518066,0.687877893447876,0.44807136058807373,0.4496244490146637,0.45135000348091125,0.5962804555892944,0.45495349168777466,0.6810080409049988,0.45307132601737976,0.7396440505981445,0.4011668562889099,0.4501112699508667,0.39695730805397034,0.5646110773086548,0.412358820438385,0.5413541793823242,0.4224967956542969,0.5011857748031616,0.361286997795105,0.4386608898639679,0.36809858679771423,0.4862496852874756,0.3833046853542328,0.45951640605926514,0.3904314935207367,0.42826521396636963,ㅈ
0.3582269549369812,0.2374941110610962,0.4324032664299011,0.2626112401485443,0.49228790402412415,0.3194541931152344,0.5421510934829712,0.3734856843948364,0.5722790956497192,0.42316266894340515,0.4511289596557617,0.41858646273612976,0.4775716960430145,0.5484278202056885,0.49601268768310547,0.6202148199081421,0.5052126049995422,0.6770976781845093,0.3978486657142639,0.44334715604782104,0.401101291179657,0.5874981880187988,0.40679872035980225,0.6672762632369995,0.40948495268821716,0.7238049507141113,0.3512219488620758,0.4493912160396576,0.35103845596313477,0.5606728792190552,0.3679688274860382,0.538253903388977,0.3784558176994324,0.49855032563209534,0.31407448649406433,0.4413495361804962,0.32536035776138306,0.48426353931427,0.3432551622390747,0.46292370557785034,0.3494555652141571,0.43878352642059326,ㅈ
0.35187843441963196,0.269504576921463,0.4278489947319031,0.2917585074901581,0.4897696375846863,0.3458096981048584,0.5400248169898987,0.39755767583847046,0.5748513340950012,0.4435957372188568,0.4452144205570221,0.4460050165653229,0.4747730493545532,0.5702157020568848,0.4960404336452484,0.6410049200057983,0.5089576244354248,0.6960561871528625,0.39385372400283813,0.4715174734592438,0.4047277271747589,0.6182966232299805,0.41480693221092224,0.6994593739509583,0.42286667227745056,0.7537904381752014,0.3474677801132202,0.478182852268219,0.35199812054634094,0.597332775592804,0.3675917387008667,0.606804609298706,0.38001748919487,0.5894754528999329,0.3106146454811096,0.46902430057525635,0.323519766330719,0.5204584002494812,0.3407197594642639,0.504714846611023,0.34945759177207947,0.4804478585720062,ㅈ
0.359596848487854,0.23000328242778778,0.43613940477371216,0.2536836862564087,0.5002450942993164,0.30917438864707947,0.5543862581253052,0.36056235432624817,0.59151291847229,0.40803447365760803,0.4590962529182434,0.40605393052101135,0.4908512830734253,0.5378279685974121,0.5137674808502197,0.6126803755760193,0.5281298756599426,0.6698463559150696,0.4075900912284851,0.4344671070575714,0.42123404145240784,0.5859369039535522,0.4304153025150299,0.675096869468689,0.4373549520969391,0.73442542552948,0.35950523614883423,0.44381511211395264,0.36420339345932007,0.5561425685882568,0.376119464635849,0.578352689743042,0.3859761655330658,0.5726549625396729,0.32188254594802856,0.4366537630558014,0.3326590955257416,0.4878119230270386,0.3495558500289917,0.4756089746952057,0.35715723037719727,0.4527095556259155,ㅈ
0.3918461203575134,0.21015019714832306,0.46396100521087646,0.23485659062862396,0.5277241468429565,0.2917061746120453,0.5777378678321838,0.3432151675224304,0.6139163970947266,0.38573282957077026,0.4914245903491974,0.3840726912021637,0.5215540528297424,0.5083886384963989,0.5412905812263489,0.5763563513755798,0.5517553091049194,0.6270793676376343,0.4429188072681427,0.4035704433917999,0.456834077835083,0.5498852729797363,0.4648756980895996,0.6331353187561035,0.46665745973587036,0.6870323419570923,0.39610666036605835,0.41031938791275024,0.3972626328468323,0.5225148797035217,0.40975716710090637,0.5311992168426514,0.4179144501686096,0.5160187482833862,0.3564501702785492,0.4050741493701935,0.3641151189804077,0.4606018364429474,0.37686342000961304,0.44621044397354126,0.38218533992767334,0.4220021069049835,ㅈ
0.38632529973983765,0.22017569839954376,0.457025408744812,0.24033281207084656,0.5199221968650818,0.2928791344165802,0.5692219734191895,0.34077659249305725,0.605527937412262,0.381148099899292,0.4836830496788025,0.3807183504104614,0.5157245397567749,0.5030944347381592,0.53669673204422,0.5696658492088318,0.5488332509994507,0.6196817755699158,0.43649378418922424,0.4021628499031067,0.44880029559135437,0.5439639091491699,0.46009305119514465,0.6187654733657837,0.46683576703071594,0.6664900779724121,0.39117881655693054,0.409450888633728,0.39396753907203674,0.5258162021636963,0.4075468182563782,0.526839017868042,0.41703975200653076,0.5051385760307312,0.3533257246017456,0.40369096398353577,0.35942667722702026,0.460615873336792,0.37334775924682617,0.445142924785614,0.37911128997802734,0.42073795199394226,ㅈ
0.31948554515838623,0.27188289165496826,0.39852917194366455,0.26448899507522583,0.4744543135166168,0.29679688811302185,0.5353949069976807,0.3284265995025635,0.5759717226028442,0.36026835441589355,0.46615058183670044,0.3981940448284149,0.5243819355964661,0.5154055953025818,0.5578462481498718,0.5758558511734009,0.5775052905082703,0.6233011484146118,0.42435115575790405,0.4378151595592499,0.471588134765625,0.57975172996521,0.4970977306365967,0.6601436138153076,0.5081701874732971,0.7162046432495117,0.3808748424053192,0.4622175991535187,0.41108670830726624,0.5731160640716553,0.41429945826530457,0.5462676882743835,0.4101503789424896,0.5070645809173584,0.33971863985061646,0.4725914001464844,0.3611813187599182,0.5281053781509399,0.3641511797904968,0.5022813081741333,0.36057421565055847,0.4733554720878601,ㅈ
0.34010499715805054,0.24450817704200745,0.41524115204811096,0.2415478229522705,0.4886225461959839,0.2741278409957886,0.5466499924659729,0.30758464336395264,0.58542799949646,0.3405417799949646,0.4843776226043701,0.3777361512184143,0.5377053022384644,0.4846537411212921,0.568382978439331,0.5429447293281555,0.5865799188613892,0.5885865688323975,0.4443739056587219,0.40982338786125183,0.4851100444793701,0.546157717704773,0.5082808136940002,0.6235934495925903,0.5185065865516663,0.6770124435424805,0.4011000990867615,0.42463091015815735,0.4249557852745056,0.5447239279747009,0.4227789044380188,0.5149762630462646,0.4166661500930786,0.47220757603645325,0.3568906784057617,0.4282863736152649,0.37143757939338684,0.49984440207481384,0.3740360736846924,0.47177234292030334,0.3727142810821533,0.43457815051078796,ㅈ
0.35370463132858276,0.2917318344116211,0.4281211197376251,0.304388165473938,0.4928271174430847,0.34662342071533203,0.5458213090896606,0.3885636329650879,0.58183753490448,0.4270574152469635,0.4623453915119171,0.44298672676086426,0.49911075830459595,0.5678997039794922,0.5208607912063599,0.6372165679931641,0.5318623781204224,0.6918414831161499,0.4136373996734619,0.4745652675628662,0.43058305978775024,0.6152010560035706,0.44287893176078796,0.6889153122901917,0.44921985268592834,0.7403100728988647,0.36897769570350647,0.4904789626598358,0.38235586881637573,0.598556637763977,0.3936406672000885,0.5726232528686523,0.3976161479949951,0.5320873260498047,0.3294520676136017,0.49324846267700195,0.34520143270492554,0.5379412174224854,0.3579716086387634,0.5110189914703369,0.36233407258987427,0.4839208722114563,ㅈ
0.3505115509033203,0.25655287504196167,0.4163764715194702,0.2779652178287506,0.4674534797668457,0.3248245418071747,0.5158005356788635,0.3618115782737732,0.5496553778648376,0.3930682837963104,0.43954721093177795,0.41393113136291504,0.4485792815685272,0.53473961353302,0.45388907194137573,0.6007579565048218,0.4506191909313202,0.6508685350418091,0.39509275555610657,0.42939871549606323,0.38738951086997986,0.5664421916007996,0.3812415301799774,0.6475904583930969,0.3700001537799835,0.7025744318962097,0.3540148437023163,0.43237999081611633,0.35796815156936646,0.5193456411361694,0.36761367321014404,0.49166256189346313,0.3705613315105438,0.454558789730072,0.317964106798172,0.42637792229652405,0.3301590085029602,0.47593024373054504,0.34034204483032227,0.453630268573761,0.34173476696014404,0.42671138048171997,ㅈ
0.3370630443096161,0.27519166469573975,0.40719568729400635,0.29336830973625183,0.4620998501777649,0.340287446975708,0.5113636255264282,0.3811279237270355,0.5457760095596313,0.414551705121994,0.4349234700202942,0.4339667856693268,0.4480326771736145,0.5543481111526489,0.4566969871520996,0.6222408413887024,0.457413911819458,0.6760550737380981,0.38738811016082764,0.45495879650115967,0.3832351565361023,0.585063099861145,0.379018098115921,0.6583192348480225,0.37287259101867676,0.709180474281311,0.3440423011779785,0.45971983671188354,0.35318177938461304,0.5379690527915955,0.36113908886909485,0.5112287998199463,0.3629930913448334,0.47318264842033386,0.3074217140674591,0.4543003439903259,0.3229905366897583,0.49682727456092834,0.33296823501586914,0.4722917377948761,0.3340322971343994,0.4439225196838379,ㅈ
0.32874780893325806,0.3047164976596832,0.39662688970565796,0.33175379037857056,0.4498399496078491,0.38976386189460754,0.49877479672431946,0.4350152611732483,0.534650444984436,0.4585669934749603,0.41419145464897156,0.4810850918292999,0.43160587549209595,0.5946236848831177,0.44169726967811584,0.6597654223442078,0.44491010904312134,0.7115337252616882,0.36599886417388916,0.4983016550540924,0.35353362560272217,0.6277613639831543,0.34337669610977173,0.7039068341255188,0.3318674564361572,0.7574377655982971,0.3232880234718323,0.4965939521789551,0.3279963731765747,0.5853817462921143,0.33941465616226196,0.5613523721694946,0.34405088424682617,0.5256233811378479,0.2870202958583832,0.48472708463668823,0.30014944076538086,0.5387704968452454,0.312953919172287,0.5172902941703796,0.3150688409805298,0.49072960019111633,ㅈ
0.28309202194213867,0.3430204689502716,0.3546997904777527,0.33838123083114624,0.42572587728500366,0.37536925077438354,0.48810651898384094,0.39709901809692383,0.5298870801925659,0.38679981231689453,0.4208599627017975,0.48951098322868347,0.4618670344352722,0.5934587717056274,0.48620668053627014,0.6542779803276062,0.5006377696990967,0.7024941444396973,0.3780880272388458,0.5225799083709717,0.39404308795928955,0.6460856199264526,0.4042051136493683,0.7149523496627808,0.4089072644710541,0.7621527910232544,0.3333815634250641,0.5364207625389099,0.35092693567276,0.613817572593689,0.3528813123703003,0.5803531408309937,0.34731054306030273,0.5390198230743408,0.29051172733306885,0.5387628674507141,0.30779221653938293,0.5798701047897339,0.3108351230621338,0.5481566786766052,0.305568665266037,0.5174581408500671,ㅈ
0.2670471668243408,0.2962392568588257,0.33883044123649597,0.2855531573295593,0.40962493419647217,0.3180747926235199,0.4708159863948822,0.33482229709625244,0.5144120454788208,0.3328997492790222,0.4186294674873352,0.427111953496933,0.4607324004173279,0.5289957523345947,0.4876825213432312,0.5860247015953064,0.5048669576644897,0.6328136920928955,0.3783823549747467,0.46088552474975586,0.40486282110214233,0.5941327810287476,0.42117011547088623,0.6754333972930908,0.4264208674430847,0.7357428073883057,0.33298155665397644,0.4758521616458893,0.3520198166370392,0.5624923706054688,0.3516131043434143,0.5228630900382996,0.3456547260284424,0.48045575618743896,0.28728485107421875,0.4805362820625305,0.30708882212638855,0.5318293571472168,0.3065425157546997,0.49637001752853394,0.29926812648773193,0.4612474739551544,ㅈ
0.3039834797382355,0.2901780605316162,0.37422770261764526,0.28387027978897095,0.43883800506591797,0.31910616159439087,0.4941541254520416,0.3447796404361725,0.5338988304138184,0.3641670048236847,0.4408019185066223,0.4326786994934082,0.4734067916870117,0.5411879420280457,0.4921680688858032,0.6015254259109497,0.5013056993484497,0.6509019136428833,0.39948344230651855,0.4649415612220764,0.4157618582248688,0.5886349678039551,0.42564791440963745,0.667789876461029,0.42516273260116577,0.7252574563026428,0.3565516173839569,0.4759950041770935,0.3696950376033783,0.5505274534225464,0.3712913691997528,0.5128519535064697,0.3674829304218292,0.47189828753471375,0.315158873796463,0.4770810008049011,0.32792142033576965,0.5131232738494873,0.33062881231307983,0.4805225729942322,0.32758617401123047,0.4495489299297333,ㅈ
0.3648744821548462,0.36521536111831665,0.4255005717277527,0.3789529800415039,0.4741135239601135,0.4232473075389862,0.5144161581993103,0.46133938431739807,0.5439208745956421,0.4920866787433624,0.45445969700813293,0.5267496705055237,0.4655839204788208,0.6191872954368591,0.4715394675731659,0.6728729605674744,0.4713931083679199,0.7165192365646362,0.41505908966064453,0.5426296591758728,0.4070914387702942,0.6395184993743896,0.40224480628967285,0.6965821385383606,0.39500972628593445,0.7374945282936096,0.37751004099845886,0.5399019718170166,0.3748721480369568,0.5910090804100037,0.38461047410964966,0.5627293586730957,0.38920941948890686,0.5285789370536804,0.3434737026691437,0.5283706188201904,0.34859272837638855,0.5517783164978027,0.35692059993743896,0.5259866714477539,0.3594900667667389,0.4999527335166931,ㅈ
0.36714330315589905,0.3522982597351074,0.4187375605106354,0.3723580241203308,0.4574887752532959,0.4119994044303894,0.4931912124156952,0.4486445486545563,0.5161190032958984,0.4815985858440399,0.42713215947151184,0.48650479316711426,0.43365922570228577,0.5768617391586304,0.4382988214492798,0.6280839443206787,0.43788862228393555,0.6679911017417908,0.39109212160110474,0.4991268813610077,0.3853623569011688,0.5980229377746582,0.3806071877479553,0.6603038907051086,0.37191644310951233,0.7033630609512329,0.3600033223628998,0.4967186450958252,0.3659631907939911,0.5570404529571533,0.3768617808818817,0.5387117266654968,0.3809121251106262,0.5106675624847412,0.3351684510707855,0.48719438910484314,0.3479595184326172,0.5199847221374512,0.3578554689884186,0.5033266544342041,0.3593348264694214,0.4821871519088745,ㅈ
0.3620399534702301,0.3536008596420288,0.4091190993785858,0.36930567026138306,0.44775617122650146,0.40532124042510986,0.47797441482543945,0.4347309470176697,0.5005607008934021,0.4597232937812805,0.4154367446899414,0.47005343437194824,0.4226822853088379,0.5571016073226929,0.42620232701301575,0.6023304462432861,0.4255183935165405,0.6371052265167236,0.3815647065639496,0.47883284091949463,0.3760688304901123,0.5759623050689697,0.3714744448661804,0.633745551109314,0.36326128244400024,0.6750640273094177,0.3528757393360138,0.4776584804058075,0.3585619330406189,0.5420556664466858,0.3698471188545227,0.5261725187301636,0.37425047159194946,0.501130998134613,0.33008360862731934,0.47160494327545166,0.3417474627494812,0.5120307207107544,0.35212260484695435,0.4990032911300659,0.35387200117111206,0.48057401180267334,ㅈ
0.34575578570365906,0.3640424311161041,0.39552727341651917,0.3682033121585846,0.43830153346061707,0.3960270881652832,0.47370249032974243,0.41966354846954346,0.49997836351394653,0.44162827730178833,0.41907909512519836,0.46619948744773865,0.4385743737220764,0.550042450428009,0.4496990740299225,0.5938835740089417,0.4546297788619995,0.6288956999778748,0.3859792947769165,0.4839138984680176,0.39222630858421326,0.5791885256767273,0.3936469554901123,0.6366894245147705,0.3898930549621582,0.6784963011741638,0.3564068078994751,0.4899855852127075,0.36999833583831787,0.5461382269859314,0.3759700655937195,0.5248504281044006,0.3753334879875183,0.49861931800842285,0.33166760206222534,0.48925545811653137,0.34770482778549194,0.5177335143089294,0.35301223397254944,0.4994257986545563,0.3500860631465912,0.4804774224758148,ㅈ
0.3394540548324585,0.3385307192802429,0.39578819274902344,0.34342238306999207,0.4404831826686859,0.3741721510887146,0.482458233833313,0.39968258142471313,0.5101765394210815,0.42857882380485535,0.42045310139656067,0.4544145166873932,0.4437655508518219,0.5458382368087769,0.45675143599510193,0.5937535762786865,0.46131807565689087,0.6326732635498047,0.3834761381149292,0.47260114550590515,0.38552984595298767,0.5761249661445618,0.38387975096702576,0.6377254128456116,0.37764325737953186,0.6803556680679321,0.35113584995269775,0.47656211256980896,0.3616872727870941,0.5389255881309509,0.3685368299484253,0.5147467255592346,0.37051287293434143,0.48559385538101196,0.3249415159225464,0.47329503297805786,0.33840933442115784,0.5043968558311462,0.34381040930747986,0.4818524420261383,0.34187883138656616,0.4588738977909088,ㅈ
0.3644792139530182,0.2591407299041748,0.42497965693473816,0.27176380157470703,0.4765663146972656,0.3097701668739319,0.5202443599700928,0.3432103395462036,0.5501300096511841,0.375899076461792,0.45067980885505676,0.4063032269477844,0.47689884901046753,0.5006276965141296,0.49100396037101746,0.5545286536216736,0.49668776988983154,0.5997626185417175,0.410194456577301,0.4242381751537323,0.4090348482131958,0.537355899810791,0.4069976508617401,0.6036084890365601,0.40220630168914795,0.6503775119781494,0.3728633224964142,0.4221561551094055,0.38240915536880493,0.4957822561264038,0.3906507194042206,0.46453458070755005,0.3937574625015259,0.42889657616615295,0.33958709239959717,0.4097326993942261,0.3539634346961975,0.44957464933395386,0.36441999673843384,0.4247646629810333,0.36707884073257446,0.3979828655719757,ㅈ
0.38979852199554443,0.19253922998905182,0.464078813791275,0.2088109701871872,0.532014787197113,0.2618507742881775,0.5852755308151245,0.3073894679546356,0.6229342222213745,0.3439185917377472,0.5039066672325134,0.3727951645851135,0.5401067137718201,0.4885933995246887,0.5621029734611511,0.5530968308448792,0.5755701661109924,0.6047103404998779,0.4552786648273468,0.39178457856178284,0.45882511138916016,0.5387145280838013,0.46168404817581177,0.6213489770889282,0.458465039730072,0.6794865131378174,0.408718079328537,0.38929566740989685,0.4146979749202728,0.4961462914943695,0.42095717787742615,0.45614081621170044,0.42154571413993835,0.41361621022224426,0.3639838397502899,0.37659138441085815,0.37660592794418335,0.4473617374897003,0.38525596261024475,0.41332972049713135,0.38507208228111267,0.3764893710613251,ㅈ
0.35476356744766235,0.29177266359329224,0.4273740351200104,0.3164328932762146,0.4800683856010437,0.3704715371131897,0.5292867422103882,0.4153169095516205,0.5602372884750366,0.46145156025886536,0.4398275911808014,0.4891626238822937,0.4645804464817047,0.6089761257171631,0.4799838960170746,0.6784349083900452,0.48531997203826904,0.7346757054328918,0.3880980312824249,0.5071547627449036,0.3804006576538086,0.6413167715072632,0.370393842458725,0.7220473885536194,0.3561535179615021,0.7786804437637329,0.34350767731666565,0.499894380569458,0.3520357608795166,0.5771281719207764,0.3666641116142273,0.5452930331230164,0.37197357416152954,0.5075101256370544,0.3061003088951111,0.4809424877166748,0.3222774863243103,0.5218454599380493,0.3365376889705658,0.49369561672210693,0.33872073888778687,0.46486762166023254,ㅈ
0.3346678614616394,0.3309186100959778,0.40230268239974976,0.37529587745666504,0.4474858343601227,0.44277727603912354,0.48903506994247437,0.5077725052833557,0.5110780000686646,0.564590573310852,0.38949018716812134,0.5391878485679626,0.3896198868751526,0.6745831966400146,0.38973188400268555,0.7506262063980103,0.38439711928367615,0.8061416745185852,0.33396077156066895,0.5439679622650146,0.3063122630119324,0.6767497658729553,0.29142996668815613,0.7539023756980896,0.2780904173851013,0.804412841796875,0.29036593437194824,0.5292233228683472,0.29465845227241516,0.6115231513977051,0.31325283646583557,0.5904519557952881,0.3249063789844513,0.5545463562011719,0.259172260761261,0.5079348087310791,0.27516353130340576,0.5548833012580872,0.29261064529418945,0.5358380675315857,0.29938432574272156,0.5084962248802185,ㅈ
0.35601696372032166,0.23393210768699646,0.41642722487449646,0.2646706700325012,0.46516239643096924,0.3231082856655121,0.5067542195320129,0.3690324127674103,0.5349211692810059,0.40963882207870483,0.42192786931991577,0.40415719151496887,0.43593665957450867,0.511549711227417,0.4415956437587738,0.5710760354995728,0.43985289335250854,0.6175013184547424,0.3753074109554291,0.41287490725517273,0.3578166961669922,0.5351748466491699,0.3427930176258087,0.6064254641532898,0.32619160413742065,0.6552232503890991,0.3370925188064575,0.4032992422580719,0.3364682197570801,0.4863767623901367,0.35286760330200195,0.45975783467292786,0.36292779445648193,0.42530256509780884,0.30609697103500366,0.3861108124256134,0.31666216254234314,0.43854889273643494,0.3322898745536804,0.41844311356544495,0.3399900794029236,0.3917771279811859,ㅈ
0.39719143509864807,0.2672574520111084,0.46420082449913025,0.28469395637512207,0.5229600667953491,0.3319071829319,0.5725337862968445,0.3721553087234497,0.6040306091308594,0.40669646859169006,0.5021851658821106,0.422946572303772,0.5281674265861511,0.5341253280639648,0.5459496378898621,0.5950175523757935,0.5549590587615967,0.6430799961090088,0.46054136753082275,0.4371933937072754,0.4565393626689911,0.5644543170928955,0.45427069067955017,0.6439042091369629,0.44811493158340454,0.6990492939949036,0.4209991991519928,0.43655338883399963,0.41840797662734985,0.5200810432434082,0.4244979918003082,0.4875752031803131,0.42662113904953003,0.447592556476593,0.3845115602016449,0.42740491032600403,0.38827961683273315,0.47935259342193604,0.39535751938819885,0.4484841227531433,0.3968792259693146,0.41476017236709595,ㅈ
0.3376643657684326,0.25986379384994507,0.41031613945961,0.2710796594619751,0.47617995738983154,0.31389662623405457,0.5290483236312866,0.3528144657611847,0.567689061164856,0.3858983516693115,0.44759073853492737,0.4048890769481659,0.48772355914115906,0.5238450765609741,0.5095604062080383,0.587970495223999,0.5206024050712585,0.6378461718559265,0.40064042806625366,0.42638278007507324,0.4215318560600281,0.5633223056793213,0.4329143762588501,0.6316952109336853,0.4374513328075409,0.6775096654891968,0.35656899213790894,0.43798118829727173,0.36822709441185,0.5454893708229065,0.37789854407310486,0.5217282176017761,0.3815183639526367,0.4828377366065979,0.31800955533981323,0.43998485803604126,0.33264783024787903,0.5068812966346741,0.3442419767379761,0.4826616644859314,0.3479216992855072,0.45219627022743225,ㅈ
0.33976805210113525,0.27225837111473083,0.41165438294410706,0.28338193893432617,0.4757547676563263,0.3286665380001068,0.5272950530052185,0.3686067461967468,0.5650016069412231,0.4048405885696411,0.44366908073425293,0.4122093617916107,0.48052310943603516,0.5358678102493286,0.501822829246521,0.6037690043449402,0.5130764245986938,0.6564093828201294,0.3946397304534912,0.4318028390407562,0.40998247265815735,0.5700271129608154,0.4185278117656708,0.6333765983581543,0.42390167713165283,0.6754027605056763,0.348835825920105,0.4438497722148895,0.36174264550209045,0.5598136782646179,0.37346163392066956,0.5401550531387329,0.3792509436607361,0.5038473010063171,0.30971816182136536,0.4490779936313629,0.3264824151992798,0.5185528993606567,0.3396342694759369,0.4967021644115448,0.3444358706474304,0.46939724683761597,ㅈ
0.3354063630104065,0.2680068016052246,0.40982508659362793,0.2847999930381775,0.47286170721054077,0.3357062339782715,0.5271010398864746,0.37846845388412476,0.5649365186691284,0.4186881184577942,0.4357653558254242,0.4207860827445984,0.46953675150871277,0.5447985529899597,0.4904686212539673,0.6159804463386536,0.5001541376113892,0.67307448387146,0.38570231199264526,0.43849632143974304,0.39557012915611267,0.5847480893135071,0.4029468894004822,0.6650184392929077,0.40548110008239746,0.7234517931938171,0.3375950753688812,0.44694608449935913,0.3442969024181366,0.5757296681404114,0.3590337038040161,0.5551663637161255,0.36548811197280884,0.5146200060844421,0.2967084050178528,0.4465120732784271,0.3108236789703369,0.5308159589767456,0.32715898752212524,0.5110092163085938,0.3323744535446167,0.4787787199020386,ㅈ
0.3396121859550476,0.2192147970199585,0.41390782594680786,0.2505302429199219,0.472976952791214,0.2985806167125702,0.5247108340263367,0.33502906560897827,0.5630264282226562,0.3733060956001282,0.4370115101337433,0.3702448606491089,0.46643081307411194,0.479653000831604,0.48424237966537476,0.5444478392601013,0.49305734038352966,0.5953572988510132,0.3881794512271881,0.3830932676792145,0.3955062925815582,0.5296128392219543,0.40322378277778625,0.6149231791496277,0.40196046233177185,0.6720216870307922,0.3434487283229828,0.3882955014705658,0.34751299023628235,0.5127768516540527,0.36252903938293457,0.49094098806381226,0.368661493062973,0.4551568329334259,0.30364468693733215,0.3894524574279785,0.31515973806381226,0.47166693210601807,0.3304867744445801,0.4533655643463135,0.33655208349227905,0.42761942744255066,ㅈ
0.35075315833091736,0.22192074358463287,0.42465537786483765,0.24935467541217804,0.4866548776626587,0.30618417263031006,0.5396735072135925,0.35132551193237305,0.5781459212303162,0.38951653242111206,0.44525718688964844,0.37939634919166565,0.4738444685935974,0.4992208182811737,0.49486595392227173,0.5684101581573486,0.5053203105926514,0.6221492290496826,0.3956129848957062,0.3945873975753784,0.4030240476131439,0.5463417768478394,0.40987756848335266,0.633658230304718,0.4108755588531494,0.6943163275718689,0.34757328033447266,0.4010187089443207,0.35435712337493896,0.5280531048774719,0.3714488446712494,0.5102885961532593,0.3792600631713867,0.47345343232154846,0.3062751293182373,0.39851993322372437,0.3236604332923889,0.4774056375026703,0.34098896384239197,0.4589637219905853,0.3455160856246948,0.4313695728778839,ㅈ
0.3636120557785034,0.2324925661087036,0.436124324798584,0.2621512711048126,0.4954105615615845,0.3205423057079315,0.5476928353309631,0.3714548349380493,0.58424311876297,0.4154268801212311,0.4500598907470703,0.4038406312465668,0.4755062162876129,0.5332939624786377,0.49161118268966675,0.6070742607116699,0.4984476566314697,0.666023850440979,0.3984341025352478,0.41909632086753845,0.3991276025772095,0.5706949234008789,0.40280765295028687,0.6594740152359009,0.4021086096763611,0.7242271900177002,0.3514676094055176,0.4205424189567566,0.3519297242164612,0.5452960729598999,0.3692983090877533,0.5274863243103027,0.379091739654541,0.4917795658111572,0.3131639063358307,0.41217562556266785,0.321882426738739,0.48918068408966064,0.34140244126319885,0.47291281819343567,0.34888893365859985,0.447593629360199,ㅈ
0.38073062896728516,0.21921423077583313,0.4544597864151001,0.24942581355571747,0.514715313911438,0.31260573863983154,0.5650414824485779,0.36689651012420654,0.6012788414955139,0.41227465867996216,0.46663370728492737,0.39427781105041504,0.49198558926582336,0.5279055833816528,0.5094194412231445,0.6028273701667786,0.5179259777069092,0.6604861617088318,0.41555255651474,0.40831634402275085,0.4182678163051605,0.558648407459259,0.422594279050827,0.639793872833252,0.4240467846393585,0.6977087259292603,0.3681650459766388,0.41106367111206055,0.3692740797996521,0.5356165170669556,0.3891947269439697,0.522623598575592,0.40186792612075806,0.4894096553325653,0.3304845690727234,0.40338656306266785,0.34081509709358215,0.471183717250824,0.3610844016075134,0.4573855996131897,0.3689063787460327,0.43575334548950195,ㅈ
0.3960016667842865,0.2492818981409073,0.47113439440727234,0.27762845158576965,0.5299047827720642,0.33696359395980835,0.5814156532287598,0.39269405603408813,0.6163499355316162,0.43851011991500854,0.485584020614624,0.41770264506340027,0.5125567317008972,0.5519328713417053,0.5276439189910889,0.6282984614372253,0.5367485880851746,0.6835784316062927,0.43201762437820435,0.437739759683609,0.43498149514198303,0.5782478451728821,0.4467494487762451,0.6201138496398926,0.460284948348999,0.6349119544029236,0.3832103908061981,0.4430868625640869,0.3880845606327057,0.5588030219078064,0.40474945306777954,0.54644775390625,0.41619277000427246,0.5122025012969971,0.3448026776313782,0.43519553542137146,0.3538011908531189,0.49400538206100464,0.3720380663871765,0.47478383779525757,0.3804968595504761,0.4502045810222626,ㅈ
0.34688425064086914,0.22424836456775665,0.4163273572921753,0.24816404283046722,0.47624093294143677,0.3031325340270996,0.5256155133247375,0.3498115539550781,0.5613346695899963,0.38862818479537964,0.4355241656303406,0.3801673650741577,0.4629814624786377,0.5006198287010193,0.4798402190208435,0.5670963525772095,0.48768413066864014,0.6193837523460388,0.38731831312179565,0.39788174629211426,0.3929920792579651,0.5470795035362244,0.39974135160446167,0.630852997303009,0.39955687522888184,0.6894225478172302,0.34257572889328003,0.40360262989997864,0.3477115333080292,0.5273511409759521,0.3643137812614441,0.5028380155563354,0.37137657403945923,0.4636313319206238,0.3047427237033844,0.40020716190338135,0.3204110860824585,0.47027844190597534,0.3372132480144501,0.4504368305206299,0.34172722697257996,0.42440539598464966,ㅈ
