0.6399012804031372,0.34890735149383545,0.5565657019615173,0.3472551107406616,0.4909025728702545,0.3969983458518982,0.42913952469825745,0.4483119547367096,0.3792247474193573,0.47054213285446167,0.48858219385147095,0.5028741359710693,0.43879079818725586,0.6246035695075989,0.4132981300354004,0.6985689997673035,0.39477548003196716,0.7617371678352356,0.5338124632835388,0.548768162727356,0.497356653213501,0.6877841949462891,0.4747745096683502,0.7772748470306396,0.4609816074371338,0.844839870929718,0.5832425355911255,0.5650872588157654,0.5751584768295288,0.693652868270874,0.5652837753295898,0.7807525396347046,0.5646452903747559,0.8407489061355591,0.6251291036605835,0.5579583048820496,0.6049342751502991,0.5956343412399292,0.5999455451965332,0.5681306719779968,0.6011181473731995,0.5324172377586365,ㅊ
0.6836075782775879,0.31336817145347595,0.5979541540145874,0.30685487389564514,0.5277889966964722,0.3478471040725708,0.4619027078151703,0.3919200897216797,0.41100186109542847,0.4100094437599182,0.5234797596931458,0.4403911530971527,0.4674728214740753,0.556968092918396,0.4373510479927063,0.6258502006530762,0.413128525018692,0.6856904029846191,0.5671061873435974,0.4891032576560974,0.52243971824646,0.6255125999450684,0.4952388405799866,0.7105498313903809,0.47636449337005615,0.7792795896530151,0.6132341027259827,0.5146308541297913,0.5954285264015198,0.6458651423454285,0.5792143940925598,0.7293349504470825,0.5733359456062317,0.7921009063720703,0.6518958210945129,0.5197458863258362,0.6259341835975647,0.5724173188209534,0.6213423013687134,0.5530501008033752,0.6228883862495422,0.5291350483894348,ㅊ
0.691046416759491,0.3392958343029022,0.6083720326423645,0.3217765986919403,0.5369265675544739,0.35549354553222656,0.46849024295806885,0.39332589507102966,0.4175345301628113,0.40833550691604614,0.5221853852272034,0.4521970748901367,0.4599289298057556,0.5607619285583496,0.42572346329689026,0.6259223818778992,0.39789891242980957,0.6819354891777039,0.5609819293022156,0.505321741104126,0.5087547898292542,0.6365559697151184,0.47687792778015137,0.7182679176330566,0.4545622766017914,0.7832974195480347,0.6058764457702637,0.5334756374359131,0.5817058682441711,0.6612913608551025,0.562042772769928,0.7407462000846863,0.5531714558601379,0.7989094257354736,0.645753026008606,0.5375583171844482,0.6203513145446777,0.5903587937355042,0.6200812458992004,0.5735039114952087,0.6255326867103577,0.5500664710998535,ㅊ
0.6833333969116211,0.39521878957748413,0.6028395295143127,0.3578702211380005,0.5260877013206482,0.3785872459411621,0.4510684907436371,0.4029139280319214,0.3969537019729614,0.4059617519378662,0.4979015588760376,0.47894662618637085,0.42016443610191345,0.5720512270927429,0.3784864544868469,0.6320180296897888,0.346319317817688,0.6835888624191284,0.5307272672653198,0.5435762405395508,0.465234637260437,0.6666233539581299,0.426199734210968,0.7450404167175293,0.3985569477081299,0.8053733706474304,0.5737015604972839,0.5821781158447266,0.5389667749404907,0.7039833068847656,0.5100024342536926,0.7828778028488159,0.4936716854572296,0.8394992351531982,0.6143025159835815,0.5955355763435364,0.5924760103225708,0.6296843886375427,0.5994881391525269,0.6052349209785461,0.6107211112976074,0.57440185546875,ㅊ
0.6753517389297485,0.3851998448371887,0.5918264985084534,0.34944939613342285,0.5168703198432922,0.3711475431919098,0.4425337612628937,0.3963896632194519,0.38890331983566284,0.40189069509506226,0.48872897028923035,0.477206289768219,0.4137274920940399,0.5728525519371033,0.37309151887893677,0.6315887570381165,0.34139081835746765,0.6834296584129333,0.5236625671386719,0.5408215522766113,0.4608522057533264,0.6665193438529968,0.423227995634079,0.7447065711021423,0.39603930711746216,0.8060081005096436,0.5695059299468994,0.5769476890563965,0.5366193056106567,0.7022929191589355,0.5114821195602417,0.784291684627533,0.4981226325035095,0.8432720899581909,0.6119800209999084,0.5847676992416382,0.5890768766403198,0.6252445578575134,0.5932419300079346,0.6028749346733093,0.6023026704788208,0.5726093649864197,ㅊ
0.651049017906189,0.2925598621368408,0.5667410492897034,0.2851797938346863,0.49669840931892395,0.32717692852020264,0.43350517749786377,0.37661248445510864,0.3846997022628784,0.4011455476284027,0.48922544717788696,0.4237322211265564,0.43551066517829895,0.5403769612312317,0.4079907238483429,0.6105472445487976,0.38612109422683716,0.6708338260650635,0.5328562259674072,0.4691489040851593,0.4930095374584198,0.6087111234664917,0.47003477811813354,0.6920396089553833,0.45327386260032654,0.7584256529808044,0.5798926949501038,0.4918460547924042,0.5663816332817078,0.6255276799201965,0.5543419718742371,0.7081820964813232,0.5496283769607544,0.7711671590805054,0.619848906993866,0.49238917231559753,0.5976042151451111,0.5506749153137207,0.5972346663475037,0.534432590007782,0.6008238196372986,0.5132929086685181,ㅊ
0.6418156623840332,0.289600133895874,0.5538097620010376,0.29367944598197937,0.4879901707172394,0.35017627477645874,0.42753681540489197,0.40874791145324707,0.3791922926902771,0.4401375353336334,0.4910043179988861,0.43436670303344727,0.4458676278591156,0.5652511119842529,0.4223925471305847,0.6415507197380066,0.4041903018951416,0.7069844007492065,0.5409339070320129,0.47473230957984924,0.509239673614502,0.6266175508499146,0.49008995294570923,0.7203723192214966,0.47657328844070435,0.7958238124847412,0.5897234082221985,0.4940507709980011,0.5847110748291016,0.6367573142051697,0.5799954533576965,0.7233630418777466,0.5810731053352356,0.7893263101577759,0.6293226480484009,0.49471455812454224,0.6086921691894531,0.5652812123298645,0.6038275361061096,0.5519797801971436,0.6026109457015991,0.5320923328399658,ㅊ
0.614924430847168,0.2619187533855438,0.5286073088645935,0.27704668045043945,0.4658504128456116,0.3362886607646942,0.4149847626686096,0.40623658895492554,0.37877675890922546,0.46226298809051514,0.4864664375782013,0.44793108105659485,0.4496558904647827,0.5832011699676514,0.4337417185306549,0.6642859578132629,0.42300766706466675,0.73284912109375,0.5392072796821594,0.483154833316803,0.5187905430793762,0.6284753680229187,0.5072391033172607,0.7218782305717468,0.5015498399734497,0.791304349899292,0.5888582468032837,0.49069979786872864,0.5933640599250793,0.6186681985855103,0.592379093170166,0.7086833715438843,0.5971113443374634,0.770220160484314,0.6272815465927124,0.47928178310394287,0.6152936816215515,0.5269470810890198,0.6132927536964417,0.49913641810417175,0.6145036220550537,0.4593302011489868,ㅊ
0.5964129567146301,0.26153644919395447,0.5125152468681335,0.28833454847335815,0.453963041305542,0.34987154603004456,0.3998229503631592,0.41852492094039917,0.361747682094574,0.4674539566040039,0.47657114267349243,0.45818623900413513,0.4445762038230896,0.5920464992523193,0.4295904040336609,0.6694971919059753,0.41891807317733765,0.7367835640907288,0.5317546129226685,0.4868421256542206,0.5183947682380676,0.6345944404602051,0.5120708346366882,0.7259984016418457,0.5104278922080994,0.797634482383728,0.5831441879272461,0.48911234736442566,0.593946635723114,0.620652437210083,0.5998894572257996,0.7058651447296143,0.6100617051124573,0.7646604776382446,0.6201741695404053,0.47277674078941345,0.6115806102752686,0.5389202833175659,0.6119375228881836,0.5170168876647949,0.616614818572998,0.4839957356452942,ㅊ
0.6513155102729797,0.2867450714111328,0.5658048987388611,0.32413628697395325,0.5102167725563049,0.3967151343822479,0.46088773012161255,0.46847763657569885,0.4184611439704895,0.5152856111526489,0.5444201231002808,0.49144041538238525,0.5184705853462219,0.6267589330673218,0.5068502426147461,0.7129935622215271,0.5008078813552856,0.7823667526245117,0.602691113948822,0.5191627144813538,0.5957502126693726,0.6667630076408386,0.5919432640075684,0.7636785507202148,0.5929544568061829,0.8367241621017456,0.6541892886161804,0.518683671951294,0.6697693467140198,0.6455765962600708,0.6730229258537292,0.7379688024520874,0.6804242730140686,0.8015667200088501,0.6904937028884888,0.5007970929145813,0.6707494854927063,0.5537002086639404,0.6482648253440857,0.5437831878662109,0.6335331201553345,0.5208656787872314,ㅊ
0.6608439087867737,0.2909091114997864,0.5728854537010193,0.30432966351509094,0.5104788541793823,0.3647962510585785,0.4533848166465759,0.43051356077194214,0.4049280881881714,0.4705817401409149,0.525891900062561,0.4745183289051056,0.4891319274902344,0.5999146103858948,0.46958720684051514,0.6779819130897522,0.4560414254665375,0.742996335029602,0.578263521194458,0.5129239559173584,0.5565328598022461,0.655377209186554,0.5418527722358704,0.7492097616195679,0.5342599153518677,0.8189883232116699,0.6292663812637329,0.5217878222465515,0.6260063052177429,0.6476332545280457,0.6155768036842346,0.7357776165008545,0.6146034598350525,0.7958487272262573,0.6687002182006836,0.5099292993545532,0.6396122574806213,0.5454493761062622,0.6231367588043213,0.5213263630867004,0.6159242987632751,0.48844680190086365,ㅊ
0.743985116481781,0.35073503851890564,0.6542875170707703,0.3172058165073395,0.5745571255683899,0.34381815791130066,0.4999089539051056,0.38052815198898315,0.44390738010406494,0.39245766401290894,0.5532115697860718,0.44583824276924133,0.4763765037059784,0.5451257824897766,0.43399807810783386,0.6077125668525696,0.40099358558654785,0.661181628704071,0.5910792350769043,0.5124136805534363,0.5224483013153076,0.6430149674415588,0.4801877439022064,0.725068211555481,0.45043545961380005,0.7900511622428894,0.6364271640777588,0.5520833134651184,0.5947775840759277,0.6801891326904297,0.560463547706604,0.7595258951187134,0.5413903594017029,0.8175212144851685,0.678348183631897,0.5638586282730103,0.6459301710128784,0.6062854528427124,0.6388179063796997,0.5915356874465942,0.6398170590400696,0.5710597038269043,ㅊ
0.75055992603302,0.36599496006965637,0.667816162109375,0.32570698857307434,0.5864677429199219,0.3378435969352722,0.510784387588501,0.36053651571273804,0.45481449365615845,0.35948479175567627,0.5608513951301575,0.4324565529823303,0.4731803834438324,0.5196210741996765,0.4232324957847595,0.577085554599762,0.38280320167541504,0.6273131966590881,0.5922957062721252,0.49687492847442627,0.5090632438659668,0.6149103045463562,0.4588471055030823,0.6892313957214355,0.4207172691822052,0.7496259212493896,0.6342040300369263,0.5392884016036987,0.5778294801712036,0.6666179895401001,0.5414124727249146,0.7458672523498535,0.5159415006637573,0.8046765327453613,0.677730143070221,0.5599905848503113,0.6411535143852234,0.6407475471496582,0.628086268901825,0.671305775642395,0.6178060173988342,0.6917502880096436,ㅊ
0.734352707862854,0.3549569845199585,0.6532812118530273,0.3166227340698242,0.5720247626304626,0.33414018154144287,0.4929118752479553,0.3586602210998535,0.4350634813308716,0.35888370871543884,0.5390476584434509,0.43074747920036316,0.4529710114002228,0.5218046307563782,0.40347594022750854,0.5792820453643799,0.363066166639328,0.6287384629249573,0.57106614112854,0.4942559599876404,0.49095016717910767,0.6176129579544067,0.4429789185523987,0.6938064098358154,0.40675586462020874,0.7549471259117126,0.6141236424446106,0.5350081920623779,0.5600249767303467,0.6637813448905945,0.5258303284645081,0.7431780099868774,0.5025412440299988,0.8018828630447388,0.658799409866333,0.552976667881012,0.6250563859939575,0.6326032876968384,0.6208948493003845,0.6511058807373047,0.6202037930488586,0.6577513813972473,ㅊ
0.6859859824180603,0.4233234226703644,0.5946534276008606,0.39128297567367554,0.5157797932624817,0.4219226539134979,0.4456236660480499,0.4642757177352905,0.3940802216529846,0.4896056652069092,0.4946414828300476,0.5466086864471436,0.4192129671573639,0.6580080389976501,0.37800338864326477,0.7268483638763428,0.34642452001571655,0.7849439382553101,0.5363181233406067,0.6117916107177734,0.47128379344940186,0.7483549118041992,0.43191319704055786,0.8346685171127319,0.4049510359764099,0.9001761674880981,0.5859863758087158,0.644009530544281,0.5526105165481567,0.7744359970092773,0.5257148742675781,0.8578920364379883,0.5114865899085999,0.9157818555831909,0.6321576237678528,0.6467056274414062,0.6123396754264832,0.6847549676895142,0.6106301546096802,0.6650802493095398,0.6141596436500549,0.6362178325653076,ㅊ
0.6657193899154663,0.3346075415611267,0.5816941857337952,0.31795239448547363,0.5080072283744812,0.34814122319221497,0.4445147216320038,0.39589253067970276,0.39895007014274597,0.43452537059783936,0.4915318489074707,0.4600747227668762,0.42469751834869385,0.5677434802055359,0.38872772455215454,0.6333732008934021,0.36081936955451965,0.6882582902908325,0.53219074010849,0.5095912218093872,0.47568610310554504,0.6484363079071045,0.4409100413322449,0.7296367883682251,0.41527220606803894,0.7936363220214844,0.5793210864067078,0.5348854064941406,0.5522485375404358,0.6709981560707092,0.5314863920211792,0.7510619759559631,0.5179126858711243,0.8103294372558594,0.6249151229858398,0.5366553664207458,0.5995529294013977,0.6104929447174072,0.6007171869277954,0.6067953109741211,0.6059935092926025,0.59128338098526,ㅊ
0.6634536385536194,0.38991600275039673,0.57329922914505,0.3690861463546753,0.4955943822860718,0.4030296504497528,0.4191960096359253,0.4298200309276581,0.36428529024124146,0.42134523391723633,0.4808269143104553,0.5186553597450256,0.40293943881988525,0.6300708055496216,0.3631344437599182,0.701277494430542,0.33270031213760376,0.759489119052887,0.5257193446159363,0.579209566116333,0.4643970727920532,0.7238174080848694,0.4286326467990875,0.8162254095077515,0.4039546251296997,0.8871284127235413,0.5756535530090332,0.6107030510902405,0.5471052527427673,0.7480260133743286,0.5263867974281311,0.8337436318397522,0.5171050429344177,0.8940465450286865,0.6203566193580627,0.6143234372138977,0.6019822955131531,0.660763144493103,0.6012160778045654,0.6450240612030029,0.6046866178512573,0.6205702424049377,ㅊ
0.6613414883613586,0.3439778685569763,0.5725833177566528,0.32527482509613037,0.49296069145202637,0.3529551029205322,0.4155142903327942,0.3755686581134796,0.36026936769485474,0.3827652633190155,0.4799779951572418,0.46521347761154175,0.4066655933856964,0.5695188045501709,0.3697107136249542,0.6383130550384521,0.3427475690841675,0.6979258060455322,0.5232199430465698,0.5226030945777893,0.4654872417449951,0.6649692058563232,0.43222737312316895,0.7524124383926392,0.40869173407554626,0.8233428001403809,0.573279619216919,0.5537425875663757,0.5436797142028809,0.6947303414344788,0.5224040746688843,0.7801823616027832,0.5106762647628784,0.8439697623252869,0.6175290942192078,0.5592065453529358,0.5904517769813538,0.6246209144592285,0.5929903388023376,0.6094241142272949,0.6001331210136414,0.5836827754974365,ㅊ
0.6668503880500793,0.32786908745765686,0.5761516094207764,0.3003110885620117,0.4942229092121124,0.32493793964385986,0.4165302813053131,0.33661365509033203,0.36250293254852295,0.3130969703197479,0.4809870421886444,0.41753241419792175,0.4098162055015564,0.5232035517692566,0.3718685507774353,0.5921632647514343,0.3424417972564697,0.6495454907417297,0.5196154117584229,0.4837212562561035,0.4565308690071106,0.6327723264694214,0.4210856258869171,0.7248224020004272,0.3956635296344757,0.7951899766921997,0.5666503310203552,0.5262454152107239,0.5331673622131348,0.671505331993103,0.5089505910873413,0.7609338760375977,0.4944552481174469,0.8258940577507019,0.6118995547294617,0.5422090888023376,0.5876408815383911,0.6046299338340759,0.594433069229126,0.5864164233207703,0.6037837266921997,0.5578123927116394,ㅊ
0.6705816984176636,0.34199726581573486,0.5771645903587341,0.3187577426433563,0.49379250407218933,0.3492223620414734,0.4133719801902771,0.372033953666687,0.3551211357116699,0.36957406997680664,0.48266738653182983,0.45244085788726807,0.4105185270309448,0.5634612441062927,0.3740864098072052,0.6342107057571411,0.34711378812789917,0.6949340105056763,0.5273383259773254,0.517012357711792,0.46924537420272827,0.6671558618545532,0.4360124468803406,0.759825587272644,0.4131639003753662,0.8311158418655396,0.5785806179046631,0.5538815855979919,0.5484585165977478,0.6987056136131287,0.527195155620575,0.7914218902587891,0.5160524845123291,0.8606879711151123,0.6231098771095276,0.5638315677642822,0.5996600985527039,0.6192010641098022,0.602311909198761,0.6010396480560303,0.6085793375968933,0.5741663575172424,ㅊ
0.6322260499000549,0.24102719128131866,0.5443445444107056,0.24221253395080566,0.468160480260849,0.2854095697402954,0.40817832946777344,0.3464491367340088,0.3690890073776245,0.4003150463104248,0.48002249002456665,0.37755534052848816,0.4257739782333374,0.49867162108421326,0.40205514430999756,0.5726068615913391,0.3852260112762451,0.6351430416107178,0.5312641859054565,0.4241991341114044,0.4941793978214264,0.5784695148468018,0.47390422224998474,0.6696127653121948,0.4606873393058777,0.7457540035247803,0.5802388787269592,0.4471234083175659,0.5703374743461609,0.5921162366867065,0.558679461479187,0.6791388392448425,0.5545614957809448,0.7473982572555542,0.6193931698799133,0.4495295286178589,0.5912401080131531,0.5161526203155518,0.5829729437828064,0.5000790953636169,0.5801399350166321,0.4759211838245392,ㅊ
0.5928609371185303,0.24166758358478546,0.5049776434898376,0.2522665858268738,0.43754976987838745,0.3051319122314453,0.39011186361312866,0.37936997413635254,0.3696802854537964,0.4498583674430847,0.4498354494571686,0.41092097759246826,0.4094597399234772,0.5375272631645203,0.3909253180027008,0.6146533489227295,0.377127468585968,0.679796040058136,0.5037282109260559,0.45395663380622864,0.48188668489456177,0.6066493988037109,0.4710058271884918,0.7030012607574463,0.46418261528015137,0.7778488397598267,0.5559102892875671,0.4686134159564972,0.5613793730735779,0.6103297472000122,0.5611605048179626,0.6995292901992798,0.5639656186103821,0.7627204656600952,0.5995692014694214,0.46092474460601807,0.5906345844268799,0.521597146987915,0.5877575278282166,0.5010724067687988,0.5849784016609192,0.4701522886753082,ㅊ
0.6083402037620544,0.27875614166259766,0.5219060778617859,0.30283620953559875,0.46355965733528137,0.37006300687789917,0.40967556834220886,0.43471819162368774,0.36732518672943115,0.4724896550178528,0.4716487228870392,0.4523518979549408,0.4340221881866455,0.584848940372467,0.41610187292099,0.6648168563842773,0.40326860547065735,0.7339776754379272,0.5267161130905151,0.48847970366477966,0.507163405418396,0.6495364904403687,0.4978330433368683,0.748066246509552,0.49281957745552063,0.8255732655525208,0.5786724090576172,0.5018397569656372,0.5860898494720459,0.6501262784004211,0.5880981087684631,0.74039226770401,0.5952913165092468,0.8056802749633789,0.619638204574585,0.495729923248291,0.6000125408172607,0.5587916970252991,0.5917900800704956,0.534252405166626,0.5882133841514587,0.5006950497627258,ㅊ
0.6201677322387695,0.2759277820587158,0.5359400510787964,0.3073039650917053,0.4760950803756714,0.3779594600200653,0.4236786961555481,0.44770368933677673,0.3825083374977112,0.4922800660133362,0.4940991997718811,0.4545765221118927,0.4643491804599762,0.5821378827095032,0.45088091492652893,0.6602967381477356,0.4415985345840454,0.7282217741012573,0.5491786599159241,0.48628610372543335,0.5368097424507141,0.6427374482154846,0.5318318009376526,0.7380631566047668,0.5296199321746826,0.815069317817688,0.6000016331672668,0.4948733150959015,0.6114750504493713,0.6387894153594971,0.6159232258796692,0.7276846170425415,0.6229718923568726,0.7945355176925659,0.6395684480667114,0.48542511463165283,0.6236886978149414,0.5637441277503967,0.6127472519874573,0.5607134699821472,0.6056193113327026,0.5494142770767212,ㅊ
0.5996912121772766,0.2494581937789917,0.5196539759635925,0.28094714879989624,0.46159714460372925,0.3505147695541382,0.40750619769096375,0.4183991849422455,0.3569462299346924,0.4455934762954712,0.48743417859077454,0.4334515929222107,0.4582623243331909,0.5692614912986755,0.44513440132141113,0.6502942442893982,0.43656864762306213,0.7179500460624695,0.5441800355911255,0.45870062708854675,0.5335274934768677,0.609811544418335,0.5296026468276978,0.7036685943603516,0.5302600264549255,0.7758810520172119,0.5955631136894226,0.46120768785476685,0.6068753004074097,0.6002521514892578,0.6091372966766357,0.6885834336280823,0.617639422416687,0.750816822052002,0.6340622901916504,0.4484458565711975,0.6135374307632446,0.5116124153137207,0.6029706597328186,0.48447737097740173,0.5986593961715698,0.44599050283432007,ㅊ
0.6226760149002075,0.3462648093700409,0.5282214879989624,0.35601767897605896,0.46327275037765503,0.42215219140052795,0.4060400724411011,0.48233655095100403,0.35791102051734924,0.4990188479423523,0.47341012954711914,0.5442043542861938,0.4285544157028198,0.6826318502426147,0.40585339069366455,0.7673364877700806,0.38917604088783264,0.834104597568512,0.5284088253974915,0.5889713168144226,0.5015411376953125,0.7427332401275635,0.4837532341480255,0.8416019678115845,0.4727717638015747,0.9123767614364624,0.5808969140052795,0.5980710387229919,0.5813295245170593,0.7203670740127563,0.5753295421600342,0.8085442781448364,0.5777196288108826,0.865517795085907,0.6223791837692261,0.5806237459182739,0.6004829406738281,0.6052310466766357,0.587742030620575,0.5801685452461243,0.5829657316207886,0.5437685251235962,ㅊ
0.6832461953163147,0.3067941665649414,0.5931827425956726,0.2874497175216675,0.5176351070404053,0.3311931788921356,0.44967538118362427,0.37231501936912537,0.3958556056022644,0.37516018748283386,0.500039279460907,0.4550378918647766,0.4376605153083801,0.5677103400230408,0.4018837809562683,0.6370415687561035,0.3732341527938843,0.6954047679901123,0.5427967309951782,0.51211017370224,0.49249064922332764,0.6448726058006287,0.45934027433395386,0.7276413440704346,0.43663886189460754,0.79022216796875,0.5905609130859375,0.5363538861274719,0.5695332288742065,0.647720992565155,0.5496845841407776,0.7241895794868469,0.5413383841514587,0.7775843143463135,0.6320110559463501,0.5321182012557983,0.6181909441947937,0.5536102056503296,0.6198087334632874,0.5341949462890625,0.6264073848724365,0.507900595664978,ㅊ
0.7138595581054688,0.3046647906303406,0.6251750588417053,0.2722908854484558,0.5465435981750488,0.29576897621154785,0.4688594341278076,0.31349101662635803,0.4141085147857666,0.29630693793296814,0.5197287797927856,0.40235888957977295,0.43794673681259155,0.50062096118927,0.39404553174972534,0.564708411693573,0.3598255515098572,0.6203079223632812,0.556687593460083,0.4662964344024658,0.48586276173591614,0.5930660963058472,0.44462230801582336,0.6742194294929504,0.41421791911125183,0.7406117916107178,0.6033427715301514,0.5054959058761597,0.5619418621063232,0.6329441070556641,0.5325636863708496,0.7115554809570312,0.5139173865318298,0.769881546497345,0.6476600170135498,0.5178819894790649,0.614323079586029,0.5832483768463135,0.6133093237876892,0.5735652446746826,0.6164512038230896,0.5535099506378174,ㅊ
0.7316155433654785,0.31064170598983765,0.6430875062942505,0.27231302857398987,0.553999662399292,0.2953559160232544,0.473477303981781,0.3093957304954529,0.42119935154914856,0.2801893651485443,0.536101758480072,0.384805291891098,0.45032253861427307,0.4640669524669647,0.40162354707717896,0.5211723446846008,0.36383044719696045,0.5728995203971863,0.5692015886306763,0.45526430010795593,0.4836324155330658,0.5740020275115967,0.43440869450569153,0.6516205072402954,0.39851558208465576,0.7206554412841797,0.6121526956558228,0.5006905794143677,0.558023989200592,0.6293085813522339,0.5216009020805359,0.7062163352966309,0.49723759293556213,0.7672065496444702,0.6557211875915527,0.5209321975708008,0.6109561324119568,0.5902587175369263,0.5985703468322754,0.5992115139961243,0.591903567314148,0.5991049408912659,ㅊ
0.6100814938545227,0.31832823157310486,0.5245320796966553,0.31981366872787476,0.4593043923377991,0.37091341614723206,0.40709298849105835,0.43325215578079224,0.3682416081428528,0.48044756054878235,0.45837199687957764,0.48523393273353577,0.4098096191883087,0.6103304624557495,0.38443905115127563,0.6881617307662964,0.3655155301094055,0.7537578344345093,0.5055124163627625,0.5287359952926636,0.47416171431541443,0.6740700602531433,0.45634275674819946,0.7673285603523254,0.44427621364593506,0.8385561108589172,0.5558109283447266,0.5421158075332642,0.5523042678833008,0.6711645722389221,0.5467951893806458,0.7574648857116699,0.5475349426269531,0.8157684803009033,0.5994767546653748,0.5306369066238403,0.5930191278457642,0.5716854929924011,0.587273120880127,0.5605552196502686,0.5836151242256165,0.5405634045600891,ㅊ
0.5851190090179443,0.329335480928421,0.5015885829925537,0.3516347110271454,0.44908228516578674,0.42074087262153625,0.41114330291748047,0.49798688292503357,0.3813832700252533,0.5573021173477173,0.4714900553226471,0.5179656147956848,0.4475489556789398,0.6475671529769897,0.43679195642471313,0.7221887111663818,0.4296567142009735,0.7841737866401672,0.5228289365768433,0.5472515821456909,0.5145238637924194,0.6862091422080994,0.5090840458869934,0.7726665735244751,0.506445586681366,0.8369929790496826,0.5695474147796631,0.5481510162353516,0.5821624994277954,0.6608209013938904,0.5882411599159241,0.7390924096107483,0.5965854525566101,0.7921459078788757,0.6032183170318604,0.5301979184150696,0.5936188697814941,0.5554766654968262,0.5839126110076904,0.5287231206893921,0.5771822929382324,0.49378782510757446,ㅊ
0.63423752784729,0.3552696704864502,0.5567070841789246,0.3792896866798401,0.4992668628692627,0.44464391469955444,0.4575289487838745,0.5162975788116455,0.4222567081451416,0.5631083846092224,0.5254732966423035,0.5446085929870605,0.49739208817481995,0.6620770692825317,0.4832415282726288,0.7329496145248413,0.4734947085380554,0.7919718623161316,0.5732677578926086,0.5708515644073486,0.561005175113678,0.7021712064743042,0.5535389184951782,0.7827478647232056,0.5501881241798401,0.8464207649230957,0.6161239743232727,0.5722864270210266,0.622383713722229,0.684624433517456,0.6245179176330566,0.7614165544509888,0.6309549808502197,0.8177412748336792,0.6487691402435303,0.5572037696838379,0.6371400356292725,0.599347710609436,0.6255656480789185,0.5958729386329651,0.6182034015655518,0.5835182070732117,ㅊ
0.5924053192138672,0.4878343641757965,0.5396749973297119,0.47515326738357544,0.49498796463012695,0.4944656193256378,0.4522317945957184,0.5168779492378235,0.42086929082870483,0.5251957178115845,0.4888743758201599,0.5586392879486084,0.44660890102386475,0.6255273818969727,0.42519471049308777,0.667881429195404,0.40990591049194336,0.7038792967796326,0.5151122808456421,0.5932412147521973,0.4836099147796631,0.6768832802772522,0.4655335545539856,0.7300207614898682,0.45433005690574646,0.770327091217041,0.5440158843994141,0.6101073622703552,0.5297784805297852,0.692008376121521,0.5179303884506226,0.7440107464790344,0.5134016871452332,0.7810001373291016,0.5676871538162231,0.6115728616714478,0.5490323901176453,0.6395047903060913,0.5485720038414001,0.6223620772361755,0.552478551864624,0.6000335812568665,ㅊ
0.6062374711036682,0.5246579647064209,0.5489083528518677,0.49708038568496704,0.4955056309700012,0.5127423405647278,0.4465697407722473,0.5362432599067688,0.40841829776763916,0.5339415669441223,0.47997191548347473,0.6016948223114014,0.42969679832458496,0.6724781394004822,0.4028507471084595,0.7153905630111694,0.38220465183258057,0.7500883340835571,0.5053098797798157,0.6417471766471863,0.46664977073669434,0.729647159576416,0.4418942332267761,0.7816292643547058,0.4253960847854614,0.8215345144271851,0.534448504447937,0.6594364047050476,0.5153772830963135,0.7316495776176453,0.4988034665584564,0.782719612121582,0.49180319905281067,0.818284273147583,0.5582045912742615,0.6573400497436523,0.5386542677879333,0.6717546582221985,0.5338946580886841,0.6580933928489685,0.535712718963623,0.6405056715011597,ㅊ
0.6379268765449524,0.46598219871520996,0.5712351202964783,0.44370338320732117,0.5101191401481628,0.46547627449035645,0.4506780505180359,0.4920721650123596,0.40573710203170776,0.4962986409664154,0.4962301552295685,0.5658791065216064,0.4408944845199585,0.647913932800293,0.41222286224365234,0.7004872560501099,0.3905961811542511,0.745154619216919,0.5284237265586853,0.6114873886108398,0.4883105158805847,0.7172278165817261,0.461434930562973,0.7838521599769592,0.44291234016418457,0.8360428810119629,0.5646225214004517,0.6317187547683716,0.5463480353355408,0.7216221690177917,0.5288107991218567,0.7853208780288696,0.520094633102417,0.8313029408454895,0.5927985310554504,0.6294840574264526,0.5750821232795715,0.6449422836303711,0.5750374794006348,0.6238585114479065,0.5791957378387451,0.600183367729187,ㅊ
0.6409533023834229,0.33579862117767334,0.5443242192268372,0.3308079242706299,0.4643455445766449,0.3838680386543274,0.3934541940689087,0.4364642798900604,0.33526933193206787,0.4521030783653259,0.4760556221008301,0.500991702079773,0.4161653518676758,0.6202787160873413,0.3821493983268738,0.6935234069824219,0.3564426302909851,0.7548977136611938,0.5277132987976074,0.5522512197494507,0.4890221059322357,0.699695885181427,0.4629954695701599,0.7920137643814087,0.44553014636039734,0.8633451461791992,0.578690767288208,0.5699969530105591,0.564443826675415,0.69769686460495,0.5464029312133789,0.7850300073623657,0.539176344871521,0.8484662771224976,0.6179984211921692,0.5627868175506592,0.5952970385551453,0.5891091823577881,0.5835791826248169,0.5613681077957153,0.5798365473747253,0.528587818145752,ㅊ
0.5531277060508728,0.38825616240501404,0.4844071865081787,0.39315664768218994,0.42815637588500977,0.43721577525138855,0.37941277027130127,0.4845714271068573,0.33973705768585205,0.5042989253997803,0.43910568952560425,0.515174150466919,0.39520615339279175,0.6120630502700806,0.3735698461532593,0.6743160486221313,0.35831940174102783,0.725645899772644,0.47940367460250854,0.5477079153060913,0.4542839825153351,0.6666881442070007,0.439837247133255,0.7398197054862976,0.4315490126609802,0.7959152460098267,0.518111526966095,0.5583527684211731,0.5138155221939087,0.6638430953025818,0.5067010521888733,0.7298146486282349,0.5061523914337158,0.7765835523605347,0.5488386750221252,0.5525728464126587,0.5361515879631042,0.5968363881111145,0.5334298014640808,0.5807687044143677,0.5345279574394226,0.5575119853019714,ㅊ
0.592809796333313,0.29666945338249207,0.5169703960418701,0.29330921173095703,0.45590803027153015,0.33794623613357544,0.398596853017807,0.3870486915111542,0.35108983516693115,0.4050966501235962,0.46368730068206787,0.43144285678863525,0.4193294048309326,0.5252571105957031,0.39610862731933594,0.5810326933860779,0.3773554265499115,0.6292109489440918,0.5071832537651062,0.47281312942504883,0.4810141324996948,0.5909321308135986,0.4653875529766083,0.6651561260223389,0.4546419382095337,0.7237817645072937,0.5530238747596741,0.4867956042289734,0.5476931929588318,0.5936421155929565,0.5382053852081299,0.6671220064163208,0.5333693623542786,0.7229223251342773,0.5915564894676208,0.4775366187095642,0.5759230852127075,0.5090572237968445,0.5696442723274231,0.4879695773124695,0.5661327242851257,0.4630652666091919,ㅊ
0.6322781443595886,0.26183366775512695,0.5441315174102783,0.27709856629371643,0.4755675792694092,0.34273838996887207,0.4180448353290558,0.41173526644706726,0.366391658782959,0.43846651911735535,0.5103310942649841,0.4363364577293396,0.47092923521995544,0.5625554919242859,0.45023033022880554,0.6433230042457581,0.43564000725746155,0.7079415321350098,0.5668150186538696,0.4736863374710083,0.551478922367096,0.6259608268737793,0.5424332022666931,0.72432941198349,0.538754403591156,0.7999517917633057,0.6143444180488586,0.48443159461021423,0.6131787300109863,0.6184307932853699,0.6054429411888123,0.7097621560096741,0.6064180135726929,0.7753236889839172,0.6485308408737183,0.4757234454154968,0.6263489723205566,0.5220524668693542,0.6113369464874268,0.5124161243438721,0.6033879518508911,0.4951542615890503,ㅊ
0.609241247177124,0.23918868601322174,0.520253598690033,0.2621607780456543,0.45112472772598267,0.33108893036842346,0.39468687772750854,0.40458789467811584,0.342931866645813,0.43910035490989685,0.4890486001968384,0.42780521512031555,0.44647592306137085,0.5619708299636841,0.4265483617782593,0.6480366587638855,0.4130392372608185,0.7166813611984253,0.5490882396697998,0.4631028175354004,0.5372048616409302,0.6239307522773743,0.5310340523719788,0.7276435494422913,0.5296559929847717,0.8087940216064453,0.5993999242782593,0.4723176062107086,0.6009649634361267,0.6149101257324219,0.5967151522636414,0.7095134258270264,0.5995278358459473,0.7793726325035095,0.6359447240829468,0.4611000418663025,0.625197172164917,0.516961932182312,0.6176961660385132,0.5133724212646484,0.6144720911979675,0.5018105506896973,ㅊ
0.6098477840423584,0.2759437561035156,0.5253321528434753,0.3022426962852478,0.45818543434143066,0.3669159710407257,0.39927196502685547,0.4277629554271698,0.3475978374481201,0.452684223651886,0.48479703068733215,0.45258909463882446,0.43463134765625,0.5735324621200562,0.41060155630111694,0.6517710089683533,0.3945339322090149,0.7165110111236572,0.5406619906425476,0.48451942205429077,0.5206037759780884,0.6298425197601318,0.5098351836204529,0.7243955135345459,0.5048993825912476,0.7984301447868347,0.592363715171814,0.49134114384651184,0.5914967060089111,0.6329771280288696,0.5904682874679565,0.7263003587722778,0.5950530767440796,0.7952498197555542,0.6315969228744507,0.4803999960422516,0.6248635053634644,0.5517926812171936,0.6207302808761597,0.5605226755142212,0.6203819513320923,0.5580307245254517,ㅊ
0.5961880683898926,0.32473433017730713,0.5135245323181152,0.34022367000579834,0.44615381956100464,0.39259976148605347,0.3807186484336853,0.44400539994239807,0.3257720470428467,0.4636867940425873,0.46374720335006714,0.4803812503814697,0.40820538997650146,0.5980697274208069,0.381626158952713,0.6712024211883545,0.363741397857666,0.7318787574768066,0.5170679092407227,0.5162258148193359,0.4896644055843353,0.6645345687866211,0.47180411219596863,0.7538268566131592,0.4615863263607025,0.8240243196487427,0.5666548609733582,0.5284690260887146,0.562728226184845,0.664490282535553,0.5527943968772888,0.7493081092834473,0.5525047779083252,0.8099138736724854,0.603115439414978,0.5241584181785583,0.5748096108436584,0.581277072429657,0.5582895874977112,0.5693030953407288,0.5505621433258057,0.5494229197502136,ㅊ
0.5779057741165161,0.36552655696868896,0.5014410018920898,0.37631887197494507,0.43605998158454895,0.424670934677124,0.3796268105506897,0.4736437201499939,0.3345353603363037,0.49472805857658386,0.45737409591674805,0.5050666928291321,0.401619017124176,0.6119804978370667,0.3742908239364624,0.6782102584838867,0.35587504506111145,0.7336980700492859,0.5064619183540344,0.5380248427391052,0.47603076696395874,0.6773734092712402,0.4584396779537201,0.7599472999572754,0.44987285137176514,0.8287158012390137,0.549738347530365,0.5510016679763794,0.543419361114502,0.6786972284317017,0.537584662437439,0.7572349309921265,0.5403633713722229,0.8163937926292419,0.5800471901893616,0.5484340786933899,0.556685745716095,0.6202735900878906,0.5482063889503479,0.6313589215278625,0.5458670854568481,0.6330811381340027,ㅊ
0.600330114364624,0.45701247453689575,0.533557653427124,0.4307172894477844,0.47130370140075684,0.45266348123550415,0.4130723476409912,0.47533220052719116,0.37128975987434387,0.4762430191040039,0.4546099305152893,0.5413126349449158,0.3940826654434204,0.6185844540596008,0.36128246784210205,0.6707708835601807,0.3358032703399658,0.7130831480026245,0.4833296537399292,0.590936005115509,0.43632376194000244,0.6967450976371765,0.4071606397628784,0.7623043060302734,0.38640886545181274,0.8124529123306274,0.5167428851127625,0.6164092421531677,0.4937646985054016,0.7093830704689026,0.47558972239494324,0.7688025236129761,0.4678261876106262,0.8105847239494324,0.5463561415672302,0.618985652923584,0.5294942855834961,0.6490210294723511,0.5261152982711792,0.6401565670967102,0.5273188352584839,0.6247797608375549,ㅊ
0.5253320336341858,0.42309537529945374,0.4551718533039093,0.3967233896255493,0.3907550573348999,0.41724640130996704,0.3303612172603607,0.44904863834381104,0.282401978969574,0.46161696314811707,0.3665597140789032,0.5205310583114624,0.30462446808815,0.6068820357322693,0.26986950635910034,0.66270512342453,0.24172717332839966,0.7080956697463989,0.395606130361557,0.5719773173332214,0.34806501865386963,0.6844758987426758,0.3176548182964325,0.7530711889266968,0.29525312781333923,0.8036082983016968,0.43420523405075073,0.5961633920669556,0.41758081316947937,0.6934443712234497,0.40112534165382385,0.7613533139228821,0.39295005798339844,0.8079199194908142,0.47269514203071594,0.5969898104667664,0.4712991416454315,0.614516019821167,0.4743863344192505,0.5992370247840881,0.47880464792251587,0.5798841714859009,ㅊ
0.6062113046646118,0.1928892731666565,0.5092107653617859,0.21704071760177612,0.4377058446407318,0.27092626690864563,0.38098788261413574,0.3443167805671692,0.3453279733657837,0.41110533475875854,0.4856289327144623,0.38159996271133423,0.44121435284614563,0.5184898972511292,0.4232867360115051,0.6075444221496582,0.41205137968063354,0.6807315349578857,0.5497992634773254,0.4203205406665802,0.539946436882019,0.5855907201766968,0.5344133973121643,0.695282518863678,0.5328525304794312,0.7807143926620483,0.6012532711029053,0.43189582228660583,0.6058562397956848,0.5828320980072021,0.6060969233512878,0.688639760017395,0.610022246837616,0.7669074535369873,0.6340123414993286,0.42331910133361816,0.6182180643081665,0.5003063678741455,0.6065207123756409,0.5124040842056274,0.5990296006202698,0.515884280204773,ㅊ
0.6001135110855103,0.373642235994339,0.5278810262680054,0.34552183747291565,0.4605375826358795,0.3714768588542938,0.39728015661239624,0.40316736698150635,0.3478653132915497,0.41118156909942627,0.4330006241798401,0.45975878834724426,0.36490195989608765,0.5421448349952698,0.3276255130767822,0.5980097651481628,0.2984311878681183,0.6446882486343384,0.4635886251926422,0.5116623044013977,0.40817007422447205,0.6282881498336792,0.37520846724510193,0.7017354965209961,0.349431574344635,0.759147584438324,0.5037988424301147,0.5399054884910583,0.475368857383728,0.6473477482795715,0.4562179446220398,0.7147623300552368,0.44475623965263367,0.7641125321388245,0.5439702272415161,0.5435598492622375,0.5309804081916809,0.5817399024963379,0.5338406562805176,0.5717403888702393,0.5390507578849792,0.5569108128547668,ㅊ
0.7061680555343628,0.36442750692367554,0.6188417077064514,0.3469318449497223,0.5456441640853882,0.38473451137542725,0.47753334045410156,0.4313346743583679,0.4239564836025238,0.446849524974823,0.5432509183883667,0.48464444279670715,0.4742283523082733,0.5842421054840088,0.43976926803588867,0.6515399217605591,0.41505926847457886,0.7101142406463623,0.5901874899864197,0.539341390132904,0.5403496623039246,0.6716136932373047,0.5100954174995422,0.7544757127761841,0.4897856116294861,0.8218475580215454,0.6352382898330688,0.5657002925872803,0.6047451496124268,0.687983512878418,0.5785458087921143,0.7672834396362305,0.5637521743774414,0.8280936479568481,0.6688194274902344,0.5669852495193481,0.6287393569946289,0.6199848651885986,0.6103177666664124,0.6189450025558472,0.5999760031700134,0.6114704608917236,ㅊ
0.7383162975311279,0.27942341566085815,0.6427171230316162,0.326027512550354,0.5775473713874817,0.40194302797317505,0.5152762532234192,0.46132534742355347,0.46083182096481323,0.4736880958080292,0.629949152469635,0.5055528879165649,0.5899853110313416,0.6585828065872192,0.5707172751426697,0.7600460052490234,0.5577592253684998,0.8410705327987671,0.6988486647605896,0.5359125137329102,0.6915776133537292,0.7104828357696533,0.6884785294532776,0.8273753523826599,0.6908618807792664,0.9170737862586975,0.7506914734840393,0.541483998298645,0.7585910558700562,0.6972991228103638,0.7582505345344543,0.8062632083892822,0.7624252438545227,0.8847906589508057,0.780817449092865,0.529754102230072,0.7629169821739197,0.6227229833602905,0.7452813386917114,0.6595287322998047,0.7312816381454468,0.6817401051521301,ㅊ
0.6623209118843079,0.273845374584198,0.562415361404419,0.26665881276130676,0.4811211824417114,0.31457746028900146,0.4088636636734009,0.35719436407089233,0.3558105528354645,0.36794811487197876,0.4851475954055786,0.4431845545768738,0.4126608967781067,0.5624891519546509,0.37542417645454407,0.6388791799545288,0.34836098551750183,0.701749324798584,0.5382747650146484,0.4970267415046692,0.4914250671863556,0.6501749157905579,0.461241215467453,0.7471112608909607,0.4412892460823059,0.8217003345489502,0.5908613801002502,0.5163293480873108,0.57139652967453,0.6496685743331909,0.5511574149131775,0.7414672374725342,0.5435150861740112,0.8069800138473511,0.6314260363578796,0.5074525475502014,0.5986806750297546,0.5453791618347168,0.5901539921760559,0.5160436034202576,0.5912585854530334,0.47957074642181396,ㅊ
0.45046356320381165,0.3400207757949829,0.5082088112831116,0.37199127674102783,0.5522452592849731,0.43545299768447876,0.5868807435035706,0.48638179898262024,0.6242626905441284,0.515020489692688,0.5273954272270203,0.5256397724151611,0.545965313911438,0.6320508718490601,0.5616598725318909,0.6935577392578125,0.577923059463501,0.7415403723716736,0.48628854751586914,0.5360968708992004,0.4846732020378113,0.6546526551246643,0.4862957298755646,0.726078987121582,0.49186259508132935,0.7778345346450806,0.44849279522895813,0.5278722643852234,0.4313998222351074,0.6244750618934631,0.4259074628353119,0.6803372502326965,0.426116019487381,0.7191768884658813,0.41606661677360535,0.506368100643158,0.40989747643470764,0.559211015701294,0.41656845808029175,0.5423315167427063,0.42372238636016846,0.5165582895278931,ㅊ
0.47070765495300293,0.2957887351512909,0.5299670696258545,0.3323541283607483,0.5797024965286255,0.4025903344154358,0.6178379058837891,0.4568672478199005,0.657831072807312,0.4844704866409302,0.5522749423980713,0.49557390809059143,0.5732515454292297,0.6041722893714905,0.5919974446296692,0.6680797934532166,0.6123683452606201,0.7176618576049805,0.5121061205863953,0.5043395757675171,0.5119143724441528,0.6260411143302917,0.5144803524017334,0.7001984119415283,0.5213183760643005,0.7546619772911072,0.4730367064476013,0.49483442306518555,0.45441651344299316,0.5932215452194214,0.4478878378868103,0.6521260142326355,0.4469802975654602,0.6956419944763184,0.43697020411491394,0.4720298647880554,0.431140661239624,0.5280267596244812,0.43815672397613525,0.508975088596344,0.4445337653160095,0.4834531843662262,ㅊ
0.4163060486316681,0.1724076122045517,0.4908751845359802,0.21149885654449463,0.553161084651947,0.2866525650024414,0.605303168296814,0.3414415419101715,0.6565508246421814,0.36457598209381104,0.5191285014152527,0.3978486955165863,0.5506553649902344,0.5246483087539673,0.5766751766204834,0.5991465449333191,0.6039602160453796,0.6568463444709778,0.4689022898674011,0.40921875834465027,0.4748297929763794,0.5543296933174133,0.478511780500412,0.6401049494743347,0.4861345589160919,0.700067937374115,0.4201500415802002,0.3977435827255249,0.4058312177658081,0.524392306804657,0.4044395685195923,0.5964798331260681,0.4087701439857483,0.6469706296920776,0.3750423789024353,0.3716321587562561,0.376059889793396,0.4442218542098999,0.38596218824386597,0.4128795862197876,0.3933658003807068,0.3717566132545471,ㅊ
0.4628187417984009,0.18449023365974426,0.5379617214202881,0.22834432125091553,0.600768506526947,0.31286031007766724,0.650761604309082,0.3765643537044525,0.7008044719696045,0.40628719329833984,0.5649619102478027,0.4250228703022003,0.5903377532958984,0.5605292320251465,0.6133185029029846,0.6421601176261902,0.6369422078132629,0.7056797742843628,0.5117311477661133,0.4356374144554138,0.5103678703308105,0.590790867805481,0.5119567513465881,0.6874644160270691,0.5180716514587402,0.7579609155654907,0.46092337369918823,0.42227470874786377,0.4406791925430298,0.5544751882553101,0.4337792694568634,0.6328997015953064,0.43274787068367004,0.688992977142334,0.41513651609420776,0.39177656173706055,0.40856167674064636,0.46500253677368164,0.4170002341270447,0.43724963068962097,0.4233900010585785,0.3985428810119629,ㅊ
0.49425286054611206,0.0930551290512085,0.584213376045227,0.14225852489471436,0.6672338247299194,0.24764490127563477,0.7310127019882202,0.319180965423584,0.797126054763794,0.340650349855423,0.6389469504356384,0.36248764395713806,0.6829442381858826,0.5279462337493896,0.7177552580833435,0.6236245632171631,0.7547047734260559,0.6952922940254211,0.578241765499115,0.3704855144023895,0.591485321521759,0.5605862736701965,0.602800190448761,0.6778940558433533,0.6188379526138306,0.762953519821167,0.5168329477310181,0.35557058453559875,0.4992521107196808,0.5224654674530029,0.49592071771621704,0.6244492530822754,0.49934834241867065,0.7021152377128601,0.4566594958305359,0.3238002061843872,0.45736274123191833,0.4316115379333496,0.46749594807624817,0.40408578515052795,0.4743010401725769,0.3620627522468567,ㅊ
0.5346153974533081,0.12278681993484497,0.6302514672279358,0.18118615448474884,0.7142871022224426,0.28634533286094666,0.7766653895378113,0.36504891514778137,0.844785213470459,0.3862600326538086,0.6913524270057678,0.41851478815078735,0.7350816130638123,0.6045048236846924,0.7702156901359558,0.7139286994934082,0.8089010715484619,0.7924561500549316,0.6261846423149109,0.4240953326225281,0.6303575038909912,0.6442780494689941,0.6396564245223999,0.7768877744674683,0.6573867797851562,0.8644753694534302,0.5583025217056274,0.40602514147758484,0.5292966365814209,0.5938956141471863,0.523327112197876,0.7028200030326843,0.5299950242042542,0.7795670032501221,0.4930034279823303,0.36858922243118286,0.47855710983276367,0.4964565634727478,0.48722776770591736,0.47372791171073914,0.4985337257385254,0.42882370948791504,ㅊ
0.4428567588329315,0.15461501479148865,0.5467457175254822,0.2092110961675644,0.6298320889472961,0.30737727880477905,0.7036446332931519,0.38413259387016296,0.774702787399292,0.4125719666481018,0.5884805917739868,0.4592759907245636,0.6238115429878235,0.645056426525116,0.6555092334747314,0.7510117292404175,0.6920279264450073,0.8310389518737793,0.5174965262413025,0.4759325385093689,0.5256650447845459,0.6906760931015015,0.5329155921936035,0.8182729482650757,0.5473416447639465,0.9063870906829834,0.4489283561706543,0.46421340107917786,0.4307715892791748,0.6268132925033569,0.4322051703929901,0.7203608155250549,0.43918678164482117,0.7821104526519775,0.3893730044364929,0.4337647557258606,0.3926638960838318,0.5213589668273926,0.4095076024532318,0.48609596490859985,0.41862207651138306,0.43694084882736206,ㅊ
0.4803237318992615,0.19150784611701965,0.567559540271759,0.24292494356632233,0.6402552723884583,0.34361428022384644,0.6999533772468567,0.42000898718833923,0.7593429088592529,0.44782841205596924,0.6066157221794128,0.46086040139198303,0.6345926523208618,0.6264249682426453,0.6603339910507202,0.7240927219390869,0.6892984509468079,0.7960008978843689,0.5476510524749756,0.47132211923599243,0.5526707768440247,0.6603626012802124,0.558832585811615,0.772625744342804,0.5718106627464294,0.8489841222763062,0.4888920187950134,0.4582642614841461,0.46634575724601746,0.613844096660614,0.46368125081062317,0.7027314901351929,0.4696512818336487,0.7646793127059937,0.43670886754989624,0.4257546067237854,0.43029242753982544,0.5196055173873901,0.4412761628627777,0.49007469415664673,0.45032498240470886,0.4462289810180664,ㅊ
0.4989696145057678,0.20403125882148743,0.5821055173873901,0.2557262182235718,0.6479712128639221,0.35316115617752075,0.7034443020820618,0.42793431878089905,0.7602531909942627,0.45650291442871094,0.6180483102798462,0.46622422337532043,0.642543375492096,0.6250581741333008,0.6670407056808472,0.7190389633178711,0.6947790384292603,0.7879391312599182,0.5631619691848755,0.4751300513744354,0.5638990998268127,0.6573017835617065,0.5688095688819885,0.7648480534553528,0.5814283490180969,0.8365825414657593,0.5069996118545532,0.462269127368927,0.48127245903015137,0.6126860976219177,0.47529757022857666,0.6947988271713257,0.4788767695426941,0.7515895366668701,0.45661747455596924,0.42953652143478394,0.44302892684936523,0.520631730556488,0.4517882764339447,0.4907263219356537,0.4605124592781067,0.44800135493278503,ㅊ
0.4914473295211792,0.26732924580574036,0.5657849907875061,0.3084198832511902,0.626182496547699,0.387047678232193,0.6741432547569275,0.45168930292129517,0.7221739292144775,0.476450115442276,0.6036003232002258,0.48326897621154785,0.6321749091148376,0.6159318089485168,0.6564098596572876,0.6927270889282227,0.6825046539306641,0.7503410577774048,0.5571331977844238,0.49575263261795044,0.5672451853752136,0.6499292850494385,0.5748744606971741,0.7409665584564209,0.5867776870727539,0.802768349647522,0.5097786784172058,0.4910861849784851,0.4946126341819763,0.6102880835533142,0.4907674193382263,0.6807718873023987,0.491942822933197,0.7314331531524658,0.46700695157051086,0.47154369950294495,0.46258044242858887,0.5447520613670349,0.4674898684024811,0.5193176865577698,0.4702184200286865,0.4849282503128052,ㅊ
0.47812002897262573,0.32537537813186646,0.5368249416351318,0.36101245880126953,0.585172176361084,0.4283735752105713,0.6230546832084656,0.4788801670074463,0.6630406379699707,0.4998156726360321,0.5622302293777466,0.5052465796470642,0.5826908349990845,0.6100946664810181,0.6007404923439026,0.6702225208282471,0.6208894848823547,0.7169375419616699,0.5230790376663208,0.515751838684082,0.5258108973503113,0.63394695520401,0.5300774574279785,0.7062187194824219,0.5384488105773926,0.7586569786071777,0.48511308431625366,0.5091472864151001,0.4700893461704254,0.6038774847984314,0.46562448143959045,0.6594874858856201,0.4660661220550537,0.6987542510032654,0.45107483863830566,0.49038878083229065,0.44584906101226807,0.5444616675376892,0.45152243971824646,0.5258820652961731,0.45690062642097473,0.5001285076141357,ㅊ
0.36452269554138184,0.44062626361846924,0.42010754346847534,0.41994374990463257,0.4859446585178375,0.4320988357067108,0.535502552986145,0.4359598457813263,0.5696477890014648,0.4251441955566406,0.5059298872947693,0.5284268260002136,0.5664884448051453,0.5847967267036438,0.6065081357955933,0.615378737449646,0.6400176286697388,0.6346681118011475,0.4838470220565796,0.5624866485595703,0.5383519530296326,0.64536452293396,0.5728009939193726,0.691342830657959,0.6035203337669373,0.7213774919509888,0.4542388916015625,0.5831527709960938,0.48845282196998596,0.6753682494163513,0.5089346766471863,0.7227425575256348,0.5283164978027344,0.7533963918685913,0.41872090101242065,0.589874267578125,0.43988320231437683,0.651137113571167,0.43345531821250916,0.6338821649551392,0.42342501878738403,0.6070396304130554,ㅊ
0.398184597492218,0.3540831208229065,0.4564627408981323,0.3494683504104614,0.5185934901237488,0.3688303232192993,0.5678539276123047,0.3872641324996948,0.608067512512207,0.3851248323917389,0.5274202823638916,0.4687555432319641,0.5860459208488464,0.5404727458953857,0.6221528053283691,0.5796977281570435,0.6524965167045593,0.6075868010520935,0.5008412003517151,0.4943690299987793,0.5487928986549377,0.5931247472763062,0.577671229839325,0.6491889953613281,0.600264847278595,0.6873069405555725,0.4687829315662384,0.5073602795600891,0.4889962375164032,0.6094693541526794,0.5054028630256653,0.6639288067817688,0.5216766595840454,0.7002766728401184,0.432023286819458,0.5100613832473755,0.4432700276374817,0.5761960744857788,0.44040045142173767,0.5590880513191223,0.4371459186077118,0.532815158367157,ㅊ
0.3810119926929474,0.32135462760925293,0.45873597264289856,0.3074703812599182,0.5381401777267456,0.3359870910644531,0.6018105149269104,0.3590551018714905,0.6531878709793091,0.3534199595451355,0.549294114112854,0.46346282958984375,0.6224016547203064,0.5539844632148743,0.6719796061515808,0.6007391810417175,0.7159028053283691,0.6319608092308044,0.5134673714637756,0.5048056244850159,0.5767567157745361,0.6254270672798157,0.6186935305595398,0.6970950961112976,0.6553173065185547,0.7451914548873901,0.46978065371513367,0.5252799987792969,0.5030592083930969,0.6426526308059692,0.5275964140892029,0.711280882358551,0.5503237247467041,0.7581419348716736,0.4238507151603699,0.5264538526535034,0.4484502673149109,0.600927472114563,0.44863754510879517,0.5788094401359558,0.44158560037612915,0.5450188517570496,ㅊ
0.3680897355079651,0.324460506439209,0.45267730951309204,0.31079819798469543,0.540622353553772,0.34109634160995483,0.6121876835823059,0.36104023456573486,0.6676071882247925,0.3552069067955017,0.5491589307785034,0.4662822186946869,0.625287652015686,0.567304790019989,0.6758668422698975,0.61614590883255,0.7209473848342896,0.6480839252471924,0.5125955939292908,0.5128927230834961,0.582261860370636,0.6437785625457764,0.627402663230896,0.718065619468689,0.6664546728134155,0.7659257650375366,0.46767789125442505,0.5386321544647217,0.5010609030723572,0.6608062386512756,0.5272364020347595,0.7318875789642334,0.5512157082557678,0.7782117128372192,0.4211929440498352,0.5432474613189697,0.4467203617095947,0.6156703233718872,0.44834592938423157,0.5914844274520874,0.44144636392593384,0.5568236708641052,ㅊ
0.368150919675827,0.2923159599304199,0.4559178948402405,0.2654702067375183,0.5513145327568054,0.2914675176143646,0.6286970376968384,0.3109692931175232,0.6871012449264526,0.2972281575202942,0.5726642608642578,0.4408643841743469,0.6610785126686096,0.533042311668396,0.720016360282898,0.5800343751907349,0.7709392309188843,0.6093436479568481,0.5349143147468567,0.49313613772392273,0.61042320728302,0.6256826519966125,0.6623091697692871,0.7032119035720825,0.7049471735954285,0.7520014643669128,0.4877791106700897,0.5189920663833618,0.5312215685844421,0.6495562791824341,0.5655947923660278,0.7208289504051208,0.5959362387657166,0.7671447992324829,0.43638700246810913,0.5245195031166077,0.464230477809906,0.6024370193481445,0.4599466323852539,0.5731421113014221,0.44856446981430054,0.5325895547866821,ㅊ
0.3643932342529297,0.27184900641441345,0.46172210574150085,0.2430606335401535,0.563466489315033,0.2698843777179718,0.6467781066894531,0.2881297469139099,0.7084683179855347,0.27378880977630615,0.5835916996002197,0.4078603684902191,0.6800488233566284,0.5118195414543152,0.744734525680542,0.5635088682174683,0.7990624904632568,0.5976648330688477,0.5482234358787537,0.4645535945892334,0.6351169347763062,0.6095699667930603,0.6938831210136414,0.6935074329376221,0.7407495975494385,0.7451515197753906,0.4996705651283264,0.5000760555267334,0.546639084815979,0.6421195268630981,0.5828510522842407,0.7212042808532715,0.6121227741241455,0.7702407836914062,0.4464886784553528,0.5115708708763123,0.47478440403938293,0.5977030396461487,0.47394484281539917,0.5751630067825317,0.464998334646225,0.5428344011306763,ㅊ
0.2536815106868744,0.20530688762664795,0.32976290583610535,0.20465975999832153,0.39613112807273865,0.25024184584617615,0.4475703835487366,0.2836175560951233,0.4941434860229492,0.3031992018222809,0.3856941759586334,0.3389473855495453,0.418194442987442,0.4525511860847473,0.4388350248336792,0.5187029838562012,0.45374101400375366,0.5692663788795471,0.33566388487815857,0.37540489435195923,0.36305245757102966,0.5148240327835083,0.37797874212265015,0.5932876467704773,0.38822537660598755,0.6480036973953247,0.2901119291782379,0.39384719729423523,0.310438871383667,0.5227347612380981,0.32949694991111755,0.5932800769805908,0.3399822413921356,0.639965295791626,0.2543976902961731,0.4025287926197052,0.27973347902297974,0.4441525638103485,0.29369035363197327,0.41347166895866394,0.2962144613265991,0.38162094354629517,ㅊ
0.23753438889980316,0.2304479479789734,0.317087322473526,0.21563640236854553,0.38749364018440247,0.25566089153289795,0.4428729712963104,0.2823011875152588,0.4902094006538391,0.2993626594543457,0.39310240745544434,0.3629702627658844,0.4413435161113739,0.4620612561702728,0.4707080125808716,0.520546019077301,0.49193263053894043,0.5670305490493774,0.35030221939086914,0.40845707058906555,0.3922913670539856,0.5335261821746826,0.4162726402282715,0.6056074500083923,0.43163222074508667,0.6571080088615417,0.3047637939453125,0.4297846257686615,0.3347756266593933,0.5495794415473938,0.3585778474807739,0.6163657307624817,0.3713175654411316,0.6623053550720215,0.26420122385025024,0.43440061807632446,0.28616562485694885,0.45751428604125977,0.29590266942977905,0.42549997568130493,0.29452160000801086,0.39603739976882935,ㅊ
0.2614437937736511,0.2953382730484009,0.33054500818252563,0.28959065675735474,0.39765873551368713,0.31990116834640503,0.44812196493148804,0.3428523540496826,0.49036523699760437,0.3563005328178406,0.4024585783481598,0.4141332507133484,0.4460243284702301,0.4983719289302826,0.4734897017478943,0.5472476482391357,0.4938424825668335,0.5863406658172607,0.36514025926589966,0.4497656226158142,0.3967698812484741,0.5572087168693542,0.41533076763153076,0.6217501759529114,0.4260741174221039,0.6692556738853455,0.3265720307826996,0.4637899100780487,0.33827415108680725,0.5699141025543213,0.3502753973007202,0.6278448700904846,0.35528630018234253,0.6696950197219849,0.2928829789161682,0.46514707803726196,0.30380991101264954,0.4949782192707062,0.3064047694206238,0.46531569957733154,0.30198025703430176,0.44073107838630676,ㅊ
0.33429208397865295,0.2609715461730957,0.3923996090888977,0.2854653000831604,0.43851378560066223,0.34315943717956543,0.48391857743263245,0.38198065757751465,0.5261363983154297,0.3920711576938629,0.41569289565086365,0.4176574647426605,0.42826077342033386,0.5152886509895325,0.43802517652511597,0.5743329524993896,0.4451471269130707,0.6223741769790649,0.3707760274410248,0.4344402849674225,0.36894750595092773,0.5419583320617676,0.3691083788871765,0.6051492094993591,0.37112733721733093,0.6527307033538818,0.3333263695240021,0.43436869978904724,0.31691163778305054,0.5319153666496277,0.3095947504043579,0.594796359539032,0.3038402795791626,0.6365599632263184,0.30703258514404297,0.4291248917579651,0.31450092792510986,0.4625537395477295,0.3298802375793457,0.4412463903427124,0.3386152684688568,0.41887181997299194,ㅊ
0.2879432439804077,0.26896315813064575,0.34893113374710083,0.2868664860725403,0.4011184871196747,0.33987849950790405,0.45270800590515137,0.36310651898384094,0.49023863673210144,0.3515358865261078,0.37814751267433167,0.4202418625354767,0.3947673738002777,0.5129395723342896,0.40526440739631653,0.569354772567749,0.4125480651855469,0.6147881150245667,0.33447352051734924,0.44344061613082886,0.3363666534423828,0.5522408485412598,0.33718207478523254,0.6197019219398499,0.3398999571800232,0.6697452664375305,0.29576990008354187,0.44860243797302246,0.28425920009613037,0.5452311038970947,0.27944284677505493,0.610889732837677,0.27559664845466614,0.6534201502799988,0.2664659321308136,0.4439210593700409,0.2773280143737793,0.4707256257534027,0.2912011742591858,0.443594366312027,0.29820042848587036,0.41294851899147034,ㅊ
0.23408085107803345,0.23722034692764282,0.3022400736808777,0.2397747039794922,0.3627851903438568,0.27818286418914795,0.4183380603790283,0.29431331157684326,0.4613531231880188,0.29199859499931335,0.34399089217185974,0.3698680102825165,0.3710457980632782,0.46610426902770996,0.3858168125152588,0.523018479347229,0.3961646556854248,0.5698689818382263,0.2994411587715149,0.40121889114379883,0.31471389532089233,0.5204020738601685,0.32162413001060486,0.5884566903114319,0.3283199071884155,0.638335108757019,0.26004844903945923,0.41311338543891907,0.26320314407348633,0.5217730402946472,0.2682425081729889,0.590800940990448,0.27128472924232483,0.6357106566429138,0.23078085482120514,0.4165424406528473,0.2515036463737488,0.45605096220970154,0.2684275209903717,0.4424305856227875,0.2794753909111023,0.4260126054286957,ㅊ
0.24746602773666382,0.2500016689300537,0.31693121790885925,0.2529178261756897,0.376282274723053,0.2868990898132324,0.4304559826850891,0.30066341161727905,0.4726150929927826,0.29819729924201965,0.3568778336048126,0.38383594155311584,0.38021373748779297,0.4782860279083252,0.3958868384361267,0.5346274971961975,0.40598729252815247,0.5805184841156006,0.31304609775543213,0.41511791944503784,0.3258373737335205,0.5314072966575623,0.3334313631057739,0.6003158688545227,0.33919990062713623,0.6496485471725464,0.2735741436481476,0.42554885149002075,0.27494674921035767,0.5321019291877747,0.27924543619155884,0.5983114838600159,0.2807408571243286,0.6401705145835876,0.24414914846420288,0.4260402321815491,0.26080840826034546,0.45717093348503113,0.27676165103912354,0.4401831030845642,0.2858717441558838,0.42175883054733276,ㅊ
0.2578086853027344,0.2242612987756729,0.3241751492023468,0.22566118836402893,0.3855358064174652,0.26015347242355347,0.43814441561698914,0.27568790316581726,0.4807627201080322,0.27836111187934875,0.3663284182548523,0.3474770486354828,0.38715803623199463,0.4460928738117218,0.4014461934566498,0.5039979219436646,0.41124314069747925,0.5499398708343506,0.3233731985092163,0.37643566727638245,0.33448439836502075,0.49705928564071655,0.33908042311668396,0.56734299659729,0.34244653582572937,0.617271363735199,0.2832137942314148,0.3902784585952759,0.28503552079200745,0.494409441947937,0.2897236943244934,0.5550878047943115,0.29086241126060486,0.5952208042144775,0.25234195590019226,0.39545899629592896,0.2668702006340027,0.42970311641693115,0.2790314257144928,0.4114464521408081,0.2833738327026367,0.39318573474884033,ㅊ
0.23905883729457855,0.2295747846364975,0.31535035371780396,0.23509947955608368,0.3739384114742279,0.27995502948760986,0.43035125732421875,0.302400141954422,0.475691556930542,0.32095855474472046,0.34788239002227783,0.39658278226852417,0.36572182178497314,0.508088231086731,0.38131457567214966,0.5730515718460083,0.3910312056541443,0.6247533559799194,0.2994557321071625,0.42621779441833496,0.30783528089523315,0.5552049875259399,0.3137933611869812,0.6342511177062988,0.31903862953186035,0.6919363737106323,0.2555692195892334,0.4312596023082733,0.25292885303497314,0.544632613658905,0.2559577524662018,0.6182018518447876,0.25675034523010254,0.6666349172592163,0.22400790452957153,0.4228680729866028,0.24103428423404694,0.44847095012664795,0.2608615756034851,0.4197208285331726,0.27132534980773926,0.38977259397506714,ㅊ
0.2532484233379364,0.229168102145195,0.3380221724510193,0.24173852801322937,0.40127789974212646,0.2933919131755829,0.4660622775554657,0.32225728034973145,0.5172477960586548,0.3467406928539276,0.37557777762413025,0.41363728046417236,0.39589831233024597,0.5389783978462219,0.41120514273643494,0.614818811416626,0.41956281661987305,0.6771485805511475,0.32050779461860657,0.44499126076698303,0.33126890659332275,0.580742597579956,0.33690810203552246,0.6635860204696655,0.3418280780315399,0.7249212265014648,0.2718031406402588,0.45100897550582886,0.2722320556640625,0.5717078447341919,0.2752241790294647,0.6518688201904297,0.27528899908065796,0.70280921459198,0.23684222996234894,0.44561880826950073,0.25986653566360474,0.47234925627708435,0.2810512185096741,0.44243124127388,0.2914920747280121,0.40925276279449463,ㅊ
0.27627748250961304,0.26495182514190674,0.3607988655567169,0.2755732536315918,0.42510461807250977,0.32800036668777466,0.4857178330421448,0.36230963468551636,0.5292252898216248,0.4013529419898987,0.4002373218536377,0.4628185033798218,0.4179571866989136,0.581813633441925,0.43241044878959656,0.6561883687973022,0.4393870234489441,0.7164512872695923,0.34625929594039917,0.49436652660369873,0.35351747274398804,0.6248669624328613,0.35780009627342224,0.7078689932823181,0.3617486357688904,0.7692288756370544,0.29745808243751526,0.49649420380592346,0.29378825426101685,0.6095243096351624,0.29352402687072754,0.6867243051528931,0.29204896092414856,0.7364144921302795,0.26027268171310425,0.48204320669174194,0.27444523572921753,0.5011550784111023,0.2896915674209595,0.4709641635417938,0.2968641519546509,0.43750980496406555,ㅊ
0.2131165862083435,0.33259695768356323,0.29186734557151794,0.3409707546234131,0.35958582162857056,0.3924190402030945,0.41856634616851807,0.4312421381473541,0.46507516503334045,0.46235471963882446,0.35221147537231445,0.5005600452423096,0.3774697482585907,0.6174198389053345,0.3940929174423218,0.6881935596466064,0.40423867106437683,0.7413747310638428,0.3022822141647339,0.5362032651901245,0.31630367040634155,0.6635715365409851,0.32674920558929443,0.7343513369560242,0.33317074179649353,0.7784762382507324,0.2517159879207611,0.5482173562049866,0.24936208128929138,0.6557014584541321,0.25521230697631836,0.7216234803199768,0.25673708319664,0.7589219212532043,0.20922890305519104,0.5434970855712891,0.21275387704372406,0.5609172582626343,0.22199086844921112,0.5383898019790649,0.22455327212810516,0.5112608075141907,ㅊ
0.18781928718090057,0.2475677728652954,0.266273558139801,0.24525080621242523,0.33320456743240356,0.2845815122127533,0.38700729608535767,0.31813111901283264,0.4345182776451111,0.34662628173828125,0.32572296261787415,0.36206281185150146,0.35103732347488403,0.4800959527492523,0.37063759565353394,0.5432488322257996,0.38313472270965576,0.5918110609054565,0.27629151940345764,0.4009809195995331,0.2991628646850586,0.5406773090362549,0.31162574887275696,0.6166465282440186,0.3172469735145569,0.6684647798538208,0.230879545211792,0.42176875472068787,0.2427304983139038,0.5528682470321655,0.25337329506874084,0.6237249374389648,0.25707733631134033,0.6685448884963989,0.19783926010131836,0.43339312076568604,0.21941928565502167,0.46774354577064514,0.23288947343826294,0.4413334131240845,0.23809115588665009,0.41589999198913574,ㅊ
0.26794594526290894,0.3172341585159302,0.33777496218681335,0.291676789522171,0.41428205370903015,0.3027125597000122,0.47415435314178467,0.29859066009521484,0.5144631266593933,0.2761445641517639,0.4408775568008423,0.3848562240600586,0.5010465979576111,0.4662625193595886,0.5422950983047485,0.5137597918510437,0.5731737017631531,0.5505834817886353,0.4152407944202423,0.43278011679649353,0.47445279359817505,0.536200761795044,0.5122417211532593,0.5992845892906189,0.5364024043083191,0.6445893049240112,0.3792072534561157,0.46427416801452637,0.41763609647750854,0.5749368667602539,0.44476714730262756,0.6379113793373108,0.4618714451789856,0.6803295612335205,0.34194839000701904,0.483361154794693,0.351657509803772,0.5175882577896118,0.3475795090198517,0.4911849796772003,0.34085899591445923,0.4648241698741913,ㅊ
0.291452020406723,0.20882351696491241,0.35887768864631653,0.24635423719882965,0.41330254077911377,0.3198438286781311,0.46475356817245483,0.367684543132782,0.5159500241279602,0.3802494406700134,0.36987602710723877,0.3764159679412842,0.37111324071884155,0.48243606090545654,0.372275710105896,0.5502049922943115,0.3733852803707123,0.607205867767334,0.31131699681282043,0.385715514421463,0.295760840177536,0.5258973836898804,0.2851983606815338,0.6112744212150574,0.2802518904209137,0.6745792627334595,0.2639433741569519,0.3837588429450989,0.23700526356697083,0.5101277232170105,0.22492367029190063,0.5962022542953491,0.2162504643201828,0.6549848318099976,0.2308947741985321,0.37930360436439514,0.24322131276130676,0.4469056725502014,0.2670946419239044,0.4415791630744934,0.28225743770599365,0.42844757437705994,ㅊ
0.2581062316894531,0.29645806550979614,0.3366648256778717,0.29538002610206604,0.4240540564060211,0.3391033411026001,0.492342084646225,0.36212265491485596,0.5433120727539062,0.34518471360206604,0.42090103030204773,0.4287678003311157,0.47729504108428955,0.5327684879302979,0.5139126181602478,0.5998256206512451,0.542992353439331,0.6485528945922852,0.3766478896141052,0.47037985920906067,0.4227920472621918,0.6063231229782104,0.451388955116272,0.6933472156524658,0.4721655547618866,0.752001166343689,0.33098459243774414,0.49483367800712585,0.36292144656181335,0.6256842613220215,0.38694366812705994,0.7029149532318115,0.40626412630081177,0.7517879009246826,0.2864910662174225,0.5056990385055542,0.29952114820480347,0.5691547393798828,0.3018956184387207,0.5475101470947266,0.30018794536590576,0.5133810043334961,ㅊ
0.21870157122612,0.22088658809661865,0.3082514703273773,0.21210239827632904,0.4006006419658661,0.2360595017671585,0.4686266779899597,0.25676867365837097,0.5268850326538086,0.2822670042514801,0.3889785706996918,0.3343989849090576,0.45128104090690613,0.44723746180534363,0.4874119162559509,0.5132308006286621,0.5188959836959839,0.5653062462806702,0.33456307649612427,0.3806453049182892,0.3891201317310333,0.5300992131233215,0.41504955291748047,0.6228079795837402,0.4348275363445282,0.6910696029663086,0.2801876366138458,0.4101037085056305,0.31747591495513916,0.5649881362915039,0.34052523970603943,0.6524076461791992,0.3554593622684479,0.7113800644874573,0.23207128047943115,0.43143630027770996,0.27441543340682983,0.5251531004905701,0.2851862609386444,0.5036965608596802,0.28333842754364014,0.4687518775463104,ㅊ
0.29765909910202026,0.3088604211807251,0.3619574010372162,0.3231333792209625,0.42407628893852234,0.3667300045490265,0.47047922015190125,0.40265128016471863,0.5113123059272766,0.4234647750854492,0.4100346863269806,0.438016414642334,0.4399840831756592,0.5314465761184692,0.4598073959350586,0.5873011350631714,0.47661370038986206,0.6281498670578003,0.37325552105903625,0.4521302878856659,0.3920759856700897,0.571686863899231,0.40269824862480164,0.645328938961029,0.4096427261829376,0.6939780116081238,0.33453798294067383,0.45715856552124023,0.3366445302963257,0.5739187598228455,0.3410256505012512,0.6411019563674927,0.34690359234809875,0.6860390901565552,0.2948003113269806,0.45485979318618774,0.29405778646469116,0.5278350114822388,0.29706859588623047,0.5119293928146362,0.30032041668891907,0.4825167655944824,ㅊ
0.2811654508113861,0.2693840265274048,0.3510286211967468,0.2771071493625641,0.41847115755081177,0.3139837980270386,0.4762055575847626,0.3280564546585083,0.5221799612045288,0.31542426347732544,0.41178902983665466,0.3994514048099518,0.4369732737541199,0.5054517984390259,0.45408573746681213,0.5679636001586914,0.4681873321533203,0.6164010763168335,0.3652104437351227,0.4287722706794739,0.38532549142837524,0.5544785261154175,0.39413323998451233,0.6326764822006226,0.40066060423851013,0.6898009777069092,0.3196260333061218,0.4400959312915802,0.32500362396240234,0.5627496242523193,0.327932208776474,0.6389718055725098,0.32979485392570496,0.6896698474884033,0.2802409529685974,0.4425979256629944,0.29118087887763977,0.49526965618133545,0.2956629991531372,0.47064685821533203,0.29708582162857056,0.4398888349533081,ㅊ
0.2589918375015259,0.2513149380683899,0.33693304657936096,0.25722968578338623,0.41063645482063293,0.3040446639060974,0.4703754484653473,0.3219989538192749,0.518921434879303,0.30860796570777893,0.3958905339241028,0.3892928659915924,0.41601014137268066,0.5010035634040833,0.4298502802848816,0.5647262334823608,0.4395977854728699,0.6139141917228699,0.34310296177864075,0.4184216558933258,0.3548784554004669,0.5524551868438721,0.35826507210731506,0.6319921612739563,0.35981684923171997,0.689499020576477,0.2954099178314209,0.4315689504146576,0.2991572916507721,0.562231719493866,0.30406394600868225,0.6337535381317139,0.30661919713020325,0.680161714553833,0.2602425813674927,0.43740248680114746,0.275135338306427,0.4824391305446625,0.28499698638916016,0.4545939564704895,0.2893209457397461,0.42576560378074646,ㅊ
0.2784091532230377,0.193173348903656,0.35032060742378235,0.2182939648628235,0.41529780626296997,0.2863045334815979,0.4728730320930481,0.321882426738739,0.5227265954017639,0.32118168473243713,0.379586786031723,0.35015806555747986,0.38492852449417114,0.4581572711467743,0.3870091736316681,0.5277891755104065,0.3865458071231842,0.5840302109718323,0.32391324639320374,0.36599889397621155,0.3142847418785095,0.5077736377716064,0.30675798654556274,0.593538761138916,0.30132994055747986,0.6534980535507202,0.275285929441452,0.3681502044200897,0.2549405097961426,0.5011375546455383,0.24968527257442474,0.5817861557006836,0.24515344202518463,0.6335707902908325,0.2380082607269287,0.3660758435726166,0.24579864740371704,0.4209442436695099,0.2639304995536804,0.39856579899787903,0.2756641209125519,0.3708219528198242,ㅊ
0.2780758738517761,0.22604838013648987,0.3487741947174072,0.2493487000465393,0.41491803526878357,0.31067603826522827,0.4702465832233429,0.3437948226928711,0.5202149748802185,0.33925801515579224,0.3859165906906128,0.3681856095790863,0.403557151556015,0.4857529103755951,0.4151773154735565,0.5541025996208191,0.42509543895721436,0.6077443361282349,0.33165523409843445,0.3880506157875061,0.3424425721168518,0.5298818349838257,0.3454571068286896,0.6084790825843811,0.3475935459136963,0.664115309715271,0.2828870713710785,0.39590924978256226,0.2735894024372101,0.5318119525909424,0.2713370621204376,0.6098625659942627,0.2685862183570862,0.660994291305542,0.24601468443870544,0.39989081025123596,0.2596687972545624,0.4615170657634735,0.2742963135242462,0.43684011697769165,0.2817290723323822,0.4077933728694916,ㅊ
0.2941173315048218,0.27943915128707886,0.36535531282424927,0.29950207471847534,0.4350072145462036,0.3504987061023712,0.4947151243686676,0.37667030096054077,0.5423922538757324,0.37248411774635315,0.41896799206733704,0.4349909722805023,0.4515819847583771,0.546598494052887,0.47457391023635864,0.6177147030830383,0.49200499057769775,0.6734631061553955,0.3713541626930237,0.46138134598731995,0.38867390155792236,0.5990686416625977,0.3971438705921173,0.6885191202163696,0.40398186445236206,0.752060055732727,0.3227856755256653,0.46823757886886597,0.32050448656082153,0.5974401235580444,0.31980645656585693,0.6779289841651917,0.31874051690101624,0.7317487001419067,0.27959394454956055,0.4626196622848511,0.28722819685935974,0.518258810043335,0.29453912377357483,0.49021512269973755,0.2956688702106476,0.45540565252304077,ㅊ
0.26759573817253113,0.18308301270008087,0.3526378273963928,0.18571577966213226,0.4344608783721924,0.22803069651126862,0.4995959997177124,0.24620321393013,0.5524367094039917,0.24048574268817902,0.42213910818099976,0.3120062053203583,0.4572480618953705,0.43812018632888794,0.4830702245235443,0.509366512298584,0.5013658404350281,0.5653380751609802,0.3687608242034912,0.35533177852630615,0.39871546626091003,0.5060793161392212,0.41776829957962036,0.595177412033081,0.4295792877674103,0.656402587890625,0.316505491733551,0.37803807854652405,0.3264355957508087,0.5258265733718872,0.33809027075767517,0.6051714420318604,0.3444337248802185,0.6533491611480713,0.27528953552246094,0.3873163163661957,0.29207101464271545,0.44085460901260376,0.3029303550720215,0.41484612226486206,0.30724960565567017,0.3854125738143921,ㅊ
0.3085051476955414,0.11583946645259857,0.3930860757827759,0.12993477284908295,0.4764276146888733,0.18136170506477356,0.5437588691711426,0.20927846431732178,0.6015207767486572,0.21080923080444336,0.45696786046028137,0.26789599657058716,0.48673686385154724,0.4012308418750763,0.5084379315376282,0.47951382398605347,0.5255705118179321,0.5401701927185059,0.3988962769508362,0.3027462065219879,0.42280489206314087,0.46869397163391113,0.4352271556854248,0.5669313073158264,0.44367703795433044,0.6342209577560425,0.34215718507766724,0.319537878036499,0.3477221131324768,0.48118841648101807,0.35394909977912903,0.570189356803894,0.3570656478404999,0.6259407997131348,0.2951711118221283,0.3260398805141449,0.31661099195480347,0.39674532413482666,0.32906007766723633,0.3635455369949341,0.33263006806373596,0.32399803400039673,ㅊ
0.2659946382045746,0.2698249816894531,0.333954781293869,0.27836140990257263,0.39967238903045654,0.3209194540977478,0.4508858919143677,0.3520802855491638,0.49862033128738403,0.3635970950126648,0.3894980847835541,0.3919261395931244,0.4167851209640503,0.5031826496124268,0.43408888578414917,0.5694645643234253,0.44753023982048035,0.6193383932113647,0.34269922971725464,0.42013266682624817,0.36113518476486206,0.552169919013977,0.3697432577610016,0.6318642497062683,0.37692150473594666,0.6875593066215515,0.29846569895744324,0.4346238076686859,0.30781811475753784,0.560579240322113,0.3167136013507843,0.6330242156982422,0.32348546385765076,0.6812134385108948,0.2618626356124878,0.4411678612232208,0.278678834438324,0.4983068108558655,0.2886132597923279,0.47373467683792114,0.29164034128189087,0.44295012950897217,ㅊ
0.31177616119384766,0.23136349022388458,0.37799516320228577,0.22969844937324524,0.4397732615470886,0.26364439725875854,0.4882414937019348,0.29715174436569214,0.5285610556602478,0.32197025418281555,0.4443202614784241,0.3450492322444916,0.47412097454071045,0.4517955482006073,0.49274349212646484,0.5114511251449585,0.5068433284759521,0.5538849234580994,0.40759605169296265,0.3728008568286896,0.4284667670726776,0.5027308464050293,0.43912243843078613,0.5740618109703064,0.4458216428756714,0.6188676357269287,0.3682059645652771,0.3868415355682373,0.3798843026161194,0.5020029544830322,0.3903355598449707,0.5663583278656006,0.3993588984012604,0.6080800294876099,0.33192041516304016,0.3909340798854828,0.33665186166763306,0.4352359473705292,0.3411569893360138,0.4133163094520569,0.3432716727256775,0.3864837884902954,ㅊ
0.27764737606048584,0.16342052817344666,0.3538613021373749,0.16368569433689117,0.4275829792022705,0.20386111736297607,0.48044732213020325,0.2418777346611023,0.526342511177063,0.27066630125045776,0.420660138130188,0.2861214578151703,0.449992299079895,0.41276252269744873,0.4691190719604492,0.4866389334201813,0.4832974374294281,0.5405274629592896,0.3710002303123474,0.32349836826324463,0.39626288414001465,0.47344234585762024,0.4066790044307709,0.5646200180053711,0.41297364234924316,0.6232237815856934,0.3210776150226593,0.3443590998649597,0.33889058232307434,0.4833071827888489,0.3491458296775818,0.563958466053009,0.35618987679481506,0.6146886944770813,0.27740639448165894,0.35160747170448303,0.29877427220344543,0.41735076904296875,0.30671247839927673,0.3965025544166565,0.30785104632377625,0.36404159665107727,ㅊ
0.2800285518169403,0.1243463009595871,0.3846215605735779,0.1292567402124405,0.4792623817920685,0.18064071238040924,0.5498957633972168,0.22532400488853455,0.6170246005058289,0.27211475372314453,0.46957194805145264,0.2897143065929413,0.5102188587188721,0.46105527877807617,0.535089373588562,0.5675786733627319,0.5526373982429504,0.6529739499092102,0.39669233560562134,0.3323632776737213,0.43623536825180054,0.5427411794662476,0.4549192786216736,0.6727385520935059,0.46888720989227295,0.7645030617713928,0.3304230570793152,0.35777315497398376,0.35654857754707336,0.5615099668502808,0.37804079055786133,0.6767380833625793,0.38971033692359924,0.7535582780838013,0.2783850133419037,0.3745857775211334,0.31867077946662903,0.46146059036254883,0.33295875787734985,0.41561466455459595,0.3332836329936981,0.36644184589385986,ㅊ
0.22474905848503113,0.20128846168518066,0.3126477599143982,0.19806072115898132,0.39476755261421204,0.24161513149738312,0.45308053493499756,0.2864739000797272,0.5028644800186157,0.3318398594856262,0.39046740531921387,0.34525546431541443,0.42467689514160156,0.4892563819885254,0.4458353519439697,0.5737497806549072,0.46091729402542114,0.6360262632369995,0.3331376314163208,0.3846661448478699,0.36539071798324585,0.5500668883323669,0.38081762194633484,0.6516244411468506,0.39139723777770996,0.7216933965682983,0.2814828157424927,0.4077804684638977,0.3041991591453552,0.5579653978347778,0.3216961622238159,0.6463918685913086,0.33267742395401,0.70562744140625,0.23712849617004395,0.4200565218925476,0.2625313699245453,0.48095712065696716,0.2728159427642822,0.4471639394760132,0.27448737621307373,0.40486595034599304,ㅊ
0.25107571482658386,0.35414960980415344,0.31619858741760254,0.3536730408668518,0.3705000579357147,0.3936695158481598,0.4146861433982849,0.4296211898326874,0.44935211539268494,0.46850842237472534,0.37771859765052795,0.47600123286247253,0.39603811502456665,0.5728346109390259,0.4105173349380493,0.6326092481613159,0.41920995712280273,0.6793335676193237,0.3398711085319519,0.5072582960128784,0.3522816598415375,0.6188260316848755,0.3591311573982239,0.6874885559082031,0.3637274503707886,0.7365423440933228,0.30294203758239746,0.5205305218696594,0.3100275695323944,0.617709219455719,0.3170470595359802,0.6808335185050964,0.3202820420265198,0.7246088981628418,0.2714553773403168,0.5236300826072693,0.277260959148407,0.5418506264686584,0.2801441252231598,0.5148146152496338,0.2791467010974884,0.4885026514530182,ㅊ
0.24171924591064453,0.37834247946739197,0.29787057638168335,0.3697139620780945,0.35257449746131897,0.39505189657211304,0.39820846915245056,0.41041186451911926,0.43669232726097107,0.407484233379364,0.35610395669937134,0.4590243697166443,0.3807803988456726,0.5442678928375244,0.3972356915473938,0.595396876335144,0.4088709354400635,0.6349133253097534,0.32176971435546875,0.49443021416664124,0.3432019054889679,0.597592830657959,0.35294800996780396,0.6598295569419861,0.36015257239341736,0.7010962963104248,0.2882964015007019,0.5167069435119629,0.30183830857276917,0.6142544150352478,0.310667484998703,0.6721389889717102,0.314520925283432,0.7074974179267883,0.2622404098510742,0.5323188304901123,0.2815346121788025,0.5647971034049988,0.28637972474098206,0.541029691696167,0.28590360283851624,0.5147405862808228,ㅊ
0.2574886977672577,0.27134227752685547,0.32889190316200256,0.2506812810897827,0.3983187675476074,0.2657581567764282,0.45434480905532837,0.2734229564666748,0.5003135204315186,0.27490872144699097,0.4051656723022461,0.3526332676410675,0.4430495798587799,0.4561636447906494,0.467410683631897,0.5137025117874146,0.4851239323616028,0.557908833026886,0.366956889629364,0.3954326808452606,0.4025087356567383,0.5199549794197083,0.4217015206813812,0.5902090072631836,0.4359898865222931,0.637121856212616,0.32721999287605286,0.4229346513748169,0.3510015904903412,0.5380623936653137,0.36952435970306396,0.6055424213409424,0.3817881643772125,0.6471615433692932,0.29401081800460815,0.4405142664909363,0.3143116533756256,0.47770869731903076,0.3184455335140228,0.4496355652809143,0.31673651933670044,0.4185458719730377,ㅊ
