0.6862159967422485,0.2181531935930252,0.6005035638809204,0.25669533014297485,0.5343241095542908,0.3211725652217865,0.47167062759399414,0.37066468596458435,0.42079436779022217,0.3769669532775879,0.5686879754066467,0.4199215769767761,0.5699385404586792,0.5739753842353821,0.5781708359718323,0.5717496871948242,0.5825286507606506,0.5402819514274597,0.6217800378799438,0.44000378251075745,0.6283047199249268,0.6040469408035278,0.6333341598510742,0.7069602012634277,0.6392244696617126,0.7774674892425537,0.6763390302658081,0.4345569312572479,0.677689254283905,0.5121384263038635,0.6696754693984985,0.4688454270362854,0.6636554002761841,0.42407190799713135,0.7191007733345032,0.41586533188819885,0.7131365537643433,0.4613325297832489,0.7067025899887085,0.4191026985645294,0.7035925388336182,0.3808528780937195,ㅋ
0.7014118432998657,0.23789335787296295,0.6117557883262634,0.2573751211166382,0.537318766117096,0.32152363657951355,0.46761590242385864,0.3646577000617981,0.4149141311645508,0.3709285259246826,0.5611440539360046,0.4365403354167938,0.5458880066871643,0.58384770154953,0.5497199296951294,0.5965752005577087,0.5545375347137451,0.5772085189819336,0.6104083061218262,0.46759408712387085,0.601525068283081,0.6274638772010803,0.5943228006362915,0.7297878265380859,0.5924831628799438,0.7994469404220581,0.6616617441177368,0.4723435044288635,0.6591193675994873,0.5339189767837524,0.6533346772193909,0.48996469378471375,0.6515125632286072,0.44443249702453613,0.7034827470779419,0.4599159061908722,0.6944892406463623,0.48577141761779785,0.690726101398468,0.4429146945476532,0.691007137298584,0.4020674228668213,ㅋ
0.7437772154808044,0.2664563059806824,0.6606634855270386,0.26216942071914673,0.5792189240455627,0.29817742109298706,0.50935959815979,0.32092079520225525,0.46266573667526245,0.29722926020622253,0.5869120955467224,0.3744683265686035,0.5491845011711121,0.5072836875915527,0.5421897172927856,0.5422497391700745,0.5408870577812195,0.5546212196350098,0.6285814642906189,0.42319411039352417,0.5905847549438477,0.5787948369979858,0.5682210326194763,0.6703813076019287,0.5561577677726746,0.7350866794586182,0.6749967336654663,0.45220205187797546,0.6492523550987244,0.5410953760147095,0.6517677903175354,0.495939701795578,0.6605399250984192,0.45195165276527405,0.7159888744354248,0.4609622359275818,0.6892586350440979,0.5067726969718933,0.6937015056610107,0.46863478422164917,0.7027058601379395,0.43295830488204956,ㅋ
0.6958010196685791,0.2892158627510071,0.6110798120498657,0.28790420293807983,0.5375733375549316,0.3088308572769165,0.4731194078922272,0.3195016086101532,0.4295055866241455,0.3138837218284607,0.5364413261413574,0.3998328149318695,0.5341663956642151,0.5018832683563232,0.5596423745155334,0.48432207107543945,0.5749332904815674,0.4508293569087982,0.5755677223205566,0.4405616521835327,0.5486257672309875,0.573462963104248,0.5325142741203308,0.6575964093208313,0.5199771523475647,0.7130217552185059,0.6216739416122437,0.460330605506897,0.6048069596290588,0.5248838663101196,0.6143772006034851,0.48999130725860596,0.6230728626251221,0.4509875774383545,0.6631584167480469,0.46313202381134033,0.6430703997612,0.49935489892959595,0.6530308723449707,0.46488508582115173,0.6593155264854431,0.4322063624858856,ㅋ
0.6867714524269104,0.24469062685966492,0.6000464558601379,0.2626116871833801,0.5294719338417053,0.29563918709754944,0.4678080081939697,0.32176703214645386,0.4226159155368805,0.33158591389656067,0.5423530340194702,0.38865745067596436,0.547882616519928,0.49938735365867615,0.568500280380249,0.47230732440948486,0.5800391435623169,0.43015056848526,0.5853176712989807,0.42125362157821655,0.5738924145698547,0.5620096921920776,0.5672014355659485,0.6510770320892334,0.5621690154075623,0.7091624736785889,0.6349379420280457,0.4303729236125946,0.6277924180030823,0.5010654926300049,0.6319582462310791,0.4669376015663147,0.6347123980522156,0.426387757062912,0.6786617040634155,0.42352208495140076,0.6671755909919739,0.4605286121368408,0.6715618968009949,0.4241126477718353,0.6727185249328613,0.3916967809200287,ㅋ
0.7053828239440918,0.3197033405303955,0.6081750392913818,0.32763147354125977,0.5316709280014038,0.3627917468547821,0.4607008993625641,0.3921282887458801,0.4105967879295349,0.3980885148048401,0.5426707863807678,0.4876457452774048,0.5428478121757507,0.5964974164962769,0.5615055561065674,0.5707153677940369,0.5746383666992188,0.5284221768379211,0.5895326733589172,0.5246936678886414,0.5718234777450562,0.6706867814064026,0.5608072876930237,0.7672903537750244,0.5548469424247742,0.8288615942001343,0.6428033113479614,0.5368865728378296,0.6198359727859497,0.5969993472099304,0.6221125721931458,0.5634958148002625,0.6286969780921936,0.5243473649024963,0.6866574287414551,0.5313076972961426,0.6593503952026367,0.5618708729743958,0.6633310914039612,0.5243428945541382,0.6680470108985901,0.4883248507976532,ㅋ
0.7350934147834778,0.3093671202659607,0.6435879468917847,0.3087446689605713,0.5657652616500854,0.33211690187454224,0.4992842674255371,0.3349730372428894,0.4537036418914795,0.31395986676216125,0.5707611441612244,0.4417259395122528,0.562139630317688,0.5571651458740234,0.5830518007278442,0.5398885011672974,0.5969702005386353,0.5047797560691833,0.6158742904663086,0.4837963581085205,0.5809123516082764,0.6303662061691284,0.5633193850517273,0.7222930192947388,0.5514636039733887,0.7840939164161682,0.6658151149749756,0.501334547996521,0.6448361277580261,0.5587800741195679,0.6491207480430603,0.5239930748939514,0.6548290252685547,0.4837265610694885,0.7106217741966248,0.5019718408584595,0.6941550970077515,0.5258870720863342,0.7037082314491272,0.4913724660873413,0.7116081118583679,0.45699381828308105,ㅋ
0.7195470929145813,0.35536980628967285,0.6339659094810486,0.3359946012496948,0.5626969933509827,0.3384576141834259,0.5005553364753723,0.3280780613422394,0.46364259719848633,0.29135555028915405,0.5452865958213806,0.42985379695892334,0.5150895714759827,0.5446843504905701,0.527590811252594,0.5481494665145874,0.5395088195800781,0.5277546048164368,0.5765212178230286,0.4787866473197937,0.5321221351623535,0.6046046018600464,0.5025991797447205,0.6851413249969482,0.48461127281188965,0.7377780675888062,0.6197488903999329,0.5136054158210754,0.5937316417694092,0.577438235282898,0.6021001935005188,0.5454697608947754,0.613775372505188,0.5103858709335327,0.6609209179878235,0.5283289551734924,0.6346498727798462,0.5620014071464539,0.6443450450897217,0.5301058292388916,0.6549533009529114,0.49893471598625183,ㅋ
0.7479576468467712,0.24716219305992126,0.6429187655448914,0.2400161176919937,0.5529850125312805,0.2733544111251831,0.4722274839878082,0.2875095009803772,0.41751301288604736,0.2713548541069031,0.5496313571929932,0.4175921082496643,0.538009524345398,0.5182564854621887,0.5664055943489075,0.49217894673347473,0.5889979600906372,0.45879924297332764,0.5969104766845703,0.4702630043029785,0.5538284778594971,0.5996096730232239,0.5309098958969116,0.6871286630630493,0.5167670845985413,0.7475077509880066,0.6501480340957642,0.4950501024723053,0.6252776384353638,0.5132816433906555,0.6362748146057129,0.47592926025390625,0.6516092419624329,0.4341420829296112,0.6981905698776245,0.503524661064148,0.6708729267120361,0.4998912215232849,0.6816909313201904,0.4616430699825287,0.6909979581832886,0.42153599858283997,ㅋ
0.7376115322113037,0.24933896958827972,0.6306491494178772,0.23978972434997559,0.5417397022247314,0.2646741569042206,0.46354275941848755,0.2820395827293396,0.41000330448150635,0.2977573871612549,0.5473215579986572,0.4197056293487549,0.5403017401695251,0.5030551552772522,0.5654208064079285,0.47523415088653564,0.5871029496192932,0.44279298186302185,0.5945762395858765,0.46744197607040405,0.5529269576072693,0.5928071141242981,0.5296318531036377,0.6787950396537781,0.5174140930175781,0.7398098707199097,0.6457540392875671,0.488224059343338,0.6204196214675903,0.5079357028007507,0.6286419630050659,0.4714393615722656,0.6418381333351135,0.435920774936676,0.6906676888465881,0.4932250678539276,0.661248505115509,0.49549269676208496,0.6692512035369873,0.4588434398174286,0.676260232925415,0.4203445315361023,ㅋ
0.7204412817955017,0.25775569677352905,0.625659167766571,0.25047925114631653,0.5391129851341248,0.27072077989578247,0.46515798568725586,0.27591925859451294,0.4147273600101471,0.2829906940460205,0.5366177558898926,0.39534348249435425,0.5238734483718872,0.5193338394165039,0.5476378202438354,0.4925866425037384,0.5603244304656982,0.4549291729927063,0.5789130330085754,0.4439801275730133,0.5437303185462952,0.5924376249313354,0.5236759781837463,0.6826831102371216,0.5078995823860168,0.7522547245025635,0.6285861730575562,0.46546459197998047,0.6113962531089783,0.5178117752075195,0.6200901865959167,0.4799202084541321,0.6302295327186584,0.43845993280410767,0.6734243035316467,0.4700372815132141,0.6502900123596191,0.49144256114959717,0.6605268716812134,0.45372071862220764,0.6698659062385559,0.41439664363861084,ㅋ
0.7335970997810364,0.25694704055786133,0.6370595097541809,0.24736998975276947,0.5587811470031738,0.2663852572441101,0.49143633246421814,0.27332475781440735,0.44153761863708496,0.2744733393192291,0.5605015754699707,0.38002511858940125,0.5372534394264221,0.5019447207450867,0.553024172782898,0.49344897270202637,0.5639289617538452,0.46512728929519653,0.6035204529762268,0.43077555298805237,0.5689240097999573,0.5825905799865723,0.5504554510116577,0.6763782501220703,0.5388848781585693,0.7392507195472717,0.6523390412330627,0.45505616068840027,0.6253246068954468,0.5184468030929565,0.631354033946991,0.4799451231956482,0.6416022181510925,0.4390878677368164,0.6946374177932739,0.45959457755088806,0.669497013092041,0.4811739921569824,0.6791555881500244,0.4454444348812103,0.6878113746643066,0.4134059548377991,ㅋ
0.7388410568237305,0.2677891254425049,0.641521155834198,0.25569528341293335,0.5617552399635315,0.2723471522331238,0.4946421980857849,0.2758585214614868,0.4454931914806366,0.27155497670173645,0.5613338947296143,0.3786582052707672,0.5349573493003845,0.5001752972602844,0.5401375889778137,0.5214022397994995,0.5432040691375732,0.5233359932899475,0.6024231910705566,0.43240252137184143,0.5647304654121399,0.5820808410644531,0.541345477104187,0.6786105632781982,0.5280613303184509,0.7442330718040466,0.6509205102920532,0.4608185887336731,0.6196578741073608,0.5302869081497192,0.6225656270980835,0.4936459958553314,0.6330366730690002,0.4539949297904968,0.6946275234222412,0.46968111395835876,0.6659582853317261,0.49977821111679077,0.6722266674041748,0.46623703837394714,0.6805944442749023,0.4346211850643158,ㅋ
0.7374070882797241,0.3789847195148468,0.6528473496437073,0.34422987699508667,0.5643757581710815,0.3442058265209198,0.4945197105407715,0.3293547034263611,0.4474475383758545,0.3124839961528778,0.5458901524543762,0.44944193959236145,0.5047785639762878,0.5519972443580627,0.4924949109554291,0.6007628440856934,0.4803042709827423,0.6344403028488159,0.5784847736358643,0.5096510052680969,0.5236995220184326,0.6513179540634155,0.48676493763923645,0.738364577293396,0.46019744873046875,0.8005073070526123,0.6217520236968994,0.550118625164032,0.5970451831817627,0.6236255764961243,0.6110309362411499,0.5795431137084961,0.6244925856590271,0.5340230464935303,0.6637758016586304,0.5704209804534912,0.6454315185546875,0.6006646752357483,0.6594349145889282,0.5578310489654541,0.6688856482505798,0.5210892558097839,ㅋ
0.7739909887313843,0.3964039087295532,0.692002534866333,0.33003050088882446,0.6132156848907471,0.3062039613723755,0.5479715466499329,0.273073673248291,0.5065929293632507,0.23194247484207153,0.5722667574882507,0.38634026050567627,0.5090199112892151,0.4908529818058014,0.49985271692276,0.5298301577568054,0.4923105835914612,0.5477984547615051,0.5933324098587036,0.4524068534374237,0.511664867401123,0.5712828040122986,0.45902082324028015,0.647220253944397,0.4225276708602905,0.7006121873855591,0.630375862121582,0.505210280418396,0.5941148400306702,0.5844939947128296,0.6174564957618713,0.5504168272018433,0.639032244682312,0.511756181716919,0.6733874678611755,0.5391170382499695,0.6451228260993958,0.5835852026939392,0.6673997640609741,0.5499153733253479,0.6844392418861389,0.5138196349143982,ㅋ
0.7750821113586426,0.4089229702949524,0.6922599077224731,0.34128105640411377,0.6085503697395325,0.3164867162704468,0.5401172041893005,0.28031307458877563,0.5006598234176636,0.2323882281780243,0.5687022805213928,0.3991544544696808,0.4992939233779907,0.5030065178871155,0.4869992733001709,0.5467590093612671,0.47645747661590576,0.5693080425262451,0.5891922116279602,0.47065988183021545,0.4959782063961029,0.5882933139801025,0.43832874298095703,0.6644371151924133,0.39808762073516846,0.717298150062561,0.6263419985771179,0.5282878279685974,0.5822445750236511,0.6076456904411316,0.6082379817962646,0.5724152326583862,0.6324926018714905,0.5318068861961365,0.6697582602500916,0.5661519765853882,0.635383129119873,0.6122150421142578,0.6587513089179993,0.5783131718635559,0.6771680116653442,0.5433133244514465,ㅋ
0.7405458688735962,0.3249662220478058,0.651054859161377,0.2796856760978699,0.5654011368751526,0.2727712392807007,0.4951944351196289,0.25298771262168884,0.45390963554382324,0.2085457742214203,0.5376242399215698,0.36195072531700134,0.4836224913597107,0.47634992003440857,0.47241079807281494,0.5266669392585754,0.4622573256492615,0.5549528002738953,0.5659052729606628,0.427520215511322,0.49327966570854187,0.5651065707206726,0.44805625081062317,0.6570180654525757,0.41887468099594116,0.7200946807861328,0.6084433197975159,0.47567135095596313,0.5722426176071167,0.5704671740531921,0.5938241481781006,0.5318039655685425,0.6143172979354858,0.48724257946014404,0.6550858020782471,0.5039553642272949,0.6284157633781433,0.5592020750045776,0.6468535661697388,0.5187702775001526,0.6607633829116821,0.48018065094947815,ㅋ
0.7359485626220703,0.3482099771499634,0.6478856205940247,0.290517657995224,0.5598559975624084,0.27213627099990845,0.4859296977519989,0.2445443719625473,0.44637709856033325,0.19420579075813293,0.518471360206604,0.3647065758705139,0.44963231682777405,0.47941479086875916,0.46611711382865906,0.494320809841156,0.48290133476257324,0.4827492833137512,0.5389404296875,0.4307335317134857,0.44668564200401306,0.5500431060791016,0.38778436183929443,0.6281502842903137,0.34665071964263916,0.6806930899620056,0.5759953260421753,0.48526531457901,0.5450066924095154,0.5668875575065613,0.5753334760665894,0.5364997386932373,0.5985299348831177,0.49657970666885376,0.6201364994049072,0.5207465291023254,0.5948701500892639,0.5714324116706848,0.6228789687156677,0.5375720262527466,0.6429020166397095,0.500342845916748,ㅋ
0.772674560546875,0.4354510009288788,0.6885263323783875,0.3699355721473694,0.6044849157333374,0.3361607491970062,0.535042405128479,0.3045738935470581,0.49841153621673584,0.25444912910461426,0.5586897134780884,0.4127492904663086,0.507271409034729,0.5205904245376587,0.543080747127533,0.5204235911369324,0.5770403146743774,0.49737080931663513,0.5789452195167542,0.4798157811164856,0.48589271306991577,0.5901316404342651,0.4231005311012268,0.6601489782333374,0.37919557094573975,0.7079747915267944,0.6165077090263367,0.5403302311897278,0.5782573819160461,0.5984094142913818,0.6029193997383118,0.5728172063827515,0.625499427318573,0.5412267446517944,0.6582337617874146,0.5822194814682007,0.6224991679191589,0.6137993335723877,0.6487279534339905,0.5889653563499451,0.6707963943481445,0.5623123049736023,ㅋ
0.7516267895698547,0.3363051116466522,0.6599581241607666,0.31033357977867126,0.5673701763153076,0.3133127987384796,0.494681715965271,0.30190351605415344,0.4530588984489441,0.25852808356285095,0.5493897795677185,0.4049950838088989,0.5167140364646912,0.5421696901321411,0.5494393110275269,0.5302711725234985,0.5785141587257385,0.4913599491119385,0.5847422480583191,0.46306267380714417,0.5233172178268433,0.612197756767273,0.483214795589447,0.7051531076431274,0.4565603733062744,0.7680789232254028,0.6345451474189758,0.505164384841919,0.6003161072731018,0.5798361301422119,0.6145246624946594,0.5453102588653564,0.6301673650741577,0.50514817237854,0.6833984851837158,0.5323148965835571,0.6485518217086792,0.5753422379493713,0.6648766994476318,0.5423353910446167,0.679456889629364,0.5092545747756958,ㅋ
0.6750509738922119,0.2109638899564743,0.5764783620834351,0.23346538841724396,0.497793048620224,0.2860369384288788,0.42843276262283325,0.3184279501438141,0.37513110041618347,0.3022127151489258,0.515668511390686,0.3925943970680237,0.5166776180267334,0.5173555612564087,0.5352651476860046,0.4809831976890564,0.547735333442688,0.4322473406791687,0.5678293704986572,0.42698365449905396,0.5458915829658508,0.5819460153579712,0.5343505144119263,0.6840898394584656,0.5281184911727905,0.7544498443603516,0.6254286170005798,0.435502290725708,0.6083661317825317,0.5051437020301819,0.6088895797729492,0.4641096293926239,0.6118488311767578,0.4199938178062439,0.6731768846511841,0.42580339312553406,0.6518520712852478,0.4606393575668335,0.6540617346763611,0.4196150302886963,0.657922625541687,0.38283616304397583,ㅋ
0.6275654435157776,0.20798195898532867,0.5425708889961243,0.262077271938324,0.47500890493392944,0.32538002729415894,0.4192114472389221,0.38730600476264954,0.3789191246032715,0.4340481162071228,0.5231140851974487,0.4399872422218323,0.5442838072776794,0.5654141902923584,0.5506651401519775,0.5282889008522034,0.551234781742096,0.4786309599876404,0.5755581855773926,0.45541995763778687,0.5863509774208069,0.6135174632072449,0.5946943759918213,0.7173386812210083,0.6033682823181152,0.7935615181922913,0.6277210116386414,0.442268967628479,0.6242685317993164,0.5104774832725525,0.6161647439002991,0.4709692597389221,0.6100084781646729,0.4295022487640381,0.6709588766098022,0.41350916028022766,0.6599497199058533,0.4593041241168976,0.6497561931610107,0.42049551010131836,0.6448355317115784,0.3838686943054199,ㅋ
0.5442835092544556,0.2501230537891388,0.466584175825119,0.3167818784713745,0.41389161348342896,0.40111422538757324,0.37261077761650085,0.4790465533733368,0.34879010915756226,0.5427243113517761,0.46718549728393555,0.5037399530410767,0.5063315033912659,0.6127707958221436,0.5136930346488953,0.5759180188179016,0.5093829035758972,0.5263094902038574,0.5197910070419312,0.5050752758979797,0.5541247725486755,0.6499561071395874,0.5766642689704895,0.7416174411773682,0.5944958329200745,0.80890953540802,0.5683432221412659,0.48105448484420776,0.5869526863098145,0.5383362770080566,0.5760272145271301,0.5035245418548584,0.5631507635116577,0.46747249364852905,0.6086106896400452,0.4425259232521057,0.6111700534820557,0.48605862259864807,0.6006821990013123,0.44985902309417725,0.5904958248138428,0.41350749135017395,ㅋ
0.5918657183647156,0.27849286794662476,0.5187065005302429,0.35614609718322754,0.46679770946502686,0.4403754770755768,0.4281247556209564,0.5290402770042419,0.3982129693031311,0.5954042077064514,0.5337772369384766,0.543372631072998,0.5742477178573608,0.6585222482681274,0.5761744976043701,0.6217218637466431,0.5724438428878784,0.5698468685150146,0.5884250402450562,0.5414505004882812,0.6265518069267273,0.6875024437904358,0.6501365900039673,0.7832851409912109,0.6692110896110535,0.8479732275009155,0.6370862126350403,0.5135432481765747,0.6415602564811707,0.5806306600570679,0.6273624300956726,0.5522552728652954,0.6169185638427734,0.515628457069397,0.6714119911193848,0.47314751148223877,0.6636101603507996,0.5177809596061707,0.6475133299827576,0.4864886999130249,0.6367470026016235,0.44986194372177124,ㅋ
0.6588496565818787,0.23243914544582367,0.5770105123519897,0.2649148404598236,0.5072447061538696,0.31855273246765137,0.4488056004047394,0.37157002091407776,0.4077492952346802,0.4093603193759918,0.5399975776672363,0.4207276701927185,0.5474724173545837,0.540795624256134,0.5563469529151917,0.5144125819206238,0.559312105178833,0.4722357988357544,0.5909268260002136,0.44215530157089233,0.5875993967056274,0.5968909859657288,0.5866867303848267,0.701634407043457,0.587590217590332,0.7766490578651428,0.6419343948364258,0.44113489985466003,0.6283197402954102,0.5197404026985168,0.6258378028869629,0.4797842502593994,0.6266310214996338,0.43726128339767456,0.6834325194358826,0.4253317713737488,0.6658279299736023,0.4704400897026062,0.6609610915184021,0.4306350350379944,0.6624776124954224,0.3947942554950714,ㅋ
0.7595259547233582,0.28733327984809875,0.6639913320541382,0.3033592700958252,0.5841650366783142,0.3392315208911896,0.5142537951469421,0.37081873416900635,0.46632295846939087,0.39754605293273926,0.601252555847168,0.45136523246765137,0.5781750082969666,0.5886131525039673,0.5874864459037781,0.5748347043991089,0.5967314839363098,0.5406721830368042,0.6525299549102783,0.4927131235599518,0.6156188249588013,0.6564664244651794,0.5923834443092346,0.7596059441566467,0.5778200030326843,0.8369305729866028,0.7052444815635681,0.5116028785705566,0.6655680537223816,0.5995131731033325,0.6647740602493286,0.5628345608711243,0.6743599772453308,0.5226837992668152,0.7481184005737305,0.5083482265472412,0.7103427648544312,0.554854691028595,0.7099906206130981,0.5197494029998779,0.7189437747001648,0.4844115674495697,ㅋ
0.9593949317932129,0.2804122567176819,0.8480088710784912,0.24198414385318756,0.7522163987159729,0.23117077350616455,0.6739895343780518,0.22532911598682404,0.612433910369873,0.22278086841106415,0.7626556754112244,0.3541805148124695,0.6775506138801575,0.5190238356590271,0.6644880175590515,0.502236545085907,0.6711341738700867,0.4639855921268463,0.8066998720169067,0.4263269007205963,0.715805172920227,0.6131888031959534,0.6584980487823486,0.7099561095237732,0.6274605393409729,0.7814576625823975,0.8545113801956177,0.4779280126094818,0.7689134478569031,0.5709238052368164,0.751272976398468,0.5320863127708435,0.7592154145240784,0.4897736608982086,0.895163893699646,0.5100117921829224,0.8185677528381348,0.556321918964386,0.8084996938705444,0.5190500020980835,0.8199446201324463,0.484024316072464,ㅋ
0.6629443764686584,0.35106414556503296,0.5905665755271912,0.34336429834365845,0.5192319750785828,0.37772274017333984,0.45806989073753357,0.4110352396965027,0.4183303713798523,0.38809141516685486,0.5087564587593079,0.44290345907211304,0.4924085736274719,0.5430545210838318,0.512896716594696,0.5258008241653442,0.5311099290847778,0.4935395121574402,0.5397898554801941,0.4811354875564575,0.5033502578735352,0.6022500991821289,0.4766348600387573,0.6862286329269409,0.4592907726764679,0.7432149648666382,0.5823155641555786,0.5087350010871887,0.5594848990440369,0.5706762075424194,0.5699564814567566,0.5396679043769836,0.5814101696014404,0.508422315120697,0.620374321937561,0.5202330350875854,0.6018496155738831,0.5466406345367432,0.6103712320327759,0.5151106119155884,0.6181539297103882,0.48806434869766235,ㅋ
0.7089676260948181,0.39367908239364624,0.6347079277038574,0.38891056180000305,0.5654011368751526,0.42159759998321533,0.5055426359176636,0.443558931350708,0.4662104845046997,0.42107072472572327,0.5653098225593567,0.49598631262779236,0.5431116819381714,0.5903313755989075,0.561391294002533,0.5674907565116882,0.5789119601249695,0.5333442687988281,0.6006526947021484,0.5330496430397034,0.5619683265686035,0.6477876901626587,0.5361320376396179,0.725031852722168,0.5195909738540649,0.7823184728622437,0.6419752240180969,0.5553308725357056,0.6124610304832458,0.6174907684326172,0.6174455285072327,0.5840175151824951,0.6276301145553589,0.5513347387313843,0.677618145942688,0.5599234104156494,0.6519224643707275,0.5877161026000977,0.6574419140815735,0.5568904280662537,0.665719211101532,0.5295379757881165,ㅋ
0.6738389134407043,0.36819323897361755,0.6006768345832825,0.37162986397743225,0.5303897261619568,0.4002758860588074,0.4704875946044922,0.41926848888397217,0.4284231662750244,0.40177029371261597,0.5236020684242249,0.47933515906333923,0.5174282789230347,0.5702440738677979,0.5398105382919312,0.556337833404541,0.5568311810493469,0.5254068374633789,0.5555070042610168,0.5143842697143555,0.5256478786468506,0.6301635503768921,0.5051760673522949,0.7114673852920532,0.48955410718917847,0.7651089429855347,0.5968399047851562,0.5338935852050781,0.5852450728416443,0.5928940176963806,0.5982900857925415,0.5597242712974548,0.6077234745025635,0.5239730477333069,0.6361971497535706,0.5373896360397339,0.6266465187072754,0.5710017085075378,0.6345130205154419,0.5367201566696167,0.6394395232200623,0.5074122548103333,ㅋ
0.6483689546585083,0.389104962348938,0.5778865814208984,0.3892751932144165,0.5122748017311096,0.41282835602760315,0.45624521374702454,0.42620328068733215,0.41798722743988037,0.41098183393478394,0.5010232925415039,0.4894728362560272,0.5000654458999634,0.5884275436401367,0.5235621333122253,0.573555588722229,0.5380202531814575,0.5401710867881775,0.5315527319908142,0.5218819975852966,0.5079808831214905,0.6433477997779846,0.4922352433204651,0.7201118469238281,0.4794924855232239,0.7704967856407166,0.5714280605316162,0.540221095085144,0.567955493927002,0.6030328273773193,0.5786601901054382,0.5728563666343689,0.5838733315467834,0.5394374132156372,0.6107234358787537,0.5463578701019287,0.6040819883346558,0.5858301520347595,0.6144624352455139,0.5551012754440308,0.6193443536758423,0.5259801745414734,ㅋ
0.7016394138336182,0.40136438608169556,0.6267343759536743,0.3759121298789978,0.5586271286010742,0.38811367750167847,0.4959135055541992,0.39692622423171997,0.4558808207511902,0.3690531253814697,0.5406367182731628,0.46833518147468567,0.49315088987350464,0.5699475407600403,0.4870898723602295,0.5970203876495361,0.4900662899017334,0.6008219122886658,0.5687763094902039,0.5159456133842468,0.5218334794044495,0.6357558965682983,0.49297526478767395,0.7091671824455261,0.47760361433029175,0.7578454613685608,0.6075851917266846,0.5486069321632385,0.5855591297149658,0.612416684627533,0.5956388711929321,0.577031672000885,0.6069822311401367,0.5423403382301331,0.6466690897941589,0.5621916651725769,0.6279601454734802,0.5976332426071167,0.6376099586486816,0.5654515027999878,0.6476864218711853,0.5356498956680298,ㅋ
0.7117690443992615,0.40369656682014465,0.6328174471855164,0.3790089190006256,0.5598335862159729,0.3924204707145691,0.4938448369503021,0.40288764238357544,0.4508102238178253,0.3708046078681946,0.5420313477516174,0.4784652888774872,0.49754270911216736,0.5980480909347534,0.49106770753860474,0.6180429458618164,0.49004796147346497,0.6172266602516174,0.5723732113838196,0.5269045233726501,0.5193047523498535,0.6559892296791077,0.48547303676605225,0.7314092516899109,0.4657129943370819,0.7831198573112488,0.6141896843910217,0.5599662661552429,0.5841376781463623,0.6210739016532898,0.5923472046852112,0.5837442278862,0.6043176054954529,0.5475381016731262,0.6537545323371887,0.573785126209259,0.6272875666618347,0.6054043769836426,0.6366021633148193,0.572627604007721,0.6484519839286804,0.5413761138916016,ㅋ
0.6943272352218628,0.3553333878517151,0.6144679188728333,0.3462079167366028,0.5413708090782166,0.36475467681884766,0.4760509431362152,0.3745054006576538,0.4335704445838928,0.3443364202976227,0.5221830606460571,0.4400239884853363,0.4887821078300476,0.5617590546607971,0.5026563405990601,0.572560727596283,0.5127090215682983,0.5602578520774841,0.551283597946167,0.4834055006504059,0.5074523091316223,0.6146695613861084,0.48203426599502563,0.695534348487854,0.4648715853691101,0.7524644136428833,0.592985212802887,0.5131526589393616,0.5719231367111206,0.5841342806816101,0.5867998600006104,0.5466510057449341,0.5990922451019287,0.5102795362472534,0.6349791288375854,0.5265719890594482,0.6125255227088928,0.5655320882797241,0.6249465346336365,0.5310083627700806,0.6351391077041626,0.49831855297088623,ㅋ
0.6567922830581665,0.38099053502082825,0.578179657459259,0.3853403329849243,0.5094733238220215,0.4248749017715454,0.4482644498348236,0.45319753885269165,0.40203213691711426,0.44127076864242554,0.5089194774627686,0.5107662677764893,0.4944060444831848,0.6466052532196045,0.5119832158088684,0.6339594125747681,0.5244169235229492,0.5965723395347595,0.5466619729995728,0.5434810519218445,0.5271081924438477,0.6917738318443298,0.5130691528320312,0.7779730558395386,0.5031967759132385,0.8400943279266357,0.5920133590698242,0.559114933013916,0.5849542617797852,0.6352428793907166,0.5877065062522888,0.598961353302002,0.5909513831138611,0.5609404444694519,0.6348128914833069,0.5604419708251953,0.6224698424339294,0.6051455140113831,0.628726601600647,0.5723767876625061,0.6333694458007812,0.537953794002533,ㅋ
0.6500779986381531,0.39733976125717163,0.566535234451294,0.4094507098197937,0.4994545876979828,0.44893601536750793,0.4369077980518341,0.47585105895996094,0.3885701298713684,0.4800335466861725,0.5049524307250977,0.5447559356689453,0.5002503991127014,0.6827493906021118,0.5163981914520264,0.6672351956367493,0.523328959941864,0.630672037601471,0.547814130783081,0.5746278762817383,0.5345635414123535,0.7214014530181885,0.5262832641601562,0.8110570907592773,0.5203577876091003,0.8765469789505005,0.5965448021888733,0.584342360496521,0.5930839776992798,0.6531757712364197,0.5945171117782593,0.6179144978523254,0.5956496000289917,0.5789048075675964,0.6396989226341248,0.5802916884422302,0.6291128993034363,0.6195419430732727,0.6325830817222595,0.5845316648483276,0.6344284415245056,0.5490880012512207,ㅋ
0.6622132658958435,0.4113289713859558,0.5766897797584534,0.42427095770835876,0.5081925988197327,0.456709086894989,0.44567394256591797,0.48460903763771057,0.40207377076148987,0.508545458316803,0.5145080089569092,0.5565914511680603,0.5065594911575317,0.695203423500061,0.5240547060966492,0.6780692338943481,0.5333718061447144,0.6377407908439636,0.5579042434692383,0.58827805519104,0.5436727404594421,0.7390482425689697,0.5335507392883301,0.8284913897514343,0.5261996388435364,0.8916078209877014,0.6072476506233215,0.5991796851158142,0.5993497371673584,0.6674584746360779,0.5997377634048462,0.6329433917999268,0.6021025776863098,0.5945785045623779,0.6513112783432007,0.5957685112953186,0.6370165944099426,0.6349954605102539,0.6401504278182983,0.6017494797706604,0.6433102488517761,0.5689756274223328,ㅋ
0.6836499571800232,0.3678191900253296,0.6001623272895813,0.38823312520980835,0.5307347774505615,0.42854538559913635,0.47252020239830017,0.4739910662174225,0.44098740816116333,0.5184977650642395,0.5505701303482056,0.5262781381607056,0.547371506690979,0.6705148220062256,0.5577425956726074,0.6619395613670349,0.5632829666137695,0.6337724328041077,0.5954709053039551,0.5578925609588623,0.5857995748519897,0.7070049047470093,0.5795046091079712,0.7957754135131836,0.5772384405136108,0.8598398566246033,0.6425397992134094,0.5680316686630249,0.6285164952278137,0.6376059055328369,0.6236368417739868,0.6063737869262695,0.6234843730926514,0.5695005059242249,0.6816036701202393,0.5658836364746094,0.6601282954216003,0.5964145660400391,0.6583947539329529,0.5669511556625366,0.6596012115478516,0.5369625091552734,ㅋ
0.7108346223831177,0.39676278829574585,0.6246717572212219,0.41864702105522156,0.5526336431503296,0.46535325050354004,0.4870942533016205,0.49283674359321594,0.4364922046661377,0.4762377142906189,0.5798710584640503,0.5606752038002014,0.5757980942726135,0.7083216905593872,0.5726624727249146,0.7334580421447754,0.5688936114311218,0.7347785234451294,0.6314063668251038,0.5954322814941406,0.6239646673202515,0.7673622369766235,0.6155548095703125,0.8690930008888245,0.6132654547691345,0.9336448907852173,0.6843472719192505,0.6069551110267639,0.6637442708015442,0.696311354637146,0.6556491851806641,0.6554869413375854,0.6568938493728638,0.6110326051712036,0.7249038219451904,0.6048554182052612,0.6992924213409424,0.6459346413612366,0.6954737901687622,0.6092965602874756,0.698492705821991,0.5758669972419739,ㅋ
0.7382550835609436,0.36276930570602417,0.6500877737998962,0.3690366744995117,0.569957435131073,0.4050212800502777,0.5013315677642822,0.41685131192207336,0.4557121992111206,0.38239920139312744,0.5970452427864075,0.502612292766571,0.5805753469467163,0.6361101865768433,0.5710073709487915,0.6829895973205566,0.5609833002090454,0.7132581472396851,0.6487272381782532,0.545235276222229,0.6256587505340576,0.7061454057693481,0.6118733882904053,0.8089907765388489,0.6050041913986206,0.8788086175918579,0.7003920078277588,0.5614989995956421,0.670154333114624,0.6439007520675659,0.6682201027870178,0.5986269116401672,0.6739699244499207,0.5513507127761841,0.7413342595100403,0.5600907802581787,0.7118002772331238,0.5896807312965393,0.7117944955825806,0.5484872460365295,0.7171810865402222,0.5106984376907349,ㅋ
0.7452828884124756,0.3318859338760376,0.657986581325531,0.3343399167060852,0.5770444869995117,0.3696400225162506,0.5082041621208191,0.3751460015773773,0.46479135751724243,0.3294702470302582,0.5937724709510803,0.4572902321815491,0.5765019655227661,0.5864351391792297,0.5657555460929871,0.6416524052619934,0.5562370419502258,0.6836962103843689,0.6414316892623901,0.4997265338897705,0.6181526184082031,0.6574726104736328,0.6059978604316711,0.7557051181793213,0.6018226742744446,0.8234117031097412,0.6929386854171753,0.5188952088356018,0.6712180972099304,0.607424795627594,0.6702035069465637,0.5614519119262695,0.6755796670913696,0.5144655108451843,0.7365643382072449,0.5208978652954102,0.7138432264328003,0.5614736080169678,0.7132999300956726,0.5204232931137085,0.718145489692688,0.4824672043323517,ㅋ
0.7258008122444153,0.3468906283378601,0.6394989490509033,0.348457008600235,0.5631500482559204,0.3775203824043274,0.4978838860988617,0.384798526763916,0.45584386587142944,0.3485332727432251,0.570275604724884,0.4713838994503021,0.5570875406265259,0.6119065880775452,0.5719417333602905,0.6107580065727234,0.584118127822876,0.5804909467697144,0.6136090755462646,0.5074784159660339,0.5919266939163208,0.6568763852119446,0.577703058719635,0.7479492425918579,0.5707699060440063,0.8070052266120911,0.6638295650482178,0.5254263877868652,0.6434041261672974,0.612060010433197,0.645192563533783,0.5742985010147095,0.6525061130523682,0.5318099856376648,0.707957923412323,0.5269127488136292,0.6824334859848022,0.573272168636322,0.6847095489501953,0.5389816761016846,0.6902173161506653,0.5051154494285583,ㅋ
0.7078652381896973,0.38847506046295166,0.625112771987915,0.39306363463401794,0.5525481700897217,0.4253121316432953,0.4908576011657715,0.4402010440826416,0.4492335915565491,0.4123932421207428,0.560431718826294,0.5123364329338074,0.5524585247039795,0.6268144845962524,0.5696090459823608,0.606338620185852,0.5828708410263062,0.5661433935165405,0.6005245447158813,0.5507695078849792,0.579393744468689,0.687310516834259,0.5638648867607117,0.7753665447235107,0.5541033744812012,0.832870602607727,0.6483559608459473,0.5703213810920715,0.6287064552307129,0.6438974142074585,0.6312084794044495,0.6093515753746033,0.6370633244514465,0.5712182521820068,0.6906169652938843,0.5736615061759949,0.667179524898529,0.6092718839645386,0.6716492772102356,0.5757681727409363,0.6776621341705322,0.5451515913009644,ㅋ
0.6906632781028748,0.41025400161743164,0.6094329953193665,0.43089941143989563,0.5422513484954834,0.4688851535320282,0.48169752955436707,0.498822957277298,0.4389599561691284,0.5156151056289673,0.5524970889091492,0.5612205266952515,0.5617181062698364,0.672321617603302,0.5819029808044434,0.6448417901992798,0.5919225215911865,0.6032348871231079,0.5971330404281616,0.5897876024246216,0.5844078063964844,0.7280781269073486,0.5774694085121155,0.8156103491783142,0.5719174742698669,0.8769870400428772,0.6458462476730347,0.5975612998008728,0.6357288360595703,0.6648340225219727,0.6373867988586426,0.6317120790481567,0.638972282409668,0.5938270092010498,0.688705325126648,0.5907012820243835,0.671284556388855,0.6315048336982727,0.6733057498931885,0.5980398058891296,0.6746049523353577,0.5653156042098999,ㅋ
0.6779865026473999,0.42519962787628174,0.5986357927322388,0.4429575204849243,0.5293001532554626,0.4823107421398163,0.4720790386199951,0.5171403884887695,0.43281078338623047,0.5433215498924255,0.5411648750305176,0.5762061476707458,0.5550956130027771,0.6804419159889221,0.5771668553352356,0.6516297459602356,0.5879746675491333,0.608461856842041,0.5855832099914551,0.6011480093002319,0.5762004852294922,0.7349562644958496,0.5695687532424927,0.8204867839813232,0.5636644959449768,0.8812850713729858,0.6331826448440552,0.6077944040298462,0.6279223561286926,0.673247218132019,0.6297789812088013,0.6409307718276978,0.6305422782897949,0.6038773059844971,0.6758279204368591,0.60294508934021,0.6618566513061523,0.6419507265090942,0.6657331585884094,0.608965277671814,0.6673619747161865,0.5771232843399048,ㅋ
0.6894555687904358,0.36462289094924927,0.6127576231956482,0.390941858291626,0.5515744090080261,0.4357621669769287,0.49677416682243347,0.4745709300041199,0.4569472074508667,0.49986597895622253,0.5792393684387207,0.5314547419548035,0.5888195037841797,0.6273996233940125,0.6004866361618042,0.5972884893417358,0.606965184211731,0.5583239197731018,0.6243956089019775,0.5538424849510193,0.6183995604515076,0.6809553503990173,0.6142287850379944,0.7600440382957458,0.6123625040054321,0.8183252215385437,0.6683076620101929,0.5548835396766663,0.6527775526046753,0.6193106174468994,0.6512691974639893,0.5893663763999939,0.6534831523895264,0.554961621761322,0.7033951282501221,0.5424020886421204,0.6830649375915527,0.5724783539772034,0.6823313236236572,0.5420697927474976,0.6825138330459595,0.5119448304176331,ㅋ
0.7458144426345825,0.3326384425163269,0.6626012921333313,0.3430624306201935,0.5957580804824829,0.3727130591869354,0.5345733165740967,0.39729756116867065,0.48954594135284424,0.4084686040878296,0.612343430519104,0.47939231991767883,0.6138429045677185,0.5777109265327454,0.6296845078468323,0.550105094909668,0.6400245428085327,0.5121233463287354,0.6555936932563782,0.5102196931838989,0.6362327337265015,0.6363699436187744,0.623986542224884,0.7184009552001953,0.6157805919647217,0.7757731676101685,0.7016727924346924,0.5180926322937012,0.6822547912597656,0.5795120000839233,0.684136152267456,0.5498896837234497,0.6893284916877747,0.5147303342819214,0.739994466304779,0.5094234943389893,0.718948245048523,0.540226936340332,0.7207647562026978,0.5089268684387207,0.7238885164260864,0.47730135917663574,ㅋ
0.8076526522636414,0.37727347016334534,0.7195494771003723,0.36888250708580017,0.642200231552124,0.39150410890579224,0.5758115649223328,0.40791523456573486,0.5276193022727966,0.416570782661438,0.6532528400421143,0.5095644593238831,0.6388520002365112,0.6187787652015686,0.6550729870796204,0.5894885063171387,0.6692132353782654,0.5469443798065186,0.6955323219299316,0.5507141947746277,0.6609827876091003,0.6816693544387817,0.6395900845527649,0.7620881795883179,0.6254472732543945,0.820709764957428,0.7418912649154663,0.5687808394432068,0.71892249584198,0.6204912662506104,0.7224582433700562,0.5864437222480774,0.729191780090332,0.5503370761871338,0.7824576497077942,0.5691778659820557,0.7572115659713745,0.5924093723297119,0.7614936232566833,0.559414267539978,0.7674669623374939,0.5265179872512817,ㅋ
0.8667369484901428,0.32359060645103455,0.7508312463760376,0.3224218487739563,0.6592580080032349,0.3498474955558777,0.5784431099891663,0.3708069920539856,0.5196355581283569,0.3890153765678406,0.6853058934211731,0.5079119205474854,0.6536287069320679,0.635895311832428,0.6650761961936951,0.6010193228721619,0.6822991967201233,0.5537879467010498,0.7397739291191101,0.5541021227836609,0.6913397908210754,0.7093912363052368,0.6595472693443298,0.8087272644042969,0.6423231363296509,0.8812924027442932,0.795371949672699,0.5709617733955383,0.7468153834342957,0.6218805313110352,0.7408952116966248,0.5876207947731018,0.7504197955131531,0.5492662191390991,0.8401129245758057,0.5664600133895874,0.7916572690010071,0.5891123414039612,0.790989875793457,0.5543506145477295,0.800856351852417,0.5165659189224243,ㅋ
0.7114280462265015,0.33258765935897827,0.6275584697723389,0.348288893699646,0.5581273436546326,0.38796645402908325,0.49400776624679565,0.4151049256324768,0.4468885064125061,0.4283451437950134,0.5744742155075073,0.48290178179740906,0.5739904642105103,0.5956609845161438,0.5895045399665833,0.5803518891334534,0.5972753763198853,0.5494714379310608,0.6173916459083557,0.5142518281936646,0.6007266640663147,0.6520131230354309,0.591048002243042,0.7380770444869995,0.5833926200866699,0.7993544340133667,0.66331946849823,0.5236773490905762,0.6500085592269897,0.5916274785995483,0.6501079201698303,0.5617411136627197,0.6524766683578491,0.5256474614143372,0.7038403749465942,0.5186731219291687,0.6831487417221069,0.5608780384063721,0.685318648815155,0.5285791158676147,0.6878412961959839,0.49469709396362305,ㅋ
0.3062688708305359,0.26913920044898987,0.3738915026187897,0.2756122946739197,0.4456889033317566,0.3120737671852112,0.49639737606048584,0.32362422347068787,0.5403342247009277,0.3096388280391693,0.4268379807472229,0.4004230201244354,0.4211009442806244,0.5221974849700928,0.4131079316139221,0.485634982585907,0.40843895077705383,0.4400689899921417,0.3835776448249817,0.41596561670303345,0.39046987891197205,0.555720865726471,0.3991318643093109,0.6253719329833984,0.4003356993198395,0.6802312135696411,0.34009283781051636,0.4182025194168091,0.34963375329971313,0.5098247528076172,0.3538420498371124,0.47644686698913574,0.350399911403656,0.43864762783050537,0.29933488368988037,0.4166092276573181,0.31827622652053833,0.4754951596260071,0.32126644253730774,0.4445715844631195,0.31791365146636963,0.41319119930267334,ㅋ
0.3052428364753723,0.26803022623062134,0.37385523319244385,0.27638518810272217,0.44525784254074097,0.3165733814239502,0.4978654384613037,0.3300071060657501,0.5437613129615784,0.3188250660896301,0.4253040552139282,0.4061359167098999,0.41943642497062683,0.5298354625701904,0.41222256422042847,0.48987966775894165,0.40677833557128906,0.440744549036026,0.3812231719493866,0.4220270812511444,0.38618773221969604,0.5640799403190613,0.39440393447875977,0.6372020840644836,0.3944864571094513,0.6942571401596069,0.33757224678993225,0.4232284128665924,0.3467978835105896,0.517069399356842,0.3518739938735962,0.4843810200691223,0.34884408116340637,0.4464409053325653,0.2963310480117798,0.42077505588531494,0.31575900316238403,0.4804783761501312,0.31770017743110657,0.4484211802482605,0.31356000900268555,0.4171907603740692,ㅋ
0.29812508821487427,0.20430515706539154,0.36885231733322144,0.21698658168315887,0.4407632350921631,0.26004984974861145,0.49616739153862,0.2752373218536377,0.5452297925949097,0.2609243392944336,0.416418194770813,0.3467138111591339,0.41018617153167725,0.47725826501846313,0.40252813696861267,0.43648380041122437,0.397477924823761,0.38598644733428955,0.36734750866889954,0.36318641901016235,0.3744734227657318,0.5118191838264465,0.3818596303462982,0.5920790433883667,0.3808044493198395,0.6541844010353088,0.3206274211406708,0.36503878235816956,0.33390894532203674,0.4649414122104645,0.3403762876987457,0.43106499314308167,0.3372848629951477,0.39080461859703064,0.2785358428955078,0.3633432686328888,0.30316245555877686,0.427601158618927,0.30654674768447876,0.395873486995697,0.3010161817073822,0.3641021251678467,ㅋ
0.3082450032234192,0.21385757625102997,0.3777658939361572,0.226196750998497,0.45241501927375793,0.27374809980392456,0.5062805414199829,0.29184722900390625,0.5529639720916748,0.2756526470184326,0.425655335187912,0.3583528697490692,0.4144744277000427,0.4918862581253052,0.40798962116241455,0.45250216126441956,0.40521755814552307,0.40199339389801025,0.37799471616744995,0.3700847029685974,0.3800329864025116,0.5256654620170593,0.3857279121875763,0.6048159599304199,0.3847140669822693,0.6662335395812988,0.3309699296951294,0.3698946535587311,0.3385116755962372,0.47616446018218994,0.3432968258857727,0.4398808479309082,0.34134531021118164,0.39765095710754395,0.2862485945224762,0.36644816398620605,0.3063051700592041,0.43749579787254333,0.30928534269332886,0.4047129452228546,0.30688291788101196,0.3692142963409424,ㅋ
0.24334770441055298,0.24132797122001648,0.3286231458187103,0.25607532262802124,0.4086282253265381,0.30556508898735046,0.4713800549507141,0.3287002742290497,0.5274960994720459,0.31976068019866943,0.37396207451820374,0.41518470644950867,0.3722217082977295,0.5636874437332153,0.3677845597267151,0.5162602066993713,0.36120885610580444,0.45845741033554077,0.3195706009864807,0.4343082308769226,0.33075082302093506,0.6004359722137451,0.3427400588989258,0.6913220882415771,0.34161806106567383,0.762168288230896,0.2704258859157562,0.4329724907875061,0.2875829041004181,0.5443767309188843,0.2971402108669281,0.5050795078277588,0.2936779260635376,0.45819228887557983,0.22750115394592285,0.42850443720817566,0.25684672594070435,0.4983850419521332,0.2627370059490204,0.4614814221858978,0.25621098279953003,0.4238593876361847,ㅋ
0.3372994363307953,0.2805253267288208,0.4075269401073456,0.273384690284729,0.4862516224384308,0.2976795732975006,0.5438068509101868,0.3069435954093933,0.5880981087684631,0.284700870513916,0.5013412237167358,0.38281354308128357,0.5118729472160339,0.4980936646461487,0.49008116126060486,0.48054879903793335,0.4746847450733185,0.447318434715271,0.46768906712532043,0.4126206636428833,0.4923103451728821,0.5459609031677246,0.5106288194656372,0.6219763159751892,0.521683394908905,0.6815311312675476,0.4251260757446289,0.43136534094810486,0.42963480949401855,0.5189472436904907,0.42124301195144653,0.4859253764152527,0.4113216996192932,0.44732654094696045,0.379739910364151,0.4446887671947479,0.3913016617298126,0.5005481839179993,0.3828105926513672,0.46839460730552673,0.37534183263778687,0.4361160695552826,ㅋ
0.2941732406616211,0.3723851442337036,0.3578560948371887,0.32865118980407715,0.4451611042022705,0.3125288486480713,0.5033348798751831,0.2876110076904297,0.530314028263092,0.23720723390579224,0.4684405028820038,0.37811243534088135,0.507008969783783,0.47589215636253357,0.48228809237480164,0.4647670388221741,0.458233505487442,0.4388238191604614,0.44333726167678833,0.4231070876121521,0.5044195055961609,0.5378137230873108,0.542119026184082,0.5981140732765198,0.5676400661468506,0.6483489274978638,0.40860867500305176,0.4635891616344452,0.44358304142951965,0.5439157485961914,0.4293316900730133,0.516804039478302,0.4105064868927002,0.4878551661968231,0.3712957799434662,0.49836018681526184,0.4013218283653259,0.541799783706665,0.3872118890285492,0.5172750949859619,0.37171441316604614,0.4955770969390869,ㅋ
0.27853965759277344,0.3611915111541748,0.3441077470779419,0.31927192211151123,0.4284213185310364,0.3015730082988739,0.4848892092704773,0.275098979473114,0.5134117007255554,0.22216027975082397,0.4524500072002411,0.36518222093582153,0.489915668964386,0.46266114711761475,0.4630144536495209,0.4516476094722748,0.4390188455581665,0.424704372882843,0.4272421598434448,0.41114577651023865,0.4892195463180542,0.5252135992050171,0.524054229259491,0.5820563435554504,0.5475019216537476,0.628553032875061,0.3925721347332001,0.45203036069869995,0.42576512694358826,0.5292486548423767,0.41005831956863403,0.5002695322036743,0.3914358913898468,0.4694228768348694,0.3556757867336273,0.48691752552986145,0.38439175486564636,0.5287372469902039,0.36990979313850403,0.504068911075592,0.3556429147720337,0.4808979332447052,ㅋ
0.25051766633987427,0.3234301209449768,0.3175927400588989,0.2861179709434509,0.40347403287887573,0.27477601170539856,0.4564376771450043,0.247934490442276,0.48462799191474915,0.1987171620130539,0.4167858064174652,0.3323463797569275,0.45856574177742004,0.43503570556640625,0.4349174499511719,0.4241037666797638,0.41020825505256653,0.3957849442958832,0.38702481985092163,0.37704166769981384,0.44806259870529175,0.4932522773742676,0.4840947985649109,0.5536513924598694,0.508901834487915,0.6013317108154297,0.3505975604057312,0.4164454936981201,0.38934648036956787,0.49702805280685425,0.3776177763938904,0.47086116671562195,0.35982823371887207,0.4404359459877014,0.3137970268726349,0.4488402009010315,0.34993594884872437,0.49622154235839844,0.33945849537849426,0.47118064761161804,0.32265642285346985,0.4459814429283142,ㅋ
0.28368860483169556,0.30022382736206055,0.34852567315101624,0.31367748975753784,0.4313387870788574,0.3617492914199829,0.4877767264842987,0.3683600425720215,0.5316394567489624,0.3348279297351837,0.4048895835876465,0.40369871258735657,0.39767321944236755,0.5496842265129089,0.3865000903606415,0.5139135122299194,0.38267794251441956,0.46323686838150024,0.35423633456230164,0.4086509943008423,0.3588770031929016,0.5747938752174377,0.3674224317073822,0.644119381904602,0.36738085746765137,0.6959719657897949,0.30592215061187744,0.4117910861968994,0.3146073818206787,0.5451912879943848,0.32255399227142334,0.5056233406066895,0.32186129689216614,0.45736733078956604,0.2624078691005707,0.4205075800418854,0.2835524082183838,0.5118377208709717,0.28783148527145386,0.47737082839012146,0.2868639826774597,0.4346246123313904,ㅋ
0.281700998544693,0.314151793718338,0.3369528353214264,0.3078242838382721,0.40343621373176575,0.3287586271762848,0.44850099086761475,0.3397349715232849,0.4848112165927887,0.3287191689014435,0.39726418256759644,0.37879249453544617,0.40608909726142883,0.4796222448348999,0.3929680585861206,0.45603686571121216,0.3813537061214447,0.4179563522338867,0.3644246459007263,0.39858105778694153,0.3833540678024292,0.5137181878089905,0.39844468235969543,0.5741260051727295,0.4068877100944519,0.6207835674285889,0.32891374826431274,0.41420483589172363,0.344839870929718,0.4986928701400757,0.3419325351715088,0.4726255536079407,0.3349931240081787,0.4401416778564453,0.2935337722301483,0.428007036447525,0.3160589337348938,0.4843839406967163,0.31200483441352844,0.4597107768058777,0.30594348907470703,0.4314292371273041,ㅋ
0.23959852755069733,0.217136412858963,0.29643136262893677,0.20900945365428925,0.3648938536643982,0.22883915901184082,0.4100770652294159,0.22977066040039062,0.44754165410995483,0.21446436643600464,0.34652236104011536,0.27767613530158997,0.3632963001728058,0.38000696897506714,0.35446101427078247,0.35897549986839294,0.34292009472846985,0.32492953538894653,0.3090699315071106,0.2991233468055725,0.33633071184158325,0.41849392652511597,0.3564978241920471,0.4806729555130005,0.36610913276672363,0.5299550294876099,0.2732416093349457,0.3159247636795044,0.30148425698280334,0.4113827347755432,0.30343469977378845,0.3825995922088623,0.2961692810058594,0.3489593267440796,0.24215787649154663,0.3302975594997406,0.27459219098091125,0.39279603958129883,0.27400267124176025,0.3666166365146637,0.26581138372421265,0.33704113960266113,ㅋ
0.2808324098587036,0.22160568833351135,0.34824323654174805,0.210028737783432,0.42464014887809753,0.23494046926498413,0.4782891273498535,0.24871253967285156,0.5216553211212158,0.23957636952400208,0.41529762744903564,0.31778526306152344,0.4267129600048065,0.42827746272087097,0.41260483860969543,0.401850163936615,0.39871135354042053,0.3634101450443268,0.3759765028953552,0.3456234931945801,0.4042215049266815,0.4728385806083679,0.42431071400642395,0.5363054275512695,0.4360242784023285,0.5842614769935608,0.3346167504787445,0.36173245310783386,0.35488641262054443,0.452875018119812,0.3520107865333557,0.42386186122894287,0.34549564123153687,0.3877142369747162,0.2951642870903015,0.37169915437698364,0.32039517164230347,0.42920416593551636,0.31606945395469666,0.39941951632499695,0.30898669362068176,0.3672899007797241,ㅋ
0.30854785442352295,0.1257438212633133,0.39129889011383057,0.11636620759963989,0.489234983921051,0.14719843864440918,0.5580464005470276,0.1626305878162384,0.6153703927993774,0.16065815091133118,0.47430187463760376,0.24874581396579742,0.4913928508758545,0.40035876631736755,0.4751437306404114,0.3641107976436615,0.4587452709674835,0.3095243275165558,0.4230014383792877,0.27865055203437805,0.4616541564464569,0.45523208379745483,0.48851868510246277,0.5469092726707458,0.5039644241333008,0.6202560663223267,0.3688535988330841,0.2964087426662445,0.39538565278053284,0.42307552695274353,0.3924461603164673,0.3809991478919983,0.38247472047805786,0.33241939544677734,0.3157690763473511,0.3086321949958801,0.352628231048584,0.3903524577617645,0.34814149141311646,0.35213136672973633,0.33806270360946655,0.3103870153427124,ㅋ
0.21437638998031616,0.2369910180568695,0.28759804368019104,0.22631575167179108,0.3725016415119171,0.2529931664466858,0.42793911695480347,0.2660265266895294,0.4742141664028168,0.27378153800964355,0.354694128036499,0.3324317932128906,0.3737114667892456,0.4571579098701477,0.3630748987197876,0.4254152476787567,0.3502357006072998,0.38042089343070984,0.3082664906978607,0.3628709018230438,0.342403769493103,0.515086829662323,0.36440157890319824,0.5900688171386719,0.3746969699859619,0.6498167514801025,0.2627817988395691,0.3806590139865875,0.29261261224746704,0.48466187715530396,0.2946012616157532,0.4453117549419403,0.28609341382980347,0.4033801555633545,0.22042831778526306,0.39390721917152405,0.25618910789489746,0.45854851603507996,0.25661802291870117,0.42372626066207886,0.24827158451080322,0.38898980617523193,ㅋ
0.3053911030292511,0.3667554259300232,0.35785967111587524,0.3662397861480713,0.41807955503463745,0.3933534324169159,0.46192383766174316,0.40861669182777405,0.49796605110168457,0.4117772877216339,0.41938599944114685,0.45531290769577026,0.4199426472187042,0.543389081954956,0.40545517206192017,0.5249385833740234,0.39668652415275574,0.4943423867225647,0.38972893357276917,0.47386234998703003,0.39877593517303467,0.5756582021713257,0.40645408630371094,0.6288164854049683,0.41320106387138367,0.6703694462776184,0.35620206594467163,0.48401468992233276,0.3551119267940521,0.5503132343292236,0.3500078618526459,0.5258006453514099,0.3468451201915741,0.49836546182632446,0.322934091091156,0.4903223216533661,0.3301256597042084,0.534210741519928,0.3253316581249237,0.5111554265022278,0.32199496030807495,0.4892726540565491,ㅋ
0.28560030460357666,0.1877126395702362,0.35757312178611755,0.18712583184242249,0.44017812609672546,0.2253219187259674,0.4963250458240509,0.24042505025863647,0.5432295799255371,0.24452540278434753,0.41467976570129395,0.29443955421447754,0.42728835344314575,0.4130575656890869,0.41651201248168945,0.3934522271156311,0.4061623513698578,0.3600454032421112,0.3689896762371063,0.3163994252681732,0.3988202214241028,0.4724421501159668,0.41840851306915283,0.5487096309661865,0.4279989004135132,0.6110378503799438,0.3233954608440399,0.32952889800071716,0.3456288278102875,0.4500012993812561,0.34574776887893677,0.40936118364334106,0.3382553458213806,0.36562174558639526,0.2795228660106659,0.33825474977493286,0.3094889521598816,0.42361924052238464,0.309113085269928,0.387484610080719,0.29912298917770386,0.3467325270175934,ㅋ
0.35554659366607666,0.3145134449005127,0.42193830013275146,0.28498563170433044,0.5017291307449341,0.2810697555541992,0.5645564198493958,0.2836473286151886,0.6096658706665039,0.271796315908432,0.526275098323822,0.3623656928539276,0.5504619479179382,0.4646684527397156,0.5278310179710388,0.4547567069530487,0.5088776350021362,0.42913269996643066,0.49825620651245117,0.4070184826850891,0.548095703125,0.5261288285255432,0.5805111527442932,0.5931463241577148,0.6016536355018616,0.64595627784729,0.4613979458808899,0.4415401518344879,0.4836128056049347,0.525719165802002,0.4724809527397156,0.49703335762023926,0.45702680945396423,0.4623541235923767,0.4200456738471985,0.46970561146736145,0.4416329264640808,0.5182051658630371,0.43064412474632263,0.4893718361854553,0.41848045587539673,0.4609653353691101,ㅋ
0.33021771907806396,0.29939162731170654,0.39504992961883545,0.2682461738586426,0.46724817156791687,0.2585170567035675,0.5229558944702148,0.2523552179336548,0.5617976188659668,0.2384842485189438,0.49683284759521484,0.3168378174304962,0.5297307372093201,0.41423773765563965,0.5072936415672302,0.4096052348613739,0.48713409900665283,0.38589921593666077,0.4746015667915344,0.3621775507926941,0.5342491865158081,0.473959743976593,0.5689075589179993,0.5311106443405151,0.5924621224403381,0.5746675729751587,0.44232359528541565,0.40067151188850403,0.4667717218399048,0.4833168387413025,0.45237189531326294,0.4595608115196228,0.4357934892177582,0.4283475875854492,0.405057430267334,0.4326370060443878,0.4246045649051666,0.4790547788143158,0.41231754422187805,0.45643383264541626,0.3992069959640503,0.43351203203201294,ㅋ
0.32596510648727417,0.38483521342277527,0.3722882568836212,0.3342796862125397,0.42534759640693665,0.2924410402774811,0.4731271266937256,0.26593083143234253,0.5086904764175415,0.24339184165000916,0.4753718078136444,0.338137686252594,0.5168918371200562,0.41051214933395386,0.49340784549713135,0.41703611612319946,0.4717201292514801,0.40604355931282043,0.46721309423446655,0.38661831617355347,0.5382021069526672,0.46250593662261963,0.5792660117149353,0.5004002451896667,0.6085114479064941,0.531865656375885,0.4478740096092224,0.43329524993896484,0.47750967741012573,0.5012332201004028,0.45661845803260803,0.4856696128845215,0.4354771077632904,0.4638972878456116,0.42306020855903625,0.4785165786743164,0.4392048716545105,0.5161309242248535,0.41894590854644775,0.5007930397987366,0.4050789475440979,0.4804255962371826,ㅋ
0.28311482071876526,0.363202840089798,0.34193503856658936,0.32277989387512207,0.40957197546958923,0.29546844959259033,0.462817519903183,0.27558863162994385,0.49865448474884033,0.25033238530158997,0.448123961687088,0.35220688581466675,0.48860859870910645,0.43730106949806213,0.46503162384033203,0.439054936170578,0.4431268572807312,0.42261964082717896,0.43269649147987366,0.3977540135383606,0.4974474608898163,0.49675342440605164,0.5348337888717651,0.5465909242630005,0.5600570440292358,0.5864762663841248,0.4058246612548828,0.4395061731338501,0.4328480064868927,0.5149187445640564,0.4131525754928589,0.4931987524032593,0.3933892250061035,0.4660305082798004,0.3737362027168274,0.4789799451828003,0.3921205997467041,0.5225753784179688,0.3739331364631653,0.501166820526123,0.3614928424358368,0.47729530930519104,ㅋ
0.31928399205207825,0.22694262862205505,0.37992340326309204,0.2375074326992035,0.4548817574977875,0.283469021320343,0.5049144625663757,0.29714494943618774,0.5495054721832275,0.2819160223007202,0.43464019894599915,0.31561949849128723,0.430091917514801,0.4470452666282654,0.42186638712882996,0.421322226524353,0.4184838831424713,0.3800256848335266,0.39053860306739807,0.3165355920791626,0.39888185262680054,0.468107134103775,0.41077667474746704,0.5343586206436157,0.4140707552433014,0.5856772661209106,0.34658083319664,0.3193938732147217,0.35360151529312134,0.4533296227455139,0.35817208886146545,0.4147220551967621,0.3554699122905731,0.36726295948028564,0.3059995174407959,0.3270065188407898,0.3225626051425934,0.4225756525993347,0.32442641258239746,0.39152583479881287,0.3210119605064392,0.35077330470085144,ㅋ
0.34164220094680786,0.28383952379226685,0.40876370668411255,0.29654982686042786,0.4854975640773773,0.3494984805583954,0.5392090082168579,0.3736173212528229,0.5872083902359009,0.3584980368614197,0.4625244736671448,0.4029901623725891,0.45742687582969666,0.5442214608192444,0.4466587007045746,0.519718587398529,0.4413832128047943,0.47531360387802124,0.41735512018203735,0.40798115730285645,0.42479199171066284,0.5637986063957214,0.43282827734947205,0.6416361331939697,0.434826523065567,0.699006199836731,0.37147191166877747,0.410388320684433,0.37390023469924927,0.5299859642982483,0.3771836459636688,0.4958210289478302,0.37654295563697815,0.4510153532028198,0.3284916877746582,0.41261714696884155,0.3414030373096466,0.503091037273407,0.34373950958251953,0.4711933434009552,0.34237995743751526,0.42932823300361633,ㅋ
0.33233287930488586,0.29564523696899414,0.4023093581199646,0.3156888484954834,0.4750939607620239,0.37041404843330383,0.5330258011817932,0.3991033136844635,0.5794011354446411,0.38461214303970337,0.4452001452445984,0.41408219933509827,0.4427804946899414,0.5281636714935303,0.4379981458187103,0.5649772882461548,0.43457701802253723,0.5864166617393494,0.39700713753700256,0.4300723969936371,0.4097292721271515,0.5706840753555298,0.4230000972747803,0.6599129438400269,0.4277854561805725,0.7295393943786621,0.3513680100440979,0.44308796525001526,0.36543017625808716,0.5824711322784424,0.3793253004550934,0.5676779747009277,0.38311582803726196,0.5291377902030945,0.31258106231689453,0.4545058608055115,0.33106762170791626,0.567567765712738,0.34690654277801514,0.5650378465652466,0.353402316570282,0.5374367833137512,ㅋ
0.311918169260025,0.2943386435508728,0.3830282390117645,0.3086113929748535,0.45570671558380127,0.3599497377872467,0.5127785801887512,0.3874269425868988,0.5597874522209167,0.3747757375240326,0.4247255027294159,0.4064132571220398,0.42324116826057434,0.5186382532119751,0.4228264391422272,0.5619361400604248,0.42366480827331543,0.5919176340103149,0.37562885880470276,0.42543864250183105,0.39080262184143066,0.569219708442688,0.4040878415107727,0.6586784720420837,0.4093674123287201,0.7292232513427734,0.3301292955875397,0.4419543147087097,0.3499794006347656,0.5794986486434937,0.36041906476020813,0.5619478821754456,0.3604453504085541,0.5250767469406128,0.2902767062187195,0.4549368917942047,0.3147217631340027,0.563447117805481,0.3276542127132416,0.5522292852401733,0.329080194234848,0.5200502276420593,ㅋ
0.3206259310245514,0.3004077672958374,0.39181143045425415,0.3145860433578491,0.4664795398712158,0.3668833076953888,0.5255881547927856,0.3956946134567261,0.5694578886032104,0.3783113360404968,0.43561193346977234,0.4103449285030365,0.4544299840927124,0.5077626705169678,0.46209102869033813,0.5501325130462646,0.46332845091819763,0.5781151056289673,0.39088743925094604,0.43320930004119873,0.408494770526886,0.5668273568153381,0.42441895604133606,0.6499971151351929,0.42936405539512634,0.711585283279419,0.3468496799468994,0.4497741758823395,0.3651915192604065,0.5805474519729614,0.38001519441604614,0.5730160474777222,0.3825889229774475,0.5418768525123596,0.30739638209342957,0.4617358148097992,0.32719579339027405,0.5656560063362122,0.34047380089759827,0.5600104331970215,0.34280920028686523,0.5311295986175537,ㅋ
0.3601599931716919,0.3637910783290863,0.4268357753753662,0.3650462031364441,0.5024617910385132,0.41070976853370667,0.5567858219146729,0.4392145872116089,0.6019220352172852,0.4292640686035156,0.4938803017139435,0.48790040612220764,0.5183876156806946,0.6139469742774963,0.505064070224762,0.5891039371490479,0.4912187159061432,0.5452253222465515,0.45587289333343506,0.5122253894805908,0.48385512828826904,0.6543492674827576,0.4997461140155792,0.730869710445404,0.5074217915534973,0.7886420488357544,0.41410499811172485,0.5246200561523438,0.4280853271484375,0.6394433975219727,0.42573630809783936,0.6089960932731628,0.41951727867126465,0.5665838718414307,0.3707638680934906,0.5287094712257385,0.39012962579727173,0.6190873980522156,0.3878803253173828,0.5939324498176575,0.38142475485801697,0.5554086565971375,ㅋ
0.34264764189720154,0.3689613938331604,0.4083976447582245,0.3701210618019104,0.4829949736595154,0.41290968656539917,0.5370420217514038,0.4357430338859558,0.5818246006965637,0.42374181747436523,0.4741736948490143,0.49391835927963257,0.48696187138557434,0.620193362236023,0.47431230545043945,0.5878672003746033,0.4632193148136139,0.538337767124176,0.4361306428909302,0.5155701041221619,0.44978395104408264,0.6559525728225708,0.4609191417694092,0.7322654724121094,0.46470022201538086,0.7899824976921082,0.3952656090259552,0.5250284075737,0.4011659026145935,0.6302573680877686,0.40258321166038513,0.598915159702301,0.3989860415458679,0.5576303601264954,0.3539726436138153,0.5278007388114929,0.3692343533039093,0.6094107627868652,0.3684546649456024,0.5810127854347229,0.36364442110061646,0.5430364012718201,ㅋ
0.3501029908657074,0.4198637008666992,0.4116691052913666,0.4210846424102783,0.4838889539241791,0.45942485332489014,0.5349869728088379,0.48158320784568787,0.5749006271362305,0.4666461944580078,0.47880348563194275,0.5123458504676819,0.4770733118057251,0.616831362247467,0.46087169647216797,0.5929743647575378,0.4523329436779022,0.555345356464386,0.4434351623058319,0.5294272899627686,0.44482263922691345,0.6523410677909851,0.44947513937950134,0.7199115753173828,0.45358631014823914,0.771480143070221,0.40486621856689453,0.5393856167793274,0.4047567546367645,0.6195109486579895,0.4009365439414978,0.5893846750259399,0.39872777462005615,0.5536336898803711,0.36784279346466064,0.5478255152702332,0.3746837377548218,0.6023181676864624,0.3692634105682373,0.5731772184371948,0.36744433641433716,0.5432308912277222,ㅋ
0.2409822940826416,0.37761685252189636,0.30066508054733276,0.36338865756988525,0.3788532614707947,0.3856959640979767,0.4306796193122864,0.38820579648017883,0.46988776326179504,0.3613181412220001,0.36791884899139404,0.4503648579120636,0.3805323839187622,0.554319441318512,0.3661121428012848,0.5257021188735962,0.3547925353050232,0.4867323040962219,0.3295347988605499,0.4732745885848999,0.353222519159317,0.5944816470146179,0.36982449889183044,0.6560401320457458,0.379709929227829,0.7047301530838013,0.2913113236427307,0.4892057180404663,0.3112565875053406,0.5670822262763977,0.30968567728996277,0.5407505631446838,0.3018965423107147,0.5085232853889465,0.2564149498939514,0.503922700881958,0.2824588418006897,0.5567709803581238,0.27787989377975464,0.5308511257171631,0.26936009526252747,0.5024300217628479,ㅋ
0.24752002954483032,0.40665820240974426,0.312991738319397,0.3807027041912079,0.39157724380493164,0.39798420667648315,0.44557374715805054,0.40214070677757263,0.48612692952156067,0.3750566244125366,0.38849395513534546,0.4660755395889282,0.42328375577926636,0.5796998143196106,0.41111019253730774,0.5607370734214783,0.3958643972873688,0.5259820222854614,0.352417528629303,0.5027985572814941,0.3959551155567169,0.6241000294685364,0.42360642552375793,0.6874859929084778,0.43939876556396484,0.7345439195632935,0.3159913122653961,0.5305354595184326,0.34867873787879944,0.6291669607162476,0.3525254726409912,0.607323169708252,0.3455164134502411,0.572181224822998,0.28343814611434937,0.5511418581008911,0.3203875422477722,0.6209824085235596,0.3218623697757721,0.5997331738471985,0.3133959472179413,0.5678081512451172,ㅋ
0.26097285747528076,0.4052208364009857,0.3262801170349121,0.3757939338684082,0.40268993377685547,0.38889962434768677,0.45940133929252625,0.3936183750629425,0.49906209111213684,0.367914080619812,0.404047429561615,0.45164963603019714,0.4506239891052246,0.5463368892669678,0.44330698251724243,0.5587418675422668,0.42922431230545044,0.5528485178947449,0.37343859672546387,0.49056604504585266,0.4329942464828491,0.5959615111351013,0.4685761630535126,0.6548503637313843,0.4902285635471344,0.69940185546875,0.3395562767982483,0.5233258605003357,0.3856511116027832,0.6183866262435913,0.3914405107498169,0.6069629788398743,0.3846385180950165,0.5791373252868652,0.30604156851768494,0.549078643321991,0.3476003408432007,0.6233310699462891,0.35388585925102234,0.6121978759765625,0.3478080630302429,0.5857682228088379,ㅋ
0.25824931263923645,0.37133046984672546,0.32502248883247375,0.3656848073005676,0.4019584357738495,0.39788001775741577,0.4568776488304138,0.40978294610977173,0.49391472339630127,0.382243812084198,0.3964070677757263,0.46383967995643616,0.41203659772872925,0.5710150003433228,0.40568867325782776,0.5647910237312317,0.39755257964134216,0.5411472916603088,0.356580913066864,0.4911666214466095,0.38738349080085754,0.6111422181129456,0.3847244381904602,0.5982791781425476,0.37427595257759094,0.568294107913971,0.3172604441642761,0.5145397186279297,0.344149112701416,0.621558427810669,0.34407082200050354,0.5970264673233032,0.3376217186450958,0.5600526928901672,0.2802950143814087,0.5307007431983948,0.3082182705402374,0.6148802638053894,0.308040976524353,0.5933032035827637,0.3006265461444855,0.5604272484779358,ㅋ
0.2845871150493622,0.3230443298816681,0.3457082509994507,0.33584678173065186,0.4106754660606384,0.3886605501174927,0.45848703384399414,0.4132592976093292,0.5002470016479492,0.39977142214775085,0.3771011233329773,0.45734089612960815,0.36728012561798096,0.5794448256492615,0.36367446184158325,0.544888973236084,0.3641115725040436,0.5016883611679077,0.3341125249862671,0.46815741062164307,0.33169838786125183,0.6045387983322144,0.3335348665714264,0.6759568452835083,0.3313124477863312,0.7308204174041748,0.29548561573028564,0.46919652819633484,0.2985699474811554,0.5779904127120972,0.3053012192249298,0.554915189743042,0.30636897683143616,0.5164287686347961,0.2613050937652588,0.4693082571029663,0.2741986811161041,0.5583370923995972,0.2791312336921692,0.5382674336433411,0.27862346172332764,0.5028760433197021,ㅋ
0.31277328729629517,0.3181728720664978,0.36902496218681335,0.3551838994026184,0.4163723587989807,0.4201600253582001,0.4589517414569855,0.4569375813007355,0.5032434463500977,0.4633163511753082,0.3738324046134949,0.4790952503681183,0.3414955735206604,0.5884340405464172,0.34660688042640686,0.5586706399917603,0.35359305143356323,0.5170297026634216,0.32957950234413147,0.475911945104599,0.30007362365722656,0.6035600304603577,0.288270503282547,0.6821706295013428,0.2728884220123291,0.7399510741233826,0.29219484329223633,0.46548157930374146,0.27394402027130127,0.5780095458030701,0.2860782742500305,0.5654575824737549,0.29277077317237854,0.534233808517456,0.2602146565914154,0.45566508173942566,0.25839176774024963,0.548362672328949,0.2683108448982239,0.5347583889961243,0.2734074294567108,0.5033946633338928,ㅋ
0.2704698145389557,0.3450610637664795,0.3311898410320282,0.3404626250267029,0.40416473150253296,0.36830076575279236,0.4572378695011139,0.3755173981189728,0.49631813168525696,0.35186052322387695,0.3986295759677887,0.4413056969642639,0.42564666271209717,0.5548129677772522,0.4101807475090027,0.5403746962547302,0.3960776925086975,0.5101284384727478,0.36325404047966003,0.4680597186088562,0.40455153584480286,0.5887898206710815,0.4249035716056824,0.6504333019256592,0.43684977293014526,0.6958972215652466,0.32509082555770874,0.48567795753479004,0.3492349088191986,0.5848773717880249,0.3463350236415863,0.5584068894386292,0.33878570795059204,0.5190117359161377,0.2876734435558319,0.4976225197315216,0.31509673595428467,0.5733049511909485,0.3132206201553345,0.5489732623100281,0.30494195222854614,0.5143322944641113,ㅋ
0.24784328043460846,0.39889073371887207,0.3074173331260681,0.362036794424057,0.38249731063842773,0.3594888746738434,0.4342504143714905,0.3525354862213135,0.4678293764591217,0.32140326499938965,0.40131041407585144,0.43381795287132263,0.44864508509635925,0.5371406078338623,0.42957428097724915,0.5193620324134827,0.409699410200119,0.48615866899490356,0.376117080450058,0.4746846556663513,0.4336563050746918,0.5807106494903564,0.46373647451400757,0.632492184638977,0.4844687283039093,0.6730037927627563,0.3446767032146454,0.5071825385093689,0.38170212507247925,0.5923538208007812,0.3728463053703308,0.5661188960075378,0.3580109179019928,0.5314300060272217,0.311747282743454,0.5343001484870911,0.34518328309059143,0.5915510058403015,0.3371374011039734,0.568849503993988,0.3236972689628601,0.5407196283340454,ㅋ
0.34899500012397766,0.4305729269981384,0.40037649869918823,0.42104440927505493,0.45316046476364136,0.4334754943847656,0.494625061750412,0.4373408257961273,0.5271035432815552,0.418192982673645,0.47662070393562317,0.4974222183227539,0.49969780445098877,0.5792583227157593,0.48508960008621216,0.5676109790802002,0.4729802906513214,0.5421687364578247,0.457907497882843,0.5232279300689697,0.48723071813583374,0.6189277768135071,0.5038267374038696,0.670782208442688,0.5136935114860535,0.7121298313140869,0.4296185374259949,0.5401841998100281,0.43545210361480713,0.6191638112068176,0.42640480399131775,0.5977851748466492,0.4181497097015381,0.5672260522842407,0.39655694365501404,0.5544396638870239,0.4040411114692688,0.6124387979507446,0.3962082266807556,0.5926864147186279,0.3919473886489868,0.5645445585250854,ㅋ
0.34042999148368835,0.40585270524024963,0.39010030031204224,0.3932350277900696,0.4487089216709137,0.40573832392692566,0.4910966455936432,0.4034929573535919,0.5209672451019287,0.3777998685836792,0.4714342951774597,0.46232709288597107,0.5011669993400574,0.5457178950309753,0.48389732837677,0.5375722050666809,0.4659788906574249,0.5118603110313416,0.45141881704330444,0.49109864234924316,0.48875728249549866,0.5900538563728333,0.5078719258308411,0.6460149884223938,0.5211156010627747,0.690786600112915,0.4223231375217438,0.5125007629394531,0.4350770115852356,0.59438556432724,0.4262547194957733,0.5744271278381348,0.41691410541534424,0.5442197918891907,0.38859716057777405,0.5287319421768188,0.4030945897102356,0.5898528099060059,0.3958003520965576,0.5720388293266296,0.3881910443305969,0.5445781946182251,ㅋ
0.39923954010009766,0.33960068225860596,0.46878519654273987,0.340673565864563,0.5358079671859741,0.37325817346572876,0.5853347182273865,0.3920913636684418,0.6249248385429382,0.3874315321445465,0.5489543080329895,0.4564313590526581,0.5724716186523438,0.5765286684036255,0.5556690692901611,0.5666879415512085,0.5423188209533691,0.5340015292167664,0.5179757475852966,0.48464274406433105,0.544508159160614,0.6214137673377991,0.5577620267868042,0.6921764016151428,0.5645003914833069,0.7427805066108704,0.4783719778060913,0.4997495412826538,0.4837721884250641,0.6125106811523438,0.4766855537891388,0.5826835632324219,0.4712129831314087,0.5410621762275696,0.43427181243896484,0.5065433979034424,0.4434039294719696,0.588353157043457,0.4401259124279022,0.5625485181808472,0.43682193756103516,0.5253245234489441,ㅋ
0.319657564163208,0.27330413460731506,0.3953275978565216,0.2587862014770508,0.48615673184394836,0.29351693391799927,0.5474283695220947,0.3061031997203827,0.5956599116325378,0.2831757664680481,0.48234453797340393,0.38251733779907227,0.5112903118133545,0.5265665650367737,0.49337905645370483,0.49146828055381775,0.4756418764591217,0.4394338130950928,0.43789970874786377,0.4118974804878235,0.47056859731674194,0.5724450349807739,0.49024680256843567,0.6567514538764954,0.5003481507301331,0.7240204215049744,0.3916080594062805,0.43126848340034485,0.41794461011886597,0.5563827157020569,0.4157341420650482,0.5188435316085815,0.40646958351135254,0.47348058223724365,0.3459177613258362,0.44550228118896484,0.38029447197914124,0.5412021279335022,0.37570226192474365,0.5079583525657654,0.3642125725746155,0.46559134125709534,ㅋ
0.24105364084243774,0.20821645855903625,0.3269777297973633,0.19550275802612305,0.4288365840911865,0.2316741794347763,0.49947017431259155,0.24271665513515472,0.5518656373023987,0.21025197207927704,0.4083102345466614,0.30998945236206055,0.4422481060028076,0.48051780462265015,0.43071895837783813,0.4517696499824524,0.415282666683197,0.39971041679382324,0.3536193370819092,0.3469506800174713,0.4003426432609558,0.5342177152633667,0.42615145444869995,0.6320714354515076,0.4379585385322571,0.7072391510009766,0.302556574344635,0.376085102558136,0.35046207904815674,0.5320267677307129,0.35689350962638855,0.4998595714569092,0.3502984046936035,0.4514859914779663,0.25617802143096924,0.39943355321884155,0.3095259368419647,0.5149789452552795,0.314184308052063,0.4881259500980377,0.30375733971595764,0.4454271197319031,ㅋ
0.2022840827703476,0.16288550198078156,0.30115455389022827,0.141424760222435,0.4117254316806793,0.16880258917808533,0.4929835796356201,0.16416171193122864,0.5526472926139832,0.11369763314723969,0.3885166645050049,0.26852673292160034,0.4307504892349243,0.45206546783447266,0.4233224093914032,0.4193994402885437,0.4056377708911896,0.36401912569999695,0.32729196548461914,0.31925666332244873,0.3845887780189514,0.5268063545227051,0.4242499768733978,0.6405171155929565,0.4435354769229889,0.7301241159439087,0.27343565225601196,0.3569992184638977,0.340237021446228,0.5240179300308228,0.351520299911499,0.4909741282463074,0.34362369775772095,0.44404613971710205,0.22946609556674957,0.3896650969982147,0.3025801181793213,0.5050324201583862,0.3120466470718384,0.47559159994125366,0.30286386609077454,0.430661678314209,ㅋ
0.21806061267852783,0.23045110702514648,0.31636321544647217,0.20258061587810516,0.4341014623641968,0.24114438891410828,0.5159716606140137,0.24966388940811157,0.5749772787094116,0.2007899433374405,0.41995373368263245,0.355653315782547,0.4689159691333771,0.5492122173309326,0.4449109435081482,0.4959492087364197,0.41820117831230164,0.4282085597515106,0.36110493540763855,0.406070739030838,0.4253349006175995,0.6272391676902771,0.46228891611099243,0.739303469657898,0.48205724358558655,0.8328560590744019,0.30472999811172485,0.43889889121055603,0.3688749670982361,0.6073815822601318,0.36525025963783264,0.5600330829620361,0.3465304374694824,0.5066186189651489,0.2532438039779663,0.4678158462047577,0.3215799331665039,0.5876532793045044,0.3181142807006836,0.5458744764328003,0.298791766166687,0.49583959579467773,ㅋ
0.1772283911705017,0.26840779185295105,0.26688292622566223,0.24014028906822205,0.37176230549812317,0.26808983087539673,0.4439384937286377,0.27171093225479126,0.4997953772544861,0.230624258518219,0.35541075468063354,0.36949804425239563,0.4060724079608917,0.5410131216049194,0.3899764120578766,0.4938952326774597,0.3673929274082184,0.435335248708725,0.3031274676322937,0.41281068325042725,0.36350226402282715,0.5995784997940063,0.40132561326026917,0.6956183314323425,0.4212017059326172,0.7764371633529663,0.2544430196285248,0.44466811418533325,0.3177569508552551,0.5886389017105103,0.3208460509777069,0.5482792854309082,0.30430057644844055,0.500654935836792,0.21263882517814636,0.4750187397003174,0.2809275984764099,0.5798384547233582,0.28190386295318604,0.5450916290283203,0.2631891071796417,0.5018506646156311,ㅋ
0.24856552481651306,0.2869972288608551,0.3245769143104553,0.2597290277481079,0.42200011014938354,0.2819610834121704,0.48451778292655945,0.2909243106842041,0.5346376299858093,0.26598745584487915,0.41861212253570557,0.3629286587238312,0.4620114266872406,0.5104949474334717,0.4439382553100586,0.47338786721229553,0.4222429096698761,0.4206485450267792,0.374920129776001,0.3979402780532837,0.4272192418575287,0.5588563084602356,0.4585613012313843,0.6384340524673462,0.4752202033996582,0.7032264471054077,0.32987189292907715,0.4262063205242157,0.37548333406448364,0.5577433109283447,0.3731740713119507,0.5207067728042603,0.3586391806602478,0.4764382839202881,0.28683891892433167,0.4520854651927948,0.33849695324897766,0.5472325086593628,0.33427882194519043,0.5168424844741821,0.3180933892726898,0.47720956802368164,ㅋ
0.30240708589553833,0.350070059299469,0.36708304286003113,0.33850204944610596,0.4435906708240509,0.35889506340026855,0.49703001976013184,0.3658464550971985,0.5398564338684082,0.3555756211280823,0.4466437101364136,0.44268882274627686,0.4707385003566742,0.5615378022193909,0.4537352919578552,0.5320780277252197,0.4379241466522217,0.48625481128692627,0.4109429121017456,0.4727081060409546,0.4410889744758606,0.6029745936393738,0.45883896946907043,0.6733118891716003,0.4691155254840851,0.7281520962715149,0.37154585123062134,0.49152594804763794,0.3900388181209564,0.5873518586158752,0.3865954875946045,0.5586584210395813,0.3781462609767914,0.5210081934928894,0.3313646912574768,0.5050244331359863,0.3557971119880676,0.5749087333679199,0.35160407423973083,0.5457194447517395,0.3426579236984253,0.5100457668304443,ㅋ
0.3260743021965027,0.40627390146255493,0.38956934213638306,0.4017755389213562,0.4526284337043762,0.40891456604003906,0.5000911951065063,0.4175938367843628,0.536186695098877,0.43025878071784973,0.4609682261943817,0.493859201669693,0.4800715446472168,0.6015201807022095,0.46722283959388733,0.5840587615966797,0.4532264173030853,0.5489531755447388,0.43230465054512024,0.5233811736106873,0.45817163586616516,0.6394271850585938,0.4749668538570404,0.7025982141494751,0.48199594020843506,0.749477207660675,0.3977697789669037,0.5431908965110779,0.40765467286109924,0.6293669939041138,0.4055464565753937,0.6051088571548462,0.39859047532081604,0.5707898139953613,0.35983049869537354,0.5560727119445801,0.3738982677459717,0.6165787577629089,0.3709530830383301,0.592056155204773,0.3653382360935211,0.5618186593055725,ㅋ
0.3213616609573364,0.40912628173828125,0.3833245038986206,0.40675705671310425,0.445782870054245,0.4169960021972656,0.4925294816493988,0.4286120533943176,0.5171890258789062,0.45639508962631226,0.45068466663360596,0.49701064825057983,0.4684996008872986,0.5998428463935852,0.45412999391555786,0.5803917050361633,0.44162842631340027,0.5445709228515625,0.4201888144016266,0.5243571400642395,0.4454845190048218,0.6415239572525024,0.460396409034729,0.7044925093650818,0.46685802936553955,0.7508277893066406,0.38570958375930786,0.5421473979949951,0.3971706032752991,0.6253822445869446,0.3947383165359497,0.6001864671707153,0.38825422525405884,0.5658686757087708,0.3481954038143158,0.553520143032074,0.3653446435928345,0.6151953339576721,0.36150163412094116,0.5903310775756836,0.35437995195388794,0.5597761869430542,ㅋ
0.3134787678718567,0.40660226345062256,0.374957799911499,0.4128175377845764,0.4414551258087158,0.4544019103050232,0.4851973056793213,0.4844265580177307,0.512007474899292,0.5210010409355164,0.4130711555480957,0.5440496802330017,0.40931302309036255,0.6593340039253235,0.4034809172153473,0.6261516809463501,0.4025121331214905,0.5809181332588196,0.3752668499946594,0.5551930665969849,0.37073904275894165,0.6894358992576599,0.3698076903820038,0.7529793977737427,0.3664739727973938,0.8025482892990112,0.3375950753688812,0.556843638420105,0.335233211517334,0.6538078188896179,0.3392485976219177,0.6239665150642395,0.34023362398147583,0.5882232189178467,0.2990175485610962,0.5548397302627563,0.31001555919647217,0.6337191462516785,0.31140804290771484,0.604577362537384,0.3105603754520416,0.5689326524734497,ㅋ
0.3416614234447479,0.42627739906311035,0.40208059549331665,0.4391455054283142,0.4727754592895508,0.4867587089538574,0.5223649740219116,0.5188235640525818,0.5610045194625854,0.5414290428161621,0.44912299513816833,0.5385083556175232,0.44343239068984985,0.6431142687797546,0.43649259209632874,0.6118783950805664,0.43227261304855347,0.5699442028999329,0.409036785364151,0.5483178496360779,0.40829285979270935,0.6768635511398315,0.4110926687717438,0.7463359832763672,0.41116955876350403,0.8011269569396973,0.36896464228630066,0.5508731603622437,0.37318161129951477,0.6353432536125183,0.37386104464530945,0.6065472364425659,0.37219685316085815,0.5724868178367615,0.3303593397140503,0.5519630312919617,0.34253382682800293,0.6136586666107178,0.34322887659072876,0.5846934914588928,0.3416931927204132,0.5526363253593445,ㅋ
