0.6050179600715637,0.723750114440918,0.5702019333839417,0.6541526317596436,0.5232486724853516,0.6366870403289795,0.4854189455509186,0.6553252339363098,0.46286484599113464,0.6841503977775574,0.4961760640144348,0.6195011138916016,0.44866472482681274,0.5725856423377991,0.41982102394104004,0.5413500070571899,0.3979036509990692,0.5179638862609863,0.48357537388801575,0.6644570231437683,0.4124612808227539,0.667696475982666,0.376385897397995,0.6702431440353394,0.3483758270740509,0.6700659990310669,0.4808172583580017,0.7097981572151184,0.41757506132125854,0.7113498449325562,0.3843824863433838,0.7018042206764221,0.359304279088974,0.6936328411102295,0.4875932037830353,0.7490838766098022,0.4481770396232605,0.7312420606613159,0.45374757051467896,0.7224152684211731,0.4674248993396759,0.7144327759742737,ㅌ
0.5877720713615417,0.6823422908782959,0.5441486239433289,0.6059146523475647,0.490151971578598,0.5887734889984131,0.4480520486831665,0.6092234253883362,0.4230748116970062,0.6423190832138062,0.4556410312652588,0.5678677558898926,0.3994499146938324,0.5201274752616882,0.3665054440498352,0.48587754368782043,0.3411496579647064,0.45903849601745605,0.4424135684967041,0.6197370886802673,0.36221981048583984,0.6317155361175537,0.32183438539505005,0.6379683613777161,0.2913684844970703,0.6377152800559998,0.4411294162273407,0.6734097003936768,0.370508074760437,0.6823599338531494,0.32920628786087036,0.6745894551277161,0.29788875579833984,0.6655069589614868,0.4513576328754425,0.7205158472061157,0.40774989128112793,0.7027067542076111,0.414874792098999,0.6930223703384399,0.4329815208911896,0.6834526062011719,ㅌ
0.5845565795898438,0.6805943846702576,0.5382390022277832,0.5986740589141846,0.47723665833473206,0.5800236463546753,0.4294109344482422,0.6055418252944946,0.4024684429168701,0.6416325569152832,0.4400249719619751,0.5576316714286804,0.3782445192337036,0.505449116230011,0.34143996238708496,0.46771347522735596,0.3127826452255249,0.4376800060272217,0.4255591034889221,0.6155412793159485,0.3388715386390686,0.6250176429748535,0.29399675130844116,0.6292887330055237,0.2577425241470337,0.6278532147407532,0.4242161214351654,0.6729087233543396,0.34685182571411133,0.6774289608001709,0.3032209873199463,0.6685613989830017,0.2701239585876465,0.6592679619789124,0.43511590361595154,0.7246931195259094,0.38851797580718994,0.6994624733924866,0.3960084915161133,0.6894630193710327,0.4155023694038391,0.6788843274116516,ㅌ
0.621449887752533,0.6598215103149414,0.5686994791030884,0.5703592300415039,0.4983903169631958,0.5486576557159424,0.44673389196395874,0.5780180096626282,0.4180200695991516,0.62288498878479,0.4574223458766937,0.5200563073158264,0.3901929259300232,0.4595584273338318,0.3499506115913391,0.4161151349544525,0.3179737627506256,0.3810904920101166,0.441763311624527,0.58439040184021,0.3445620536804199,0.5930249094963074,0.29540446400642395,0.5989592671394348,0.2566629648208618,0.5995209217071533,0.4401838183403015,0.6484103798866272,0.3506915271282196,0.6510593891143799,0.3053855299949646,0.6386815905570984,0.2694105803966522,0.627516508102417,0.45210036635398865,0.7050098776817322,0.39346206188201904,0.679223358631134,0.4079517424106598,0.6708977222442627,0.43391403555870056,0.6636945009231567,ㅌ
0.696236789226532,0.6477481126785278,0.6371320486068726,0.5291617512702942,0.5544424057006836,0.5001751780509949,0.4939497113227844,0.5339521765708923,0.4543144106864929,0.58243328332901,0.5098028779029846,0.46420174837112427,0.4292568862438202,0.3724372982978821,0.38354095816612244,0.313302218914032,0.3486477732658386,0.2681342661380768,0.4883476197719574,0.5394517183303833,0.3693821132183075,0.5253231525421143,0.30707523226737976,0.5216629505157471,0.2598465085029602,0.5196986794471741,0.48406267166137695,0.6132424473762512,0.37642425298690796,0.5958333015441895,0.3312778174877167,0.5716832876205444,0.2991640567779541,0.5548117160797119,0.4972403943538666,0.6739909052848816,0.4301443099975586,0.6356824636459351,0.4412762522697449,0.6194690465927124,0.4661484658718109,0.6085689067840576,ㅌ
0.7693208456039429,0.6487658023834229,0.7093018889427185,0.5098771452903748,0.6181478500366211,0.4669266939163208,0.5421229600906372,0.48932135105133057,0.48843914270401,0.5401467084884644,0.5726552605628967,0.41061514616012573,0.4826350212097168,0.2997787594795227,0.4344966411590576,0.2280261218547821,0.3956744074821472,0.17549628019332886,0.5494667291641235,0.4933547377586365,0.407048761844635,0.46280211210250854,0.3315025866031647,0.4478048086166382,0.27317461371421814,0.43482506275177,0.5421385765075684,0.5794653296470642,0.412785142660141,0.5482906699180603,0.3441959619522095,0.5191521048545837,0.2911956012248993,0.49200567603111267,0.5520784258842468,0.6548852920532227,0.4677687883377075,0.5950402021408081,0.484647274017334,0.5870128273963928,0.5202257633209229,0.5822941064834595,ㅌ
0.6549263000488281,0.6399699449539185,0.5919643044471741,0.6183620095252991,0.5391831398010254,0.647056519985199,0.5096742510795593,0.6962589025497437,0.49764975905418396,0.7412628531455994,0.5106643438339233,0.6537139415740967,0.443370521068573,0.671156108379364,0.4011419415473938,0.6742854118347168,0.3675655722618103,0.6757594347000122,0.5287945866584778,0.6899908781051636,0.4666014313697815,0.7670788764953613,0.4321439862251282,0.8101317286491394,0.406002938747406,0.8411101698875427,0.551102876663208,0.7243293523788452,0.4926387071609497,0.7960059642791748,0.4584020674228668,0.8270924091339111,0.434579461812973,0.8464484214782715,0.5746052265167236,0.7497081756591797,0.5266450047492981,0.7925921678543091,0.5194659233093262,0.79264897108078,0.5213851928710938,0.7833566665649414,ㅌ
0.6844752430915833,0.6626021862030029,0.6237375140190125,0.6404845714569092,0.5723158717155457,0.6606852412223816,0.5396131873130798,0.7008861899375916,0.523939311504364,0.7427213191986084,0.5383427143096924,0.6621909141540527,0.47714388370513916,0.6667332053184509,0.43932926654815674,0.6601491570472717,0.4088791608810425,0.65533447265625,0.5551328063011169,0.6978310942649841,0.49058711528778076,0.7732114195823669,0.456747442483902,0.8110429048538208,0.4309356212615967,0.8380375504493713,0.5768354535102844,0.7335109114646912,0.5143717527389526,0.8012054562568665,0.4777427315711975,0.8299602270126343,0.45082032680511475,0.846773087978363,0.5987724661827087,0.7600149512290955,0.5452414155006409,0.7965400815010071,0.5368900895118713,0.7987415790557861,0.5376525521278381,0.7910490036010742,ㅌ
0.6029595732688904,0.6642266511917114,0.5572470426559448,0.6051257848739624,0.5039346218109131,0.5907942652702332,0.46034157276153564,0.6070678234100342,0.43457847833633423,0.6385413408279419,0.4672508239746094,0.5616097450256348,0.40928763151168823,0.5215786695480347,0.3769834041595459,0.4867846369743347,0.3505368232727051,0.4598357081413269,0.46118229627609253,0.607711911201477,0.37742453813552856,0.6278459429740906,0.33710387349128723,0.6377915740013123,0.305986613035202,0.6450393795967102,0.46313413977622986,0.6567140817642212,0.38580238819122314,0.6740447282791138,0.3488733470439911,0.6716340184211731,0.3191303014755249,0.6644750833511353,0.4721467196941376,0.7008135318756104,0.4213564097881317,0.6936980485916138,0.428846538066864,0.6918681263923645,0.4449954032897949,0.6836665868759155,ㅌ
0.6257452964782715,0.6044567227363586,0.5572333335876465,0.5681602358818054,0.49136340618133545,0.5879232883453369,0.4555487632751465,0.638078510761261,0.4363098442554474,0.6864991784095764,0.4697462022304535,0.578499436378479,0.39576447010040283,0.5658331513404846,0.34918150305747986,0.5502512454986572,0.31241774559020996,0.534953236579895,0.48865050077438354,0.6245834827423096,0.404287189245224,0.6971514821052551,0.35839056968688965,0.7371088266372681,0.32462960481643677,0.7655903697013855,0.5105812549591064,0.669344961643219,0.42392539978027344,0.7348474860191345,0.386956125497818,0.7511759400367737,0.3652060627937317,0.7585965991020203,0.532019317150116,0.7037180066108704,0.4609602093696594,0.7406256198883057,0.45101502537727356,0.7306961417198181,0.4568328559398651,0.7152391672134399,ㅌ
0.6460102796554565,0.47170573472976685,0.5835160613059998,0.42705583572387695,0.5200526118278503,0.4339718222618103,0.47744324803352356,0.47469064593315125,0.4496324956417084,0.524448573589325,0.488657683134079,0.41593655943870544,0.41336825489997864,0.39611518383026123,0.3668763041496277,0.3760133385658264,0.32878273725509644,0.3606334924697876,0.5125753283500671,0.4597019553184509,0.4263574182987213,0.5257877707481384,0.380388468503952,0.5584551692008972,0.34599459171295166,0.581449031829834,0.5349186658859253,0.508312463760376,0.4464108943939209,0.5688463449478149,0.39681339263916016,0.5897300839424133,0.36366766691207886,0.6002523303031921,0.5559718012809753,0.5513018369674683,0.4818841516971588,0.5866875052452087,0.4713263213634491,0.5849853754043579,0.4755672812461853,0.574234664440155,ㅌ
0.7873615622520447,0.4436165392398834,0.7196637392044067,0.38477566838264465,0.6440801024436951,0.3721544146537781,0.5869035720825195,0.4141235053539276,0.5468664169311523,0.4609595239162445,0.6141921281814575,0.3180014193058014,0.5310068130493164,0.2688576579093933,0.4837607145309448,0.22163134813308716,0.4471284747123718,0.17863008379936218,0.6318846940994263,0.37109363079071045,0.5160523056983948,0.40371549129486084,0.45442864298820496,0.42372164130210876,0.4075792729854584,0.4343002736568451,0.6486251354217529,0.43037450313568115,0.5297737121582031,0.4559202790260315,0.4659416675567627,0.46695029735565186,0.4215483069419861,0.4694090485572815,0.666612982749939,0.4860943853855133,0.5712960362434387,0.49609237909317017,0.5611268281936646,0.5001887679100037,0.5694416761398315,0.4997518062591553,ㅌ
0.9123706817626953,0.5466619729995728,0.8265783190727234,0.4633498787879944,0.7297238111495972,0.44131630659103394,0.6575940847396851,0.47974252700805664,0.6102268695831299,0.5389619469642639,0.6892055869102478,0.39065688848495483,0.5838024020195007,0.32270246744155884,0.5294894576072693,0.2599797248840332,0.48759347200393677,0.20381790399551392,0.7099201083183289,0.4632728397846222,0.5563005208969116,0.5033026933670044,0.47642284631729126,0.5237206220626831,0.4194706380367279,0.5341934561729431,0.7289646863937378,0.5444988012313843,0.5733397006988525,0.5754144787788391,0.49108678102493286,0.5810459852218628,0.43468910455703735,0.5761812925338745,0.7489708662033081,0.6206146478652954,0.6267303228378296,0.6234989166259766,0.6187827587127686,0.6162654161453247,0.6332212686538696,0.6063758730888367,ㅌ
0.9263473153114319,0.5364023447036743,0.841343879699707,0.44460105895996094,0.7379235625267029,0.4152805507183075,0.6521998047828674,0.4575035870075226,0.5907053351402283,0.5117356777191162,0.7187909483909607,0.31788599491119385,0.6191577911376953,0.2143906056880951,0.5682395696640015,0.13127613067626953,0.5287462472915649,0.06359201669692993,0.7270377278327942,0.396376371383667,0.560139536857605,0.3939512372016907,0.473636269569397,0.39787623286247253,0.41067102551460266,0.396400511264801,0.7352470755577087,0.48403099179267883,0.5707199573516846,0.46985387802124023,0.4814842939376831,0.45746171474456787,0.4198037087917328,0.4421907067298889,0.7435185313224792,0.5672407746315002,0.6239197850227356,0.5365163683891296,0.6058210134506226,0.5309489965438843,0.6087356209754944,0.5288315415382385,ㅌ
0.9599778652191162,0.5975192785263062,0.8795176148414612,0.492415189743042,0.783018946647644,0.44429293274879456,0.7007216811180115,0.4692551791667938,0.6411193609237671,0.5125162601470947,0.7590641975402832,0.3775554597377777,0.6572785377502441,0.26307356357574463,0.6088587641716003,0.17753171920776367,0.5719127655029297,0.10278993844985962,0.7761342525482178,0.45445194840431213,0.604919970035553,0.45098885893821716,0.5134264826774597,0.4549463093280792,0.44978630542755127,0.45339512825012207,0.7877024412155151,0.5445248484611511,0.6135254502296448,0.5358741283416748,0.51671302318573,0.5218024849891663,0.4530675709247589,0.5038948059082031,0.7957700490951538,0.6288155913352966,0.6649801135063171,0.6136875152587891,0.627265989780426,0.6025100946426392,0.6111424565315247,0.5904704332351685,ㅌ
0.7171904444694519,0.8123164176940918,0.6721459627151489,0.6855979561805725,0.5884324908256531,0.6403599381446838,0.5145084857940674,0.6466848254203796,0.4640424847602844,0.6807309985160828,0.5464229583740234,0.5891605615615845,0.4360716938972473,0.5445852875709534,0.38005346059799194,0.5149214863777161,0.3332326412200928,0.49229153990745544,0.5282425880432129,0.6595280170440674,0.39928823709487915,0.6495111584663391,0.3344859480857849,0.6450875997543335,0.283357173204422,0.6379786729812622,0.5187973976135254,0.7358147501945496,0.4046713411808014,0.7166755795478821,0.3429476320743561,0.6938579082489014,0.2938520908355713,0.6773344278335571,0.5225317478179932,0.8025956153869629,0.44564056396484375,0.7605980038642883,0.4454648792743683,0.7448915243148804,0.45539847016334534,0.7376024723052979,ㅌ
0.7278034687042236,0.7941402196884155,0.676173210144043,0.6682438850402832,0.591106116771698,0.6296114921569824,0.5163800120353699,0.6434236168861389,0.4656504690647125,0.6822688579559326,0.5434308648109436,0.583852231502533,0.42712658643722534,0.548629105091095,0.3651273846626282,0.5235599279403687,0.3133443593978882,0.5045053958892822,0.5328226089477539,0.6572300791740417,0.39582759141921997,0.6638166904449463,0.3234841823577881,0.6701460480690002,0.2674608826637268,0.6727056503295898,0.5292431116104126,0.7365240454673767,0.4032946228981018,0.7308259010314941,0.33567914366722107,0.7182245254516602,0.2847806215286255,0.7092522978782654,0.536979615688324,0.805802583694458,0.4450659155845642,0.7789915800094604,0.4310275614261627,0.7644662857055664,0.43079519271850586,0.7552500367164612,ㅌ
0.7258198261260986,0.6457517743110657,0.6608141660690308,0.5206654071807861,0.5624804496765137,0.47012147307395935,0.47012004256248474,0.5013881921768188,0.4041726887226105,0.5559520721435547,0.5290531516075134,0.43069368600845337,0.38556236028671265,0.41135817766189575,0.30245643854141235,0.3932279944419861,0.23196926712989807,0.37390875816345215,0.5498939752578735,0.5179228782653809,0.3707911968231201,0.5725446343421936,0.2711663544178009,0.598986029624939,0.1955251395702362,0.6113895177841187,0.5653403401374817,0.6120180487632751,0.38713976740837097,0.6553025841712952,0.2886367440223694,0.6667742729187012,0.2215920090675354,0.6703690886497498,0.5771043300628662,0.6968585252761841,0.43682292103767395,0.7012603282928467,0.40179243683815,0.6894965171813965,0.3905482888221741,0.6766600608825684,ㅌ
0.7463630437850952,0.39663034677505493,0.6614408493041992,0.325617253780365,0.5908818244934082,0.3296321928501129,0.5415105223655701,0.3915517330169678,0.5104076862335205,0.44543761014938354,0.5942686796188354,0.2552031874656677,0.49384820461273193,0.29459741711616516,0.4263511300086975,0.31308063864707947,0.3604530692100525,0.3247169554233551,0.6605643630027771,0.302290141582489,0.554332971572876,0.4489242136478424,0.48944947123527527,0.5497267842292786,0.4389229118824005,0.6236289143562317,0.7141128182411194,0.3802994191646576,0.6079864501953125,0.5367754101753235,0.5355749130249023,0.6169533729553223,0.4864450693130493,0.6710596680641174,0.7456750869750977,0.46137312054634094,0.6535534858703613,0.5671842098236084,0.5974347591400146,0.6067823171615601,0.5573941469192505,0.6277688145637512,ㅌ
0.7727307677268982,0.43922069668769836,0.6945686340332031,0.31096911430358887,0.5940585136413574,0.26465296745300293,0.5076001882553101,0.2970969080924988,0.4360906481742859,0.3345475196838379,0.5808617472648621,0.20092491805553436,0.4252404272556305,0.17440705001354218,0.33195778727531433,0.1531965434551239,0.24828669428825378,0.13351759314537048,0.6246708631515503,0.285757839679718,0.440885066986084,0.3625108301639557,0.328775018453598,0.4099794328212738,0.24463805556297302,0.44239839911460876,0.653542160987854,0.39615917205810547,0.4659000039100647,0.4627302885055542,0.3477661609649658,0.4938236474990845,0.2727358341217041,0.5168184041976929,0.6645136475563049,0.5023518800735474,0.5161202549934387,0.5294961929321289,0.4563538432121277,0.5183966159820557,0.42985212802886963,0.4947732388973236,ㅌ
0.8713147640228271,0.8922867774963379,0.8572574853897095,0.6859469413757324,0.7547754049301147,0.5378769636154175,0.6328979730606079,0.5018410682678223,0.5338037014007568,0.529715359210968,0.7329211235046387,0.47845831513404846,0.5871756672859192,0.3021872043609619,0.5138241052627563,0.1994647979736328,0.456762433052063,0.11619791388511658,0.6845431923866272,0.5863741040229797,0.4836033284664154,0.4546481966972351,0.38171955943107605,0.38450029492378235,0.30278414487838745,0.327288955450058,0.6417747139930725,0.6949430108070374,0.45390594005584717,0.5610472559928894,0.3694772720336914,0.46535778045654297,0.3032841980457306,0.38985779881477356,0.6190306544303894,0.7927173972129822,0.49397677183151245,0.657751739025116,0.518210768699646,0.6366560459136963,0.5590917468070984,0.643024206161499,ㅌ
0.8133790493011475,0.8668994903564453,0.7951529026031494,0.6595112681388855,0.6898775696754456,0.5301072001457214,0.5667567849159241,0.525244414806366,0.4676968455314636,0.5648284554481506,0.6753154397010803,0.46263551712036133,0.548079252243042,0.2851884663105011,0.4806077182292938,0.18690356612205505,0.423736572265625,0.11284869909286499,0.6216814517974854,0.5656859874725342,0.44500523805618286,0.4266909956932068,0.3567173480987549,0.3545171022415161,0.2878924310207367,0.2936915159225464,0.5753229260444641,0.6698198914527893,0.40832042694091797,0.5351419448852539,0.32881221175193787,0.4397739768028259,0.26094380021095276,0.36298736929893494,0.5512235760688782,0.7605464458465576,0.4606030583381653,0.6049948930740356,0.49688708782196045,0.5907425284385681,0.5420444011688232,0.6052932143211365,ㅌ
0.6456635594367981,0.8029443025588989,0.5606228709220886,0.6908379793167114,0.47358429431915283,0.6309573650360107,0.3944947123527527,0.6128559112548828,0.33604010939598083,0.6165238618850708,0.46741485595703125,0.5334327816963196,0.37005066871643066,0.47163182497024536,0.31553274393081665,0.4372444152832031,0.26305699348449707,0.39893990755081177,0.5005607604980469,0.5817381739616394,0.36510762572288513,0.5961363315582275,0.2815147638320923,0.615373969078064,0.21272200345993042,0.6316667795181274,0.5260746479034424,0.6545934677124023,0.39287853240966797,0.706525444984436,0.31543949246406555,0.7387063503265381,0.2538376450538635,0.7627187967300415,0.5463143587112427,0.7306309938430786,0.4388817846775055,0.7561401724815369,0.3771042227745056,0.7731385231018066,0.32362452149391174,0.7881026864051819,ㅌ
0.8606485724449158,0.6020272970199585,0.7926011085510254,0.5386860966682434,0.727350652217865,0.5364569425582886,0.6850618720054626,0.5687091946601868,0.6589559316635132,0.6164777874946594,0.67621910572052,0.4977886378765106,0.5981813073158264,0.4524693787097931,0.5522786378860474,0.4195215106010437,0.513689398765564,0.3990137279033661,0.6746285557746887,0.548173189163208,0.5740119814872742,0.5634387135505676,0.5175027251243591,0.5712994933128357,0.475862979888916,0.5782182216644287,0.6856335401535034,0.6059601306915283,0.5914567708969116,0.6156235933303833,0.5392072200775146,0.616797924041748,0.49583786725997925,0.6127519011497498,0.7045838832855225,0.6580402255058289,0.648056149482727,0.6490989923477173,0.6703270673751831,0.6478598117828369,0.7032768726348877,0.6380908489227295,ㅌ
0.8496310710906982,0.5700536966323853,0.7835344672203064,0.5086485743522644,0.7117782235145569,0.5207307934761047,0.6738739013671875,0.5760480761528015,0.6533880829811096,0.6332019567489624,0.6573033332824707,0.49782320857048035,0.5785677433013916,0.45889464020729065,0.5308098793029785,0.4306057393550873,0.4930158257484436,0.4114639461040497,0.6553402543067932,0.5560810565948486,0.5571812391281128,0.5870767831802368,0.504055380821228,0.6066502928733826,0.46111583709716797,0.6218339204788208,0.6689041256904602,0.6114667654037476,0.581433892250061,0.6369876861572266,0.5273476243019104,0.6469759345054626,0.4822359085083008,0.6539883017539978,0.6941792368888855,0.6566256880760193,0.6479855179786682,0.6549496054649353,0.6678906679153442,0.6432721018791199,0.6953681111335754,0.6272857189178467,ㅌ
0.8096499443054199,0.5341780185699463,0.7330151796340942,0.488840252161026,0.6602029204368591,0.5274215340614319,0.6333581209182739,0.5983803868293762,0.6182568073272705,0.6620080471038818,0.6118224263191223,0.5333988070487976,0.5248251557350159,0.5415799617767334,0.4720150828361511,0.5496737957000732,0.43037253618240356,0.5619022846221924,0.6269919276237488,0.6006609797477722,0.5317071676254272,0.6757745146751404,0.48212146759033203,0.7200576066970825,0.44285139441490173,0.756107747554779,0.651720404624939,0.6556903719902039,0.564565896987915,0.7198553085327148,0.5099527835845947,0.7495660185813904,0.4679911136627197,0.7770675420761108,0.6815875172615051,0.6909777522087097,0.6284083127975464,0.6915321350097656,0.6340687274932861,0.6622163653373718,0.6494143605232239,0.6350756883621216,ㅌ
0.8039757609367371,0.5689557790756226,0.7268573045730591,0.5135036706924438,0.6524347066879272,0.5503676533699036,0.6179970502853394,0.6207839846611023,0.601318895816803,0.6883045434951782,0.592627227306366,0.5611262321472168,0.4932976961135864,0.5645009875297546,0.43481746315956116,0.566933810710907,0.3890300393104553,0.5767369270324707,0.6076453924179077,0.6356461048126221,0.5076934099197388,0.7179384827613831,0.45424148440361023,0.76445472240448,0.4122406244277954,0.8034813404083252,0.6325088739395142,0.6946821212768555,0.5466679930686951,0.7600103616714478,0.49011874198913574,0.7975045442581177,0.4469587802886963,0.8312787413597107,0.6619796752929688,0.7284998893737793,0.608016848564148,0.7276658415794373,0.6226564049720764,0.7058667540550232,0.648736298084259,0.6831649541854858,ㅌ
0.8253873586654663,0.5824006795883179,0.735817551612854,0.5175473690032959,0.6472691297531128,0.553443193435669,0.6028249859809875,0.6342867016792297,0.5797694325447083,0.7121584415435791,0.5929563045501709,0.5558356046676636,0.472212016582489,0.5558262467384338,0.40215158462524414,0.5532712936401367,0.34947243332862854,0.5575690865516663,0.6116355657577515,0.6397006511688232,0.4888206720352173,0.7236828207969666,0.42125070095062256,0.7744749188423157,0.3700062930583954,0.8175000548362732,0.6394769549369812,0.7118890285491943,0.5306243896484375,0.777825117111206,0.4596472978591919,0.8127618432044983,0.4114464521408081,0.8459126353263855,0.6700339317321777,0.7587498426437378,0.6023451685905457,0.7510169148445129,0.614400327205658,0.7191255688667297,0.6402283310890198,0.6903768181800842,ㅌ
0.8322980403900146,0.5693195462226868,0.7455148696899414,0.47687336802482605,0.6493304371833801,0.4874047040939331,0.5875401496887207,0.5402503609657288,0.5543674230575562,0.6062934398651123,0.5840449929237366,0.48067596554756165,0.46409064531326294,0.4529791474342346,0.3953254222869873,0.43040740489959717,0.3416394591331482,0.421002060174942,0.5904310941696167,0.5603925585746765,0.4455461800098419,0.6309447884559631,0.3700902760028839,0.6663575172424316,0.31356990337371826,0.6973682641983032,0.609573483467102,0.63592928647995,0.48364925384521484,0.689601480960846,0.40761756896972656,0.7137011289596558,0.3504457175731659,0.7382221817970276,0.6415870189666748,0.6930488348007202,0.574167013168335,0.6900113821029663,0.5901656150817871,0.6723215579986572,0.6196368932723999,0.6552772521972656,ㅌ
0.7934204339981079,0.5758908987045288,0.7120130062103271,0.4804058372974396,0.6204915046691895,0.4777539074420929,0.5707506537437439,0.5271297693252563,0.5436921715736389,0.5915578603744507,0.5683596730232239,0.4414997100830078,0.4704744219779968,0.3869991898536682,0.4117571711540222,0.35396328568458557,0.3626217544078827,0.3315976858139038,0.5616683959960938,0.5112602114677429,0.43537431955337524,0.5382477641105652,0.36995601654052734,0.5546374320983887,0.31555992364883423,0.5645496845245361,0.5712535977363586,0.5820827484130859,0.45692774653434753,0.6015564203262329,0.3948812484741211,0.6035852432250977,0.34195852279663086,0.6040297746658325,0.5945107340812683,0.6403602957725525,0.5438188910484314,0.6269180774688721,0.5657548308372498,0.6102278828620911,0.5931805372238159,0.5902583599090576,ㅌ
0.7313457727432251,0.6472482085227966,0.6748127937316895,0.5426470041275024,0.6022109389305115,0.5219141244888306,0.549848198890686,0.5546993017196655,0.5222325325012207,0.5983648300170898,0.5567421913146973,0.4979398846626282,0.48538127541542053,0.426967978477478,0.44523900747299194,0.37637805938720703,0.41122984886169434,0.3395685851573944,0.5377095341682434,0.5603854060173035,0.4318253993988037,0.5522413849830627,0.37931883335113525,0.544329822063446,0.34013789892196655,0.5426818132400513,0.5365930795669556,0.6166384220123291,0.4648365080356598,0.6061946749687195,0.4601384997367859,0.5872001647949219,0.46265709400177,0.5771484971046448,0.54787278175354,0.6597391366958618,0.5181369185447693,0.6351765394210815,0.5386367440223694,0.6223096251487732,0.5644009709358215,0.6118605136871338,ㅌ
0.7695587873458862,0.6968891620635986,0.7271506190299988,0.6041284203529358,0.6580332517623901,0.5738041400909424,0.6122095584869385,0.6042838096618652,0.5804087519645691,0.6508218050003052,0.6199381947517395,0.5280281901359558,0.55997633934021,0.4505568742752075,0.5245281457901001,0.39930838346481323,0.49388355016708374,0.3615327477455139,0.5967552661895752,0.5837706327438354,0.4973534345626831,0.556339681148529,0.444831907749176,0.5445936918258667,0.40109455585479736,0.5349102020263672,0.5873307585716248,0.6429638862609863,0.5025210976600647,0.6137781739234924,0.4513368010520935,0.5895601511001587,0.4069713354110718,0.5684561729431152,0.593210756778717,0.6962714195251465,0.5580147504806519,0.665198564529419,0.5848751664161682,0.6694720387458801,0.616492748260498,0.6708734035491943,ㅌ
0.7713876366615295,0.7811264991760254,0.748952329158783,0.6773502230644226,0.6841270327568054,0.6328860521316528,0.628154993057251,0.648246169090271,0.5875480771064758,0.6785998940467834,0.6406406164169312,0.5790283679962158,0.5879578590393066,0.48974087834358215,0.5599719285964966,0.4326581656932831,0.5329017639160156,0.38939762115478516,0.6091386079788208,0.6277316808700562,0.5174294710159302,0.5754197835922241,0.46688491106033325,0.5514418482780457,0.4223277270793915,0.5319624543190002,0.5934114456176758,0.6833040118217468,0.5160137414932251,0.6362062692642212,0.4694861173629761,0.6013161540031433,0.4296473562717438,0.5733107924461365,0.5937533378601074,0.7340325713157654,0.5699689984321594,0.6964627504348755,0.5948834419250488,0.7054330706596375,0.624550461769104,0.7150039076805115,ㅌ
0.8275041580200195,0.6601102948188782,0.7720372080802917,0.5761493444442749,0.7046716213226318,0.5426109433174133,0.6584047675132751,0.5682169198989868,0.6246629953384399,0.610312819480896,0.6701729893684387,0.48125597834587097,0.6106678247451782,0.40173375606536865,0.577353835105896,0.34699001908302307,0.5487728118896484,0.3064351975917816,0.6512153744697571,0.530960202217102,0.5451394319534302,0.4978219270706177,0.4870511293411255,0.4811028838157654,0.4418105185031891,0.46902570128440857,0.6437366008758545,0.5897504091262817,0.5569573640823364,0.5578376650810242,0.502909243106842,0.5300637483596802,0.45727676153182983,0.5036799907684326,0.6493707895278931,0.6483261585235596,0.6042860150337219,0.618242084980011,0.6275869011878967,0.6286137700080872,0.6598643064498901,0.6352437734603882,ㅌ
0.9041950702667236,0.5108212828636169,0.8179681301116943,0.45251137018203735,0.7371785044670105,0.46096259355545044,0.6794881820678711,0.5050008893013,0.6436458826065063,0.5583223104476929,0.6895111203193665,0.3983266353607178,0.6063628196716309,0.35571688413619995,0.5528628826141357,0.3186379671096802,0.5141165852546692,0.2870679199695587,0.7013082504272461,0.4466271996498108,0.5717524290084839,0.4708467125892639,0.49763935804367065,0.48127228021621704,0.4455224871635437,0.484293133020401,0.7230709791183472,0.5024438500404358,0.601340115070343,0.5255085825920105,0.5320940017700195,0.5347138047218323,0.48226240277290344,0.53016597032547,0.7514073252677917,0.5523621439933777,0.6717894673347473,0.5815588235855103,0.6601550579071045,0.5956029891967773,0.6672496795654297,0.5954325795173645,ㅌ
0.9158250689506531,0.44441694021224976,0.8305788040161133,0.38166600465774536,0.7352048754692078,0.3746689558029175,0.6715371012687683,0.3944989740848541,0.6240372061729431,0.4194328486919403,0.6885921955108643,0.338445246219635,0.5935649275779724,0.29100924730300903,0.5337774753570557,0.24536742269992828,0.48506319522857666,0.20729263126850128,0.69818514585495,0.3880652189254761,0.5705037117004395,0.42434927821159363,0.4962173104286194,0.43876323103904724,0.43980252742767334,0.44661450386047363,0.7212441563606262,0.4484889805316925,0.5994232892990112,0.48522713780403137,0.5265020132064819,0.4986115097999573,0.4702625870704651,0.5014446377754211,0.754885196685791,0.5086486339569092,0.673920214176178,0.5496346950531006,0.6562113761901855,0.564351499080658,0.6507452130317688,0.5671422481536865,ㅌ
0.8719240427017212,0.4815092384815216,0.7871132493019104,0.4337811768054962,0.705963671207428,0.4667438268661499,0.6654061675071716,0.5260744690895081,0.649063229560852,0.58741295337677,0.6463724374771118,0.45692622661590576,0.5457582473754883,0.45477163791656494,0.48593369126319885,0.4467659592628479,0.437013179063797,0.4434487223625183,0.6580750942230225,0.5153933763504028,0.5453784465789795,0.5802096128463745,0.4840349555015564,0.6188285946846008,0.4352979063987732,0.6495148539543152,0.6837995648384094,0.5725094676017761,0.5882652997970581,0.6364486813545227,0.5312796235084534,0.6678005456924438,0.483634889125824,0.6895694732666016,0.7219671010971069,0.6205859780311584,0.6612568497657776,0.6552395820617676,0.6711509823799133,0.6463862061500549,0.6894632577896118,0.6282953023910522,ㅌ
0.8555570840835571,0.599990963935852,0.7671753168106079,0.5282644629478455,0.6776069402694702,0.5609526038169861,0.6266922354698181,0.6310243606567383,0.6024209260940552,0.7015838027000427,0.6158092021942139,0.5638716220855713,0.4961966276168823,0.5756831169128418,0.4268648028373718,0.5780143737792969,0.3726324439048767,0.5841759443283081,0.6274028420448303,0.6477621793746948,0.5017186999320984,0.7284969091415405,0.43033888936042786,0.7717329859733582,0.37447938323020935,0.8038706183433533,0.6523173451423645,0.7205262184143066,0.541159987449646,0.7848243117332458,0.4672863483428955,0.8114309310913086,0.4115755558013916,0.8335346579551697,0.6867049336433411,0.7691075801849365,0.6252635717391968,0.7623587250709534,0.6386637687683105,0.7309284806251526,0.6639705300331116,0.6991440653800964,ㅌ
0.8136875629425049,0.6183088421821594,0.7281798124313354,0.5379387140274048,0.6363711953163147,0.5631648898124695,0.5932321548461914,0.6368699073791504,0.5693266987800598,0.7094751596450806,0.5740354061126709,0.5377912521362305,0.47226542234420776,0.5010034441947937,0.41128334403038025,0.4674849510192871,0.36120879650115967,0.44378310441970825,0.5772302150726318,0.6127693057060242,0.45255932211875916,0.6679733395576477,0.38746151328086853,0.6997362971305847,0.3333146870136261,0.7278819680213928,0.5963093638420105,0.6822276711463928,0.48921138048171997,0.7292395830154419,0.42790135741233826,0.7469667792320251,0.3771801292896271,0.7647154331207275,0.6261458396911621,0.7335729598999023,0.5794308185577393,0.730586051940918,0.5976341366767883,0.7096562385559082,0.6198322772979736,0.6889287233352661,ㅌ
0.7906345129013062,0.7262670993804932,0.734525203704834,0.628243625164032,0.657883882522583,0.6124371886253357,0.6153560280799866,0.659032940864563,0.5872150659561157,0.7137696146965027,0.6119996309280396,0.5910756587982178,0.5408024787902832,0.5188248753547668,0.497625470161438,0.4717658758163452,0.4595491886138916,0.4385610818862915,0.595295250415802,0.6619190573692322,0.49404454231262207,0.6655542254447937,0.439060777425766,0.6703263521194458,0.39127951860427856,0.6767853498458862,0.5952363014221191,0.7231251001358032,0.5097310543060303,0.715907633304596,0.459203839302063,0.7052160501480103,0.41858765482902527,0.6991233825683594,0.6075966954231262,0.766700267791748,0.5738832950592041,0.737080991268158,0.5954670310020447,0.726934015750885,0.6236279606819153,0.716150164604187,ㅌ
0.7905985116958618,0.8227946162223816,0.7581575512886047,0.7291178703308105,0.6956742405891418,0.6930861473083496,0.6490129232406616,0.7128971219062805,0.6157917976379395,0.7487382292747498,0.6606791615486145,0.6428095102310181,0.6140043139457703,0.5644673109054565,0.5886662602424622,0.508126974105835,0.5681251883506775,0.4633384644985199,0.6359436511993408,0.6896594762802124,0.5442302823066711,0.6686986088752747,0.49628567695617676,0.6588994264602661,0.4596409499645233,0.6471367478370667,0.6248868703842163,0.7415827512741089,0.5461097359657288,0.7206511497497559,0.4987618327140808,0.694312572479248,0.46259018778800964,0.670109212398529,0.626512348651886,0.7857034802436829,0.6040660738945007,0.765379786491394,0.6291523575782776,0.7718412280082703,0.6592879295349121,0.7743531465530396,ㅌ
0.7927327752113342,0.8295540809631348,0.7624397277832031,0.7403886914253235,0.7067316770553589,0.6958438754081726,0.6607386469841003,0.6970973610877991,0.6250500679016113,0.718195915222168,0.673417866230011,0.6338014006614685,0.6303045749664307,0.5528942346572876,0.6109797358512878,0.4939754009246826,0.5914580821990967,0.4505639672279358,0.6476510763168335,0.6762003898620605,0.5558964014053345,0.6410213708877563,0.5093294382095337,0.6224977970123291,0.4711175560951233,0.6089012026786804,0.6328659653663635,0.7262238264083862,0.5551915764808655,0.6971603035926819,0.5112390518188477,0.6689602136611938,0.47442060708999634,0.6390708684921265,0.6290745139122009,0.7728130221366882,0.6062198877334595,0.7449355721473694,0.6290069222450256,0.7617930769920349,0.6603822708129883,0.7730971574783325,ㅌ
0.8215506076812744,0.8080384731292725,0.7881954908370972,0.708703875541687,0.7295010685920715,0.651306688785553,0.6751832962036133,0.6400441527366638,0.63228440284729,0.6525636315345764,0.6891462802886963,0.5709145665168762,0.6429818868637085,0.4734952449798584,0.6213988661766052,0.4029539227485657,0.5989584922790527,0.3524305820465088,0.6615330576896667,0.6189114451408386,0.5547155141830444,0.5681873559951782,0.5011246204376221,0.5406779050827026,0.4554325044155121,0.5227599740028381,0.6422353386878967,0.6807565689086914,0.5479187965393066,0.6277490258216858,0.5000128746032715,0.5922107696533203,0.4572787284851074,0.558381199836731,0.6350887417793274,0.7388689517974854,0.6035672426223755,0.6946814060211182,0.6273723244667053,0.7102708220481873,0.6587985754013062,0.7244975566864014,ㅌ
0.8694981336593628,0.6333586573600769,0.8031654953956604,0.5415117144584656,0.728069543838501,0.5247701406478882,0.6707859635353088,0.5470085740089417,0.6312512755393982,0.5881838798522949,0.6784428358078003,0.48772579431533813,0.5833917260169983,0.4539068341255188,0.5266512036323547,0.43711328506469727,0.48041465878486633,0.4311618208885193,0.6745755672454834,0.5481761693954468,0.5484326481819153,0.5649579167366028,0.4800226092338562,0.5736494660377502,0.4300435781478882,0.5813516974449158,0.677261471748352,0.6164740324020386,0.5618062615394592,0.6237704157829285,0.49866658449172974,0.6240194439888,0.4507179856300354,0.6238200664520264,0.6890191435813904,0.675136387348175,0.6241511702537537,0.6563881635665894,0.6410480737686157,0.6512280106544495,0.6708623766899109,0.6461191177368164,ㅌ
0.8480522632598877,0.5203984975814819,0.7741105556488037,0.45318958163261414,0.7053298354148865,0.4620624780654907,0.6557015776634216,0.49756282567977905,0.6257063746452332,0.5493117570877075,0.6462990641593933,0.43144434690475464,0.5484861135482788,0.4226697087287903,0.49160629510879517,0.41804051399230957,0.44567233324050903,0.42439356446266174,0.6506561636924744,0.48534202575683594,0.537365198135376,0.5303723216056824,0.4734814763069153,0.5557870268821716,0.4303233027458191,0.5763638615608215,0.6651400923728943,0.5488308668136597,0.5609686374664307,0.5800749659538269,0.502510130405426,0.596793532371521,0.45788344740867615,0.6088575720787048,0.6852362155914307,0.6008999347686768,0.6269299983978271,0.6016878485679626,0.6466467380523682,0.5976465940475464,0.6785549521446228,0.5904887914657593,ㅌ
0.8428242206573486,0.5360463857650757,0.7664040327072144,0.4693012833595276,0.6997429132461548,0.4740605652332306,0.6490159034729004,0.5062978267669678,0.6170752048492432,0.5519563555717468,0.6419767141342163,0.44764161109924316,0.5436643958091736,0.4540172219276428,0.4881379008293152,0.45836615562438965,0.4431278109550476,0.4695298671722412,0.6493298411369324,0.500530481338501,0.5336726903915405,0.554901659488678,0.4706083834171295,0.5838484764099121,0.42833077907562256,0.6054677963256836,0.6671444773674011,0.5635374188423157,0.5619943141937256,0.6006498336791992,0.5020496845245361,0.6199193000793457,0.4556466042995453,0.6319457292556763,0.6893299221992493,0.6164168119430542,0.6259480118751526,0.6230142712593079,0.638859212398529,0.6159520149230957,0.6624565720558167,0.605055034160614,ㅌ
0.8394764065742493,0.5292233824729919,0.7671118974685669,0.4672374427318573,0.6913900375366211,0.4823254644870758,0.6474112868309021,0.5348294973373413,0.626387894153595,0.5991598963737488,0.6319097876548767,0.4616388976573944,0.54634690284729,0.4314820170402527,0.4941653609275818,0.4055503010749817,0.4517592787742615,0.38936758041381836,0.6425291299819946,0.5200134515762329,0.537044107913971,0.5865547060966492,0.48251980543136597,0.6213749051094055,0.43990421295166016,0.6479918360710144,0.6643787026405334,0.5776459574699402,0.5659353733062744,0.630523681640625,0.5078265070915222,0.653207004070282,0.462358295917511,0.6687005758285522,0.6935633420944214,0.6245639324188232,0.6339136958122253,0.6357375383377075,0.6461654305458069,0.62641441822052,0.6681535243988037,0.6095927953720093,ㅌ
0.838898777961731,0.5293370485305786,0.7675679326057434,0.4720321297645569,0.6912024021148682,0.4955282211303711,0.6494705677032471,0.5549479722976685,0.6308633089065552,0.6196731328964233,0.6307289004325867,0.48101285099983215,0.5413797497749329,0.4537668228149414,0.4889741539955139,0.42926862835884094,0.44873738288879395,0.41368335485458374,0.6413630843162537,0.5415122509002686,0.5364243984222412,0.6089473366737366,0.48324134945869446,0.6462783813476562,0.44292765855789185,0.6751716136932373,0.663411557674408,0.5977649092674255,0.5688443779945374,0.651829183101654,0.5121891498565674,0.6776247620582581,0.46756136417388916,0.6971127986907959,0.6932459473609924,0.6405245065689087,0.6388811469078064,0.6499542593955994,0.6540355682373047,0.6373654007911682,0.6773121356964111,0.61917644739151,ㅌ
0.8184977769851685,0.5951495170593262,0.7468516230583191,0.5139710307121277,0.6661338806152344,0.5205187797546387,0.6190130114555359,0.574163019657135,0.5948440432548523,0.6345606446266174,0.6118245124816895,0.5059503316879272,0.509357213973999,0.4668363034725189,0.45209071040153503,0.43284526467323303,0.40698909759521484,0.4059455096721649,0.6103022694587708,0.5774766206741333,0.4874356687068939,0.5922642946243286,0.41759389638900757,0.6036015748977661,0.36647623777389526,0.6158678531646729,0.6240514516830444,0.6463699340820312,0.5303646922111511,0.6702370047569275,0.46607184410095215,0.6757131814956665,0.42045193910598755,0.6838988661766052,0.651670515537262,0.6974040269851685,0.6112175583839417,0.6835605502128601,0.6273304224014282,0.6630333662033081,0.654146134853363,0.6496484279632568,ㅌ
0.823075532913208,0.5050098299980164,0.7499402761459351,0.4527164101600647,0.676437258720398,0.4796135127544403,0.6402797698974609,0.5415208339691162,0.6278330087661743,0.6070953011512756,0.6180270314216614,0.46304038166999817,0.5190534591674805,0.44617682695388794,0.4622650444507599,0.43144577741622925,0.4182173013687134,0.421032190322876,0.6246387362480164,0.5245629549026489,0.5119130611419678,0.5593419671058655,0.4472992420196533,0.5805572271347046,0.3975261449813843,0.5977565050125122,0.6446157097816467,0.584134578704834,0.5501381158828735,0.6213918924331665,0.48960626125335693,0.637410581111908,0.4425509572029114,0.6509280204772949,0.6769671440124512,0.6288485527038574,0.6275758743286133,0.6284593939781189,0.6446343660354614,0.6118964552879333,0.6712619662284851,0.5957565903663635,ㅌ
0.06345722079277039,0.6256833076477051,0.1263631284236908,0.5371178984642029,0.20409788191318512,0.5161926746368408,0.2649877667427063,0.5502287745475769,0.30956101417541504,0.5763769745826721,0.2318144589662552,0.43941208720207214,0.294353723526001,0.36612552404403687,0.3317876160144806,0.310565710067749,0.3620910048484802,0.25994107127189636,0.23139722645282745,0.48245176672935486,0.34040817618370056,0.477466881275177,0.40828242897987366,0.48778605461120605,0.4595189690589905,0.4947246015071869,0.22051675617694855,0.5345651507377625,0.32460492849349976,0.5316619277000427,0.39051195979118347,0.5354832410812378,0.4412935972213745,0.531247615814209,0.209387868642807,0.590155303478241,0.2748354971408844,0.588367223739624,0.2874073386192322,0.5909077525138855,0.29333239793777466,0.591139018535614,ㅌ
0.2030637562274933,0.6210980415344238,0.2527317702770233,0.5380628705024719,0.32387444376945496,0.5173964500427246,0.3800910711288452,0.5478036403656006,0.42182058095932007,0.5746121406555176,0.3593690097332001,0.4397459626197815,0.42692291736602783,0.37377113103866577,0.46686384081840515,0.32867196202278137,0.4993322491645813,0.28710511326789856,0.3673531413078308,0.4889164865016937,0.47414565086364746,0.4865216016769409,0.5341897010803223,0.4991849362850189,0.5792595148086548,0.5071558952331543,0.36489829421043396,0.5440694093704224,0.4629959762096405,0.5462734699249268,0.5177230834960938,0.5488199591636658,0.5621761083602905,0.5453047752380371,0.3582627773284912,0.5963080525398254,0.41166946291923523,0.5908236503601074,0.40423011779785156,0.5893200635910034,0.3949912488460541,0.5906737446784973,ㅌ
0.29218366742134094,0.6162989139556885,0.35044169425964355,0.5337542295455933,0.4054572582244873,0.5019398927688599,0.45074334740638733,0.5148606896400452,0.48560261726379395,0.5289613604545593,0.4351191520690918,0.4600377380847931,0.4890010952949524,0.399868369102478,0.5203794240951538,0.3574085235595703,0.546329140663147,0.3135325312614441,0.4335368573665619,0.4986560344696045,0.5297940969467163,0.5047481656074524,0.5837401151657104,0.51922607421875,0.6228573322296143,0.5233624577522278,0.4287976920604706,0.5477514266967773,0.519029974937439,0.557407021522522,0.559680700302124,0.5652281045913696,0.5926284790039062,0.5632590651512146,0.4237457513809204,0.5998387336730957,0.4804580509662628,0.6063032150268555,0.47015100717544556,0.6080323457717896,0.4570382237434387,0.6112151741981506,ㅌ
0.30639344453811646,0.599204957485199,0.35854411125183105,0.5412781238555908,0.4085919260978699,0.5269891023635864,0.4486773908138275,0.5525348782539368,0.4798986315727234,0.5721232295036316,0.42920511960983276,0.46513769030570984,0.47997117042541504,0.4112635552883148,0.5117162466049194,0.3743922710418701,0.5382630825042725,0.3377702534198761,0.42934125661849976,0.4940289855003357,0.5151971578598022,0.5000143647193909,0.5676141381263733,0.5159497857093811,0.603786051273346,0.5230086445808411,0.42543715238571167,0.5329776406288147,0.5082097053527832,0.5437999367713928,0.554126501083374,0.5536047220230103,0.5894590616226196,0.5538386106491089,0.42360833287239075,0.5783717632293701,0.4739795923233032,0.5932434797286987,0.46358248591423035,0.6015592813491821,0.44839245080947876,0.6079090237617493,ㅌ
0.2784384787082672,0.5162357687950134,0.3456399440765381,0.46597832441329956,0.4002063274383545,0.4648520350456238,0.4431225061416626,0.4974254071712494,0.4770675003528595,0.5224332809448242,0.4336567521095276,0.4095403254032135,0.48955532908439636,0.35737502574920654,0.528058648109436,0.32012152671813965,0.5604559183120728,0.28654229640960693,0.4197462201118469,0.4435981512069702,0.5103969573974609,0.476326584815979,0.5644946098327637,0.5112813711166382,0.5999742746353149,0.5359790921211243,0.40277352929115295,0.48326995968818665,0.49293971061706543,0.518585205078125,0.5429269671440125,0.548765242099762,0.5806280970573425,0.5651186108589172,0.39086610078811646,0.5291821360588074,0.45179635286331177,0.5531467199325562,0.45434629917144775,0.5620584487915039,0.4460945427417755,0.5650718212127686,ㅌ
0.26005375385284424,0.5027428269386292,0.33124884963035583,0.4471590220928192,0.39296871423721313,0.44576549530029297,0.43827930092811584,0.4740266799926758,0.47397249937057495,0.4982818365097046,0.4313686788082123,0.4036450982093811,0.5014229416847229,0.3605000078678131,0.5467277765274048,0.3312089741230011,0.5844976902008057,0.3056698143482208,0.41173991560935974,0.43338754773139954,0.5119150876998901,0.4881935715675354,0.5668229460716248,0.5306273698806763,0.6082021594047546,0.5608308911323547,0.38848260045051575,0.4754772484302521,0.48424363136291504,0.5241737365722656,0.5395126938819885,0.5648735761642456,0.5807501673698425,0.5891098976135254,0.3698998987674713,0.5181886553764343,0.4291234314441681,0.5520567893981934,0.45111122727394104,0.5677558779716492,0.4674874544143677,0.573064386844635,ㅌ
0.2535145878791809,0.5260328650474548,0.32366031408309937,0.46816378831863403,0.39202451705932617,0.47675737738609314,0.4402637779712677,0.5146715641021729,0.47614169120788574,0.5527761578559875,0.41919106245040894,0.4563313126564026,0.49347150325775146,0.43189603090286255,0.5426244735717773,0.4095389246940613,0.5845174789428711,0.39013415575027466,0.4045069217681885,0.4967476427555084,0.49783048033714294,0.563789427280426,0.5500075817108154,0.6162661910057068,0.5868045091629028,0.6574214696884155,0.38195741176605225,0.5392636060714722,0.4730280041694641,0.607006847858429,0.5242193937301636,0.6488204002380371,0.5605993866920471,0.6795363426208496,0.360812783241272,0.5782638192176819,0.418754905462265,0.6175345778465271,0.4362793564796448,0.6208450198173523,0.4471728503704071,0.6183421611785889,ㅌ
0.24992574751377106,0.5542988181114197,0.32526159286499023,0.4986335039138794,0.39654266834259033,0.5222524404525757,0.4422179162502289,0.5762619972229004,0.47065722942352295,0.6256330609321594,0.41625264286994934,0.5136945843696594,0.49193763732910156,0.5072699785232544,0.5453414916992188,0.4952309727668762,0.5884107351303101,0.4828912019729614,0.39158472418785095,0.564765214920044,0.4817531108856201,0.6552579998970032,0.5355762839317322,0.7174107432365417,0.5680914521217346,0.7618330121040344,0.37011489272117615,0.6130523681640625,0.4583340585231781,0.6946121454238892,0.47141578793525696,0.6907025575637817,0.46905753016471863,0.6822097301483154,0.35644540190696716,0.6522651314735413,0.4219683110713959,0.6939679384231567,0.41927462816238403,0.6727843284606934,0.40625447034835815,0.6545591354370117,ㅌ
0.25813227891921997,0.532815158367157,0.3273051977157593,0.4839400351047516,0.3946709632873535,0.5101863741874695,0.43871158361434937,0.5655908584594727,0.4662049412727356,0.6129355430603027,0.41713616251945496,0.4941936135292053,0.489708811044693,0.4892148971557617,0.5404917597770691,0.4805629253387451,0.5823700428009033,0.4698140621185303,0.3926204741001129,0.5386468172073364,0.47944745421409607,0.6259889602661133,0.5272486805915833,0.6878581047058105,0.5621848702430725,0.7309130430221558,0.36816540360450745,0.5856986045837402,0.4621320366859436,0.6691641211509705,0.5038868188858032,0.6976790428161621,0.5294973254203796,0.7161898016929626,0.3499383330345154,0.6244397163391113,0.42123404145240784,0.6700870394706726,0.4310530424118042,0.6529185771942139,0.4289342761039734,0.638344943523407,ㅌ
0.23710381984710693,0.573786735534668,0.3019145131111145,0.515557050704956,0.36096546053886414,0.510851263999939,0.4067212641239166,0.5457683801651001,0.4450688660144806,0.5744043588638306,0.3946453630924225,0.44823867082595825,0.4601013660430908,0.3982461988925934,0.5001927614212036,0.3648536801338196,0.5334228873252869,0.33382076025009155,0.38418665528297424,0.4809443950653076,0.48261281847953796,0.5043118596076965,0.5386397242546082,0.5299457907676697,0.5801606178283691,0.5467160940170288,0.368429034948349,0.5223701000213623,0.4620510935783386,0.5486206412315369,0.5159805417060852,0.57192063331604,0.5566232204437256,0.5817285180091858,0.3562397062778473,0.569681704044342,0.41776949167251587,0.5942369699478149,0.42939332127571106,0.6062370538711548,0.43407541513442993,0.6107326149940491,ㅌ
0.24361886084079742,0.5913066267967224,0.3107454776763916,0.5433809757232666,0.369600772857666,0.5376957654953003,0.4118814170360565,0.5691916942596436,0.44859257340431213,0.591156005859375,0.398476243019104,0.4708476662635803,0.4578515887260437,0.4145600497722626,0.4948399066925049,0.37470752000808716,0.5266438722610474,0.338218629360199,0.3901749849319458,0.5012086629867554,0.485953688621521,0.5141904354095459,0.5410007834434509,0.5346065759658813,0.581476092338562,0.5476597547531128,0.37459322810173035,0.5399211049079895,0.4690982401371002,0.5572556257247925,0.522478461265564,0.5715963840484619,0.5638536810874939,0.5751311182975769,0.36197134852409363,0.5857905149459839,0.4201873540878296,0.6020930409431458,0.43148308992385864,0.6129305362701416,0.43653446435928345,0.6186380386352539,ㅌ
0.2796172499656677,0.643163800239563,0.3330543637275696,0.5629867911338806,0.38234689831733704,0.526339590549469,0.43070095777511597,0.526526153087616,0.4701822102069855,0.5265551209449768,0.4005776047706604,0.4760356545448303,0.4651951491832733,0.4190155863761902,0.5060625672340393,0.3925366997718811,0.5385509729385376,0.367991179227829,0.40271028876304626,0.5185739398002625,0.49787262082099915,0.4997296929359436,0.5552152395248413,0.5023611783981323,0.5951813459396362,0.5039757490158081,0.4030107259750366,0.5634322166442871,0.49254855513572693,0.542716383934021,0.5418805480003357,0.5382310748100281,0.5833159685134888,0.5302369594573975,0.40501436591148376,0.6152389049530029,0.46340829133987427,0.6056642532348633,0.45603877305984497,0.6066411733627319,0.4422624409198761,0.6126976609230042,ㅌ
0.2716308832168579,0.658690869808197,0.33202093839645386,0.5940758585929871,0.37624746561050415,0.5600529313087463,0.41984930634498596,0.5538208484649658,0.46126788854599,0.5481997132301331,0.39588236808776855,0.4842989146709442,0.4661983549594879,0.436666339635849,0.5100467801094055,0.4192892909049988,0.5440623760223389,0.4060744643211365,0.4005996882915497,0.5227898359298706,0.4919135570526123,0.49737632274627686,0.547415554523468,0.49596235156059265,0.5890579223632812,0.494111031293869,0.4003060758113861,0.5660885572433472,0.4836348295211792,0.5404762625694275,0.5355334877967834,0.5333737730979919,0.5792779326438904,0.5239459276199341,0.40408045053482056,0.6130071878433228,0.4561343491077423,0.6024187803268433,0.4582969546318054,0.6066204905509949,0.455038845539093,0.6149871349334717,ㅌ
0.2614404559135437,0.6502593159675598,0.31098347902297974,0.571704626083374,0.3608483374118805,0.5401673316955566,0.4102432131767273,0.5454580783843994,0.45181912183761597,0.5501469373703003,0.3807697594165802,0.47741788625717163,0.451556921005249,0.42529910802841187,0.49721407890319824,0.40944886207580566,0.5330022573471069,0.3975240886211395,0.38698917627334595,0.517670750617981,0.4859486222267151,0.49701133370399475,0.5435622334480286,0.49553820490837097,0.5848796367645264,0.49357715249061584,0.3880139887332916,0.5614588856697083,0.4792306125164032,0.5408436059951782,0.5296205878257751,0.5346556305885315,0.5713858604431152,0.5264650583267212,0.38922926783561707,0.6115018129348755,0.4491035044193268,0.5993255972862244,0.44665655493736267,0.6050640940666199,0.4380422532558441,0.6157128810882568,ㅌ
0.25633952021598816,0.6517307758331299,0.3046334385871887,0.5642561316490173,0.3533352017402649,0.5257771015167236,0.4028114974498749,0.5250399708747864,0.4427279233932495,0.5245732665061951,0.37206506729125977,0.4832676649093628,0.4343201816082001,0.4205135703086853,0.47625064849853516,0.3906322121620178,0.5091480612754822,0.3654192090034485,0.3732839822769165,0.5225028991699219,0.4726026952266693,0.4946574568748474,0.5324015617370605,0.489268034696579,0.572307825088501,0.4860592484474182,0.37183067202568054,0.5670836567878723,0.46759936213493347,0.5418447256088257,0.5185999870300293,0.5336029529571533,0.555255651473999,0.5208288431167603,0.3712712526321411,0.6223176717758179,0.4416674077510834,0.6098493933677673,0.44134148955345154,0.6093112230300903,0.4278009831905365,0.6110634803771973,ㅌ
0.2506996989250183,0.7290095090866089,0.27024805545806885,0.6467170715332031,0.3103184401988983,0.604580819606781,0.3589003086090088,0.6042299866676331,0.39661234617233276,0.6035521030426025,0.31452852487564087,0.5373985767364502,0.3656432628631592,0.4685952067375183,0.39967694878578186,0.42763376235961914,0.42415720224380493,0.3940888047218323,0.3277440667152405,0.566281795501709,0.41153568029403687,0.5175643563270569,0.46210601925849915,0.4942404627799988,0.4969957172870636,0.47651129961013794,0.3387279212474823,0.6034796237945557,0.41803500056266785,0.5608118176460266,0.45992669463157654,0.533971905708313,0.4905731976032257,0.5108419060707092,0.35074299573898315,0.6473538279533386,0.40400129556655884,0.6377530097961426,0.3960675299167633,0.6547691822052002,0.3840228319168091,0.675388753414154,ㅌ
0.2416660487651825,0.7420849204063416,0.2664511799812317,0.6546099185943604,0.3058989346027374,0.6051698327064514,0.3493015468120575,0.5938337445259094,0.3845987915992737,0.5877542495727539,0.3103600740432739,0.5404235124588013,0.35865068435668945,0.4681541621685028,0.391948938369751,0.4256686270236969,0.4158087372779846,0.3893638849258423,0.32514262199401855,0.5673982501029968,0.40679931640625,0.512954592704773,0.4575822353363037,0.488852858543396,0.492147833108902,0.469110906124115,0.335491418838501,0.6040465831756592,0.41426122188568115,0.5587328672409058,0.4576861262321472,0.5328405499458313,0.48891696333885193,0.5077784061431885,0.34714141488075256,0.647483229637146,0.40229564905166626,0.6328797340393066,0.3984227180480957,0.6489587426185608,0.38912495970726013,0.6689015030860901,ㅌ
0.2296573519706726,0.6693065166473389,0.264916330575943,0.5790660977363586,0.3183048665523529,0.5389620065689087,0.37117308378219604,0.5432826280593872,0.40978485345840454,0.5498729348182678,0.3296046853065491,0.47872400283813477,0.38601863384246826,0.40736645460128784,0.42595094442367554,0.3721199035644531,0.4577510356903076,0.34335750341415405,0.3399985432624817,0.5184442400932312,0.42909693717956543,0.4767170548439026,0.4849758744239807,0.4642779231071472,0.5244406461715698,0.45459091663360596,0.3457624614238739,0.562100887298584,0.4303170144557953,0.5220787525177002,0.47963085770606995,0.5046388506889343,0.5173154473304749,0.48673105239868164,0.3525323271751404,0.6111456155776978,0.4074792265892029,0.5817039012908936,0.40405189990997314,0.583112895488739,0.39373600482940674,0.5920920372009277,ㅌ
0.15759555995464325,0.5988562107086182,0.21324416995048523,0.5073404312133789,0.2790073752403259,0.4901497960090637,0.32821038365364075,0.5167999267578125,0.36660903692245483,0.5425073504447937,0.3055025339126587,0.43443793058395386,0.3880979120731354,0.39770829677581787,0.43893274664878845,0.3807574510574341,0.479068398475647,0.3675549626350403,0.3120966851711273,0.48694512248039246,0.41463562846183777,0.4891106188297272,0.4726673364639282,0.503055214881897,0.5180442333221436,0.5130881071090698,0.30951759219169617,0.5389994978904724,0.4016034007072449,0.5366158485412598,0.45699840784072876,0.5408229827880859,0.5019234418869019,0.5416451096534729,0.30264055728912354,0.5906946659088135,0.3547065556049347,0.5753365159034729,0.3546989858150482,0.5656633377075195,0.35164812207221985,0.560832679271698,ㅌ
0.14994236826896667,0.6131399869918823,0.21143381297588348,0.5257861018180847,0.27763399481773376,0.5067931413650513,0.33251073956489563,0.5306316614151001,0.3746815323829651,0.5473005771636963,0.3039718270301819,0.4403529167175293,0.36542201042175293,0.3684525489807129,0.4034985899925232,0.3176485300064087,0.43607789278030396,0.27176323533058167,0.30457979440689087,0.4851914644241333,0.40908926725387573,0.4797825515270233,0.47253942489624023,0.4911350607872009,0.5167486667633057,0.5008630752563477,0.30028781294822693,0.5347550511360168,0.39777007699012756,0.5345344543457031,0.45667701959609985,0.5407338738441467,0.5041928291320801,0.5428146123886108,0.30085352063179016,0.5860784649848938,0.35863420367240906,0.5781232714653015,0.35695478320121765,0.5748499035835266,0.3494891822338104,0.5751088857650757,ㅌ
0.14209267497062683,0.602506697177887,0.20128817856311798,0.5078177452087402,0.26999950408935547,0.4885750114917755,0.3262007534503937,0.5125787854194641,0.368710458278656,0.52800053358078,0.30191245675086975,0.4311126172542572,0.36245179176330566,0.3599194288253784,0.3983123302459717,0.30701348185539246,0.4281098246574402,0.2568293809890747,0.30236247181892395,0.47753557562828064,0.405040442943573,0.47109323740005493,0.46673083305358887,0.4792534410953522,0.5115071535110474,0.4844713509082794,0.2956101596355438,0.5264078974723816,0.39222440123558044,0.5242671966552734,0.45302659273147583,0.5259203314781189,0.5011757612228394,0.5239047408103943,0.2926906645298004,0.5779900550842285,0.349696546792984,0.5702314376831055,0.34837907552719116,0.5633009076118469,0.34242188930511475,0.5594491958618164,ㅌ
0.09511908888816833,0.6246744394302368,0.1454032063484192,0.5373979210853577,0.21776844561100006,0.511379063129425,0.27620986104011536,0.5407031774520874,0.3122503161430359,0.5618692636489868,0.24347838759422302,0.42428940534591675,0.29856735467910767,0.3478514552116394,0.3291938304901123,0.2913186252117157,0.35249215364456177,0.2365970015525818,0.25376808643341064,0.4613529145717621,0.3524840772151947,0.43990346789360046,0.41151994466781616,0.4342844784259796,0.45563989877700806,0.4239296615123749,0.2544001340866089,0.5075649619102478,0.3496437072753906,0.4975231885910034,0.404960036277771,0.48642510175704956,0.44829678535461426,0.46508684754371643,0.25446078181266785,0.5638195872306824,0.3168460726737976,0.562462568283081,0.30090147256851196,0.5731053948402405,0.280204176902771,0.5809381008148193,ㅌ
0.1736186146736145,0.6722003817558289,0.20472204685211182,0.5732636451721191,0.25693583488464355,0.5299766659736633,0.3087535500526428,0.5364548563957214,0.347425252199173,0.5466402173042297,0.2709444463253021,0.4785742163658142,0.3183542788028717,0.39102667570114136,0.34556034207344055,0.32937586307525635,0.3661130964756012,0.2739047408103943,0.28915935754776,0.5216804146766663,0.3874463140964508,0.4801466763019562,0.44684886932373047,0.4661098122596741,0.48813819885253906,0.45120757818222046,0.3000933527946472,0.5712841749191284,0.3949252665042877,0.5367916822433472,0.4445960819721222,0.515448272228241,0.4804232716560364,0.4924651086330414,0.3066394329071045,0.6223433017730713,0.3596760034561157,0.5995278358459473,0.3445245921611786,0.5968688726425171,0.3254457712173462,0.6008239984512329,ㅌ
0.19229678809642792,0.5993072986602783,0.2568000555038452,0.534402072429657,0.3160836398601532,0.5124577283859253,0.3635357916355133,0.5261954069137573,0.40162330865859985,0.5247968435287476,0.3380359709262848,0.41156241297721863,0.3887366056442261,0.3345907926559448,0.41943803429603577,0.2839338779449463,0.44481897354125977,0.2358112335205078,0.3390090763568878,0.45028746128082275,0.4352976083755493,0.4254966974258423,0.4977712631225586,0.428670734167099,0.5404596924781799,0.42916810512542725,0.33371028304100037,0.49266931414604187,0.4291607737541199,0.47304534912109375,0.4868277311325073,0.4743162989616394,0.5354673266410828,0.46340781450271606,0.3366468846797943,0.5438550710678101,0.39513280987739563,0.5313899517059326,0.386198490858078,0.540290117263794,0.3672286868095398,0.5502941608428955,ㅌ
0.18117211759090424,0.5493298172950745,0.24418196082115173,0.4680548906326294,0.31732726097106934,0.4583272337913513,0.37472838163375854,0.5012586712837219,0.417736679315567,0.5362142324447632,0.3586014211177826,0.3924487829208374,0.4325348436832428,0.33694684505462646,0.477354496717453,0.298714280128479,0.5153698325157166,0.26476752758026123,0.3558264970779419,0.4371940791606903,0.4658738374710083,0.4508495628833771,0.5272886157035828,0.4722967743873596,0.5750866532325745,0.48847872018814087,0.3444087505340576,0.48726028203964233,0.4445454478263855,0.5057693719863892,0.5017200708389282,0.5233400464057922,0.5467798709869385,0.530756950378418,0.33140507340431213,0.5392910838127136,0.4034818410873413,0.5483895540237427,0.41103681921958923,0.5529738068580627,0.409267395734787,0.5544597506523132,ㅌ
0.28540748357772827,0.604019284248352,0.34456148743629456,0.5251694321632385,0.4132932424545288,0.5142539143562317,0.45928049087524414,0.5556686520576477,0.4912591576576233,0.5989081859588623,0.4515555202960968,0.46825432777404785,0.5247368812561035,0.42373764514923096,0.565547525882721,0.3907816410064697,0.6014562845230103,0.3606931269168854,0.4639873206615448,0.5237497091293335,0.5588316321372986,0.5377698540687561,0.6143779158592224,0.5512303113937378,0.6574074029922485,0.5590956807136536,0.45929524302482605,0.5760204792022705,0.5356041789054871,0.5939018130302429,0.5384181141853333,0.5999764204025269,0.5350329279899597,0.5992496609687805,0.44751864671707153,0.6211796998977661,0.49890512228012085,0.6252110600471497,0.48480650782585144,0.616728663444519,0.46616238355636597,0.6095847487449646,ㅌ
0.3091264069080353,0.6847139000892639,0.36065900325775146,0.6109308004379272,0.42034709453582764,0.5921967625617981,0.4625905454158783,0.6238920092582703,0.48875439167022705,0.6513094902038574,0.4433847963809967,0.5355275869369507,0.4991270899772644,0.4818073511123657,0.5330035090446472,0.44508686661720276,0.5621922016143799,0.4102761149406433,0.4490579068660736,0.5733200907707214,0.5388888120651245,0.576450526714325,0.5899872779846191,0.5875552892684937,0.6297723054885864,0.5912918448448181,0.4467974007129669,0.6176385879516602,0.5325065851211548,0.6242960691452026,0.5778554081916809,0.6252188682556152,0.6154967546463013,0.6173717975616455,0.4423057436943054,0.6634817719459534,0.4912288188934326,0.6655130386352539,0.47758620977401733,0.6680731773376465,0.46252208948135376,0.6710647940635681,ㅌ
0.32485803961753845,0.6796706318855286,0.37190765142440796,0.6136487126350403,0.4231257438659668,0.5894709229469299,0.46240684390068054,0.6077697277069092,0.48730340600013733,0.627352237701416,0.44195041060447693,0.5611063241958618,0.49378979206085205,0.5121530890464783,0.526526689529419,0.47877272963523865,0.5528085827827454,0.4471340477466583,0.44221311807632446,0.5953437685966492,0.5253464579582214,0.6031408309936523,0.5740379095077515,0.6149428486824036,0.6100122332572937,0.62128084897995,0.4381692707538605,0.6359641551971436,0.5152502655982971,0.6489197015762329,0.5549615621566772,0.6490379571914673,0.5857146382331848,0.642839789390564,0.4340531527996063,0.6788288950920105,0.48094668984413147,0.6895753741264343,0.4697141945362091,0.6848666667938232,0.45515888929367065,0.6809333562850952,ㅌ
0.2915976941585541,0.6337247490882874,0.3345200717449188,0.588139533996582,0.38974863290786743,0.5832319855690002,0.4290798306465149,0.618952214717865,0.4531242549419403,0.646937370300293,0.41390150785446167,0.5254504680633545,0.46667471528053284,0.4762403964996338,0.5003544688224792,0.4428640604019165,0.5282997488975525,0.41138821840286255,0.419935405254364,0.5557262301445007,0.5005049109458923,0.5579493045806885,0.5466281175613403,0.5692012906074524,0.5821199417114258,0.5736714005470276,0.4159504771232605,0.592828631401062,0.49096250534057617,0.6024148464202881,0.5366284251213074,0.6073437929153442,0.5739158987998962,0.6045007705688477,0.40630626678466797,0.6351039409637451,0.45123741030693054,0.6444753408432007,0.44414547085762024,0.6486847400665283,0.4337707757949829,0.6530076861381531,ㅌ
0.2273884117603302,0.5224874019622803,0.29425522685050964,0.4491754174232483,0.36388784646987915,0.44588378071784973,0.42138656973838806,0.49304771423339844,0.46288836002349854,0.5254535675048828,0.39336761832237244,0.3671814799308777,0.4664616584777832,0.3027110695838928,0.5106947422027588,0.2526701092720032,0.5457991361618042,0.20606282353401184,0.380165159702301,0.40778687596321106,0.49740979075431824,0.41923999786376953,0.5708546042442322,0.4337649643421173,0.6221815347671509,0.44340062141418457,0.3616746664047241,0.45994386076927185,0.4795915484428406,0.4692492187023163,0.5520033836364746,0.48612192273139954,0.6048088669776917,0.4917425513267517,0.34936243295669556,0.5210375785827637,0.433353453874588,0.5303472876548767,0.44853100180625916,0.5430833101272583,0.44933822751045227,0.5514971017837524,ㅌ
0.13369867205619812,0.5084832906723022,0.2183077335357666,0.41755831241607666,0.29697877168655396,0.394530326128006,0.3663022220134735,0.4224981665611267,0.4242804944515228,0.4424746036529541,0.3349423408508301,0.31607329845428467,0.41959989070892334,0.2385004162788391,0.4723425507545471,0.18479400873184204,0.5151088237762451,0.13610994815826416,0.3179643154144287,0.3663569986820221,0.4515663981437683,0.3749585449695587,0.532680869102478,0.3941325545310974,0.5912764072418213,0.4076027274131775,0.2984448969364166,0.4265521466732025,0.4249410629272461,0.43706953525543213,0.5033576488494873,0.45516180992126465,0.5620891451835632,0.46207529306411743,0.287864089012146,0.49202463030815125,0.38084572553634644,0.5054184198379517,0.4108200669288635,0.5151280164718628,0.42934489250183105,0.5169352889060974,ㅌ
0.10584703087806702,0.5349039435386658,0.18315111100673676,0.41044601798057556,0.2871395945549011,0.37692007422447205,0.37167567014694214,0.40241163969039917,0.43277275562286377,0.43137872219085693,0.3160726726055145,0.32637080550193787,0.41968274116516113,0.23205633461475372,0.4834440350532532,0.16635766625404358,0.5317530632019043,0.10525587201118469,0.30143672227859497,0.3927314579486847,0.4699286222457886,0.4013778269290924,0.5664682388305664,0.4197118878364563,0.635607123374939,0.4294815957546234,0.2861761152744293,0.47090309858322144,0.4475978910923004,0.4771544337272644,0.5417500734329224,0.484562486410141,0.6106818914413452,0.47978195548057556,0.27505192160606384,0.5469194054603577,0.3864864706993103,0.5530019998550415,0.4105031490325928,0.5486833453178406,0.418631911277771,0.5381442308425903,ㅌ
0.18881180882453918,0.6082980632781982,0.269932359457016,0.4953193664550781,0.3606223464012146,0.4621252715587616,0.43316376209259033,0.4810250699520111,0.48307690024375916,0.5057299137115479,0.3916057050228119,0.4179542660713196,0.49330538511276245,0.3471626043319702,0.5539810061454773,0.29983603954315186,0.6026757955551147,0.25630274415016174,0.38608452677726746,0.4825459420681,0.5332201719284058,0.49604129791259766,0.6165406703948975,0.5160375237464905,0.6799024343490601,0.5295945405960083,0.3721963167190552,0.5544295907020569,0.5081236958503723,0.5577397346496582,0.5853889584541321,0.5678622126579285,0.6424582004547119,0.5679904818534851,0.3587420582771301,0.6232045888900757,0.43969669938087463,0.6248058676719666,0.4614836871623993,0.6175363659858704,0.4733840823173523,0.6064947247505188,ㅌ
0.21986909210681915,0.6238263845443726,0.28158146142959595,0.5452368259429932,0.3455254137516022,0.522796094417572,0.3998764753341675,0.5484991073608398,0.4411850571632385,0.5774475336074829,0.3707605004310608,0.46413829922676086,0.44278019666671753,0.4011944532394409,0.4897529184818268,0.37662404775619507,0.5292579531669617,0.3614863157272339,0.3719671666622162,0.5033990740776062,0.4835575819015503,0.5038675665855408,0.5414881706237793,0.5199892520904541,0.5855363011360168,0.5343670845031738,0.36510539054870605,0.5503709316253662,0.46828368306159973,0.5539089441299438,0.5200650095939636,0.5602265000343323,0.5604632496833801,0.561803936958313,0.35548412799835205,0.6032164692878723,0.4206297993659973,0.607365608215332,0.43280771374702454,0.6115209460258484,0.4401225447654724,0.6140388250350952,ㅌ
0.2514787018299103,0.6110591292381287,0.3052870035171509,0.5350110530853271,0.36423394083976746,0.5107434988021851,0.4140719473361969,0.5277839303016663,0.45228251814842224,0.5479146838188171,0.3851526081562042,0.4738912582397461,0.46259793639183044,0.432029664516449,0.5110169649124146,0.4198872447013855,0.5484347343444824,0.4122714400291443,0.3826026916503906,0.5140318870544434,0.48930588364601135,0.5181951522827148,0.5475027561187744,0.5321356654167175,0.5889107584953308,0.5435699224472046,0.37548142671585083,0.5611199736595154,0.47409266233444214,0.5652135610580444,0.5270736217498779,0.5714470744132996,0.5658254027366638,0.5722948312759399,0.3666168749332428,0.6115063428878784,0.43535906076431274,0.6190934181213379,0.4441606402397156,0.6226264834403992,0.44365552067756653,0.6242600679397583,ㅌ
0.2685803174972534,0.6312010288238525,0.32478201389312744,0.5583398938179016,0.3758997321128845,0.5370261669158936,0.4242381155490875,0.5451204776763916,0.46132853627204895,0.5581357479095459,0.40539252758026123,0.4847249388694763,0.4864230751991272,0.45665958523750305,0.5370237827301025,0.45334863662719727,0.5744728446006775,0.4516013264656067,0.4054412245750427,0.5279045104980469,0.510205864906311,0.5373697876930237,0.5667176842689514,0.5535576343536377,0.603876531124115,0.5632893443107605,0.4014691114425659,0.5767926573753357,0.4999053478240967,0.5818552374839783,0.5464773178100586,0.5918273329734802,0.5816982388496399,0.5962778925895691,0.3970547616481781,0.629540205001831,0.46130335330963135,0.6360241770744324,0.46077099442481995,0.6380759477615356,0.45330578088760376,0.642646074295044,ㅌ
0.26230388879776,0.6083242893218994,0.311481773853302,0.5336892008781433,0.36758989095687866,0.5075353384017944,0.41940566897392273,0.5210797786712646,0.45780232548713684,0.5409556031227112,0.3851001560688019,0.48024052381515503,0.46926599740982056,0.45036134123802185,0.5221140384674072,0.44554680585861206,0.5608540177345276,0.4440375566482544,0.3844362199306488,0.5281376242637634,0.49535226821899414,0.5360342860221863,0.555219292640686,0.5495574474334717,0.5955847501754761,0.5591683983802795,0.38240182399749756,0.579363226890564,0.48531946539878845,0.5852932929992676,0.5364669561386108,0.5899497270584106,0.5736163258552551,0.5889923572540283,0.3773847222328186,0.6296353340148926,0.449501097202301,0.631749153137207,0.4555295407772064,0.628527045249939,0.4521014392375946,0.6258445978164673,ㅌ
0.2640809416770935,0.6339523792266846,0.3143889307975769,0.5586642622947693,0.3741510510444641,0.5344453454017639,0.42664095759391785,0.5522380471229553,0.46710309386253357,0.5752204060554504,0.39822956919670105,0.4898066520690918,0.4797251224517822,0.44863608479499817,0.5308850407600403,0.4349222779273987,0.5700530409812927,0.42590707540512085,0.40085068345069885,0.5344061851501465,0.5100147724151611,0.535599410533905,0.5699410438537598,0.5482255816459656,0.6127736568450928,0.5575276613235474,0.39611732959747314,0.5841683745384216,0.4959179759025574,0.5819416642189026,0.5471112132072449,0.5884178280830383,0.5847581028938293,0.5884072184562683,0.38631030917167664,0.6384161114692688,0.45882099866867065,0.633870542049408,0.46610015630722046,0.6354852914810181,0.4633080065250397,0.6371778249740601,ㅌ
0.17156831920146942,0.5793853402137756,0.24411532282829285,0.4899316728115082,0.31221726536750793,0.47651606798171997,0.36837807297706604,0.49990493059158325,0.4120059013366699,0.5249166488647461,0.34273561835289,0.4393864870071411,0.4306735098361969,0.40621116757392883,0.4865926504135132,0.3941847085952759,0.5320534110069275,0.3844776749610901,0.33788004517555237,0.49631524085998535,0.4554137587547302,0.5269544124603271,0.5192097425460815,0.5526105761528015,0.5643856525421143,0.5707867741584778,0.32918253540992737,0.5534474849700928,0.4388904273509979,0.573331892490387,0.4923549294471741,0.5837491750717163,0.5332401990890503,0.5909785032272339,0.3168533742427826,0.6068161725997925,0.39151936769485474,0.6068914532661438,0.39128533005714417,0.5931689739227295,0.38323214650154114,0.5863131880760193,ㅌ
0.1373525708913803,0.5441607236862183,0.20825329422950745,0.45370158553123474,0.2878412902355194,0.43993470072746277,0.3444932699203491,0.4743182361125946,0.3820899724960327,0.5135365724563599,0.31768086552619934,0.4062580466270447,0.41316187381744385,0.376923143863678,0.4741451144218445,0.3714466094970703,0.521020770072937,0.3693685233592987,0.31810057163238525,0.47071120142936707,0.4344225525856018,0.502811074256897,0.49564170837402344,0.5290931463241577,0.5401983857154846,0.548762321472168,0.31093528866767883,0.5316312313079834,0.4215084910392761,0.5503768920898438,0.477091908454895,0.556678831577301,0.5194376707077026,0.5599395036697388,0.2970055937767029,0.5865020751953125,0.3741389214992523,0.584210991859436,0.36944088339805603,0.5689576268196106,0.35300564765930176,0.5626637935638428,ㅌ
0.19678078591823578,0.5906363725662231,0.25909188389778137,0.5181019306182861,0.3291429281234741,0.5045072436332703,0.38442733883857727,0.5338554978370667,0.4230342507362366,0.5597165822982788,0.35500213503837585,0.43049800395965576,0.43815842270851135,0.37915608286857605,0.49048948287963867,0.3628677725791931,0.5315485000610352,0.3522709906101227,0.35648250579833984,0.47421297430992126,0.47003045678138733,0.4784986972808838,0.5312564373016357,0.49467286467552185,0.5768367648124695,0.5067170858383179,0.35027235746383667,0.5239989757537842,0.4540834426879883,0.5248151421546936,0.5135001540184021,0.5303594470024109,0.560125470161438,0.5298205614089966,0.34131354093551636,0.5785379409790039,0.4091699719429016,0.574756920337677,0.414413720369339,0.5762410759925842,0.4127422571182251,0.5797185301780701,ㅌ
0.23102430999279022,0.6597880125045776,0.27878284454345703,0.583509624004364,0.3371793031692505,0.5563238263130188,0.3904106616973877,0.5750679969787598,0.43138566613197327,0.5943171977996826,0.3533479869365692,0.4925678074359894,0.42778849601745605,0.43771788477897644,0.47663432359695435,0.41882801055908203,0.5143808722496033,0.4051504135131836,0.3501453995704651,0.5312473773956299,0.4617493450641632,0.5218234658241272,0.5231528282165527,0.5257117748260498,0.5676279067993164,0.5259218215942383,0.3455865979194641,0.5808532238006592,0.4486539661884308,0.572977602481842,0.5036519765853882,0.5711545348167419,0.5431839823722839,0.5614722371101379,0.34188351035118103,0.6377370357513428,0.41282790899276733,0.6372784972190857,0.421000599861145,0.6443029046058655,0.41984498500823975,0.648034393787384,ㅌ
0.2276294082403183,0.6484826803207397,0.2739422619342804,0.5668955445289612,0.3317924737930298,0.534654438495636,0.38770246505737305,0.54764324426651,0.42804259061813354,0.5636264085769653,0.3460024893283844,0.49747154116630554,0.4298134446144104,0.44599515199661255,0.481958270072937,0.422629177570343,0.5198889970779419,0.40368327498435974,0.34568941593170166,0.5468409061431885,0.46111631393432617,0.5360974073410034,0.5246990919113159,0.5400508046150208,0.5679903626441956,0.5416547656059265,0.34495189785957336,0.6021979451179504,0.4536903202533722,0.5886977910995483,0.5078515410423279,0.5848994851112366,0.5473520159721375,0.5761272311210632,0.34214770793914795,0.6595659852027893,0.4217509329319,0.6487743854522705,0.4214189648628235,0.644517719745636,0.41032785177230835,0.6441213488578796,ㅌ
0.21575912833213806,0.6474899649620056,0.2638396620750427,0.5650709867477417,0.3220827877521515,0.5346987843513489,0.37664371728897095,0.5533146858215332,0.41594284772872925,0.5729192495346069,0.3373359739780426,0.494028776884079,0.410672664642334,0.4316180944442749,0.46029773354530334,0.4024335443973541,0.49796897172927856,0.3797619342803955,0.33855387568473816,0.5386019945144653,0.449184775352478,0.5208441019058228,0.5128239393234253,0.5223109722137451,0.5574808120727539,0.522300660610199,0.3383532464504242,0.5897142291069031,0.4441702365875244,0.5734173655509949,0.49915599822998047,0.5687668323516846,0.5391778349876404,0.5594773888587952,0.3372443914413452,0.6463388204574585,0.41612735390663147,0.6379178166389465,0.4199008345603943,0.6394543051719666,0.41355520486831665,0.6425848603248596,ㅌ
0.2606184482574463,0.7161144018173218,0.2947584092617035,0.6401492357254028,0.343522310256958,0.6030742526054382,0.39742350578308105,0.6182733774185181,0.43600863218307495,0.6437058448791504,0.3426060974597931,0.5228394269943237,0.4002001881599426,0.4634383022785187,0.441328227519989,0.43059778213500977,0.47366753220558167,0.4025445282459259,0.3384222388267517,0.5595735311508179,0.4316970109939575,0.5286509394645691,0.4917548894882202,0.5185116529464722,0.5368829965591431,0.5087523460388184,0.33826470375061035,0.6077117323875427,0.4270874261856079,0.5781455636024475,0.4822540879249573,0.5646155476570129,0.5199495553970337,0.54951411485672,0.3441501557826996,0.659106969833374,0.4081348478794098,0.6512119770050049,0.4240432381629944,0.6635918021202087,0.42940348386764526,0.6754729747772217,ㅌ
0.16534698009490967,0.7709143161773682,0.20377689599990845,0.6834961771965027,0.25879597663879395,0.6339429020881653,0.3104586899280548,0.633259654045105,0.3473983108997345,0.6383041739463806,0.2613394260406494,0.5800062417984009,0.3253055214881897,0.5178595185279846,0.36580100655555725,0.4868050217628479,0.39641475677490234,0.4596042335033417,0.26394838094711304,0.616642951965332,0.3613637685775757,0.5878397226333618,0.4191763401031494,0.5828564763069153,0.4630276560783386,0.5734503269195557,0.2648051083087921,0.6640940308570862,0.36007198691368103,0.632282555103302,0.41456830501556396,0.6160851716995239,0.45380210876464844,0.5946189761161804,0.2687133252620697,0.719852089881897,0.3341454863548279,0.7090988159179688,0.338098406791687,0.7136502861976624,0.33262765407562256,0.7161625027656555,ㅌ
0.1624354124069214,0.7504909038543701,0.19476595520973206,0.6712135672569275,0.2508740723133087,0.6306164860725403,0.30636656284332275,0.6434053182601929,0.3447646200656891,0.6629338264465332,0.2503868341445923,0.5802351236343384,0.3141750395298004,0.5142019987106323,0.355673611164093,0.4781084656715393,0.38659313321113586,0.44891655445098877,0.2557709813117981,0.6194060444831848,0.3531850278377533,0.5849576592445374,0.41222912073135376,0.5762319564819336,0.4563983678817749,0.5676536560058594,0.2595973312854767,0.6658644676208496,0.3523089587688446,0.6313948631286621,0.405718058347702,0.6156865358352661,0.44455593824386597,0.5986741781234741,0.26471570134162903,0.7159825563430786,0.32734525203704834,0.695556104183197,0.33175116777420044,0.6984736323356628,0.32735559344291687,0.7038697600364685,ㅌ
0.09967073798179626,0.6728471517562866,0.1493154764175415,0.5940132737159729,0.211345374584198,0.5517882704734802,0.26197829842567444,0.5485151410102844,0.3074905574321747,0.554335355758667,0.22860199213027954,0.48955827951431274,0.30451199412345886,0.4408830404281616,0.3529272973537445,0.41602587699890137,0.3910966217517853,0.3956829607486725,0.22641324996948242,0.5312747359275818,0.33252158761024475,0.5188263654708862,0.39594244956970215,0.5228160619735718,0.446880042552948,0.521735429763794,0.2174222469329834,0.581957995891571,0.31540408730506897,0.5616350769996643,0.3768075108528137,0.5559243559837341,0.4248046278953552,0.5452908873558044,0.20673057436943054,0.6380961537361145,0.26233944296836853,0.6329227685928345,0.29221099615097046,0.6252663135528564,0.31658491492271423,0.6141144633293152,ㅌ
0.12913979589939117,0.6812416315078735,0.16974827647209167,0.5920230150222778,0.22978925704956055,0.5564782619476318,0.2880880832672119,0.5677998065948486,0.33202242851257324,0.5849399566650391,0.24471211433410645,0.5038319230079651,0.30743032693862915,0.43549543619155884,0.3469182550907135,0.3956403136253357,0.3770926892757416,0.3611578047275543,0.24578215181827545,0.548863410949707,0.3502783477306366,0.5360925793647766,0.41163668036460876,0.5406917333602905,0.4573412537574768,0.5416674613952637,0.2455175668001175,0.600091814994812,0.3431133031845093,0.5854789614677429,0.40139704942703247,0.582341730594635,0.44501274824142456,0.5742712616920471,0.24710197746753693,0.6516634821891785,0.31515568494796753,0.6370552182197571,0.3238040506839752,0.6333130598068237,0.3239288926124573,0.6314464211463928,ㅌ
0.10813964903354645,0.7167983055114746,0.174454927444458,0.6819709539413452,0.24326281249523163,0.6464250683784485,0.29374009370803833,0.6511365175247192,0.3290759027004242,0.6584427356719971,0.2606014311313629,0.5410760045051575,0.31439700722694397,0.48039621114730835,0.35363754630088806,0.4529116153717041,0.38832002878189087,0.43172013759613037,0.2608267068862915,0.5745431780815125,0.3452637195587158,0.5726608037948608,0.4015161395072937,0.5796557664871216,0.4503350257873535,0.5784763693809509,0.24470947682857513,0.6107009649276733,0.314910352230072,0.6309971809387207,0.35459965467453003,0.646941065788269,0.38688576221466064,0.6466848254203796,0.2205478549003601,0.6470843553543091,0.25360429286956787,0.6625369191169739,0.24582147598266602,0.6826599836349487,0.2356463521718979,0.6933552622795105,ㅌ
