0.6108129620552063,0.8633173108100891,0.5464190244674683,0.7915409803390503,0.530083954334259,0.6695016622543335,0.5847589373588562,0.6128216981887817,0.6426783800125122,0.6379668116569519,0.5749436020851135,0.542070746421814,0.5891824960708618,0.45497608184814453,0.590481162071228,0.4052113890647888,0.5834949016571045,0.3736996054649353,0.6178420782089233,0.5465725064277649,0.6312869191169739,0.4456601142883301,0.6304140090942383,0.39559462666511536,0.6173471212387085,0.3758370280265808,0.654954195022583,0.5721142292022705,0.6680639982223511,0.47134411334991455,0.6616206765174866,0.42194080352783203,0.6457785367965698,0.40090644359588623,0.6902108192443848,0.6123195886611938,0.6980596780776978,0.5279192328453064,0.693983256816864,0.4710482954978943,0.6853410601615906,0.42729777097702026,ㅍ
0.5826744437217712,0.8170807957649231,0.5220258831977844,0.7592962384223938,0.5019760727882385,0.6642436385154724,0.5432286858558655,0.6068127751350403,0.5896747708320618,0.6140724420547485,0.5144215226173401,0.5550966858863831,0.5133007168769836,0.4868316650390625,0.5153977870941162,0.4492689371109009,0.5165241956710815,0.41635072231292725,0.5548762679100037,0.5517081022262573,0.551635205745697,0.4754941165447235,0.5530041456222534,0.43823710083961487,0.5498789548873901,0.4070587158203125,0.5912827253341675,0.5650430917739868,0.590306282043457,0.4881843030452728,0.5862786769866943,0.44809019565582275,0.5805374383926392,0.4249955415725708,0.6292611956596375,0.5889784097671509,0.6251212358474731,0.5191490054130554,0.6213588118553162,0.4753568768501282,0.6184489727020264,0.437846302986145,ㅍ
0.5928794741630554,0.8012333512306213,0.5335260033607483,0.743194580078125,0.5128501653671265,0.6556611657142639,0.5493014454841614,0.5961289405822754,0.5894870162010193,0.5905066132545471,0.5102680921554565,0.542157769203186,0.5025619864463806,0.47701361775398254,0.5031284689903259,0.44258803129196167,0.5043885707855225,0.4084765613079071,0.5515549182891846,0.5335665941238403,0.5415859818458557,0.4594816565513611,0.540864884853363,0.42388254404067993,0.5374046564102173,0.38494378328323364,0.5884243845939636,0.5437672734260559,0.581046998500824,0.4694100320339203,0.5767735838890076,0.4299689531326294,0.5738473534584045,0.4011043310165405,0.6295528411865234,0.5672295093536377,0.6207467317581177,0.49730008840560913,0.6159550547599792,0.45642051100730896,0.6125462651252747,0.41659533977508545,ㅍ
0.6076121926307678,0.8026652932167053,0.5468084812164307,0.7501733303070068,0.5203449130058289,0.6649221777915955,0.5590305924415588,0.6067197322845459,0.6032265424728394,0.6043710708618164,0.5205147862434387,0.5434564352035522,0.5103373527526855,0.4776386618614197,0.5095460414886475,0.44021075963974,0.5101878643035889,0.40352073311805725,0.5605812072753906,0.5323966145515442,0.5487840175628662,0.4589405357837677,0.5463173389434814,0.42072221636772156,0.5421770811080933,0.38069429993629456,0.5983732342720032,0.5413474440574646,0.5884174704551697,0.465484619140625,0.5814854502677917,0.42399585247039795,0.5758237242698669,0.3913326561450958,0.6401081681251526,0.562562108039856,0.63029944896698,0.4911636710166931,0.6236949563026428,0.448269784450531,0.6188862323760986,0.40633583068847656,ㅍ
0.5811818242073059,0.8391424417495728,0.5120224356651306,0.8051432371139526,0.45638251304626465,0.7354640960693359,0.4636179804801941,0.6652946472167969,0.5154308676719666,0.6671884059906006,0.49873125553131104,0.5709895491600037,0.49713876843452454,0.4966297745704651,0.4965992867946625,0.4588220715522766,0.49494755268096924,0.42933380603790283,0.5411500930786133,0.5608029365539551,0.5365346670150757,0.47094324231147766,0.5351859927177429,0.43238234519958496,0.5292198657989502,0.40911728143692017,0.5792916417121887,0.5705326795578003,0.5777683854103088,0.48328107595443726,0.5711487531661987,0.44151169061660767,0.5625181198120117,0.4207976758480072,0.6208515763282776,0.5997247695922852,0.6154294013977051,0.5223280787467957,0.6076814532279968,0.47516193985939026,0.5996873378753662,0.4384745955467224,ㅍ
0.5987398028373718,0.7930915951728821,0.5324050188064575,0.75837242603302,0.4763915240764618,0.6965415477752686,0.48580560088157654,0.6417291164398193,0.5346994996070862,0.6404889822006226,0.5096727013587952,0.5377495884895325,0.5069592595100403,0.4587815999984741,0.5049769282341003,0.4203462600708008,0.5017313361167908,0.3968650698661804,0.5516519546508789,0.527035653591156,0.5445442795753479,0.43582239747047424,0.541341245174408,0.3974436819553375,0.5344239473342896,0.3784716725349426,0.5904523134231567,0.5346956253051758,0.5859227180480957,0.44774940609931946,0.5793153643608093,0.4079032242298126,0.571403443813324,0.39153391122817993,0.631287693977356,0.5606510043144226,0.6241719722747803,0.4838816523551941,0.6156793832778931,0.4379611015319824,0.6072804927825928,0.40319642424583435,ㅍ
0.6127024292945862,0.7825241684913635,0.5413680672645569,0.7508572936058044,0.48203206062316895,0.6850779056549072,0.49597111344337463,0.6319760084152222,0.5479766726493835,0.6336879730224609,0.5125276446342468,0.511515200138092,0.508208155632019,0.4183462858200073,0.5037205219268799,0.3752201199531555,0.4999297857284546,0.3615932762622833,0.5587985515594482,0.4980698227882385,0.5484030842781067,0.3953184485435486,0.5440948605537415,0.3512212038040161,0.5392717123031616,0.337705135345459,0.6027646660804749,0.5062581300735474,0.5941447615623474,0.41214486956596375,0.5886663198471069,0.3692777156829834,0.5843015909194946,0.35512280464172363,0.6483888626098633,0.5334820747375488,0.6402619481086731,0.45285382866859436,0.6316500306129456,0.40358734130859375,0.6243857741355896,0.36691319942474365,ㅍ
0.62281733751297,0.7753200531005859,0.547953188419342,0.7443280816078186,0.48605266213417053,0.6727466583251953,0.5034523010253906,0.6170491576194763,0.5617626905441284,0.6191880106925964,0.5261518359184265,0.4861689507961273,0.5184353590011597,0.3877806067466736,0.5128692388534546,0.3474651575088501,0.5085650086402893,0.347900927066803,0.5756606459617615,0.4738781154155731,0.5671246647834778,0.36060044169425964,0.5638965964317322,0.32131919264793396,0.5607550144195557,0.329556941986084,0.6225462555885315,0.48585349321365356,0.6194030046463013,0.3805241286754608,0.6154965758323669,0.34294188022613525,0.6110726594924927,0.35051554441452026,0.6698310971260071,0.5200311541557312,0.6664328575134277,0.4389169216156006,0.6593740582466125,0.39615297317504883,0.6517606973648071,0.37939000129699707,ㅍ
0.5534072518348694,0.7270475625991821,0.4664158821105957,0.7207716703414917,0.38333559036254883,0.6580619215965271,0.38112449645996094,0.5933892130851746,0.4531517028808594,0.5830387473106384,0.42484286427497864,0.41454577445983887,0.41676628589630127,0.2824079394340515,0.39184361696243286,0.2501174211502075,0.36985647678375244,0.28101179003715515,0.4808596968650818,0.39333856105804443,0.47169867157936096,0.2404225766658783,0.44762444496154785,0.2147948294878006,0.4329988956451416,0.267172634601593,0.536575973033905,0.403560996055603,0.5279772877693176,0.2592617869377136,0.508435070514679,0.23454365134239197,0.496037095785141,0.2749709486961365,0.5945596694946289,0.440265417098999,0.5852469205856323,0.3326428532600403,0.571023166179657,0.29117345809936523,0.559457540512085,0.29009687900543213,ㅍ
0.5606774091720581,0.7830667495727539,0.4676845967769623,0.7743508219718933,0.38899877667427063,0.721319854259491,0.40068531036376953,0.6706503033638,0.4788975417613983,0.6484718918800354,0.4032929241657257,0.48656168580055237,0.38281816244125366,0.3514377474784851,0.36242735385894775,0.34169501066207886,0.3551521897315979,0.3903813362121582,0.45909756422042847,0.4621790051460266,0.43606144189834595,0.29808422923088074,0.42513206601142883,0.3009953498840332,0.4281463623046875,0.3651723861694336,0.5175986886024475,0.4650893807411194,0.49550381302833557,0.3142737150192261,0.484565407037735,0.3039045035839081,0.4847450256347656,0.35165148973464966,0.5797643661499023,0.4912421703338623,0.5607361793518066,0.3774746060371399,0.5477572083473206,0.34080439805984497,0.5411117076873779,0.34484851360321045,ㅍ
0.5664708614349365,0.85642009973526,0.5021982192993164,0.8786765933036804,0.43709051609039307,0.8606277704238892,0.44136011600494385,0.8172163367271423,0.4968460500240326,0.7773926258087158,0.41625580191612244,0.6635538935661316,0.3878728747367859,0.560745894908905,0.383400559425354,0.5358110666275024,0.39484694600105286,0.5618258118629456,0.46246957778930664,0.622389018535614,0.4304974675178528,0.49745768308639526,0.43434906005859375,0.49198752641677856,0.4477284848690033,0.5395119190216064,0.5101293921470642,0.6082659363746643,0.48372796177864075,0.4896430969238281,0.4849759340286255,0.4817277193069458,0.4933597147464752,0.5249035358428955,0.5618572235107422,0.6132529973983765,0.5404556393623352,0.5282537937164307,0.5367966890335083,0.5111780166625977,0.5368302464485168,0.5319604277610779,ㅍ
0.5676097273826599,0.8143181204795837,0.5112258791923523,0.8440574407577515,0.4515167474746704,0.8366106748580933,0.4545886218547821,0.798998236656189,0.5015065670013428,0.7527300119400024,0.4084338843822479,0.6607027649879456,0.3717174828052521,0.5743329524993896,0.36248260736465454,0.5512245297431946,0.37461572885513306,0.5757042765617371,0.44647738337516785,0.6134026050567627,0.40216392278671265,0.5065896511077881,0.40391379594802856,0.4971948564052582,0.42305219173431396,0.5384893417358398,0.49000582098960876,0.5917676687240601,0.4540936350822449,0.48921144008636475,0.4545164108276367,0.4791439175605774,0.4681644141674042,0.5173013806343079,0.5385600924491882,0.5887430906295776,0.5104036331176758,0.5153442025184631,0.50440514087677,0.5000627040863037,0.5073813796043396,0.5208431482315063,ㅍ
0.6230259537696838,0.7189344763755798,0.578233540058136,0.760305643081665,0.5282586216926575,0.7637490034103394,0.53242027759552,0.7326121926307678,0.57047438621521,0.6854826211929321,0.4602172076702118,0.6011389493942261,0.40724098682403564,0.5174055695533752,0.4141145944595337,0.5047796964645386,0.4405673146247864,0.5294172763824463,0.4916994571685791,0.5469328761100769,0.4327421486377716,0.4479641616344452,0.4494733214378357,0.44227832555770874,0.4779367744922638,0.4765646457672119,0.5304276347160339,0.5154825448989868,0.4827114939689636,0.4154965877532959,0.4983596205711365,0.4154616594314575,0.5229933261871338,0.45627322793006897,0.5737004280090332,0.5017228126525879,0.5369234681129456,0.4208443760871887,0.5435451865196228,0.4139189124107361,0.558562159538269,0.44445767998695374,ㅍ
0.5945355296134949,0.7386733293533325,0.5261484384536743,0.7183586359024048,0.47409361600875854,0.6641035676002502,0.4937392473220825,0.6089061498641968,0.5431231260299683,0.5965978503227234,0.4909347891807556,0.5019546747207642,0.47559601068496704,0.4293302595615387,0.4712751507759094,0.3887089490890503,0.4725321829319,0.37090420722961426,0.5306316018104553,0.4814611077308655,0.5144338011741638,0.3921393156051636,0.5091601610183716,0.3505048155784607,0.5093546509742737,0.34056323766708374,0.5696916580200195,0.4835329055786133,0.5595684051513672,0.39892128109931946,0.5532005429267883,0.3591013550758362,0.5528578162193298,0.3533751368522644,0.6104708313941956,0.5042532682418823,0.6032776832580566,0.4382547438144684,0.5970501899719238,0.4000166952610016,0.5948383212089539,0.3794252872467041,ㅍ
0.5554888248443604,0.8430659770965576,0.4900311529636383,0.7846633791923523,0.448095440864563,0.7027192115783691,0.46878373622894287,0.6323822736740112,0.5155364274978638,0.6337311863899231,0.5083979964256287,0.5524925589561462,0.5120286345481873,0.47633421421051025,0.5162085890769958,0.43590831756591797,0.5188416838645935,0.4033031463623047,0.5515908598899841,0.5515736937522888,0.5577064752578735,0.45621204376220703,0.5624860525131226,0.41797542572021484,0.5624103546142578,0.39833205938339233,0.5873032808303833,0.5698830485343933,0.5968377590179443,0.4795464873313904,0.5957798361778259,0.44115811586380005,0.5934659242630005,0.4424141049385071,0.6251274347305298,0.606438159942627,0.630016565322876,0.5328812599182129,0.6274475455284119,0.4893348813056946,0.62461256980896,0.4710412621498108,ㅍ
0.5443640947341919,0.8974877595901489,0.4794386029243469,0.8276497721672058,0.4463399350643158,0.7379211187362671,0.4710119068622589,0.663814902305603,0.5173766016960144,0.6733817458152771,0.5310062170028687,0.5964576005935669,0.5491553544998169,0.515557587146759,0.555139422416687,0.47282952070236206,0.5552740693092346,0.44776612520217896,0.5748137831687927,0.6060648560523987,0.594895601272583,0.5025221109390259,0.6004016399383545,0.4613797664642334,0.5944470167160034,0.44991829991340637,0.6078546643257141,0.6321730613708496,0.6313613653182983,0.5365227460861206,0.6328418254852295,0.4952452778816223,0.624667763710022,0.5061489343643188,0.6432082653045654,0.6773381233215332,0.6545450687408447,0.5995498895645142,0.6568884253501892,0.551034688949585,0.6553455591201782,0.5346664190292358,ㅍ
0.5324297547340393,0.9199195504188538,0.4734738767147064,0.8421669006347656,0.447750449180603,0.7437950372695923,0.47549140453338623,0.6665821671485901,0.5205739140510559,0.6865429878234863,0.545732319355011,0.6195243000984192,0.5705273747444153,0.5426254272460938,0.5823099613189697,0.5008843541145325,0.5873035788536072,0.4774959087371826,0.5893042683601379,0.6364150047302246,0.6214863061904907,0.5365849733352661,0.6315814256668091,0.49741387367248535,0.6274875402450562,0.49011123180389404,0.6202256679534912,0.6669759154319763,0.6541064977645874,0.5755426287651062,0.6584986448287964,0.5303207635879517,0.6487887501716614,0.5395423769950867,0.6502977609634399,0.7170340418815613,0.6691949367523193,0.6407338976860046,0.6755838990211487,0.5896008014678955,0.6746214628219604,0.5733952522277832,ㅍ
0.5309838056564331,0.8949531316757202,0.479118287563324,0.8021019697189331,0.46121931076049805,0.6936250329017639,0.4899941086769104,0.6103790998458862,0.5340583324432373,0.6390664577484131,0.5754376649856567,0.6010377407073975,0.6133849620819092,0.5299860835075378,0.6271642446517944,0.4904351234436035,0.6260883212089539,0.4698941111564636,0.6152264475822449,0.6254086494445801,0.6612598896026611,0.5367176532745361,0.6726440787315369,0.4978020489215851,0.6613399982452393,0.49440932273864746,0.64173424243927,0.6625046730041504,0.6881453990936279,0.5811706185340881,0.6967258453369141,0.5384408235549927,0.6815203428268433,0.5444283485412598,0.6658735275268555,0.7181168794631958,0.6991814374923706,0.6470766663551331,0.7108398675918579,0.5978075265884399,0.706031322479248,0.5801320672035217,ㅍ
0.51954185962677,0.8784357309341431,0.47356438636779785,0.774829089641571,0.46902260184288025,0.6575723886489868,0.5072736740112305,0.5825755000114441,0.5438104271888733,0.6232622861862183,0.5901089310646057,0.6010743975639343,0.63753741979599,0.540826678276062,0.6519791483879089,0.49872633814811707,0.6464197635650635,0.47701093554496765,0.6264169812202454,0.6278149485588074,0.684174656867981,0.5526819825172424,0.6947889924049377,0.5062622427940369,0.6746222376823425,0.4990644156932831,0.6477164626121521,0.6660690903663635,0.7040000557899475,0.593971848487854,0.709963858127594,0.5480838418006897,0.6888942718505859,0.5394014716148376,0.6644666194915771,0.7210214138031006,0.7071784734725952,0.6561318039894104,0.7200498580932617,0.6071698069572449,0.7119482755661011,0.5811136960983276,ㅍ
0.5304112434387207,0.8891816735267639,0.49484923481941223,0.7806785702705383,0.4942142963409424,0.6680910587310791,0.5282112956047058,0.5934165716171265,0.5673155784606934,0.615943431854248,0.616616427898407,0.6314278841018677,0.6652621030807495,0.5740209221839905,0.6826080083847046,0.5336374640464783,0.6811282634735107,0.5042275786399841,0.6477974653244019,0.6600050926208496,0.7087565064430237,0.5890650153160095,0.7196640968322754,0.5473395586013794,0.700707197189331,0.5326664447784424,0.6668532490730286,0.69731605052948,0.7247676849365234,0.629902720451355,0.7338192462921143,0.5871083736419678,0.7179301977157593,0.570447564125061,0.6789944171905518,0.7506163120269775,0.7220605611801147,0.6914380788803101,0.7389436364173889,0.64327472448349,0.7404691576957703,0.6087985038757324,ㅍ
0.5249698758125305,0.8314872980117798,0.4762396514415741,0.7402236461639404,0.46483761072158813,0.633009672164917,0.49537867307662964,0.5560903549194336,0.534390926361084,0.5817164182662964,0.5753112435340881,0.5658020973205566,0.6194739937782288,0.5001367330551147,0.6288419961929321,0.4609043002128601,0.6214759945869446,0.43324828147888184,0.6088996529579163,0.5887741446495056,0.6581043004989624,0.511574387550354,0.6613470315933228,0.4716712236404419,0.6400161385536194,0.458393394947052,0.6319103240966797,0.6195499300956726,0.6785969734191895,0.544959306716919,0.6821362376213074,0.5030504465103149,0.6643942594528198,0.4883255958557129,0.6509805917739868,0.666097104549408,0.6846030950546265,0.6002681255340576,0.694485068321228,0.5531488060951233,0.6908295154571533,0.5214124917984009,ㅍ
0.5460280776023865,0.8456305265426636,0.4851152002811432,0.7905348539352417,0.4552045166492462,0.696555495262146,0.4925895929336548,0.6451162695884705,0.541687548160553,0.6659206748008728,0.5251795649528503,0.556729257106781,0.5427374839782715,0.4770423173904419,0.5551941990852356,0.43539145588874817,0.5618110299110413,0.4191797375679016,0.5721025466918945,0.5643454194068909,0.5930386781692505,0.46994924545288086,0.6066191792488098,0.4280734658241272,0.6108255982398987,0.418313205242157,0.6073246598243713,0.5906153917312622,0.6304176449775696,0.5034648180007935,0.6378732919692993,0.46359455585479736,0.6373717784881592,0.46201810240745544,0.6389148831367493,0.6356767416000366,0.6519242525100708,0.5642192363739014,0.6588131189346313,0.5200962424278259,0.662940263748169,0.49838125705718994,ㅍ
0.5848358869552612,0.8707183599472046,0.5238792300224304,0.8128623962402344,0.5062944293022156,0.717839777469635,0.5626847743988037,0.6566861271858215,0.6087018251419067,0.6715803146362305,0.5215927362442017,0.5704814791679382,0.5228928327560425,0.4918872117996216,0.5277347564697266,0.44741302728652954,0.5347713232040405,0.4179656207561493,0.5719957947731018,0.5656867623329163,0.5731148719787598,0.4715496897697449,0.5817941427230835,0.4275663495063782,0.5888839960098267,0.4074441194534302,0.6142644286155701,0.5850721597671509,0.6213899254798889,0.49457240104675293,0.6242700219154358,0.45350223779678345,0.6280674934387207,0.4523543119430542,0.6560870409011841,0.6192532181739807,0.6589977741241455,0.5475837588310242,0.6596795320510864,0.5056352615356445,0.6641579866409302,0.48762068152427673,ㅍ
0.5910633206367493,0.8553460836410522,0.5330419540405273,0.7883081436157227,0.5203746557235718,0.6749470829963684,0.5727472305297852,0.6116849184036255,0.6180315613746643,0.6407750248908997,0.5134113430976868,0.5505635142326355,0.5099074244499207,0.4722341299057007,0.5158886909484863,0.4271635413169861,0.5240914225578308,0.401380717754364,0.5628377199172974,0.5456089973449707,0.5646291971206665,0.45444273948669434,0.5736020803451538,0.4075263738632202,0.5806071162223816,0.38958612084388733,0.6065962910652161,0.5643303990364075,0.6120920181274414,0.4746127724647522,0.6148988604545593,0.4338725209236145,0.6175950765609741,0.42788398265838623,0.6501060128211975,0.5961486101150513,0.6526111364364624,0.5283886790275574,0.6537015438079834,0.48548221588134766,0.6573070287704468,0.45992815494537354,ㅍ
0.5978963971138,0.8232533931732178,0.5299561023712158,0.7909625768661499,0.49851199984550476,0.69682377576828,0.543311595916748,0.6142242550849915,0.5954049825668335,0.6127694845199585,0.46709728240966797,0.5494080185890198,0.43473485112190247,0.4710959494113922,0.43015483021736145,0.43120676279067993,0.4351634979248047,0.42568284273147583,0.5158776044845581,0.5191903114318848,0.4934197962284088,0.4104568660259247,0.49631041288375854,0.3866724371910095,0.5027707815170288,0.41017988324165344,0.5642558336257935,0.5197032690048218,0.5509461164474487,0.41057026386260986,0.5495452284812927,0.39775997400283813,0.5475170016288757,0.4187464118003845,0.6148356199264526,0.5415670275688171,0.604506254196167,0.4682772755622864,0.5990110039710999,0.43785780668258667,0.5933728218078613,0.4271429181098938,ㅍ
0.5997564196586609,0.7880402207374573,0.5469039678573608,0.7405180335044861,0.4817909002304077,0.6394786238670349,0.47589707374572754,0.5733469128608704,0.4894358813762665,0.5941265225410461,0.40771910548210144,0.5425870418548584,0.37076595425605774,0.44824790954589844,0.3795950710773468,0.45961812138557434,0.3945128321647644,0.5025076866149902,0.4358845055103302,0.5245247483253479,0.39514875411987305,0.4146982431411743,0.4095964729785919,0.42550918459892273,0.42906707525253296,0.47130483388900757,0.47645509243011475,0.5241787433624268,0.44675740599632263,0.41703706979751587,0.458692729473114,0.42513757944107056,0.46826642751693726,0.4596283733844757,0.527652382850647,0.5356343388557434,0.5189827680587769,0.4574500322341919,0.5228660702705383,0.46929144859313965,0.5250223278999329,0.49475300312042236,ㅍ
0.539627194404602,0.7094138860702515,0.4663892984390259,0.7234784364700317,0.40066754817962646,0.670568585395813,0.4166378676891327,0.5829479098320007,0.4615466892719269,0.5380409955978394,0.33439043164253235,0.5587789416313171,0.2751885652542114,0.4888695478439331,0.2640780508518219,0.48277971148490906,0.2781437039375305,0.5093525648117065,0.36315256357192993,0.5084550976753235,0.2934015989303589,0.42067110538482666,0.2896583676338196,0.41596391797065735,0.3113020062446594,0.4489995241165161,0.4039475917816162,0.4789717197418213,0.345600962638855,0.38511916995048523,0.33856114745140076,0.3857985734939575,0.3469288647174835,0.4178292155265808,0.4546639323234558,0.4658190906047821,0.41853228211402893,0.4050690829753876,0.40297144651412964,0.39756590127944946,0.3965356647968292,0.4100537598133087,ㅍ
0.5546189546585083,0.7358869314193726,0.4740763306617737,0.7242287397384644,0.4197719097137451,0.6681667566299438,0.4361626207828522,0.5792322158813477,0.4740943908691406,0.5270322561264038,0.3519384562969208,0.5534951090812683,0.3077753782272339,0.48492690920829773,0.28667357563972473,0.4670735001564026,0.27423644065856934,0.46801432967185974,0.38290563225746155,0.5124170780181885,0.32695168256759644,0.4384733736515045,0.309154212474823,0.41805022954940796,0.30016350746154785,0.41824406385421753,0.4234834611415863,0.48912882804870605,0.37421244382858276,0.4143783450126648,0.35458874702453613,0.39181533455848694,0.341350257396698,0.3884238600730896,0.47350066900253296,0.4779793918132782,0.43685221672058105,0.41953325271606445,0.41469281911849976,0.3960975408554077,0.3951914608478546,0.3816649317741394,ㅍ
0.5447515845298767,0.7969857454299927,0.4626421630382538,0.7587984800338745,0.41205835342407227,0.6699902415275574,0.45136865973472595,0.5907487273216248,0.5166203379631042,0.5932080745697021,0.4101599454879761,0.505161464214325,0.3963058590888977,0.4228452742099762,0.38381844758987427,0.3814231753349304,0.3738938570022583,0.3571741580963135,0.45725882053375244,0.48498597741127014,0.4349084496498108,0.392413467168808,0.42342907190322876,0.3454524278640747,0.4128389358520508,0.3209232687950134,0.5042471885681152,0.48978638648986816,0.49060288071632385,0.39906489849090576,0.4772821068763733,0.35503339767456055,0.4675001800060272,0.339481383562088,0.5539705157279968,0.5109243988990784,0.5416021347045898,0.43384215235710144,0.5274070501327515,0.3873007297515869,0.5165765881538391,0.3559243381023407,ㅍ
0.566834032535553,0.8373397588729858,0.48554980754852295,0.7698764204978943,0.44921740889549255,0.6612180471420288,0.4989871084690094,0.5951433181762695,0.5589804649353027,0.6158314347267151,0.4918847978115082,0.4982486963272095,0.49400433897972107,0.41222134232521057,0.49161040782928467,0.3638221025466919,0.48745274543762207,0.33180147409439087,0.5420873165130615,0.49595266580581665,0.5417476892471313,0.3944564461708069,0.5424163341522217,0.3449835777282715,0.5379834175109863,0.3190625309944153,0.5860756635665894,0.517854630947113,0.5917574167251587,0.42056727409362793,0.5874546766281128,0.37080007791519165,0.580303430557251,0.3494598865509033,0.6305026412010193,0.5579413175582886,0.6338513493537903,0.4749796390533447,0.628752589225769,0.41944557428359985,0.6230334043502808,0.3768983483314514,ㅍ
0.5765276551246643,0.8048714399337769,0.4833487868309021,0.7386917471885681,0.44192370772361755,0.6158625483512878,0.4962303638458252,0.5342029333114624,0.5662656426429749,0.5513720512390137,0.4885748028755188,0.4188857674598694,0.4919886291027069,0.32117244601249695,0.48754724860191345,0.2706773281097412,0.4794197678565979,0.23696881532669067,0.5446969866752625,0.4187091588973999,0.5430704355239868,0.30588847398757935,0.5419572591781616,0.25177958607673645,0.5333099961280823,0.21511921286582947,0.5929340720176697,0.4472372531890869,0.5969518423080444,0.3348500430583954,0.5917014479637146,0.28339433670043945,0.5824552178382874,0.26171785593032837,0.644311785697937,0.49623721837997437,0.6446389555931091,0.3985971212387085,0.6381730437278748,0.3376181721687317,0.6322835087776184,0.28864923119544983,ㅍ
0.6368188261985779,0.8889951109886169,0.5252916216850281,0.7945327758789062,0.47490841150283813,0.628788411617279,0.5593701601028442,0.5327686071395874,0.6596206426620483,0.5708667039871216,0.5445041060447693,0.36010947823524475,0.560621976852417,0.21689212322235107,0.5603767037391663,0.1432991623878479,0.555717945098877,0.10831093788146973,0.6237188577651978,0.360966295003891,0.6346563100814819,0.1943916380405426,0.6394784450531006,0.11408436298370361,0.6346218585968018,0.08471029996871948,0.6925647854804993,0.40021613240242004,0.7112618088722229,0.24161162972450256,0.7113221287727356,0.16470712423324585,0.7062841653823853,0.14855432510375977,0.7583848237991333,0.46639129519462585,0.7709899544715881,0.33566778898239136,0.7722914814949036,0.2529376149177551,0.7756435871124268,0.20338594913482666,ㅍ
0.6191614866256714,0.9322993159294128,0.5133082270622253,0.8365591764450073,0.4585800766944885,0.6802713871002197,0.5317748188972473,0.5830965638160706,0.6246749758720398,0.6139186024665833,0.528009831905365,0.41934463381767273,0.5384108424186707,0.28591281175613403,0.5404613018035889,0.2202363908290863,0.5387457013130188,0.17713916301727295,0.6011460423469543,0.4199388027191162,0.6087459325790405,0.26589828729629517,0.6146222949028015,0.19396603107452393,0.612709105014801,0.1566992700099945,0.6654649376869202,0.4559546113014221,0.6820132732391357,0.31156301498413086,0.6841303706169128,0.24335229396820068,0.6798886656761169,0.22287139296531677,0.7298017144203186,0.5175408124923706,0.7416960597038269,0.39812135696411133,0.7418367862701416,0.32295000553131104,0.7424492239952087,0.27274227142333984,ㅍ
0.5574287176132202,0.9186962842941284,0.46443554759025574,0.8279650807380676,0.4241654872894287,0.6802374124526978,0.48855581879615784,0.5987837314605713,0.5631769299507141,0.6414014101028442,0.4924304485321045,0.47766023874282837,0.5012272596359253,0.3647042512893677,0.5024114847183228,0.3081064522266388,0.49992480874061584,0.2657078504562378,0.554621160030365,0.48248618841171265,0.5606906414031982,0.3489011824131012,0.5644953846931458,0.2872534692287445,0.560688316822052,0.2475539743900299,0.6075190901756287,0.5150691866874695,0.62044757604599,0.38789790868759155,0.6198123693466187,0.32445019483566284,0.6150490641593933,0.2962114214897156,0.6617562174797058,0.5684364438056946,0.6711177825927734,0.4626258611679077,0.6721028685569763,0.39699989557266235,0.673758327960968,0.34888148307800293,ㅍ
0.5207072496414185,0.8674343824386597,0.448853999376297,0.7832600474357605,0.42268818616867065,0.6636477708816528,0.4775949716567993,0.5990357995033264,0.5366598963737488,0.6288592219352722,0.4926568269729614,0.517163097858429,0.50294429063797,0.4301777482032776,0.5101505517959595,0.38335293531417847,0.515147864818573,0.34655284881591797,0.5406366586685181,0.5222298502922058,0.5519277453422546,0.4179440438747406,0.5584049820899963,0.3691365122795105,0.5568926930427551,0.3418199121952057,0.580195963382721,0.5492950677871704,0.5976716876029968,0.4500957131385803,0.6001593470573425,0.401572585105896,0.5953296422958374,0.3853681683540344,0.6203349828720093,0.5954319834709167,0.6330174207687378,0.5097649693489075,0.6350752115249634,0.4561779499053955,0.6335359811782837,0.41993197798728943,ㅍ
0.5139882564544678,0.8853194117546082,0.4512057304382324,0.8038232326507568,0.4384544789791107,0.6937210559844971,0.49050775170326233,0.6398354768753052,0.5375390648841858,0.6651818752288818,0.5084993243217468,0.5853924751281738,0.5206296443939209,0.5148619413375854,0.5279504060745239,0.47445523738861084,0.5321152806282043,0.4415585696697235,0.5495762228965759,0.5925301313400269,0.5670375823974609,0.5068232417106628,0.5741614699363708,0.4608902931213379,0.5711020231246948,0.4337162971496582,0.5810886025428772,0.6196050047874451,0.6033313274383545,0.5352859497070312,0.6055728793144226,0.48820316791534424,0.5981292724609375,0.46942421793937683,0.6118934154510498,0.6630216240882874,0.6280879974365234,0.5890969038009644,0.6313817501068115,0.5408782958984375,0.6292014718055725,0.5089485049247742,ㅍ
0.48844483494758606,0.8699020147323608,0.44007447361946106,0.7806435823440552,0.44249776005744934,0.6690215468406677,0.49509197473526,0.6230142712593079,0.5342391729354858,0.6650716662406921,0.5258089303970337,0.5899246335029602,0.5503897070884705,0.5257630348205566,0.5604541301727295,0.4857281446456909,0.5625795125961304,0.4572160243988037,0.5631563067436218,0.6054625511169434,0.5958574414253235,0.5262616276741028,0.6048887968063354,0.4829961359500885,0.5977277755737305,0.4631120562553406,0.5894489884376526,0.6373376846313477,0.6255074739456177,0.5603922605514526,0.6295939683914185,0.5144060850143433,0.6193468570709229,0.4964793920516968,0.6113913655281067,0.6844338774681091,0.6390014290809631,0.6173487305641174,0.6501336097717285,0.5681413412094116,0.6520780324935913,0.5352827906608582,ㅍ
0.4639447331428528,0.8081339597702026,0.4271206557750702,0.7189328670501709,0.4365710914134979,0.6150960326194763,0.4826095402240753,0.5693379044532776,0.5177658200263977,0.6023988723754883,0.5313379168510437,0.564617395401001,0.5661242604255676,0.5078734159469604,0.5753246545791626,0.46993446350097656,0.5700365304946899,0.4465545415878296,0.5618305802345276,0.5844229459762573,0.602744996547699,0.5162883400917053,0.608200192451477,0.4745416045188904,0.5901381373405457,0.4577628970146179,0.5834125280380249,0.6156885027885437,0.6238666772842407,0.5518237948417664,0.629960834980011,0.5056290030479431,0.6158117055892944,0.482485830783844,0.5995316505432129,0.6612858772277832,0.6338084936141968,0.6026604175567627,0.6460233926773071,0.5548376441001892,0.6446273922920227,0.5203896760940552,ㅍ
0.46948787569999695,0.8374289870262146,0.44011133909225464,0.743038535118103,0.4594985544681549,0.6411284804344177,0.5073251724243164,0.5972623229026794,0.5347049236297607,0.6415683627128601,0.569932222366333,0.6096990704536438,0.6184968948364258,0.5626107454299927,0.6337961554527283,0.5248468518257141,0.628648579120636,0.5011337995529175,0.5981378555297852,0.6405187249183655,0.6583569049835205,0.5824759602546692,0.6687042713165283,0.5414016246795654,0.6459285020828247,0.5287461876869202,0.6134581565856934,0.6784507036209106,0.6707546710968018,0.6248428821563721,0.6814244985580444,0.5808475017547607,0.6647037863731384,0.5623496174812317,0.6222004890441895,0.7306108474731445,0.667555034160614,0.6836193799972534,0.6874439716339111,0.6402682065963745,0.6892881989479065,0.6093166470527649,ㅍ
0.5160104632377625,0.80520099401474,0.46380919218063354,0.7277718186378479,0.4562331438064575,0.6212740540504456,0.49978500604629517,0.5688837766647339,0.5411829948425293,0.5986788272857666,0.5424201488494873,0.5402503609657288,0.5695955753326416,0.47489431500434875,0.5785946846008301,0.4359615445137024,0.577063798904419,0.4122288227081299,0.5783259272575378,0.5563746094703674,0.610121488571167,0.47613629698753357,0.6174934506416321,0.4358898997306824,0.6066436767578125,0.4232977330684662,0.6047802567481995,0.5847302079200745,0.6389421820640564,0.5098819732666016,0.6431671380996704,0.46789464354515076,0.6304752230644226,0.4596121311187744,0.6283125281333923,0.628236711025238,0.654497504234314,0.5626171231269836,0.6626681685447693,0.5146026015281677,0.661134660243988,0.48559072613716125,ㅍ
0.5691112279891968,0.7984623312950134,0.514287531375885,0.7229644060134888,0.4960780739784241,0.6246688961982727,0.5398903489112854,0.5786167979240417,0.5850140452384949,0.6036780476570129,0.5758341550827026,0.5043759346008301,0.5945404171943665,0.4350624978542328,0.6055840849876404,0.3978554904460907,0.6131466031074524,0.37103837728500366,0.6172995567321777,0.5177711248397827,0.6407395005226135,0.43176695704460144,0.652454137802124,0.39173823595046997,0.6549696326255798,0.3702770173549652,0.6490898132324219,0.5481752157211304,0.6758787035942078,0.46636784076690674,0.6815940737724304,0.4264165759086609,0.6784475445747375,0.4121505320072174,0.6781759262084961,0.5971637964248657,0.6961901783943176,0.5243347883224487,0.701744556427002,0.47829651832580566,0.7034595012664795,0.44582146406173706,ㅍ
0.6451220512390137,0.7816091179847717,0.5734734535217285,0.7126468420028687,0.5382073521614075,0.6065201163291931,0.5819261074066162,0.5498160123825073,0.6390646696090698,0.5858840346336365,0.5993611216545105,0.4455665647983551,0.6094021797180176,0.35889071226119995,0.6152342557907104,0.3164212703704834,0.6174127459526062,0.29737356305122375,0.6506617665290833,0.4476686716079712,0.6604674458503723,0.3416954278945923,0.6693593859672546,0.293928861618042,0.6702170372009277,0.2747713029384613,0.692729115486145,0.4751107692718506,0.7071728706359863,0.3768862187862396,0.7147535681724548,0.33476513624191284,0.7136268615722656,0.3307696580886841,0.7330636978149414,0.5223680138587952,0.7416311502456665,0.43584325909614563,0.7465853691101074,0.3893423080444336,0.7500101923942566,0.3686971962451935,ㅍ
0.6639069318771362,0.7558029890060425,0.5824849009513855,0.7016573548316956,0.5335021615028381,0.6056984663009644,0.5775858163833618,0.5425601005554199,0.6397920846939087,0.5631757378578186,0.5870594382286072,0.41998329758644104,0.5862571001052856,0.324912965297699,0.5881112217903137,0.27787306904792786,0.5914395451545715,0.2532660961151123,0.6411249041557312,0.4095398485660553,0.6393747925758362,0.294472873210907,0.642780065536499,0.24212661385536194,0.6445630192756653,0.22253581881523132,0.6885039210319519,0.42825472354888916,0.6953755021095276,0.32160377502441406,0.6984019875526428,0.2744603753089905,0.698387086391449,0.26565444469451904,0.7343549132347107,0.4701246917247772,0.7373064756393433,0.3830161690711975,0.7367734909057617,0.3403524160385132,0.7359147071838379,0.3227648138999939,ㅍ
0.6264556050300598,0.7667930126190186,0.542826235294342,0.72887122631073,0.48298880457878113,0.6449903249740601,0.5156643390655518,0.579413890838623,0.5800114870071411,0.5861414670944214,0.5125067830085754,0.4579607844352722,0.5047298073768616,0.35164040327072144,0.500416100025177,0.309900164604187,0.4987112283706665,0.30786895751953125,0.5651094913482666,0.4383082389831543,0.5540217757225037,0.31953608989715576,0.5497764945030212,0.2710380256175995,0.5473376512527466,0.26658836007118225,0.6152852773666382,0.44590985774993896,0.6106955409049988,0.33634424209594727,0.6063920855522156,0.2896099090576172,0.60328608751297,0.2845536470413208,0.6652838587760925,0.47595953941345215,0.6583598256111145,0.3894290328025818,0.6517319679260254,0.3423914611339569,0.6476035118103027,0.31925272941589355,ㅍ
0.7408801913261414,0.8273958563804626,0.6719490885734558,0.7977328300476074,0.6237664818763733,0.7168229222297668,0.6548408269882202,0.657134473323822,0.7094795107841492,0.671741783618927,0.6445026993751526,0.5732023119926453,0.6396207809448242,0.4999886155128479,0.6361388564109802,0.46435022354125977,0.6344746947288513,0.4456108808517456,0.6866703629493713,0.5615764856338501,0.6775643825531006,0.47739434242248535,0.6761444807052612,0.43573296070098877,0.6753381490707397,0.41410118341445923,0.7258003950119019,0.5709345936775208,0.722705066204071,0.49372851848602295,0.7184239625930786,0.45291197299957275,0.7173317670822144,0.4370273947715759,0.765701174736023,0.5942345261573792,0.7589699029922485,0.525813102722168,0.7523346543312073,0.4849297106266022,0.7492321729660034,0.45796075463294983,ㅍ
0.7365268468856812,0.834516167640686,0.6650392413139343,0.8181616067886353,0.6104005575180054,0.7504186630249023,0.6355295777320862,0.6952237486839294,0.6937863230705261,0.6941749453544617,0.6260960698127747,0.5784187316894531,0.6180278658866882,0.4861178398132324,0.6040932536125183,0.44639188051223755,0.5920329093933105,0.45482712984085083,0.6718207001686096,0.5643696188926697,0.6634052991867065,0.45263272523880005,0.6527999639511108,0.4217824935913086,0.6446632146835327,0.44625359773635864,0.7153503894805908,0.5736775994300842,0.7081409692764282,0.46544337272644043,0.6994854807853699,0.4372597932815552,0.6929212212562561,0.4518592357635498,0.7604233026504517,0.6015361547470093,0.7526450157165527,0.5208843946456909,0.7443040609359741,0.48137229681015015,0.7365392446517944,0.46785789728164673,ㅍ
0.7220861911773682,0.8483974933624268,0.6455267667770386,0.827892541885376,0.5867710709571838,0.7564395070075989,0.6091048717498779,0.6961001753807068,0.6691308617591858,0.6965020895004272,0.6041099429130554,0.5700145363807678,0.5948073863983154,0.46731942892074585,0.5834824442863464,0.4365658462047577,0.5769038796424866,0.45201024413108826,0.6525744795799255,0.5547236204147339,0.6437153220176697,0.4237416684627533,0.6370241641998291,0.4098242521286011,0.6366432905197144,0.4515087604522705,0.6992937326431274,0.563865602016449,0.6920479536056519,0.4384140074253082,0.6856696605682373,0.4249635934829712,0.6831716299057007,0.4554350972175598,0.7486044764518738,0.5941228270530701,0.741741955280304,0.5029501914978027,0.7317818403244019,0.4677809178829193,0.7234100103378296,0.46157002449035645,ㅍ
0.6773183345794678,0.7749642133712769,0.5927139520645142,0.7492138743400574,0.5220047831535339,0.6687646508216858,0.5436528921127319,0.6005833148956299,0.6145680546760559,0.6070634126663208,0.5477131605148315,0.4587900638580322,0.5399633049964905,0.34683090448379517,0.5245583057403564,0.3059532940387726,0.5132313370704651,0.3163040280342102,0.6008408069610596,0.4411860406398773,0.5921443104743958,0.30761072039604187,0.5820676684379578,0.2650943696498871,0.5770174264907837,0.288565069437027,0.6541126370429993,0.45561644434928894,0.6510042548179626,0.33044007420539856,0.6439468860626221,0.28531593084335327,0.6367006301879883,0.2963781952857971,0.7093204855918884,0.49501118063926697,0.7083938121795654,0.3991960287094116,0.698157548904419,0.3499179482460022,0.6847309470176697,0.33421820402145386,ㅍ
0.6504849195480347,0.82407546043396,0.5447409749031067,0.7856615781784058,0.46717241406440735,0.6847422122955322,0.5041276812553406,0.6041271686553955,0.5967211723327637,0.614538311958313,0.5092813968658447,0.41053104400634766,0.5040990710258484,0.28161686658859253,0.4914439916610718,0.2192755937576294,0.48115792870521545,0.2086789608001709,0.5779227614402771,0.3894890248775482,0.5729252696037292,0.23200763761997223,0.5633516907691956,0.16358965635299683,0.555986225605011,0.16736847162246704,0.6441566348075867,0.41127443313598633,0.6494821310043335,0.25408944487571716,0.6396543979644775,0.19443625211715698,0.6271284818649292,0.19834941625595093,0.710839569568634,0.4678676426410675,0.7160012722015381,0.34747451543807983,0.7057749032974243,0.2799913287162781,0.6903468370437622,0.2499620020389557,ㅍ
0.634352445602417,0.8309708833694458,0.5315971970558167,0.7941893339157104,0.45012882351875305,0.7010983228683472,0.4746009111404419,0.6221563816070557,0.5539326071739197,0.6174927949905396,0.48102444410324097,0.44580960273742676,0.4734672009944916,0.32051974534988403,0.4589071273803711,0.26316940784454346,0.4440416693687439,0.24838125705718994,0.5427311658859253,0.42342230677604675,0.5308322906494141,0.2738903760910034,0.5201491117477417,0.21273404359817505,0.5112180113792419,0.20941731333732605,0.6045833826065063,0.43663835525512695,0.6003389954566956,0.2955607771873474,0.5888789296150208,0.2341354489326477,0.575364351272583,0.2219991385936737,0.6681171655654907,0.48186808824539185,0.6654998064041138,0.3699137568473816,0.6513248682022095,0.3057318329811096,0.6334997415542603,0.2707071900367737,ㅍ
0.2794828414916992,0.7569257020950317,0.3428303599357605,0.7218800783157349,0.3723268508911133,0.6208050847053528,0.33372926712036133,0.5465063452720642,0.2792484760284424,0.5470794439315796,0.3613739013671875,0.5212075710296631,0.3625725209712982,0.4512786567211151,0.3645790219306946,0.412916362285614,0.3696824610233307,0.37871265411376953,0.32456499338150024,0.506314754486084,0.33036383986473083,0.43630117177963257,0.3396255671977997,0.4005117118358612,0.3516731262207031,0.37007689476013184,0.29061201214790344,0.5118104815483093,0.2954556941986084,0.44089066982269287,0.3054807484149933,0.4025554060935974,0.3162132501602173,0.37227290868759155,0.25533682107925415,0.5297092199325562,0.2619486451148987,0.461124062538147,0.26952841877937317,0.4218529462814331,0.27986976504325867,0.38624832034111023,ㅍ
0.27774351835250854,0.7531265616416931,0.34072592854499817,0.7161895632743835,0.3702014684677124,0.6152223348617554,0.3359125852584839,0.5393944978713989,0.2821270525455475,0.5480321049690247,0.3643634021282196,0.5085669159889221,0.3665834963321686,0.4377405643463135,0.3678402304649353,0.40197524428367615,0.37089285254478455,0.36997199058532715,0.32716816663742065,0.4958711862564087,0.3316863775253296,0.42559462785720825,0.33901146054267883,0.3917088210582733,0.3472641408443451,0.36148715019226074,0.2920680642127991,0.5040743947029114,0.2952786684036255,0.4333566427230835,0.30475983023643494,0.3961086869239807,0.3131474554538727,0.3666846752166748,0.2563993036746979,0.5253047347068787,0.2619302570819855,0.45355552434921265,0.27010178565979004,0.4103570580482483,0.2808414399623871,0.3722150921821594,ㅍ
0.2998775839805603,0.7391491532325745,0.36830681562423706,0.7074849605560303,0.41058048605918884,0.5957193374633789,0.3778792917728424,0.5070302486419678,0.31631121039390564,0.5120975971221924,0.40801823139190674,0.46369925141334534,0.4140561521053314,0.38457947969436646,0.4202014207839966,0.3476898670196533,0.42917564511299133,0.31552910804748535,0.36800283193588257,0.4463832378387451,0.3790450990200043,0.36728745698928833,0.39084339141845703,0.33168721199035645,0.4064328968524933,0.3003196716308594,0.3286503553390503,0.45327049493789673,0.33856168389320374,0.3743591904640198,0.35041651129722595,0.33397942781448364,0.3631589114665985,0.3026789426803589,0.2866346836090088,0.4757208526134491,0.3007688820362091,0.3941192626953125,0.3122639060020447,0.3478975296020508,0.3272514045238495,0.3097236752510071,ㅍ
0.31843119859695435,0.7316957712173462,0.39345452189445496,0.6903221607208252,0.4390489161014557,0.5704973936080933,0.3992862403392792,0.4735982418060303,0.33109521865844727,0.4757297933101654,0.4447098970413208,0.4135785698890686,0.45191919803619385,0.32293611764907837,0.45721638202667236,0.28117644786834717,0.4647374451160431,0.2406591922044754,0.39777159690856934,0.39159420132637024,0.41009631752967834,0.30264052748680115,0.420451819896698,0.26052945852279663,0.4345463514328003,0.21752625703811646,0.3515704870223999,0.3999263346195221,0.36270612478256226,0.3106037378311157,0.37351521849632263,0.26438409090042114,0.38441595435142517,0.22404298186302185,0.30237889289855957,0.4284839630126953,0.3186112344264984,0.3333720564842224,0.3302501440048218,0.27954962849617004,0.3453245460987091,0.23245874047279358,ㅍ
0.3285409212112427,0.7497584819793701,0.41139230132102966,0.7088278532028198,0.46631115674972534,0.5882430076599121,0.42204737663269043,0.48613324761390686,0.3512151837348938,0.47824791073799133,0.46903783082962036,0.3991701900959015,0.4812891483306885,0.2938098907470703,0.4883691072463989,0.24588748812675476,0.4953678846359253,0.20949725806713104,0.41559284925460815,0.37194550037384033,0.4319862723350525,0.26626837253570557,0.4453447759151459,0.21497191488742828,0.4608726501464844,0.17474305629730225,0.36465907096862793,0.38061755895614624,0.37768301367759705,0.2751553952693939,0.39058613777160645,0.22061413526535034,0.4033774733543396,0.18060192465782166,0.31057292222976685,0.4142313301563263,0.32589390873908997,0.3085130453109741,0.3385371267795563,0.24607299268245697,0.3543792963027954,0.19392770528793335,ㅍ
0.2847753167152405,0.8569847345352173,0.3799411356449127,0.819818377494812,0.45515090227127075,0.6869794130325317,0.40370890498161316,0.5615202784538269,0.3086289167404175,0.5601970553398132,0.46491044759750366,0.45986825227737427,0.4845682382583618,0.3350786566734314,0.49448108673095703,0.27274808287620544,0.5011304616928101,0.23069825768470764,0.40105512738227844,0.4200246334075928,0.42382994294166565,0.29020971059799194,0.440355509519577,0.22234153747558594,0.4546998143196106,0.17954891920089722,0.3386048674583435,0.423612505197525,0.35747766494750977,0.29571104049682617,0.3720066249370575,0.2290215790271759,0.3819000720977783,0.19195353984832764,0.2718285918235779,0.4571307897567749,0.2922443449497223,0.33488398790359497,0.3061826229095459,0.2614147961139679,0.3201962411403656,0.2046922743320465,ㅍ
0.33342432975769043,0.8155596852302551,0.42343246936798096,0.7856093645095825,0.4949445128440857,0.6746324300765991,0.4648509621620178,0.5710168480873108,0.39897841215133667,0.564764678478241,0.4912136197090149,0.4820697009563446,0.5073359608650208,0.3760894536972046,0.5172244310379028,0.32531630992889404,0.5275577306747437,0.2884499430656433,0.4410390853881836,0.45608940720558167,0.4623260200023651,0.34495699405670166,0.47961893677711487,0.29519563913345337,0.4966577887535095,0.26184478402137756,0.3931044042110443,0.46007823944091797,0.41260549426078796,0.3511959910392761,0.4319997727870941,0.2973337471485138,0.44995278120040894,0.2607983648777008,0.3410938084125519,0.4838634133338928,0.3611893653869629,0.37969496846199036,0.37987369298934937,0.3208422064781189,0.4021149277687073,0.27093568444252014,ㅍ
0.288310706615448,0.8252928256988525,0.3676700294017792,0.8012547492980957,0.4346509575843811,0.7258392572402954,0.4240826368331909,0.6438747644424438,0.3721453547477722,0.6234912872314453,0.4124547243118286,0.530540943145752,0.42043188214302063,0.43715959787368774,0.4260273575782776,0.3938558101654053,0.43371134996414185,0.36853107810020447,0.3664856553077698,0.5116742849349976,0.37739089131355286,0.40971457958221436,0.38909637928009033,0.36295998096466064,0.40320897102355957,0.33923569321632385,0.3227144777774811,0.5169596076011658,0.3342469334602356,0.4217242896556854,0.34854429960250854,0.3729928135871887,0.3642956614494324,0.3467392921447754,0.2749948501586914,0.5414599776268005,0.28647756576538086,0.4541100263595581,0.2986157238483429,0.4043762981891632,0.3160043954849243,0.36505240201950073,ㅍ
0.2897900640964508,0.8258616328239441,0.36739087104797363,0.7992887496948242,0.42880481481552124,0.7172286510467529,0.4347863495349884,0.6360655426979065,0.38684573769569397,0.6171396970748901,0.3912055492401123,0.5337426662445068,0.40025046467781067,0.44479241967201233,0.4048817455768585,0.4048255681991577,0.4103609323501587,0.37834152579307556,0.3478618264198303,0.5157731771469116,0.3608080744743347,0.4218129515647888,0.37138164043426514,0.38059791922569275,0.38445577025413513,0.3546667695045471,0.3065152168273926,0.5199633836746216,0.32001394033432007,0.43122780323028564,0.33243751525878906,0.38591551780700684,0.3467884659767151,0.35525357723236084,0.2632046043872833,0.5431745648384094,0.2743891477584839,0.4578993618488312,0.2842252254486084,0.4103357791900635,0.2992297410964966,0.370199978351593,ㅍ
0.29324615001678467,0.8069450259208679,0.36794301867485046,0.7780348658561707,0.42371946573257446,0.7199365496635437,0.4423259496688843,0.6525104641914368,0.4041944742202759,0.620492696762085,0.39038074016571045,0.5506302714347839,0.39943796396255493,0.4699520468711853,0.40535029768943787,0.4320918321609497,0.41195425391197205,0.40531396865844727,0.35347408056259155,0.5330364108085632,0.36567914485931396,0.4484191834926605,0.3759206533432007,0.41069820523262024,0.3898477256298065,0.3874824047088623,0.3162829279899597,0.5322198867797852,0.3299511969089508,0.4524865448474884,0.3419206142425537,0.4114283323287964,0.35628291964530945,0.38419610261917114,0.2756020426750183,0.5491851568222046,0.2893880605697632,0.4747384190559387,0.29907870292663574,0.4315086603164673,0.31245821714401245,0.396618127822876,ㅍ
0.29027652740478516,0.7753523588180542,0.3626069128513336,0.7584222555160522,0.42457789182662964,0.7054635286331177,0.43822282552719116,0.6343870162963867,0.39741069078445435,0.610207200050354,0.3936317265033722,0.5476687550544739,0.4001631438732147,0.47206276655197144,0.4047482907772064,0.43824303150177,0.41172799468040466,0.41988566517829895,0.3592406213283539,0.5306485891342163,0.3695504367351532,0.44897687435150146,0.38049620389938354,0.4128788411617279,0.39418065547943115,0.3964044451713562,0.32475054264068604,0.5298047065734863,0.33640626072883606,0.45289525389671326,0.3491446077823639,0.41383838653564453,0.36370334029197693,0.3942950367927551,0.28471267223358154,0.5441446900367737,0.29615887999534607,0.4751354455947876,0.3064720332622528,0.43440932035446167,0.32105088233947754,0.40418004989624023,ㅍ
0.29129570722579956,0.7397710084915161,0.3657127022743225,0.7289268970489502,0.4305576682090759,0.66249018907547,0.43491628766059875,0.5809011459350586,0.38721832633018494,0.5646618008613586,0.4039593040943146,0.4947834312915802,0.4127204716205597,0.41682788729667664,0.41778483986854553,0.3796716630458832,0.4246242046356201,0.35563933849334717,0.3655095398426056,0.4751104712486267,0.37762966752052307,0.3915174603462219,0.38840222358703613,0.3515404462814331,0.40010178089141846,0.32705122232437134,0.32812991738319397,0.4761161208152771,0.34082579612731934,0.39707624912261963,0.35335204005241394,0.35505741834640503,0.3654446005821228,0.32855889201164246,0.2858682870864868,0.49408483505249023,0.2976871430873871,0.41975337266921997,0.3084782361984253,0.3765331208705902,0.3217848241329193,0.34118321537971497,ㅍ
0.2930246591567993,0.7331550121307373,0.37192660570144653,0.7192566990852356,0.44024986028671265,0.6469186544418335,0.4458135962486267,0.5528687834739685,0.3904096186161041,0.5405752658843994,0.41903790831565857,0.4656069576740265,0.4305323660373688,0.3820531368255615,0.4347337782382965,0.3402949869632721,0.44002896547317505,0.31013232469558716,0.37725064158439636,0.44410446286201477,0.39139625430107117,0.3552124500274658,0.4015345871448517,0.3132883310317993,0.4133765697479248,0.2836345434188843,0.3369225561618805,0.4448217749595642,0.3507258892059326,0.36159223318099976,0.36314889788627625,0.31685537099838257,0.3743523359298706,0.28808844089508057,0.29209721088409424,0.4645177721977234,0.30575862526893616,0.38479965925216675,0.3168201744556427,0.33824074268341064,0.329729288816452,0.3017997145652771,ㅍ
0.2737419903278351,0.7441622614860535,0.3573622405529022,0.7340874671936035,0.4313362240791321,0.6645457148551941,0.4348410665988922,0.572458803653717,0.38097861409187317,0.5482088923454285,0.4114269018173218,0.4713364839553833,0.42409104108810425,0.38316792249679565,0.4303622543811798,0.3422832190990448,0.4375127851963043,0.31701838970184326,0.36779841780662537,0.44800907373428345,0.3837917149066925,0.3524603545665741,0.39633065462112427,0.30750221014022827,0.4084557592868805,0.2812432646751404,0.32456886768341064,0.4484383165836334,0.3409351408481598,0.3591994047164917,0.3543601930141449,0.31223028898239136,0.3657292425632477,0.283966064453125,0.2759779095649719,0.46803128719329834,0.29225999116897583,0.3838447332382202,0.30480459332466125,0.3351246118545532,0.3188171684741974,0.2955828607082367,ㅍ
0.28128865361213684,0.7681989073753357,0.3575591444969177,0.7277488708496094,0.40866971015930176,0.6259391903877258,0.3841001093387604,0.5420896410942078,0.3293186128139496,0.5354389548301697,0.37349337339401245,0.4614579677581787,0.3747895061969757,0.3701430857181549,0.37845733761787415,0.3283724784851074,0.3854339122772217,0.2999938726425171,0.32734113931655884,0.4477241337299347,0.3313392996788025,0.35051167011260986,0.3413032591342926,0.30499449372291565,0.3554595112800598,0.27749136090278625,0.28527432680130005,0.45947474241256714,0.2907087504863739,0.3652229905128479,0.2999902367591858,0.3146020174026489,0.31144261360168457,0.28519999980926514,0.24252435564994812,0.49066585302352905,0.24703066051006317,0.4009282886981964,0.25142472982406616,0.34601500630378723,0.2595100998878479,0.30335378646850586,ㅍ
0.2898918390274048,0.8338630199432373,0.3503630757331848,0.765551745891571,0.37118375301361084,0.631572961807251,0.3195152282714844,0.5638601779937744,0.2620414197444916,0.5868305563926697,0.315468966960907,0.5006930828094482,0.29827195405960083,0.41597357392311096,0.2920960485935211,0.36987534165382385,0.2900450527667999,0.329662024974823,0.2685737609863281,0.5018177032470703,0.25452283024787903,0.4112103581428528,0.25517693161964417,0.36493420600891113,0.2602238953113556,0.3276083469390869,0.23036620020866394,0.5260028839111328,0.2179049551486969,0.43378984928131104,0.21755485236644745,0.3831124007701874,0.22047245502471924,0.3446013331413269,0.19386276602745056,0.5688327550888062,0.18198077380657196,0.48296624422073364,0.17850451171398163,0.4314294457435608,0.1787041574716568,0.3852194547653198,ㅍ
0.27169132232666016,0.8319557309150696,0.3266545534133911,0.7524532079696655,0.3329280614852905,0.6195117831230164,0.2703869342803955,0.5594539046287537,0.2110653817653656,0.5929859280586243,0.2861897349357605,0.48646822571754456,0.26210513710975647,0.4046398103237152,0.25035491585731506,0.36034077405929565,0.24396944046020508,0.3174954950809479,0.23651064932346344,0.4922613501548767,0.21658854186534882,0.40696462988853455,0.21230629086494446,0.3644616901874542,0.2146112024784088,0.3229483962059021,0.1964402049779892,0.5236424803733826,0.17674076557159424,0.43855926394462585,0.16988447308540344,0.3914008140563965,0.16820281744003296,0.35023191571235657,0.16047778725624084,0.5739272832870483,0.14640209078788757,0.48771700263023376,0.13869118690490723,0.43578392267227173,0.13454669713974,0.38634762167930603,ㅍ
0.2659141421318054,0.8197834491729736,0.327263206243515,0.7393730282783508,0.3357940912246704,0.6078194975852966,0.28045910596847534,0.5518302917480469,0.22269609570503235,0.577941358089447,0.28712204098701477,0.47449201345443726,0.2628157138824463,0.389793336391449,0.2504563629627228,0.34298181533813477,0.24363984167575836,0.30607709288597107,0.2383742481470108,0.48100006580352783,0.21762271225452423,0.3891013264656067,0.2142762988805771,0.34225624799728394,0.21917349100112915,0.3114824593067169,0.19888713955879211,0.5131029486656189,0.17705631256103516,0.4174097776412964,0.1732165366411209,0.36555010080337524,0.17786690592765808,0.3316265642642975,0.1652020812034607,0.5613962411880493,0.1512252688407898,0.46763700246810913,0.14444944262504578,0.41102564334869385,0.1446998417377472,0.3636474311351776,ㅍ
0.19872546195983887,0.8382917642593384,0.2710578143596649,0.7994727492332458,0.32200998067855835,0.7184063196182251,0.2908285856246948,0.6344784498214722,0.2404184341430664,0.602891743183136,0.35502591729164124,0.5825488567352295,0.37450075149536133,0.49599921703338623,0.3834729492664337,0.46104198694229126,0.394351601600647,0.43504607677459717,0.3145582377910614,0.5534354448318481,0.34193509817123413,0.4673404097557068,0.35724586248397827,0.4330046772956848,0.37660518288612366,0.40659084916114807,0.27203822135925293,0.5490278601646423,0.29910629987716675,0.466647207736969,0.3154252767562866,0.429073691368103,0.3326934576034546,0.4041578769683838,0.2245911955833435,0.5622825026512146,0.2510301172733307,0.4831708073616028,0.2691643238067627,0.4409385919570923,0.29087549448013306,0.40787333250045776,ㅍ
0.20666661858558655,0.7441078424453735,0.2767644226551056,0.725999116897583,0.3334614634513855,0.6641885042190552,0.320487380027771,0.5727189779281616,0.2760036885738373,0.5334421396255493,0.3896164298057556,0.5599589347839355,0.4233905076980591,0.5008885860443115,0.4359661936759949,0.47458967566490173,0.44795775413513184,0.4451831579208374,0.3598670959472656,0.5157089233398438,0.39784568548202515,0.4536568820476532,0.4152148962020874,0.4273061156272888,0.43218696117401123,0.4007052183151245,0.3217642307281494,0.4953870177268982,0.357470840215683,0.4310225248336792,0.3747437000274658,0.40384989976882935,0.3883012533187866,0.38240984082221985,0.27694034576416016,0.4920904040336609,0.31423336267471313,0.4276364743709564,0.33568859100341797,0.39579421281814575,0.35669493675231934,0.3704128861427307,ㅍ
0.22338518500328064,0.7219710350036621,0.29785770177841187,0.717719554901123,0.35738900303840637,0.6619224548339844,0.34829387068748474,0.5820212364196777,0.30359581112861633,0.5462244749069214,0.41100993752479553,0.586785614490509,0.4477314054965973,0.5356490015983582,0.4636162519454956,0.5112597346305847,0.4735127091407776,0.4930756092071533,0.38700687885284424,0.5443471074104309,0.4303811192512512,0.48633962869644165,0.44936850666999817,0.463748961687088,0.45962220430374146,0.4514540135860443,0.3534789979457855,0.5199824571609497,0.39461979269981384,0.46111997961997986,0.4144541621208191,0.44012606143951416,0.42092758417129517,0.4335346817970276,0.3117619454860687,0.507487952709198,0.35344716906547546,0.4535399377346039,0.3774316608905792,0.42508620023727417,0.39519673585891724,0.4082065224647522,ㅍ
0.22616541385650635,0.7054111957550049,0.28414198756217957,0.7111114859580994,0.34597671031951904,0.6662272810935974,0.3396138548851013,0.5895068049430847,0.3035081624984741,0.5451847910881042,0.410308837890625,0.5875077843666077,0.4541337490081787,0.5306931138038635,0.4695900082588196,0.5132087469100952,0.46630164980888367,0.5132383108139038,0.38647064566612244,0.54222172498703,0.43669283390045166,0.479822039604187,0.4476398825645447,0.46845218539237976,0.4380679726600647,0.4772648215293884,0.3529343008995056,0.5161522030830383,0.3985941708087921,0.4570292830467224,0.4134129285812378,0.4394350051879883,0.4062787592411041,0.44531458616256714,0.3110945224761963,0.504909873008728,0.3511720299720764,0.45590537786483765,0.37393540143966675,0.4349524974822998,0.3858613967895508,0.4318103492259979,ㅍ
0.22518622875213623,0.6907963752746582,0.28629520535469055,0.7028137445449829,0.3564685583114624,0.6501538157463074,0.352408230304718,0.5657877922058105,0.30293765664100647,0.5283606052398682,0.41211384534835815,0.5835234522819519,0.4586449861526489,0.5272696018218994,0.4631354808807373,0.5221410393714905,0.449851930141449,0.5388132929801941,0.38710182905197144,0.5400471687316895,0.44005852937698364,0.4733390212059021,0.4394615590572357,0.47659850120544434,0.42155367136001587,0.5007384419441223,0.3550128936767578,0.513168454170227,0.4029524326324463,0.4489343762397766,0.40750643610954285,0.4508565068244934,0.3917999565601349,0.47419875860214233,0.31729185581207275,0.49806922674179077,0.3574202358722687,0.45078587532043457,0.3676818609237671,0.4492790699005127,0.3653680384159088,0.4646434783935547,ㅍ
0.22926536202430725,0.6771747469902039,0.28669431805610657,0.692123532295227,0.3551390469074249,0.6429513692855835,0.352552592754364,0.5588460564613342,0.303731769323349,0.52139812707901,0.4101477265357971,0.5770227909088135,0.45621246099472046,0.5215420722961426,0.4586070477962494,0.5219426155090332,0.44205182790756226,0.5407493710517883,0.38637495040893555,0.5345990061759949,0.4385574162006378,0.4687427580356598,0.4379807412624359,0.4765391945838928,0.418472021818161,0.5018922686576843,0.3555549681186676,0.5073350667953491,0.4032832086086273,0.44267117977142334,0.407964825630188,0.4503771960735321,0.3906276822090149,0.475884348154068,0.319337397813797,0.4905616343021393,0.3616420328617096,0.4460667073726654,0.3719472289085388,0.45016467571258545,0.36750563979148865,0.4676162898540497,ㅍ
0.26101580262184143,0.677925705909729,0.3116915822029114,0.7216752171516418,0.39000871777534485,0.6994633674621582,0.4070146083831787,0.6212605834007263,0.3585852384567261,0.5753361582756042,0.44343432784080505,0.6515904068946838,0.4916667938232422,0.6235774755477905,0.501497209072113,0.6243841052055359,0.4872705340385437,0.6316767930984497,0.43337416648864746,0.6040635108947754,0.49574437737464905,0.5631973147392273,0.4964592158794403,0.5747861266136169,0.46982449293136597,0.5921432971954346,0.41374117136001587,0.5673057436943054,0.47432008385658264,0.5252233147621155,0.47561246156692505,0.5381371974945068,0.4507908225059509,0.5541340708732605,0.387423574924469,0.5358942747116089,0.4372296631336212,0.5059335827827454,0.44592493772506714,0.5157657265663147,0.4355592429637909,0.5302032828330994,ㅍ
0.2568049728870392,0.6702408194541931,0.3102944791316986,0.7028145790100098,0.3811270594596863,0.6697967052459717,0.39124926924705505,0.589760422706604,0.3493369221687317,0.5455267429351807,0.4377182126045227,0.6096178889274597,0.4816097319126129,0.5742921829223633,0.4932330846786499,0.5693592429161072,0.48423826694488525,0.5755457878112793,0.4223178029060364,0.563692569732666,0.47717541456222534,0.5119881629943848,0.4822033643722534,0.517431378364563,0.4617093503475189,0.5364981889724731,0.3970602750778198,0.5326400995254517,0.4506588876247406,0.47947418689727783,0.457207053899765,0.4812934994697571,0.4385858178138733,0.4975109100341797,0.3641628324985504,0.5111130475997925,0.406423956155777,0.47106605768203735,0.4233081042766571,0.46622228622436523,0.42405155301094055,0.47507351636886597,ㅍ
0.25233450531959534,0.6699904799461365,0.3132317364215851,0.6896674633026123,0.38299378752708435,0.6440145969390869,0.3843900263309479,0.5559422969818115,0.33577024936676025,0.5161048769950867,0.4364158511161804,0.578118085861206,0.48196226358413696,0.527773916721344,0.48837804794311523,0.521555483341217,0.4764641523361206,0.5308101177215576,0.4134514331817627,0.5341768264770508,0.46685850620269775,0.4723573923110962,0.4688330888748169,0.47750478982925415,0.4500250816345215,0.49679821729660034,0.38413751125335693,0.5056929588317871,0.4341006875038147,0.44534939527511597,0.4416092336177826,0.4477422833442688,0.4269331097602844,0.4644183814525604,0.34878528118133545,0.48758167028427124,0.39148634672164917,0.44247186183929443,0.4045228362083435,0.43790408968925476,0.40459245443344116,0.44655585289001465,ㅍ
0.2784412205219269,0.7370601892471313,0.3397970199584961,0.7391699552536011,0.39984482526779175,0.6759800314903259,0.38451167941093445,0.5919740200042725,0.33264464139938354,0.5708662867546082,0.4410521984100342,0.5657494068145752,0.47171658277511597,0.4938468337059021,0.47730380296707153,0.48582199215888977,0.4714069068431854,0.49438124895095825,0.40933817625045776,0.5297165513038635,0.4455363154411316,0.44358211755752563,0.4456290602684021,0.4527588486671448,0.4322011470794678,0.4796234369277954,0.37391477823257446,0.5149125456809998,0.4078811705112457,0.4338826537132263,0.4116402864456177,0.43761175870895386,0.40004363656044006,0.45966726541519165,0.3327885866165161,0.5152015686035156,0.3613872826099396,0.4539620578289032,0.37171950936317444,0.44463056325912476,0.3738464117050171,0.44998419284820557,ㅍ
0.27038729190826416,0.7496156692504883,0.335198312997818,0.7332296967506409,0.3935057520866394,0.6478613615036011,0.37271827459335327,0.556511640548706,0.3161793649196625,0.5339816808700562,0.4188290238380432,0.5029593706130981,0.43961796164512634,0.4001619815826416,0.44165635108947754,0.3889719843864441,0.43457311391830444,0.4130253791809082,0.37550246715545654,0.4739510416984558,0.399393230676651,0.3574104309082031,0.3980034291744232,0.3599901497364044,0.3881427049636841,0.3974788188934326,0.3328099250793457,0.4693432152271271,0.35339051485061646,0.36456313729286194,0.35543712973594666,0.3589913249015808,0.347676157951355,0.3891106843948364,0.2878314256668091,0.48542994260787964,0.3033283054828644,0.4106508791446686,0.31146544218063354,0.3853362202644348,0.31677061319351196,0.3819397985935211,ㅍ
0.2830429971218109,0.7265356779098511,0.3565441966056824,0.7212971448898315,0.4170113801956177,0.6277996301651001,0.3969686031341553,0.5327706336975098,0.33350324630737305,0.5270925164222717,0.4335032105445862,0.49989965558052063,0.4557274281978607,0.4036783277988434,0.46274861693382263,0.40649309754371643,0.4553127884864807,0.4416108727455139,0.39353305101394653,0.47423040866851807,0.41576099395751953,0.36364275217056274,0.4223286211490631,0.37984785437583923,0.412442684173584,0.4280288815498352,0.35392260551452637,0.4690887928009033,0.37262162566185,0.36160579323768616,0.3833273649215698,0.37340492010116577,0.37518739700317383,0.4212888479232788,0.3120911419391632,0.47632694244384766,0.33085519075393677,0.39150500297546387,0.34366682171821594,0.3872624635696411,0.34630337357521057,0.4126191735267639,ㅍ
0.27375900745391846,0.7249833941459656,0.3481626510620117,0.7193290591239929,0.4088948369026184,0.6190953850746155,0.39042890071868896,0.5243141651153564,0.3261221945285797,0.5228873491287231,0.4187129735946655,0.49142614006996155,0.4381874203681946,0.39923295378685,0.4448234736919403,0.39603179693222046,0.4369220435619354,0.42845219373703003,0.3789593577384949,0.46818777918815613,0.3983161449432373,0.36159130930900574,0.40655434131622314,0.37075355648994446,0.39786043763160706,0.4176172614097595,0.33987510204315186,0.4661291241645813,0.35681721568107605,0.36355847120285034,0.3684852123260498,0.36695125699043274,0.3617364466190338,0.41064131259918213,0.2992481589317322,0.47629016637802124,0.3183022141456604,0.3948003649711609,0.33094003796577454,0.3832210302352905,0.33422747254371643,0.4008706510066986,ㅍ
0.24838018417358398,0.721613883972168,0.31525835394859314,0.675808846950531,0.35061654448509216,0.5613820552825928,0.3114868998527527,0.4803573489189148,0.24874073266983032,0.49210360646247864,0.33648163080215454,0.42873477935791016,0.32863283157348633,0.32465335726737976,0.32843074202537537,0.32412537932395935,0.3291994631290436,0.3652587831020355,0.2876083552837372,0.41866442561149597,0.27602285146713257,0.3023247718811035,0.2778227627277374,0.30950063467025757,0.28287172317504883,0.3577582538127899,0.2448536604642868,0.43113788962364197,0.2328684777021408,0.3276188373565674,0.23634344339370728,0.3283591568470001,0.24167144298553467,0.3751765489578247,0.20557183027267456,0.45913857221603394,0.1977444589138031,0.3754608631134033,0.20003889501094818,0.36096763610839844,0.20692762732505798,0.3798559010028839,ㅍ
0.26603731513023376,0.7277939319610596,0.34074661135673523,0.6831344366073608,0.3839941620826721,0.566295862197876,0.34508463740348816,0.48150530457496643,0.2806493043899536,0.5025154948234558,0.36766576766967773,0.4469824433326721,0.3671044111251831,0.3447476625442505,0.37273210287094116,0.3425360918045044,0.37278810143470764,0.37923192977905273,0.3237479627132416,0.43440350890159607,0.3228929936885834,0.32245463132858276,0.33167994022369385,0.32884669303894043,0.33247578144073486,0.37587210536003113,0.2850662171840668,0.4415799677371979,0.2838483154773712,0.3373207449913025,0.2939477562904358,0.340343177318573,0.2957489490509033,0.3839446008205414,0.247490793466568,0.4624881446361542,0.24875900149345398,0.3779491186141968,0.25547370314598083,0.37054914236068726,0.2586875557899475,0.39326536655426025,ㅍ
0.2941761016845703,0.754448652267456,0.36035698652267456,0.7370823621749878,0.40842580795288086,0.6471845507621765,0.3859020471572876,0.569504976272583,0.333224356174469,0.569109320640564,0.4103766679763794,0.5461145043373108,0.42128992080688477,0.46979883313179016,0.4278539717197418,0.4524844288825989,0.42629367113113403,0.4619591236114502,0.3739199638366699,0.5240755677223206,0.3865436315536499,0.43298977613449097,0.3925931751728058,0.43285828828811646,0.38704824447631836,0.4658063054084778,0.3395981192588806,0.5206642150878906,0.3502587080001831,0.4310387969017029,0.3575981855392456,0.4278903901576996,0.3522225320339203,0.4622315764427185,0.3034014105796814,0.5284842848777771,0.31370654702186584,0.4557856023311615,0.32095158100128174,0.44283953309059143,0.32262709736824036,0.4593453109264374,ㅍ
0.3006528615951538,0.7592443823814392,0.3656713366508484,0.740485429763794,0.41240864992141724,0.6656405329704285,0.3887001574039459,0.5926238298416138,0.33313801884651184,0.5968306064605713,0.4186180830001831,0.5799250602722168,0.4327082335948944,0.5158470273017883,0.43807196617126465,0.4959350824356079,0.43707990646362305,0.49604976177215576,0.38587716221809387,0.5550237894058228,0.4026937484741211,0.4789241850376129,0.4087584316730499,0.46982160210609436,0.4038797616958618,0.4887422025203705,0.35388103127479553,0.5465317368507385,0.3674629330635071,0.47039708495140076,0.3742575943470001,0.46122515201568604,0.3685305118560791,0.48535168170928955,0.32003962993621826,0.5477067828178406,0.33549025654792786,0.4836568832397461,0.34191909432411194,0.46885737776756287,0.3420718014240265,0.4809000790119171,ㅍ
0.30709049105644226,0.7696925401687622,0.36445802450180054,0.7588800191879272,0.4165419936180115,0.708503007888794,0.403220534324646,0.6409091353416443,0.3677062690258026,0.6071780920028687,0.44029197096824646,0.6126323342323303,0.46478134393692017,0.5550258755683899,0.4752489924430847,0.5350577235221863,0.47630736231803894,0.5333652496337891,0.412280410528183,0.5813857316970825,0.4405626356601715,0.5125139355659485,0.4499759078025818,0.5017284750938416,0.4469498097896576,0.517393171787262,0.38118976354599,0.5689033269882202,0.40739476680755615,0.5012129545211792,0.41823363304138184,0.48701319098472595,0.4147662818431854,0.504370927810669,0.34492748975753784,0.5697948336601257,0.36698102951049805,0.5124518871307373,0.3818308115005493,0.4931785762310028,0.38983026146888733,0.4990731477737427,ㅍ
0.2989732325077057,0.7733798027038574,0.3590294122695923,0.7726371884346008,0.4160222113132477,0.7199780344963074,0.4067267179489136,0.648311197757721,0.36366966366767883,0.6204870939254761,0.44526293873786926,0.6314684748649597,0.4737003445625305,0.5799193978309631,0.4863310158252716,0.5636061429977417,0.485464870929718,0.5665417909622192,0.4192187786102295,0.5981063842773438,0.4522643983364105,0.5332190990447998,0.4648345708847046,0.5241272449493408,0.45899948477745056,0.5420743823051453,0.3885195255279541,0.5830888748168945,0.4187546372413635,0.5179954171180725,0.4323725998401642,0.5057904720306396,0.428069531917572,0.523297905921936,0.3527035415172577,0.5791060924530029,0.3793279528617859,0.5274456143379211,0.39714303612709045,0.5093995928764343,0.40689629316329956,0.5142286419868469,ㅍ
0.30101779103279114,0.7648047208786011,0.35965603590011597,0.7573999166488647,0.4150158166885376,0.7007524371147156,0.4007476270198822,0.6291318535804749,0.356925904750824,0.60544753074646,0.44584399461746216,0.6197220087051392,0.47402822971343994,0.5640133619308472,0.48365119099617004,0.5471885800361633,0.482913076877594,0.5463947057723999,0.41869962215423584,0.5862419009208679,0.44914379715919495,0.5226223468780518,0.4596515893936157,0.5115340352058411,0.45643213391304016,0.5221844911575317,0.38786953687667847,0.5704898238182068,0.4167209267616272,0.5083850026130676,0.42724689841270447,0.4962896704673767,0.4228425920009613,0.5098326206207275,0.35260647535324097,0.5662431716918945,0.37731313705444336,0.5184784531593323,0.39111703634262085,0.5038665533065796,0.39807358384132385,0.5081620812416077,ㅍ
0.30113130807876587,0.7047228813171387,0.3577043414115906,0.7108806371688843,0.42029470205307007,0.6447095274925232,0.40778452157974243,0.5558866262435913,0.3617461323738098,0.5245049595832825,0.46411803364753723,0.5351070165634155,0.49521809816360474,0.45933905243873596,0.5012174248695374,0.45137014985084534,0.4918988347053528,0.46782249212265015,0.43276795744895935,0.5007820725440979,0.46784263849258423,0.411892831325531,0.46787819266319275,0.4226527214050293,0.4518510401248932,0.45740771293640137,0.39833784103393555,0.4848726987838745,0.43039941787719727,0.4005696773529053,0.43149253726005554,0.4080345034599304,0.41464224457740784,0.44298291206359863,0.35876068472862244,0.48010751605033875,0.38680002093315125,0.4107123017311096,0.394109308719635,0.4072013199329376,0.39050647616386414,0.42589443922042847,ㅍ
0.2842521667480469,0.6515692472457886,0.3510306477546692,0.6449912786483765,0.4156217575073242,0.5693326592445374,0.3978556990623474,0.47590211033821106,0.34127119183540344,0.4463111460208893,0.4680241644382477,0.45351171493530273,0.5075679421424866,0.361723393201828,0.5102670192718506,0.35152319073677063,0.49681556224823,0.3776780664920807,0.428800106048584,0.4109644293785095,0.47276806831359863,0.3038610517978668,0.46849513053894043,0.31431347131729126,0.45179635286331177,0.358275443315506,0.38606998324394226,0.3919653296470642,0.42522209882736206,0.29225820302963257,0.4271363615989685,0.29645413160324097,0.4109100103378296,0.3407897353172302,0.3398232161998749,0.3907400667667389,0.3720867931842804,0.3118898868560791,0.38262060284614563,0.30489593744277954,0.3816143870353699,0.33094915747642517,ㅍ
0.24200788140296936,0.7116044759750366,0.3243992328643799,0.712334394454956,0.4006536602973938,0.6295968294143677,0.3719002902507782,0.5219696760177612,0.3066372871398926,0.4773675203323364,0.4643881916999817,0.4674999415874481,0.5157315731048584,0.3475963771343231,0.5162110328674316,0.3424839973449707,0.4931783676147461,0.38282984495162964,0.4152938425540924,0.4131968021392822,0.47028735280036926,0.27345651388168335,0.46483832597732544,0.28997135162353516,0.4431738555431366,0.3455181419849396,0.36316078901290894,0.3890436291694641,0.4107837975025177,0.2618061900138855,0.4116850793361664,0.2726683020591736,0.3913368880748749,0.3272930681705475,0.3037341833114624,0.3886776864528656,0.34375807642936707,0.2875518798828125,0.35766953229904175,0.2761455178260803,0.3570170998573303,0.3020855784416199,ㅍ
0.20797188580036163,0.7367343902587891,0.2923468351364136,0.736158013343811,0.3716889023780823,0.6545037031173706,0.33593228459358215,0.5501769781112671,0.2673400640487671,0.49962976574897766,0.43042320013046265,0.46688246726989746,0.4783177971839905,0.3207029700279236,0.4799817204475403,0.315072238445282,0.46029132604599,0.3666187524795532,0.3745419681072235,0.4113576114177704,0.4294127821922302,0.24262011051177979,0.42082154750823975,0.26801347732543945,0.4008578658103943,0.3385445475578308,0.3185252249240875,0.38709402084350586,0.36348071694374084,0.23609112203121185,0.36164218187332153,0.2554147243499756,0.34254804253578186,0.3250153660774231,0.2560955286026001,0.3880508542060852,0.2918705344200134,0.27105164527893066,0.3021138906478882,0.27221956849098206,0.29702627658843994,0.31752949953079224,ㅍ
0.24446383118629456,0.8050427436828613,0.33674031496047974,0.7804842591285706,0.414628803730011,0.6775268912315369,0.3821573257446289,0.5723055005073547,0.31026726961135864,0.552808940410614,0.43773677945137024,0.48930618166923523,0.46692216396331787,0.37082141637802124,0.47937995195388794,0.3427780568599701,0.47020214796066284,0.37839698791503906,0.38020631670951843,0.45186907052993774,0.4121147394180298,0.3116353750228882,0.4190451502799988,0.30101102590560913,0.4039979577064514,0.35378241539001465,0.323975145816803,0.4496052861213684,0.35068264603614807,0.3199528455734253,0.35986191034317017,0.2981664538383484,0.3518376350402832,0.3343316912651062,0.26291346549987793,0.4748136103153229,0.28604021668434143,0.3729046881198883,0.3024289906024933,0.32945334911346436,0.31190839409828186,0.32410570979118347,ㅍ
0.25973957777023315,0.8605772256851196,0.3449614942073822,0.8302340507507324,0.4157363772392273,0.7356796860694885,0.39693740010261536,0.6422291994094849,0.3325881361961365,0.6418657302856445,0.4129618704319,0.5645778775215149,0.43188565969467163,0.4716261625289917,0.44101881980895996,0.43577876687049866,0.44336122274398804,0.42457908391952515,0.36805352568626404,0.5374358892440796,0.3922092318534851,0.4362828731536865,0.4056021273136139,0.39582759141921997,0.40876805782318115,0.38740456104278564,0.32407939434051514,0.5371190309524536,0.3435628414154053,0.44015535712242126,0.35861384868621826,0.39737755060195923,0.36476829648017883,0.38796454668045044,0.27505096793174744,0.5546257495880127,0.2900993824005127,0.46476638317108154,0.30459603667259216,0.4164862632751465,0.3192022740840912,0.3905026316642761,ㅍ
0.27898138761520386,0.8134907484054565,0.35944095253944397,0.7843172550201416,0.4214377701282501,0.6949027180671692,0.40090322494506836,0.607670783996582,0.34241175651550293,0.5993920564651489,0.4174004793167114,0.551773190498352,0.43651890754699707,0.4666858911514282,0.4452861249446869,0.4328725337982178,0.4464590549468994,0.42660024762153625,0.37630853056907654,0.5258718729019165,0.3962903618812561,0.43362122774124146,0.40921077132225037,0.3960701823234558,0.41249987483024597,0.39084088802337646,0.3355904221534729,0.5242122411727905,0.3533332645893097,0.438972532749176,0.3668292462825775,0.4018126130104065,0.3712006211280823,0.3981478214263916,0.29037943482398987,0.5395846962928772,0.30149152874946594,0.46409207582473755,0.31407836079597473,0.4233942925930023,0.3269054889678955,0.4024176597595215,ㅍ
0.2927429676055908,0.7938209772109985,0.37148818373680115,0.7766977548599243,0.4365195035934448,0.6780315637588501,0.41612282395362854,0.5868585705757141,0.3494575321674347,0.5920285582542419,0.43349790573120117,0.5408596396446228,0.45221054553985596,0.45273035764694214,0.46868622303009033,0.4364144206047058,0.4689907431602478,0.45709624886512756,0.39252573251724243,0.5167170166969299,0.4134148061275482,0.4073268175125122,0.4278024137020111,0.40759027004241943,0.4203512370586395,0.45246458053588867,0.3530336916446686,0.5162826180458069,0.37156617641448975,0.41389524936676025,0.3853622078895569,0.40440821647644043,0.3812922537326813,0.4335024952888489,0.30981773138046265,0.5320437550544739,0.32632923126220703,0.45518356561660767,0.3408266007900238,0.42289021611213684,0.3481304347515106,0.41494977474212646,ㅍ
0.2605867385864258,0.7353127002716064,0.33843734860420227,0.743126630783081,0.41205698251724243,0.65532386302948,0.3994081914424896,0.5609654784202576,0.3320603370666504,0.5523667335510254,0.4350005090236664,0.5434284210205078,0.4759103059768677,0.45400387048721313,0.48759400844573975,0.46628108620643616,0.47142189741134644,0.5083503127098083,0.40071338415145874,0.5088641047477722,0.44393789768218994,0.410775363445282,0.45548462867736816,0.430204838514328,0.43646493554115295,0.47764378786087036,0.3632657527923584,0.4918310046195984,0.4041101634502411,0.39451438188552856,0.418711394071579,0.40686094760894775,0.4038086235523224,0.448566734790802,0.3211516737937927,0.48452940583229065,0.35586872696876526,0.4092640280723572,0.375937283039093,0.40164291858673096,0.37900567054748535,0.4180448055267334,ㅍ
0.23310494422912598,0.7312226295471191,0.29466235637664795,0.7401363253593445,0.3631809651851654,0.6758567094802856,0.3510779142379761,0.5897364020347595,0.2994425296783447,0.550656259059906,0.41854190826416016,0.5675127506256104,0.4647708833217621,0.48367348313331604,0.47301262617111206,0.47954005002975464,0.4565991461277008,0.5077052116394043,0.38619446754455566,0.5244713425636292,0.43881529569625854,0.43041887879371643,0.4387483596801758,0.44045355916023254,0.418183833360672,0.4771890640258789,0.34885314106941223,0.5025641918182373,0.3982142210006714,0.41415703296661377,0.4025537967681885,0.418424129486084,0.38384827971458435,0.45178383588790894,0.30454733967781067,0.49639081954956055,0.34269893169403076,0.43157482147216797,0.3576705753803253,0.42134344577789307,0.35972580313682556,0.43204620480537415,ㅍ
0.2649731934070587,0.7395163774490356,0.32718268036842346,0.7321482300758362,0.3844577670097351,0.665011465549469,0.366279661655426,0.5834454298019409,0.31379249691963196,0.5627174973487854,0.4345216453075409,0.56268310546875,0.4697176218032837,0.4907701313495636,0.4751802086830139,0.4828943908214569,0.46764296293258667,0.49855470657348633,0.400900274515152,0.5259983539581299,0.4426015019416809,0.4387717843055725,0.4395749568939209,0.4475100040435791,0.4249180257320404,0.4778870940208435,0.36257654428482056,0.5101880431175232,0.4001820981502533,0.42764461040496826,0.4025937616825104,0.42771291732788086,0.39023181796073914,0.4540824294090271,0.3190837800502777,0.5121389031410217,0.34796181321144104,0.4498005211353302,0.3601917326450348,0.43228814005851746,0.36641645431518555,0.4351370632648468,ㅍ
0.2584024965763092,0.7302809953689575,0.33036983013153076,0.694074273109436,0.37833157181739807,0.5914719104766846,0.34149399399757385,0.5003429055213928,0.2751613259315491,0.5073515176773071,0.39321398735046387,0.4565977156162262,0.4120545983314514,0.361738920211792,0.4135418236255646,0.3564611077308655,0.4090114235877991,0.3782530725002289,0.3482288718223572,0.4348370432853699,0.3673492968082428,0.32275480031967163,0.36851322650909424,0.33232247829437256,0.36264511942863464,0.3682563602924347,0.3043004274368286,0.4357873797416687,0.31911545991897583,0.3334599733352661,0.3240782618522644,0.3338046073913574,0.31945815682411194,0.363261878490448,0.259499192237854,0.4540063440799713,0.2739159166812897,0.3747332692146301,0.28097963333129883,0.35442063212394714,0.28455108404159546,0.35404086112976074,ㅍ
