0.7701839804649353,0.8967742323875427,0.7193244695663452,0.7438256740570068,0.6975200176239014,0.5981375575065613,0.704177737236023,0.49114757776260376,0.7227504849433899,0.4003218412399292,0.7589645981788635,0.5726435780525208,0.6201386451721191,0.6250786781311035,0.6352529525756836,0.6686010360717773,0.6786227822303772,0.6625918745994568,0.7835607528686523,0.6528580188751221,0.6244388222694397,0.7105164527893066,0.6533027291297913,0.7364179491996765,0.6984167098999023,0.7182262539863586,0.7932579517364502,0.7428893446922302,0.6447118520736694,0.7836746573448181,0.6716176271438599,0.7988797426223755,0.7157142758369446,0.786594033241272,0.7927308678627014,0.8338038325309753,0.6743000745773315,0.852924644947052,0.6929245591163635,0.8532907962799072,0.7336412072181702,0.8417503833770752,ㅎ
0.7283452153205872,0.7853356599807739,0.6865869760513306,0.6948919892311096,0.6468140482902527,0.5964434146881104,0.6297562122344971,0.5131274461746216,0.6413901448249817,0.43959155678749084,0.6562715172767639,0.5616710782051086,0.557341992855072,0.6059739589691162,0.5805949568748474,0.6376236081123352,0.6107197999954224,0.630197286605835,0.6678633689880371,0.6154213547706604,0.5608115792274475,0.6693350672721863,0.5909444093704224,0.683829128742218,0.6230722665786743,0.6717056632041931,0.6745970249176025,0.6744135618209839,0.5758150815963745,0.7145293354988098,0.6041420102119446,0.7275179624557495,0.6350997090339661,0.7170279622077942,0.6786653995513916,0.7347795963287354,0.6007715463638306,0.758773148059845,0.6238648295402527,0.7654446363449097,0.6541743278503418,0.7562690377235413,ㅎ
0.7597606182098389,0.808663010597229,0.7005077004432678,0.7189345955848694,0.6653968691825867,0.6181183457374573,0.6566705703735352,0.5348033905029297,0.6678943634033203,0.46359139680862427,0.6987786889076233,0.6050831079483032,0.6041685342788696,0.6626190543174744,0.6268178224563599,0.689378023147583,0.6559033393859863,0.6761050224304199,0.7189021706581116,0.6670125722885132,0.6110318303108215,0.7239491939544678,0.6389497518539429,0.7305911779403687,0.6703682541847229,0.7183257341384888,0.7311631441116333,0.7291749715805054,0.628774881362915,0.7741203904151917,0.6551674604415894,0.7774376273155212,0.6864307522773743,0.7624711990356445,0.7374178171157837,0.7881244421005249,0.6573363542556763,0.8147263526916504,0.6788419485092163,0.8142570853233337,0.709712564945221,0.8025074601173401,ㅎ
0.8145151138305664,0.7638095617294312,0.7518748044967651,0.6589949131011963,0.7155871391296387,0.55299973487854,0.70673668384552,0.4618949294090271,0.7138404846191406,0.3843623995780945,0.7718044519424438,0.5328705310821533,0.6640328168869019,0.5905734300613403,0.6802114248275757,0.6280922293663025,0.7131546139717102,0.6155997514724731,0.8006447553634644,0.6007047891616821,0.6757157444953918,0.670087456703186,0.7027819156646729,0.6868847608566284,0.7355638146400452,0.6697472929954529,0.8185392618179321,0.6726979613304138,0.7020002007484436,0.735680878162384,0.7289342284202576,0.7417228817939758,0.7631518244743347,0.7237300276756287,0.8290923833847046,0.7430993914604187,0.7343155145645142,0.784206211566925,0.750142514705658,0.7819575071334839,0.7818349599838257,0.7653767466545105,ㅎ
0.7043134570121765,0.8341836929321289,0.6683435440063477,0.7313381433486938,0.6604506969451904,0.6241029500961304,0.6693264245986938,0.5461205244064331,0.6870784163475037,0.4751052260398865,0.7402933239936829,0.5961341857910156,0.6361768245697021,0.6537735462188721,0.6332011222839355,0.6891059279441833,0.6602382063865662,0.6828436255455017,0.7708809971809387,0.6571828722953796,0.6490250825881958,0.7236701846122742,0.6500633955001831,0.7505553364753723,0.6841805577278137,0.7317540049552917,0.787750780582428,0.7307817339897156,0.6737828254699707,0.7865590453147888,0.676024317741394,0.798488438129425,0.7066077589988708,0.7853307723999023,0.7938357591629028,0.8027785420417786,0.707151472568512,0.8383848667144775,0.7018270492553711,0.8404516577720642,0.7253926396369934,0.8303166627883911,ㅎ
0.6489493250846863,0.7968387603759766,0.610446035861969,0.6837758421897888,0.5966755151748657,0.576302170753479,0.6052113175392151,0.49651622772216797,0.6261979937553406,0.432228147983551,0.6664755940437317,0.5451917052268982,0.5679478049278259,0.5842865705490112,0.5753494501113892,0.6172538995742798,0.6031031012535095,0.611730694770813,0.6905707120895386,0.5987311601638794,0.5766218900680542,0.6505498886108398,0.5933565497398376,0.6664074659347534,0.6216220855712891,0.6496589183807373,0.7036934494972229,0.6634904146194458,0.5958794355392456,0.7060487270355225,0.6125167608261108,0.7143707871437073,0.6410163044929504,0.6990380883216858,0.7089123129844666,0.7306501269340515,0.6224938631057739,0.7568250298500061,0.6289929151535034,0.7590885162353516,0.6530370116233826,0.7459038496017456,ㅎ
0.6624742150306702,0.7743350863456726,0.6339484453201294,0.6761513948440552,0.6236197352409363,0.576831042766571,0.6319381594657898,0.5019355416297913,0.6506583094596863,0.4378875494003296,0.6898828148841858,0.5544179081916809,0.5908569097518921,0.5996061563491821,0.5945570468902588,0.6354964375495911,0.6226551532745361,0.6332302689552307,0.7161503434181213,0.6100030541419983,0.598002016544342,0.6655130982398987,0.6078712940216064,0.6894968152046204,0.6400376558303833,0.6711797714233398,0.7299063801765442,0.6768155097961426,0.6192375421524048,0.7226480841636658,0.6288199424743652,0.7344571948051453,0.6580798029899597,0.7238207459449768,0.7336992621421814,0.7446742057800293,0.6493792533874512,0.7724858522415161,0.6493563652038574,0.7736383080482483,0.6710795164108276,0.7643171548843384,ㅎ
0.7067862749099731,0.8215864896774292,0.657681405544281,0.709815263748169,0.6340322494506836,0.5989896059036255,0.6330206990242004,0.5111859440803528,0.6470354199409485,0.4416664242744446,0.6813607811927795,0.5674468874931335,0.5798195004463196,0.610801637172699,0.596396267414093,0.6426091194152832,0.6283354759216309,0.6316662430763245,0.7036688923835754,0.6183664202690125,0.5883861780166626,0.6746331453323364,0.6150010228157043,0.6882565021514893,0.6443434357643127,0.6689653992652893,0.7169991731643677,0.6810433268547058,0.6088565587997437,0.7312009334564209,0.6332518458366394,0.7401496171951294,0.6638798117637634,0.7239234447479248,0.7228925824165344,0.7481101751327515,0.6346435546875,0.7789327502250671,0.649513840675354,0.7786597013473511,0.6769459247589111,0.7640666365623474,ㅎ
0.7550657391548157,0.8156676888465881,0.706393837928772,0.6986298561096191,0.6774018406867981,0.5833011865615845,0.6693506836891174,0.4943782687187195,0.678341269493103,0.4202839434146881,0.718112587928772,0.5674372315406799,0.6149808168411255,0.627142071723938,0.6373798847198486,0.6555002927780151,0.6711377501487732,0.6406527757644653,0.7381265759468079,0.6316354870796204,0.6226376891136169,0.6936870217323303,0.6545289754867554,0.6974631547927856,0.6855118870735168,0.6790369153022766,0.752566933631897,0.700788676738739,0.641021192073822,0.7484875917434692,0.6700215339660645,0.7492750287055969,0.7033620476722717,0.7325663566589355,0.7611247897148132,0.7699817419052124,0.6690608263015747,0.7943000197410583,0.688270628452301,0.7877386212348938,0.721253514289856,0.772973895072937,ㅎ
0.757460355758667,0.7943407297134399,0.7040644288063049,0.67665696144104,0.6733604073524475,0.5550092458724976,0.6693917512893677,0.4643847942352295,0.6766237020492554,0.38507920503616333,0.7246842384338379,0.5425345301628113,0.6176323294639587,0.6038717031478882,0.6327167749404907,0.629335880279541,0.6673946976661682,0.6117819547653198,0.7516626715660095,0.605022132396698,0.6252682209014893,0.6755156517028809,0.651530385017395,0.6848937273025513,0.687422513961792,0.6585968136787415,0.7683206796646118,0.6749036908149719,0.6485702991485596,0.7305157780647278,0.671766459941864,0.7363598942756653,0.7073734402656555,0.7166536450386047,0.7769797444343567,0.7465604543685913,0.6807211637496948,0.7794973850250244,0.6946156024932861,0.7776920199394226,0.726978600025177,0.762692391872406,ㅎ
0.7038088440895081,0.7765406370162964,0.6496639251708984,0.682018518447876,0.6112062335014343,0.5872798562049866,0.5964547395706177,0.510533332824707,0.6018900275230408,0.442181259393692,0.6351710557937622,0.568281888961792,0.5510998964309692,0.6349371075630188,0.5765721201896667,0.6530696749687195,0.6044647097587585,0.6341161131858826,0.6543371081352234,0.6217891573905945,0.5598093867301941,0.6869428157806396,0.5895910859107971,0.6858994364738464,0.617388129234314,0.668692946434021,0.6693162322044373,0.6768300533294678,0.5787858963012695,0.7319086194038391,0.60362708568573,0.7304435968399048,0.6307117342948914,0.7106061577796936,0.679786205291748,0.7322204113006592,0.602849006652832,0.7668131589889526,0.6207936406135559,0.7642120122909546,0.6477944254875183,0.7498743534088135,ㅎ
0.6838544011116028,0.7823393940925598,0.6367124319076538,0.6933094263076782,0.6064867973327637,0.6041947603225708,0.5955874919891357,0.5330127477645874,0.603184700012207,0.47080039978027344,0.62502521276474,0.578673243522644,0.5460343360900879,0.6340582966804504,0.5668885707855225,0.655715823173523,0.5920140147209167,0.6426443457603455,0.6417881846427917,0.6254097819328308,0.5531135201454163,0.6828721761703491,0.5779175162315369,0.6876605749130249,0.6024492383003235,0.6763127446174622,0.6543446779251099,0.6755397319793701,0.5703929662704468,0.723888635635376,0.5922467708587646,0.7267293334007263,0.6164458990097046,0.711525559425354,0.6634344458580017,0.7272679805755615,0.5943573117256165,0.7561477422714233,0.6101182699203491,0.7559738755226135,0.633885383605957,0.7442795038223267,ㅎ
0.6642420291900635,0.7988014221191406,0.6186103224754333,0.7175108194351196,0.5905950665473938,0.6319119930267334,0.5801928043365479,0.5652761459350586,0.585088849067688,0.5082600116729736,0.610196053981781,0.5974613428115845,0.5373916625976562,0.6473891735076904,0.5551551580429077,0.6708705425262451,0.5783544182777405,0.6608099937438965,0.6272351741790771,0.6346167325973511,0.5464449524879456,0.6920410394668579,0.5690506100654602,0.697656512260437,0.5913296341896057,0.6858022212982178,0.639556884765625,0.6791412830352783,0.5625893473625183,0.726474404335022,0.5818435549736023,0.7325717210769653,0.6041447520256042,0.7190566062927246,0.6473383903503418,0.7270573377609253,0.5831041932106018,0.7571218013763428,0.5967267751693726,0.7611459493637085,0.6182063817977905,0.7530211210250854,ㅎ
0.6710611581802368,0.782658040523529,0.6269262433052063,0.7078403234481812,0.6021410226821899,0.633335292339325,0.5957868099212646,0.5714412927627563,0.6016073822975159,0.5183156132698059,0.6393033266067505,0.6136497855186462,0.5709953308105469,0.6672096252441406,0.5816744565963745,0.6904774308204651,0.601967453956604,0.6785956621170044,0.6610325574874878,0.6537253260612488,0.5814430117607117,0.715286135673523,0.5980031490325928,0.7207741141319275,0.6173097491264343,0.7023786306381226,0.6760275363922119,0.6994735598564148,0.5993289947509766,0.7531411647796631,0.6146657466888428,0.7529805898666382,0.6353756785392761,0.736234724521637,0.6842923164367676,0.7464039921760559,0.6202906966209412,0.7839547395706177,0.629920244216919,0.7792155146598816,0.6502063870429993,0.7635242938995361,ㅎ
0.6888410449028015,0.7828072905540466,0.6467924118041992,0.7051677703857422,0.6239843368530273,0.6299719214439392,0.618889331817627,0.5676494240760803,0.6251022815704346,0.5142855048179626,0.6622844934463501,0.6088005304336548,0.5897328853607178,0.6614231467247009,0.5998691320419312,0.6869416236877441,0.6212158799171448,0.6771519184112549,0.6837571859359741,0.6492894291877747,0.5996871590614319,0.7109136581420898,0.6165103912353516,0.7187120914459229,0.6365438103675842,0.7014603018760681,0.6981465220451355,0.6967716813087463,0.6178745627403259,0.749770998954773,0.6334217190742493,0.7512160539627075,0.6545135378837585,0.7355216145515442,0.7059571146965027,0.7455494999885559,0.6392081379890442,0.7818485498428345,0.648346483707428,0.7779282927513123,0.6685062646865845,0.7628419399261475,ㅎ
0.7335641384124756,0.762306809425354,0.6893794536590576,0.6805130839347839,0.6608412861824036,0.5981932878494263,0.6512845158576965,0.531467854976654,0.6553671956062317,0.476483553647995,0.6890008449554443,0.5826214551925659,0.6146661639213562,0.634658694267273,0.629808247089386,0.6567850708961487,0.652275562286377,0.6454759240150452,0.7059118747711182,0.625434160232544,0.6229773163795471,0.682991087436676,0.644332766532898,0.6861321330070496,0.6657068729400635,0.6707124710083008,0.7181167006492615,0.673755407333374,0.6391180157661438,0.7210992574691772,0.6581977605819702,0.7209020256996155,0.6815274357795715,0.705617368221283,0.7259910702705383,0.7234605550765991,0.6598347425460815,0.7533929347991943,0.67218017578125,0.7483935952186584,0.6944214105606079,0.7347699403762817,ㅎ
0.7151922583580017,0.7227652668952942,0.6627293229103088,0.6336914896965027,0.6339067816734314,0.5488241314888,0.6256435513496399,0.4788707494735718,0.6311933398246765,0.4152977466583252,0.6717092394828796,0.5343652367591858,0.5923851132392883,0.5908814668655396,0.6082119345664978,0.6123599410057068,0.6316751837730408,0.5981340408325195,0.694736123085022,0.5811542272567749,0.6030706167221069,0.6446059942245483,0.6227961778640747,0.6471193432807922,0.6461643576622009,0.632431149482727,0.7100303173065186,0.6317473649978638,0.6219509243965149,0.6868058443069458,0.6396437287330627,0.6868155598640442,0.6655735969543457,0.6717479228973389,0.7192560434341431,0.6826125383377075,0.6452719569206238,0.7174907922744751,0.6555318236351013,0.7167885303497314,0.6794259548187256,0.7061771154403687,ㅎ
0.6570644378662109,0.7469138503074646,0.6221619844436646,0.6584509015083313,0.6060697436332703,0.566784679889679,0.6091172695159912,0.4961141347885132,0.6184473633766174,0.4295315146446228,0.6696290373802185,0.5613877177238464,0.5801758766174316,0.6075543761253357,0.5868327617645264,0.6287476420402527,0.6123334765434265,0.6174810528755188,0.6936686635017395,0.6170448064804077,0.5870853662490845,0.6713922619819641,0.603710949420929,0.6773281097412109,0.6325483918190002,0.657106339931488,0.7074582576751709,0.6787040829658508,0.6064594984054565,0.7241423726081848,0.623901903629303,0.7222336530685425,0.651458203792572,0.706463098526001,0.7129155397415161,0.7407559752464294,0.6359215974807739,0.7682095766067505,0.647736668586731,0.7614651918411255,0.6749878525733948,0.7475926280021667,ㅎ
0.599332869052887,0.7844229340553284,0.5777997374534607,0.6803147196769714,0.5843683481216431,0.570760190486908,0.6036108136177063,0.4975699782371521,0.6265908479690552,0.4313218593597412,0.6706175208091736,0.5716723203659058,0.5745969414710999,0.5936769843101501,0.5552219152450562,0.627687931060791,0.5712494850158691,0.6310372352600098,0.6929153800010681,0.6356067061424255,0.5697075128555298,0.6663132905960083,0.5574449300765991,0.6909211874008179,0.5876739025115967,0.6813583970069885,0.698290228843689,0.7061808705329895,0.5833387970924377,0.7298974394798279,0.5806436538696289,0.741544783115387,0.6097752451896667,0.7364692091941833,0.6929566860198975,0.7710342407226562,0.6054630875587463,0.7827588319778442,0.5962366461753845,0.783923327922821,0.6164055466651917,0.7794074416160583,ㅎ
0.6240999698638916,0.7396513223648071,0.600649893283844,0.6374447345733643,0.6114903688430786,0.5208896398544312,0.6320376992225647,0.4472277760505676,0.6570589542388916,0.3776453137397766,0.6995108723640442,0.5400736331939697,0.5931227207183838,0.5581786036491394,0.5748911499977112,0.5880830883979797,0.5986788868904114,0.5875142812728882,0.7258697748184204,0.6127945184707642,0.5863021612167358,0.64273601770401,0.5792504549026489,0.6569651365280151,0.6167667508125305,0.64537113904953,0.7304748296737671,0.6889397501945496,0.6020997166633606,0.7109907269477844,0.6011031270027161,0.7133469581604004,0.6364074945449829,0.7025871276855469,0.7236893177032471,0.7566992044448853,0.626646876335144,0.7676945328712463,0.6193171739578247,0.7635074257850647,0.6442813277244568,0.7561705708503723,ㅎ
0.6288078427314758,0.7492733001708984,0.6095292568206787,0.6401019096374512,0.6318783760070801,0.5149663686752319,0.6580796837806702,0.4361444413661957,0.6880800724029541,0.3615022897720337,0.7275716662406921,0.5439651012420654,0.615393340587616,0.5617376565933228,0.5858122110366821,0.5920659303665161,0.6073579788208008,0.595611572265625,0.7535994648933411,0.6262909173965454,0.6096442937850952,0.654058575630188,0.5879886746406555,0.6653956770896912,0.6200424432754517,0.6574372053146362,0.756970226764679,0.7105821967124939,0.6250848770141602,0.7309006452560425,0.6090748906135559,0.7327772378921509,0.6390920877456665,0.7253847718238831,0.7491899728775024,0.7855886816978455,0.6508063673973083,0.7970098853111267,0.6294565796852112,0.7914212346076965,0.6457806825637817,0.7859328389167786,ㅎ
0.6531264781951904,0.6789650917053223,0.6356048583984375,0.5847405195236206,0.655326247215271,0.46005570888519287,0.6772122383117676,0.37452489137649536,0.7155392169952393,0.29549914598464966,0.7659667134284973,0.5068860650062561,0.6455675363540649,0.54533851146698,0.6078668236732483,0.5582204461097717,0.6210981607437134,0.557809591293335,0.7965060472488403,0.6057568788528442,0.6313676834106445,0.648659884929657,0.6195686459541321,0.6331639885902405,0.6551300287246704,0.6082125306129456,0.7995719909667969,0.7024829983711243,0.6427425742149353,0.726834774017334,0.6360471248626709,0.7110423445701599,0.6746588349342346,0.6906706690788269,0.788482129573822,0.7826722860336304,0.6664541363716125,0.7929655313491821,0.6497899889945984,0.7790009379386902,0.6713588237762451,0.7649987936019897,ㅎ
0.5441914796829224,0.7328840494155884,0.5193418264389038,0.6407598257064819,0.5196620225906372,0.5396151542663574,0.5331928133964539,0.46703678369522095,0.5525403022766113,0.4023708701133728,0.5852368474006653,0.5440109372138977,0.48025253415107727,0.576052188873291,0.48294809460639954,0.6091926693916321,0.5142818093299866,0.6098127365112305,0.6091489791870117,0.6057292819023132,0.48194217681884766,0.6474499106407166,0.49861860275268555,0.6620140671730042,0.5377062559127808,0.6475218534469604,0.6169776320457458,0.6758308410644531,0.49804288148880005,0.7080365419387817,0.5148659348487854,0.7117623686790466,0.5500587821006775,0.6986087560653687,0.6136232614517212,0.7446889877319336,0.5218613147735596,0.761163592338562,0.5328054428100586,0.7565186023712158,0.5643821954727173,0.7439409494400024,ㅎ
0.553525447845459,0.7667904496192932,0.5336220264434814,0.6725460290908813,0.5369411110877991,0.5711323022842407,0.5516933798789978,0.4978620707988739,0.5731722116470337,0.44011592864990234,0.6034039855003357,0.569056510925293,0.508292019367218,0.5886480212211609,0.5056189298629761,0.6228453516960144,0.5322394967079163,0.6273804306983948,0.6247119903564453,0.6283082962036133,0.5035672783851624,0.6591159701347351,0.5159875154495239,0.6791713833808899,0.5514925122261047,0.669108510017395,0.6303465366363525,0.6954388618469238,0.5152386426925659,0.7204784154891968,0.5291228294372559,0.7309723496437073,0.561652421951294,0.7228372097015381,0.6251464486122131,0.7601569890975952,0.5347186326980591,0.7691238522529602,0.5409823656082153,0.7705888152122498,0.5676137804985046,0.7637619972229004,ㅎ
0.5377976894378662,0.7460086941719055,0.5156608819961548,0.6482831835746765,0.517365038394928,0.5487412214279175,0.5307290554046631,0.4751300811767578,0.5525285601615906,0.4114267826080322,0.5804056525230408,0.5493116974830627,0.47729939222335815,0.5761958360671997,0.4824286103248596,0.6074787974357605,0.5144738554954529,0.6070866584777832,0.5993722677230835,0.6103102564811707,0.47533607482910156,0.6449372172355652,0.49354907870292664,0.6611064076423645,0.5299543142318726,0.647384524345398,0.6045343279838562,0.6788278818130493,0.487099289894104,0.7062216997146606,0.5051001310348511,0.7142757177352905,0.5380715727806091,0.7026941776275635,0.5999513268470764,0.7462337017059326,0.5076745748519897,0.7584994435310364,0.5183019042015076,0.7569926977157593,0.5479966402053833,0.7453491687774658,ㅎ
0.5364869236946106,0.7637548446655273,0.5033166408538818,0.6644608378410339,0.496113657951355,0.5764970779418945,0.5001246333122253,0.5103678703308105,0.5072844624519348,0.4588537812232971,0.5251715183258057,0.5432463884353638,0.46889442205429077,0.5702696442604065,0.48131805658340454,0.5933404564857483,0.506779670715332,0.5864053964614868,0.5437614917755127,0.586402177810669,0.469610333442688,0.6198228597640991,0.48861807584762573,0.62604820728302,0.5142732262611389,0.6138555407524109,0.5538862943649292,0.6359100937843323,0.47967594861984253,0.6596971750259399,0.4946954548358917,0.6668140888214111,0.519540011882782,0.6552039980888367,0.555290162563324,0.6863995790481567,0.49044641852378845,0.7041627764701843,0.4994557201862335,0.706301212310791,0.5218632221221924,0.6956795454025269,ㅎ
0.6058982014656067,0.7820481061935425,0.5805359482765198,0.6867920756340027,0.5758082866668701,0.6000004410743713,0.5821804404258728,0.5345336198806763,0.6015288829803467,0.4855734407901764,0.6090095639228821,0.5702001452445984,0.5297513008117676,0.5790322422981262,0.5355520844459534,0.6134097576141357,0.5562537312507629,0.6143975853919983,0.6153563261032104,0.6070355772972107,0.5266066789627075,0.6240687966346741,0.54195636510849,0.6465875506401062,0.564842700958252,0.6470324397087097,0.6144165396690369,0.6504473686218262,0.532666802406311,0.6623826026916504,0.5463573932647705,0.6831116080284119,0.5693045258522034,0.6830556988716125,0.6092703342437744,0.6956560611724854,0.5441184639930725,0.7017636895179749,0.5515044331550598,0.7146146297454834,0.5699476599693298,0.7155171036720276,ㅎ
0.6117625832557678,0.8048020005226135,0.6045956611633301,0.7133916616439819,0.6035515069961548,0.6129075288772583,0.6132462620735168,0.5374842882156372,0.6409555077552795,0.4864819645881653,0.6218075156211853,0.5847036242485046,0.5321632623672485,0.574242115020752,0.5401929616928101,0.6107394695281982,0.5645673274993896,0.6177784204483032,0.6174424290657043,0.6289171576499939,0.5161165595054626,0.6197348237037659,0.533516526222229,0.6482744216918945,0.5596584677696228,0.6554930806159973,0.6068605184555054,0.676969051361084,0.5143395662307739,0.6635984182357788,0.5315990447998047,0.6892189979553223,0.5570279359817505,0.696419894695282,0.5924773216247559,0.7253775596618652,0.5208458304405212,0.7088195085525513,0.5351735353469849,0.7269672751426697,0.5593293309211731,0.7344622611999512,ㅎ
0.6435006856918335,0.7981475591659546,0.6398012042045593,0.7029685974121094,0.6382355690002441,0.5990934371948242,0.6498667597770691,0.5207177996635437,0.6831306219100952,0.46990007162094116,0.6541560888290405,0.5707380771636963,0.561362624168396,0.5532786846160889,0.5709301233291626,0.5936904549598694,0.5984881520271301,0.6036607027053833,0.6478350162506104,0.6177683472633362,0.5452387928962708,0.6055214405059814,0.5649828910827637,0.6357008218765259,0.5934817790985107,0.6430917978286743,0.6361045837402344,0.6691797971725464,0.5452294945716858,0.652917206287384,0.5634538531303406,0.6792949438095093,0.5902363657951355,0.6865801215171814,0.6221972703933716,0.7213818430900574,0.5521910190582275,0.7008768916130066,0.5682114958763123,0.7187851667404175,0.5944822430610657,0.7271611094474792,ㅎ
0.6460196375846863,0.7188742160797119,0.6189215779304504,0.6220707893371582,0.6104772686958313,0.5281304121017456,0.6147585511207581,0.4611854553222656,0.6318030953407288,0.4096120595932007,0.6395565271377563,0.4916958808898926,0.5563345551490784,0.5117432475090027,0.56739741563797,0.5447554588317871,0.5937572717666626,0.5471039414405823,0.6480022072792053,0.5335021615028381,0.5541296005249023,0.558045506477356,0.5736522674560547,0.5784969925880432,0.5992348194122314,0.5778937935829163,0.6492035388946533,0.5829845070838928,0.5614387392997742,0.5985004901885986,0.5775246620178223,0.6159026622772217,0.6022499203681946,0.6135247945785522,0.644329845905304,0.636365532875061,0.5722545981407166,0.6405118107795715,0.5835695266723633,0.6512846350669861,0.6067952513694763,0.6516838669776917,ㅎ
0.6681183576583862,0.6752517819404602,0.6243864297866821,0.5753353834152222,0.6045499444007874,0.485993891954422,0.6004754900932312,0.41637372970581055,0.608055591583252,0.3607858419418335,0.653440535068512,0.44892439246177673,0.5665030479431152,0.48194897174835205,0.570735514163971,0.5150297284126282,0.5935487747192383,0.510973334312439,0.6729789972305298,0.4904040992259979,0.5728570818901062,0.5380848050117493,0.586073637008667,0.556665301322937,0.6099376678466797,0.5469217896461487,0.6835905909538269,0.542036771774292,0.5890518426895142,0.5814588665962219,0.6023997068405151,0.5947218537330627,0.6273770332336426,0.5858721137046814,0.6874834895133972,0.5971560478210449,0.6115288734436035,0.620552122592926,0.6172694563865662,0.6276688575744629,0.6377730369567871,0.6230046153068542,ㅎ
0.7039700150489807,0.5786647200584412,0.6644998788833618,0.48066920042037964,0.6491161584854126,0.3707207143306732,0.6598485708236694,0.2977522313594818,0.6737300157546997,0.21749407052993774,0.734794020652771,0.37960097193717957,0.6222744584083557,0.43577948212623596,0.6154741644859314,0.4637160897254944,0.6391448974609375,0.45000237226486206,0.7662338018417358,0.44792842864990234,0.6299705505371094,0.5177001357078552,0.6311273574829102,0.529573380947113,0.6683541536331177,0.4988618791103363,0.781525731086731,0.5253266096115112,0.6550764441490173,0.5856543183326721,0.6602516174316406,0.5787895321846008,0.6941491961479187,0.5563613176345825,0.7860692143440247,0.5963246822357178,0.689767062664032,0.6309880018234253,0.6902517676353455,0.6184191107749939,0.7202782034873962,0.6014562845230103,ㅎ
0.6909785866737366,0.6213929653167725,0.646255373954773,0.5407629609107971,0.6257475018501282,0.41485610604286194,0.6242283582687378,0.3209722936153412,0.6434683799743652,0.2227737009525299,0.7342485785484314,0.43692678213119507,0.6100771427154541,0.5299650430679321,0.6062532663345337,0.5249757170677185,0.6370652914047241,0.5027949810028076,0.7866026759147644,0.5282301306724548,0.6225029826164246,0.6468096971511841,0.639881432056427,0.6097565293312073,0.6840413212776184,0.5636914372444153,0.8121280074119568,0.6223510503768921,0.6557493805885315,0.7160291075706482,0.6680110692977905,0.6821689605712891,0.7095292806625366,0.6425968408584595,0.8195127844810486,0.707231879234314,0.7049963474273682,0.7648747563362122,0.707575798034668,0.7412829399108887,0.7389857769012451,0.712993323802948,ㅎ
0.5740333795547485,0.6622969508171082,0.5200034976005554,0.5953196883201599,0.4872834086418152,0.4825912117958069,0.47502371668815613,0.39986151456832886,0.47144922614097595,0.30477720499038696,0.5695422887802124,0.47685298323631287,0.45917871594429016,0.6003966331481934,0.4697943329811096,0.612013578414917,0.5088405013084412,0.5833208560943604,0.6265071034431458,0.5438662171363831,0.4830820560455322,0.701191246509552,0.5060807466506958,0.68080735206604,0.5510512590408325,0.6313182711601257,0.6627270579338074,0.623993456363678,0.5261857509613037,0.7600690722465515,0.5437115430831909,0.736444354057312,0.5838903784751892,0.6908107995986938,0.6843849420547485,0.7038947939872742,0.5751793384552002,0.7962353229522705,0.5808072686195374,0.7786409854888916,0.6143078207969666,0.7444514632225037,ㅎ
0.617535412311554,0.6706445217132568,0.5559786558151245,0.6228795647621155,0.5110077857971191,0.5195299386978149,0.48742517828941345,0.43912869691848755,0.4681323766708374,0.3455343246459961,0.5972180962562561,0.4796125292778015,0.5246199369430542,0.628883421421051,0.5221524834632874,0.6298891305923462,0.5433830618858337,0.5870187282562256,0.6649389863014221,0.5326384902000427,0.5646845102310181,0.7175778746604919,0.5677528381347656,0.6891862154006958,0.5920279026031494,0.6241921782493591,0.7124285697937012,0.6008538007736206,0.6087796688079834,0.7595573663711548,0.6086909770965576,0.7356342077255249,0.6316285133361816,0.6790554523468018,0.7423574924468994,0.6684907078742981,0.6585572957992554,0.7779733538627625,0.6527466773986816,0.7651097178459167,0.6718485951423645,0.7269018888473511,ㅎ
0.6411905288696289,0.6150839328765869,0.5842113494873047,0.570817232131958,0.536677896976471,0.4919138550758362,0.5120756030082703,0.42989811301231384,0.4882720410823822,0.3502499461174011,0.6121993064880371,0.4589329957962036,0.5395263433456421,0.5836536884307861,0.5416013598442078,0.5933061838150024,0.5618664622306824,0.5584651231765747,0.668226957321167,0.5014282464981079,0.5769445896148682,0.6530778408050537,0.5780705809593201,0.6408935189247131,0.5999698042869568,0.5846485495567322,0.7111028432846069,0.5572535395622253,0.6186714172363281,0.6940742135047913,0.6202194094657898,0.6767715215682983,0.6416479349136353,0.6319491863250732,0.7407456636428833,0.612892746925354,0.6652471423149109,0.7107027173042297,0.6626677513122559,0.7028014659881592,0.6827400326728821,0.6735687851905823,ㅎ
0.684056282043457,0.7021867632865906,0.6206652522087097,0.638661801815033,0.56003737449646,0.5571581125259399,0.5110460519790649,0.5055771470069885,0.47363072633743286,0.44115179777145386,0.6623014807701111,0.5227925181388855,0.566267728805542,0.6152514219284058,0.5707020163536072,0.6346588134765625,0.593887984752655,0.6117365956306458,0.7065529823303223,0.5777938961982727,0.5893611907958984,0.6858551502227783,0.5992375016212463,0.6805862188339233,0.6282339096069336,0.6449869275093079,0.7337561845779419,0.644270658493042,0.6212289333343506,0.7396544218063354,0.6320915222167969,0.7276546359062195,0.6628295183181763,0.6988551020622253,0.7480529546737671,0.7067857980728149,0.6606943607330322,0.7731229066848755,0.6660478711128235,0.7641540765762329,0.693469762802124,0.7420433759689331,ㅎ
0.6945129036903381,0.6756940484046936,0.6346107125282288,0.5973517298698425,0.5845226049423218,0.5127840042114258,0.5442955493927002,0.4540312886238098,0.5105058550834656,0.3965207636356354,0.6597212553024292,0.45386484265327454,0.5700168013572693,0.5186919569969177,0.5781742930412292,0.5476999282836914,0.6012438535690308,0.5381239652633667,0.6930994987487793,0.4999755918979645,0.5910576581954956,0.5770197510719299,0.6038036346435547,0.5892032980918884,0.6304255127906799,0.5704935193061829,0.7156481742858887,0.5605220794677734,0.6188910603523254,0.6258683204650879,0.631991446018219,0.6321955323219299,0.660366415977478,0.6172547340393066,0.7288647294044495,0.6222004890441895,0.6523509621620178,0.665235698223114,0.6556821465492249,0.6680803298950195,0.678544819355011,0.6567685008049011,ㅎ
0.7024745941162109,0.6996889114379883,0.6597865223884583,0.6122648119926453,0.632436215877533,0.526238203048706,0.6126583814620972,0.4640612304210663,0.598597526550293,0.40770041942596436,0.6977857351303101,0.49052926898002625,0.6121730208396912,0.5211939215660095,0.6138492226600647,0.5551472306251526,0.6361407041549683,0.5569223165512085,0.7213098406791687,0.5353988409042358,0.6191241145133972,0.5811545252799988,0.6326881647109985,0.6025124192237854,0.6579813957214355,0.594192385673523,0.7336422801017761,0.591602623462677,0.6356245279312134,0.6312344074249268,0.6510604023933411,0.645581841468811,0.676301121711731,0.6389519572257996,0.7370118498802185,0.650914192199707,0.6601057052612305,0.6743307709693909,0.6678696274757385,0.6790555715560913,0.6904646158218384,0.6732059121131897,ㅎ
0.7030963897705078,0.7407246828079224,0.6591501235961914,0.6542673707008362,0.6311176419258118,0.5721369385719299,0.6161621809005737,0.5090808868408203,0.6076019406318665,0.4542492628097534,0.6785162091255188,0.5428488850593567,0.5980621576309204,0.5792717337608337,0.6084086298942566,0.6042110323905945,0.6322702765464783,0.5956109166145325,0.6984460353851318,0.5854330062866211,0.60516756772995,0.6354928612709045,0.6238104104995728,0.6460738182067871,0.6474505662918091,0.631169319152832,0.7098556160926819,0.6372966766357422,0.6218342781066895,0.6826351881027222,0.6391409039497375,0.6877247095108032,0.6628761291503906,0.6751944422721863,0.7146236896514893,0.6922548413276672,0.6441412568092346,0.7239398956298828,0.6558212637901306,0.7222499251365662,0.678914487361908,0.7102587819099426,ㅎ
0.7110698223114014,0.7549241781234741,0.677535891532898,0.6759741902351379,0.6405940651893616,0.5947981476783752,0.6185925602912903,0.5275151133537292,0.6185102462768555,0.46662694215774536,0.6464224457740784,0.5723666548728943,0.5652429461479187,0.6089651584625244,0.5844259858131409,0.6325457096099854,0.6074780821800232,0.6263055205345154,0.6550397276878357,0.6186587810516357,0.5662571787834167,0.6625754833221436,0.5915381908416748,0.671470582485199,0.6175748705863953,0.661726713180542,0.6608886122703552,0.6687281131744385,0.579566240310669,0.7030010223388672,0.6036882996559143,0.7102672457695007,0.6290438175201416,0.6992121338844299,0.6653766632080078,0.7177642583847046,0.6019843220710754,0.739364743232727,0.6212819218635559,0.7431440353393555,0.6451630592346191,0.7340344190597534,ㅎ
0.735146701335907,0.7638052701950073,0.7115103006362915,0.6817603707313538,0.6741026043891907,0.5938652753829956,0.6530018448829651,0.5242217779159546,0.6535646915435791,0.4612051844596863,0.666419267654419,0.5800943374633789,0.582425057888031,0.6119183897972107,0.602557897567749,0.6340689659118652,0.6284283399581909,0.6309500932693481,0.6717476844787598,0.633094847202301,0.5783905386924744,0.6655297875404358,0.6039507985115051,0.6767846941947937,0.6328570246696472,0.6720340847969055,0.6762279272079468,0.6896011829376221,0.5893739461898804,0.7116194367408752,0.6158920526504517,0.720128059387207,0.6450759172439575,0.7139216661453247,0.6800451874732971,0.7445073127746582,0.6117789149284363,0.7549957633018494,0.6337717175483704,0.7589598894119263,0.66065514087677,0.753010630607605,ㅎ
0.7417036890983582,0.7645569443702698,0.7192277312278748,0.6787633895874023,0.682758629322052,0.5887773036956787,0.6643032431602478,0.5176486968994141,0.665611743927002,0.4558660089969635,0.6711273193359375,0.5845828652381897,0.5849069952964783,0.6135324835777283,0.6087368726730347,0.6306419372558594,0.6365104913711548,0.6238667368888855,0.6743597388267517,0.6414119601249695,0.5821760892868042,0.6702820062637329,0.6098795533180237,0.6767364740371704,0.6398739814758301,0.6702985167503357,0.677474319934845,0.6993029117584229,0.593906819820404,0.7179268598556519,0.6204972267150879,0.7229470014572144,0.6495960354804993,0.7169888615608215,0.6806972026824951,0.7528656125068665,0.6154801845550537,0.7623997926712036,0.6381365656852722,0.762882649898529,0.6648728251457214,0.7554530501365662,ㅎ
0.7554662823677063,0.6890979409217834,0.7361026406288147,0.6071091890335083,0.6975541710853577,0.5191229581832886,0.6734001040458679,0.45175617933273315,0.6697801947593689,0.3953595757484436,0.6688727140426636,0.5238107442855835,0.5881311297416687,0.5568210482597351,0.6109994649887085,0.5735745429992676,0.6386164426803589,0.5651323199272156,0.6697665452957153,0.5818074941635132,0.5865396857261658,0.612490713596344,0.6136094927787781,0.6215705871582031,0.6427160501480103,0.6133508086204529,0.6718611717224121,0.638892650604248,0.5953172445297241,0.6586272716522217,0.6225752234458923,0.6655095219612122,0.6522942185401917,0.6577094197273254,0.6752341389656067,0.6929000616073608,0.6152750849723816,0.7028186917304993,0.6397005915641785,0.7043642401695251,0.6669377684593201,0.6963289380073547,ㅎ
0.749603271484375,0.6287251710891724,0.7261998653411865,0.5454279184341431,0.6802967190742493,0.458895206451416,0.650101900100708,0.39244452118873596,0.6386563777923584,0.3321417570114136,0.6656386852264404,0.4476121664047241,0.5688323974609375,0.4893379807472229,0.5909635424613953,0.5136203169822693,0.6222001910209656,0.5060101747512817,0.6719289422035217,0.5049070119857788,0.5676651000976562,0.5507826805114746,0.5965358018875122,0.5634305477142334,0.6293278932571411,0.5518137812614441,0.6788370609283447,0.5666284561157227,0.5852357149124146,0.6041558384895325,0.6144522428512573,0.6111340522766113,0.646892249584198,0.5993826985359192,0.6860764622688293,0.6267412304878235,0.609990656375885,0.6501650810241699,0.6328434944152832,0.6498847603797913,0.6621843576431274,0.637917697429657,ㅎ
0.6821851134300232,0.7243720889091492,0.6233831644058228,0.6234197616577148,0.5961129069328308,0.5222560167312622,0.5879512429237366,0.44024503231048584,0.5859720706939697,0.3719559907913208,0.6400880813598633,0.4668199419975281,0.5454754829406738,0.5211890935897827,0.5631234645843506,0.5606977343559265,0.5937069654464722,0.5542819499969482,0.6624301075935364,0.5125234723091125,0.555671751499176,0.5806609988212585,0.5808310508728027,0.6017351746559143,0.6097775101661682,0.5904478430747986,0.6774961352348328,0.5706993937492371,0.5747400522232056,0.6283993124961853,0.5982564687728882,0.6453648209571838,0.6280149221420288,0.6317514181137085,0.6861933469772339,0.6359138488769531,0.6000515818595886,0.6740545034408569,0.6138511896133423,0.6844227313995361,0.640971302986145,0.6746802926063538,ㅎ
0.7243752479553223,0.7468140125274658,0.6736922264099121,0.629692018032074,0.6435205340385437,0.5244688987731934,0.6334112286567688,0.43930697441101074,0.636505663394928,0.36382946372032166,0.6964892745018005,0.5041550993919373,0.5884156227111816,0.5597489476203918,0.6047574281692505,0.5961436629295349,0.6381444334983826,0.5848418474197388,0.7198264598846436,0.5713621973991394,0.594628095626831,0.6344457268714905,0.6214658617973328,0.6491738557815552,0.6539064645767212,0.630500316619873,0.7343223690986633,0.6438639163970947,0.614700973033905,0.6971292495727539,0.6407684087753296,0.705273449420929,0.6760011911392212,0.6895828247070312,0.741300106048584,0.7161470055580139,0.643480122089386,0.7457989454269409,0.6594263315200806,0.7434942126274109,0.6930320858955383,0.7284046411514282,ㅎ
0.7095282673835754,0.6835569143295288,0.6530323028564453,0.5538291931152344,0.621770977973938,0.4294034540653229,0.6145713925361633,0.3278188705444336,0.6153973340988159,0.2383520007133484,0.6765090227127075,0.41615527868270874,0.5465660095214844,0.4732193946838379,0.5646312236785889,0.5090801119804382,0.6050548553466797,0.4950837194919586,0.7007535696029663,0.494159996509552,0.5544537901878357,0.5567094087600708,0.585932195186615,0.5711283683776855,0.6268104910850525,0.5519772171974182,0.7134868502616882,0.5800997614860535,0.5762855410575867,0.6318677663803101,0.6061882376670837,0.6387117505073547,0.6498553156852722,0.6228917837142944,0.7185353636741638,0.6658931374549866,0.6062932014465332,0.6932154297828674,0.6285310983657837,0.6882114410400391,0.6722691059112549,0.6730863451957703,ㅎ
0.5538972020149231,0.6508739590644836,0.49922966957092285,0.49667108058929443,0.46616992354393005,0.3440735638141632,0.4584062993526459,0.21901559829711914,0.4692324697971344,0.10889643430709839,0.5210464000701904,0.358214408159256,0.35356199741363525,0.4226621091365814,0.3697299361228943,0.46224445104599,0.41932782530784607,0.4432491660118103,0.5421852469444275,0.46848899126052856,0.35639089345932007,0.528748631477356,0.3929276168346405,0.5389482975006104,0.44531479477882385,0.5205028057098389,0.5504531860351562,0.5744123458862305,0.37975195050239563,0.6218109130859375,0.41164466738700867,0.6219555139541626,0.46320122480392456,0.5991035103797913,0.5513551235198975,0.6734676361083984,0.4170423746109009,0.6994988918304443,0.4384727478027344,0.6889228224754333,0.48484036326408386,0.6707725524902344,ㅎ
0.5720518231391907,0.7418848872184753,0.5219323635101318,0.6118614673614502,0.4946100413799286,0.4864044785499573,0.48931699991226196,0.3856172263622284,0.5001189112663269,0.29720768332481384,0.5391209125518799,0.490967720746994,0.4044325351715088,0.5375353693962097,0.41871094703674316,0.5718763470649719,0.45672911405563354,0.5599505305290222,0.5532267689704895,0.5788648724555969,0.4055672287940979,0.613179624080658,0.4336100220680237,0.6276028156280518,0.47317826747894287,0.6164610981941223,0.5583045482635498,0.6623209714889526,0.42098599672317505,0.6853494644165039,0.4476393461227417,0.6917101144790649,0.4888969957828522,0.6775542497634888,0.5565813779830933,0.7382497191429138,0.44846585392951965,0.7443437576293945,0.47008609771728516,0.7410913109779358,0.5105916857719421,0.7309805750846863,ㅎ
0.31983232498168945,0.6955939531326294,0.34837615489959717,0.5936665534973145,0.357073575258255,0.4851740598678589,0.36165887117385864,0.40327510237693787,0.35018622875213623,0.32653099298477173,0.26972442865371704,0.47740206122398376,0.38733944296836853,0.4725233316421509,0.3863253891468048,0.515961229801178,0.3504723906517029,0.5281839370727539,0.2553427517414093,0.5454195737838745,0.39142045378685,0.538547694683075,0.3744361698627472,0.576102077960968,0.3425128757953644,0.5853489637374878,0.25980356335639954,0.6186476349830627,0.38565531373023987,0.6107397675514221,0.3653299808502197,0.6398752331733704,0.33366042375564575,0.6429448127746582,0.2713567018508911,0.6870845556259155,0.3655836582183838,0.6753631234169006,0.3511592149734497,0.6857556104660034,0.31987643241882324,0.6878045797348022,ㅎ
0.3256525695323944,0.6819525957107544,0.36502566933631897,0.5677112936973572,0.3821568489074707,0.46371710300445557,0.38707423210144043,0.3836229145526886,0.3791254758834839,0.31204211711883545,0.33476725220680237,0.45207303762435913,0.4274728298187256,0.4592176079750061,0.41873931884765625,0.49502015113830566,0.38989323377609253,0.4956667423248291,0.32438790798187256,0.5083913803100586,0.43333300948143005,0.512754499912262,0.41505885124206543,0.5417405962944031,0.3865235447883606,0.535121738910675,0.324122816324234,0.5665763020515442,0.4289224147796631,0.5648466348648071,0.4087982475757599,0.5871935486793518,0.38244202733039856,0.5826289057731628,0.3317069709300995,0.6206126809120178,0.4100339412689209,0.6120802164077759,0.3943435549736023,0.6215695738792419,0.3671151399612427,0.6206008195877075,ㅎ
0.32086703181266785,0.6929486989974976,0.36514589190483093,0.5946431756019592,0.38227394223213196,0.501829981803894,0.3887407183647156,0.43644198775291443,0.3878013491630554,0.3707098960876465,0.3293091058731079,0.47622430324554443,0.41487351059913635,0.4880852699279785,0.4054732024669647,0.5224938988685608,0.37907302379608154,0.5198802947998047,0.3179241418838501,0.5233563184738159,0.4186292290687561,0.5362899899482727,0.3998315930366516,0.5599861741065979,0.3725908398628235,0.5553081631660461,0.31550395488739014,0.5772206783294678,0.41083937883377075,0.5881279706954956,0.39232397079467773,0.6089844107627869,0.3693239092826843,0.6052159667015076,0.3194327652454376,0.6286622881889343,0.393653005361557,0.6316046118736267,0.37975120544433594,0.6427350640296936,0.3538459837436676,0.6393747329711914,ㅎ
0.3327377438545227,0.6750136017799377,0.3699108362197876,0.5949339866638184,0.394815057516098,0.5154639482498169,0.40784093737602234,0.45482397079467773,0.4054064154624939,0.40081191062927246,0.35930579900741577,0.48894280195236206,0.4371829926967621,0.5017439126968384,0.4267088770866394,0.5296949148178101,0.404471755027771,0.5294394493103027,0.3505060076713562,0.5280246734619141,0.4416620433330536,0.5445041656494141,0.42252790927886963,0.562738299369812,0.39927923679351807,0.5579124689102173,0.34880635142326355,0.5733089447021484,0.4355013072490692,0.5867488384246826,0.41505032777786255,0.6031014919281006,0.3947676122188568,0.5994417667388916,0.3523554801940918,0.6183268427848816,0.4215008616447449,0.6238751411437988,0.40677258372306824,0.6331766843795776,0.3847161531448364,0.6310107707977295,ㅎ
0.31188535690307617,0.6707024574279785,0.34743165969848633,0.5919591784477234,0.37429821491241455,0.5153889060020447,0.38973358273506165,0.45547449588775635,0.3937477767467499,0.39852750301361084,0.3385029733181,0.49537667632102966,0.4200381636619568,0.5040571093559265,0.4101075828075409,0.5338723659515381,0.3852633535861969,0.535894513130188,0.3287949562072754,0.5366888642311096,0.42139148712158203,0.5482699275016785,0.40501341223716736,0.5675638914108276,0.3821123540401459,0.566383421421051,0.3257535398006439,0.5830096006393433,0.4137718379497528,0.592814564704895,0.3967583477497101,0.6081796884536743,0.37641194462776184,0.606063961982727,0.32856714725494385,0.6277228593826294,0.3991203010082245,0.6330519914627075,0.38662537932395935,0.6421611309051514,0.3625590205192566,0.6403020620346069,ㅎ
0.3091198205947876,0.6442985534667969,0.3465707302093506,0.5594568252563477,0.3738880157470703,0.4693664610385895,0.38797634840011597,0.401117742061615,0.38506773114204407,0.33537477254867554,0.3294377028942108,0.4532035291194916,0.4245796203613281,0.4667786657810211,0.415215402841568,0.49923175573349,0.38617944717407227,0.4977387487888336,0.32252371311187744,0.5061090588569641,0.42869797348976135,0.513739824295044,0.412679523229599,0.5346096754074097,0.385242223739624,0.5330093502998352,0.32418474555015564,0.5614256262779236,0.4247192442417145,0.5647150278091431,0.40375909209251404,0.5825469493865967,0.3774396777153015,0.5816683173179626,0.3321698009967804,0.6127780675888062,0.41004401445388794,0.6086366176605225,0.3934149444103241,0.6173678636550903,0.3652811646461487,0.6175309419631958,ㅎ
0.2882278859615326,0.632379949092865,0.3281060457229614,0.5221419930458069,0.35373252630233765,0.41715848445892334,0.36466479301452637,0.34343430399894714,0.36049169301986694,0.26717624068260193,0.2918921709060669,0.4249792993068695,0.4053327441215515,0.42789745330810547,0.40512654185295105,0.46221214532852173,0.3747846484184265,0.4655718207359314,0.2867560386657715,0.4966031014919281,0.4188418984413147,0.49144837260246277,0.40606802701950073,0.5141006708145142,0.3714756667613983,0.5151958465576172,0.29270657896995544,0.5669655799865723,0.41594478487968445,0.5539954304695129,0.39882737398147583,0.5719959735870361,0.3673115670681,0.5764428973197937,0.30424681305885315,0.6290004253387451,0.3975850045681,0.6113072633743286,0.3824254870414734,0.6148937940597534,0.34889787435531616,0.6204549074172974,ㅎ
0.29212242364883423,0.6370267271995544,0.3321366608142853,0.5083945393562317,0.35814598202705383,0.38857781887054443,0.37088078260421753,0.3050168454647064,0.3674813508987427,0.22115173935890198,0.29530757665634155,0.4104539752006531,0.4194656312465668,0.4120607376098633,0.41685640811920166,0.4458243250846863,0.38188979029655457,0.4477517902851105,0.2917468547821045,0.4934181272983551,0.4347051978111267,0.48342767357826233,0.420605331659317,0.5039376020431519,0.38329124450683594,0.5036032795906067,0.3011956810951233,0.571923553943634,0.43228811025619507,0.5517075061798096,0.4151359796524048,0.5654618740081787,0.3814256191253662,0.5661513805389404,0.3152972459793091,0.639376699924469,0.4139583706855774,0.6195623874664307,0.3983657956123352,0.6173606514930725,0.3624325692653656,0.6180676221847534,ㅎ
0.19565033912658691,0.6492503881454468,0.23987731337547302,0.5282277464866638,0.29834508895874023,0.3954855501651764,0.3272237777709961,0.2965606451034546,0.32340848445892334,0.20985716581344604,0.25987479090690613,0.41652238368988037,0.3954460322856903,0.429741233587265,0.3779183626174927,0.4531974792480469,0.3369937241077423,0.45236533880233765,0.2534116804599762,0.5035108923912048,0.412428617477417,0.5060067772865295,0.3823713958263397,0.5189486742019653,0.3344190716743469,0.5208224654197693,0.2591509521007538,0.5868920087814331,0.4074094295501709,0.5778065919876099,0.37556594610214233,0.585222601890564,0.33151742815971375,0.5846318602561951,0.26945793628692627,0.6594148278236389,0.3854197859764099,0.6446058750152588,0.35929858684539795,0.6491672992706299,0.3152903914451599,0.649838387966156,ㅎ
0.21159973740577698,0.666480302810669,0.23147505521774292,0.5702040791511536,0.28420570492744446,0.4675220251083374,0.31821882724761963,0.39051660895347595,0.3254413604736328,0.3233899474143982,0.30507850646972656,0.46803730726242065,0.40265101194381714,0.49730342626571655,0.3840181529521942,0.5150547027587891,0.3496280014514923,0.5136629343032837,0.30757373571395874,0.5332483053207397,0.4125562310218811,0.5543930530548096,0.3872494697570801,0.5657910704612732,0.3503877818584442,0.5628098845481873,0.3110179603099823,0.6008388996124268,0.40872707962989807,0.6106420755386353,0.381514310836792,0.6188665628433228,0.34672778844833374,0.6156036853790283,0.3142600655555725,0.6641365885734558,0.39342623949050903,0.6626510620117188,0.36923664808273315,0.6683593392372131,0.33683261275291443,0.6666897535324097,ㅎ
0.26834723353385925,0.673355221748352,0.2931572496891022,0.5848120450973511,0.3408023715019226,0.49350661039352417,0.3708495497703552,0.4198850393295288,0.3789663314819336,0.3558191657066345,0.3512628972530365,0.4774089455604553,0.44272005558013916,0.5098931789398193,0.42323949933052063,0.5320188403129578,0.39154359698295593,0.527367115020752,0.3495701551437378,0.5307167172431946,0.4486936330795288,0.5619286298751831,0.42516782879829407,0.5756497979164124,0.39336973428726196,0.5685293674468994,0.35006487369537354,0.5907451510429382,0.4431675672531128,0.6126541495323181,0.4184305965900421,0.6222137808799744,0.3885907530784607,0.6140808463096619,0.3519439995288849,0.6498186588287354,0.4277213215827942,0.6594951748847961,0.4065868854522705,0.6655488610267639,0.37744343280792236,0.6591448783874512,ㅎ
0.26662129163742065,0.6640202403068542,0.3127657175064087,0.5963776111602783,0.3640943169593811,0.5221655368804932,0.3965623378753662,0.46063679456710815,0.4054432511329651,0.40360939502716064,0.3471618890762329,0.4931733310222626,0.42383477091789246,0.5431515574455261,0.4021664261817932,0.5612409710884094,0.3776245415210724,0.5482993721961975,0.32915136218070984,0.5335882306098938,0.4167320728302002,0.5893692970275879,0.3908015489578247,0.5951831936836243,0.368205726146698,0.5829769372940063,0.31666111946105957,0.5801227688789368,0.3988386392593384,0.6314796209335327,0.3725918233394623,0.6313466429710388,0.351953387260437,0.6173409819602966,0.3093213438987732,0.6272851228713989,0.3743240535259247,0.6632953882217407,0.3548928201198578,0.6614948511123657,0.33300310373306274,0.6471433043479919,ㅎ
0.2615402638912201,0.6529970169067383,0.3315282166004181,0.5994563698768616,0.3809652328491211,0.5276268124580383,0.4139447808265686,0.4677278995513916,0.4389326870441437,0.40697264671325684,0.34141191840171814,0.4624355733394623,0.4023745059967041,0.5398063659667969,0.38339391350746155,0.5616099834442139,0.36127784848213196,0.5412907004356384,0.3077429234981537,0.48803865909576416,0.3800336718559265,0.5797134637832642,0.3574231266975403,0.5872040390968323,0.33601945638656616,0.5635319352149963,0.2802794277667999,0.5285834074020386,0.3497301936149597,0.6144640445709229,0.32967695593833923,0.6176975965499878,0.31056925654411316,0.5954129099845886,0.2602459490299225,0.5744677186012268,0.318291574716568,0.6354310512542725,0.3064746856689453,0.6341193914413452,0.2844919264316559,0.613467276096344,ㅎ
0.32962554693222046,0.6577250361442566,0.3842783570289612,0.6084669828414917,0.4242914319038391,0.5345969796180725,0.4522101879119873,0.47577524185180664,0.47189173102378845,0.41828668117523193,0.36736300587654114,0.46630632877349854,0.4358973801136017,0.5428841710090637,0.41959714889526367,0.5709549188613892,0.39431896805763245,0.5544737577438354,0.33218443393707275,0.4944894313812256,0.41243159770965576,0.5846205353736877,0.39174792170524597,0.6004930734634399,0.3696790337562561,0.5843862891197205,0.30607178807258606,0.5397493243217468,0.3822321593761444,0.6237726211547852,0.3636290431022644,0.6341209411621094,0.34362950921058655,0.6161733269691467,0.28737175464630127,0.5893181562423706,0.3481335937976837,0.6490256190299988,0.33691641688346863,0.6521890163421631,0.3161238133907318,0.6372484564781189,ㅎ
0.35328611731529236,0.6637943983078003,0.4057517349720001,0.5962968468666077,0.43032750487327576,0.5058914422988892,0.4439849257469177,0.433135062456131,0.456011027097702,0.36409932374954224,0.3406640291213989,0.4426552951335907,0.4151010811328888,0.5012058019638062,0.4176551103591919,0.5437260270118713,0.39632681012153625,0.5410447120666504,0.3002015948295593,0.48194047808647156,0.39592087268829346,0.5543853640556335,0.397309809923172,0.5899970531463623,0.37675580382347107,0.5815836191177368,0.2770022451877594,0.5363152623176575,0.3664786219596863,0.5997081995010376,0.3692304193973541,0.6271193623542786,0.34783855080604553,0.6167449951171875,0.26291024684906006,0.5955742001533508,0.33286052942276,0.6362872123718262,0.3410564959049225,0.6507360935211182,0.3237624168395996,0.6421499252319336,ㅎ
0.32846540212631226,0.7008925080299377,0.3772478699684143,0.6195930242538452,0.39930468797683716,0.5112581849098206,0.41001904010772705,0.428439199924469,0.42089927196502686,0.3586857318878174,0.3015909492969513,0.4496173560619354,0.3661910593509674,0.495232492685318,0.37809744477272034,0.541790783405304,0.36335358023643494,0.5465075969696045,0.26241034269332886,0.4918164908885956,0.34796491265296936,0.556626558303833,0.3589441478252411,0.5948436856269836,0.3447403907775879,0.5951616764068604,0.23927831649780273,0.5459745526313782,0.3238433599472046,0.6105561256408691,0.33408674597740173,0.6407609581947327,0.3191877007484436,0.6358823776245117,0.22632867097854614,0.6045567393302917,0.29545384645462036,0.6501654386520386,0.30879417061805725,0.6694560050964355,0.2972654700279236,0.6637125015258789,ㅎ
0.33095893263816833,0.6835446953773499,0.36625537276268005,0.5882238149642944,0.3592678904533386,0.4797546863555908,0.34482434391975403,0.3994276523590088,0.33304664492607117,0.3296375572681427,0.25622811913490295,0.4432148337364197,0.3425410985946655,0.45690253376960754,0.3595457971096039,0.5134989619255066,0.33994394540786743,0.5274880528450012,0.22590434551239014,0.4935789406299591,0.33414721488952637,0.5171725153923035,0.3481356203556061,0.570342481136322,0.32808735966682434,0.5817971229553223,0.21440958976745605,0.5542039275169373,0.31615620851516724,0.5747365951538086,0.332438588142395,0.6157903075218201,0.3130856454372406,0.6233631372451782,0.21357835829257965,0.6180095076560974,0.2950060963630676,0.6316509246826172,0.3128015398979187,0.6572018265724182,0.29572445154190063,0.6634750366210938,ㅎ
0.25052782893180847,0.6599113345146179,0.27741318941116333,0.5581134557723999,0.2641650438308716,0.44739001989364624,0.24740800261497498,0.36370158195495605,0.22723214328289032,0.28868186473846436,0.16623099148273468,0.4360845983028412,0.28032386302948,0.4367039203643799,0.29616644978523254,0.4964646100997925,0.26655134558677673,0.517447292804718,0.14422018826007843,0.49901083111763,0.28212037682533264,0.5025050044059753,0.28766363859176636,0.5536788105964661,0.25719884037971497,0.5660792589187622,0.1430555135011673,0.569100022315979,0.2704148590564728,0.5723391175270081,0.27455294132232666,0.6122698783874512,0.24517697095870972,0.6226266622543335,0.1505962461233139,0.6394703984260559,0.24591848254203796,0.6397156715393066,0.25511378049850464,0.6577557921409607,0.23298253118991852,0.6644412875175476,ㅎ
0.3242506980895996,0.7408230900764465,0.36296772956848145,0.6435710191726685,0.3859264552593231,0.541344940662384,0.3892950713634491,0.46754366159439087,0.38314980268478394,0.4013438820838928,0.357215017080307,0.5273653268814087,0.4441894590854645,0.5520282983779907,0.4284335970878601,0.583514392375946,0.4005153775215149,0.5805409550666809,0.34649744629859924,0.5782718062400818,0.44733569025993347,0.6024947166442871,0.4226723909378052,0.6219115257263184,0.3961258828639984,0.616714358329773,0.34392350912094116,0.6336719393730164,0.44145917892456055,0.6532583832740784,0.4179743528366089,0.6686040759086609,0.3951776325702667,0.6619184613227844,0.3476765751838684,0.6870938539505005,0.4247020483016968,0.6979189515113831,0.40749239921569824,0.7057862281799316,0.3820176124572754,0.7009559869766235,ㅎ
0.37031620740890503,0.7130377292633057,0.40321481227874756,0.6264240145683289,0.43436601758003235,0.5363525748252869,0.44770556688308716,0.4673023223876953,0.441804438829422,0.41065698862075806,0.4124813973903656,0.5147148370742798,0.4956223666667938,0.5390220284461975,0.47762736678123474,0.5661829710006714,0.4522944688796997,0.5633459687232971,0.40340355038642883,0.5597960948944092,0.49930116534233093,0.5866775512695312,0.47495654225349426,0.6013928055763245,0.45204389095306396,0.5963445901870728,0.4000917077064514,0.6106124520301819,0.49249473214149475,0.6318573951721191,0.4665328860282898,0.6427403092384338,0.4450949430465698,0.638443648815155,0.4019243121147156,0.6602683067321777,0.4755498468875885,0.6701652407646179,0.4560885429382324,0.6754021048545837,0.43211057782173157,0.671684980392456,ㅎ
0.35642972588539124,0.6516802906990051,0.4012335240840912,0.5508903861045837,0.4311918020248413,0.4537302851676941,0.440982460975647,0.38340044021606445,0.4333677589893341,0.3143262267112732,0.3852657079696655,0.4487716257572174,0.48702043294906616,0.4806448221206665,0.4735298454761505,0.5107066035270691,0.4411013424396515,0.5009587407112122,0.3744169771671295,0.5130684971809387,0.4899781048297882,0.536216676235199,0.4698626399040222,0.5513376593589783,0.4389715790748596,0.5407779216766357,0.3718506395816803,0.5780734419822693,0.48207616806030273,0.5931047201156616,0.46004676818847656,0.606706976890564,0.43219268321990967,0.5997903943061829,0.3766523003578186,0.6367639303207397,0.4646678864955902,0.6434767246246338,0.4471556544303894,0.6477564573287964,0.41618025302886963,0.6440553069114685,ㅎ
0.3972294330596924,0.5663889646530151,0.44615063071250916,0.4908910095691681,0.45330381393432617,0.3730338513851166,0.4420084059238434,0.26882481575012207,0.4201718270778656,0.18768149614334106,0.3516711890697479,0.4065890312194824,0.46441125869750977,0.44581663608551025,0.45183104276657104,0.4533541202545166,0.41511720418930054,0.4421311616897583,0.3008047342300415,0.5026562809944153,0.4905567467212677,0.567530632019043,0.45089074969291687,0.5425571799278259,0.39315536618232727,0.5187562108039856,0.3002980947494507,0.6001711487770081,0.46934714913368225,0.6475512981414795,0.4391995370388031,0.631648063659668,0.38988161087036133,0.6165955662727356,0.310360848903656,0.6880995035171509,0.4376358389854431,0.7186358571052551,0.4194076657295227,0.6997756958007812,0.37582284212112427,0.6876673698425293,ㅎ
0.3605523705482483,0.619676411151886,0.40896937251091003,0.5264739990234375,0.4051564335823059,0.3988766670227051,0.38564199209213257,0.2963929772377014,0.36000698804855347,0.2149926722049713,0.3011765778064728,0.450898140668869,0.4194723963737488,0.4844353199005127,0.40838757157325745,0.49030324816703796,0.3696901500225067,0.48032286763191223,0.2563897371292114,0.5573955774307251,0.45399123430252075,0.6042987704277039,0.4094783365726471,0.5814614295959473,0.3514970541000366,0.5629101991653442,0.2635123133659363,0.6587656736373901,0.4385499358177185,0.6907896399497986,0.4067908227443695,0.6773332357406616,0.35682302713394165,0.6678608655929565,0.28279489278793335,0.7498408555984497,0.4124724566936493,0.7630898952484131,0.39094215631484985,0.7464034557342529,0.3468088209629059,0.7408319115638733,ㅎ
0.3705189824104309,0.5680493116378784,0.41499990224838257,0.5010929703712463,0.4186052083969116,0.39087727665901184,0.41472935676574707,0.30524036288261414,0.4080171287059784,0.23644095659255981,0.3200794756412506,0.4059765040874481,0.4062894284725189,0.4534601867198944,0.40264737606048584,0.46156713366508484,0.37596654891967773,0.45325374603271484,0.27321162819862366,0.4795967638492584,0.4161084294319153,0.5485302209854126,0.3933624029159546,0.5288066267967224,0.3550950288772583,0.507157564163208,0.265945702791214,0.5590028762817383,0.3977070152759552,0.6105335354804993,0.3815668523311615,0.6000820398330688,0.34651267528533936,0.5860133767127991,0.2725265622138977,0.6364082098007202,0.37355974316596985,0.6650024652481079,0.36443203687667847,0.6595256924629211,0.3321763277053833,0.6541242599487305,ㅎ
0.3927469253540039,0.6080803871154785,0.4339759647846222,0.5306410193443298,0.4424525797367096,0.4397166967391968,0.43783655762672424,0.36551058292388916,0.42842236161231995,0.295910120010376,0.35169467329978943,0.4435317814350128,0.44227126240730286,0.4867149889469147,0.4443511664867401,0.5116630792617798,0.4172391891479492,0.5101364254951477,0.3226850628852844,0.504451334476471,0.4398939311504364,0.5548112988471985,0.4308205246925354,0.5612634420394897,0.3962050676345825,0.5492098927497864,0.31623125076293945,0.5697087645530701,0.41869014501571655,0.6068551540374756,0.4126209318637848,0.6094124913215637,0.38273903727531433,0.5994530916213989,0.31743431091308594,0.6339152455329895,0.39214012026786804,0.6553652882575989,0.39204496145248413,0.6515772342681885,0.36937040090560913,0.6461195945739746,ㅎ
0.3775423765182495,0.6741033792495728,0.4118293523788452,0.5910047292709351,0.4213763177394867,0.49906450510025024,0.4185177981853485,0.43179574608802795,0.40256306529045105,0.3693014979362488,0.3679615557193756,0.4747354984283447,0.45513251423835754,0.5015329122543335,0.4470147490501404,0.5330759882926941,0.41948404908180237,0.5353874564170837,0.35412073135375977,0.5228176116943359,0.45612311363220215,0.555277943611145,0.43749454617500305,0.5783380270004272,0.4116080105304718,0.5764375329017639,0.35251492261886597,0.5799196362495422,0.4484403133392334,0.6088172197341919,0.4295562207698822,0.6265222430229187,0.4065956175327301,0.6225485801696777,0.3573838770389557,0.635848343372345,0.4320758283138275,0.6504302024841309,0.4170273542404175,0.6572870016098022,0.39267605543136597,0.6558378338813782,ㅎ
0.3696989119052887,0.6567628383636475,0.40282416343688965,0.5705137252807617,0.415418803691864,0.4788019061088562,0.41546982526779175,0.41045284271240234,0.4003533720970154,0.3432788848876953,0.3560909628868103,0.4673725366592407,0.44333478808403015,0.502348005771637,0.4374109208583832,0.5284435749053955,0.4079813063144684,0.5259586572647095,0.33727195858955383,0.5236014723777771,0.44476455450057983,0.5645366907119751,0.4270033836364746,0.5775856375694275,0.3961392045021057,0.5700018405914307,0.33366161584854126,0.5867669582366943,0.4352644383907318,0.6201717853546143,0.4162185490131378,0.6255137920379639,0.3874279260635376,0.6156399846076965,0.33727678656578064,0.6450141072273254,0.41610485315322876,0.6621271371841431,0.40192943811416626,0.6601545214653015,0.37432223558425903,0.6552286148071289,ㅎ
0.3775732219219208,0.6920491456985474,0.4210037589073181,0.5906850695610046,0.4365784525871277,0.4868573248386383,0.4344273507595062,0.40821918845176697,0.4185240864753723,0.3308362364768982,0.3755236864089966,0.4884718358516693,0.47410205006599426,0.525077223777771,0.4632002115249634,0.5560275316238403,0.42980778217315674,0.5503529906272888,0.3568969964981079,0.5524546504020691,0.47449925541877747,0.5887572765350342,0.45201176404953003,0.6070384979248047,0.41893187165260315,0.5965283513069153,0.35300472378730774,0.6201263666152954,0.46549826860427856,0.6500962376594543,0.44403141736984253,0.6609905362129211,0.4140319228172302,0.6477386951446533,0.3578663468360901,0.6815899610519409,0.44619399309158325,0.6963405013084412,0.43012383580207825,0.6977439522743225,0.3987502455711365,0.6921097040176392,ㅎ
0.4072296917438507,0.6498542428016663,0.4561973810195923,0.5437554717063904,0.47790586948394775,0.4312766492366791,0.4785548448562622,0.34701818227767944,0.4640085697174072,0.265307754278183,0.40732505917549133,0.44003361463546753,0.5172498822212219,0.4852278530597687,0.5048366785049438,0.5161865949630737,0.4695737957954407,0.5082945227622986,0.3856452405452728,0.5099289417266846,0.5164362192153931,0.5530248880386353,0.49187958240509033,0.5677937269210815,0.45595043897628784,0.5565366744995117,0.3796793818473816,0.5829302668571472,0.5035719275474548,0.6199079751968384,0.48130765557289124,0.6260181665420532,0.4493253827095032,0.6088088750839233,0.3836349844932556,0.6492698788642883,0.4826560914516449,0.6714827418327332,0.4701429009437561,0.6652014255523682,0.4398100972175598,0.6524864435195923,ㅎ
0.4256548285484314,0.5877475738525391,0.4698467552661896,0.4772878587245941,0.47847017645835876,0.357461154460907,0.48022177815437317,0.2661529779434204,0.4680708944797516,0.18070340156555176,0.37723639607429504,0.31878766417503357,0.5063047409057617,0.3621343672275543,0.5058538317680359,0.4122459292411804,0.46726351976394653,0.41701066493988037,0.3525128662586212,0.39303475618362427,0.504532516002655,0.4382968544960022,0.4912640452384949,0.47231656312942505,0.4527268707752228,0.4651995301246643,0.3477792739868164,0.4772801399230957,0.4882200360298157,0.5155319571495056,0.47671425342559814,0.536588728427887,0.4410536587238312,0.5270286798477173,0.3522945046424866,0.5593881011009216,0.45710521936416626,0.5808298587799072,0.4521084427833557,0.5858331918716431,0.42206573486328125,0.5788494944572449,ㅎ
0.36817464232444763,0.5680570006370544,0.41966480016708374,0.48391252756118774,0.44182321429252625,0.37227916717529297,0.44838160276412964,0.26934298872947693,0.43861424922943115,0.17758485674858093,0.3179072439670563,0.37781861424446106,0.4421052038669586,0.4378640353679657,0.431345134973526,0.4461425542831421,0.39157402515411377,0.4293392300605774,0.27602022886276245,0.47279447317123413,0.4503589868545532,0.5460478663444519,0.4207506477832794,0.5270247459411621,0.3669686019420624,0.4942934215068817,0.2685339152812958,0.5707399249076843,0.42759567499160767,0.628873884677887,0.403341144323349,0.6137545704841614,0.35405126214027405,0.5824030041694641,0.27290433645248413,0.6667817831039429,0.39532771706581116,0.7036714553833008,0.38129475712776184,0.6846871972084045,0.3401360511779785,0.6630673408508301,ㅎ
0.3521537184715271,0.6632393002510071,0.3924309015274048,0.5509003400802612,0.39684683084487915,0.4153003692626953,0.3860341012477875,0.30128371715545654,0.3673788905143738,0.20389780402183533,0.2585245966911316,0.45049238204956055,0.4034188687801361,0.48161250352859497,0.39272230863571167,0.5003533363342285,0.34788334369659424,0.49207794666290283,0.22200539708137512,0.5588673949241638,0.4306526184082031,0.6112313270568848,0.3951915204524994,0.6025791764259338,0.3272446393966675,0.5778390169143677,0.22759848833084106,0.6688919067382812,0.41445791721343994,0.7040995359420776,0.38788631558418274,0.7004638314247131,0.32755810022354126,0.6834285855293274,0.24517115950584412,0.7749764919281006,0.38843923807144165,0.7952373623847961,0.376870334148407,0.7856765985488892,0.3314759135246277,0.780066967010498,ㅎ
0.4219400882720947,0.5506534576416016,0.4666498601436615,0.46475517749786377,0.490915983915329,0.36282142996788025,0.5002084970474243,0.26876041293144226,0.49291735887527466,0.18069157004356384,0.3931844234466553,0.37209057807922363,0.5136761665344238,0.4349330961704254,0.4960600733757019,0.4441044330596924,0.45639947056770325,0.4324464201927185,0.3553897738456726,0.45736435055732727,0.5145667195320129,0.5309196710586548,0.48167139291763306,0.5164551734924316,0.4332217574119568,0.4900487959384918,0.3464593291282654,0.546222984790802,0.4915125072002411,0.6048110723495483,0.4634890556335449,0.5937298536300659,0.418043315410614,0.5687953233718872,0.34721463918685913,0.6335585117340088,0.4587515890598297,0.6694425344467163,0.4414975941181183,0.6532381772994995,0.40119457244873047,0.6372233033180237,ㅎ
0.3340877890586853,0.6126800775527954,0.40813925862312317,0.5264822840690613,0.45907023549079895,0.4270098805427551,0.4872267246246338,0.3464623987674713,0.4965062141418457,0.26415690779685974,0.3917378783226013,0.3962259590625763,0.4841015338897705,0.4800405204296112,0.4655498266220093,0.49968332052230835,0.4341021180152893,0.47793716192245483,0.35553595423698425,0.4541989266872406,0.46555235981941223,0.5484440326690674,0.4411371350288391,0.5499652028083801,0.4121609330177307,0.5251638889312744,0.3330831527709961,0.5217570066452026,0.43891289830207825,0.6078305244445801,0.4172738194465637,0.6022608280181885,0.39165157079696655,0.5745787620544434,0.3198253810405731,0.5860742330551147,0.40527552366256714,0.6447621583938599,0.39202991127967834,0.6362592577934265,0.36370140314102173,0.6154680252075195,ㅎ
0.3598918318748474,0.6499803066253662,0.4115252196788788,0.582733690738678,0.43796882033348083,0.49747371673583984,0.450964093208313,0.42912667989730835,0.458728164434433,0.3621102571487427,0.3591320514678955,0.43933528661727905,0.43727099895477295,0.5067373514175415,0.43051677942276,0.5379331111907959,0.40563908219337463,0.5284053087234497,0.32335442304611206,0.4842795133590698,0.4216950535774231,0.5633163452148438,0.408157080411911,0.5802052021026611,0.38248634338378906,0.5629667639732361,0.30484461784362793,0.5432352423667908,0.3969372808933258,0.6125278472900391,0.3839355707168579,0.6217652559280396,0.3584773540496826,0.6012560725212097,0.2941257357597351,0.6052123308181763,0.362880140542984,0.6497046947479248,0.35670486092567444,0.6522203683853149,0.3346313536167145,0.6383877992630005,ㅎ
0.3244968056678772,0.6842401027679443,0.38908591866493225,0.609370231628418,0.4267560839653015,0.5198686122894287,0.44586676359176636,0.45098865032196045,0.4558103084564209,0.3799307942390442,0.37484011054039,0.4549946188926697,0.45603618025779724,0.5231162905693054,0.43881675601005554,0.5545276999473572,0.41043180227279663,0.5397542119026184,0.3456462323665619,0.4943504333496094,0.4413397014141083,0.5753966569900513,0.4165215790271759,0.593100905418396,0.3918185532093048,0.5767604112625122,0.3260999321937561,0.5499105453491211,0.4186081290245056,0.6265362501144409,0.3957241475582123,0.6392629146575928,0.37425559759140015,0.6227943301200867,0.3149353861808777,0.6090631484985352,0.3916878402233124,0.6618490815162659,0.37550240755081177,0.6641451716423035,0.34989485144615173,0.6481562256813049,ㅎ
0.33900052309036255,0.6509368419647217,0.38327574729919434,0.5804907083511353,0.40289297699928284,0.4900599420070648,0.41125789284706116,0.4218295216560364,0.42219552397727966,0.36541450023651123,0.3054133355617523,0.41357702016830444,0.3392326235771179,0.45335179567337036,0.35911157727241516,0.4993540048599243,0.35724377632141113,0.5058744549751282,0.261687695980072,0.4449143409729004,0.31823962926864624,0.5113736391067505,0.342924565076828,0.5493073463439941,0.33867207169532776,0.5443106293678284,0.2353881448507309,0.4942164421081543,0.2977466881275177,0.5586840510368347,0.321218341588974,0.5851492881774902,0.3150029480457306,0.5749145150184631,0.21999716758728027,0.5490872263908386,0.2718592584133148,0.5970959663391113,0.29645323753356934,0.6145663261413574,0.29502514004707336,0.6077647805213928,ㅎ
0.36447054147720337,0.6333886981010437,0.4095776677131653,0.5516665577888489,0.42608124017715454,0.453044056892395,0.4361237585544586,0.3772484362125397,0.4441486597061157,0.3108918070793152,0.3175772726535797,0.3973230719566345,0.36926907300949097,0.44749772548675537,0.38611719012260437,0.4873034954071045,0.3754160702228546,0.48806384205818176,0.27682843804359436,0.4436560869216919,0.3535817265510559,0.5094512701034546,0.37559887766838074,0.53908371925354,0.3645952641963959,0.5295447707176208,0.25672584772109985,0.5046221017837524,0.3325922191143036,0.5626531839370728,0.35515761375427246,0.5820566415786743,0.34395450353622437,0.5683605074882507,0.24863162636756897,0.5676378011703491,0.3080812692642212,0.6109532117843628,0.33211833238601685,0.6210922598838806,0.32863849401474,0.6096453666687012,ㅎ
0.368459552526474,0.6422989964485168,0.410099595785141,0.5615338683128357,0.4243396520614624,0.4662579596042633,0.43426358699798584,0.39080727100372314,0.44180577993392944,0.32364729046821594,0.31538867950439453,0.4179874658584595,0.36354249715805054,0.46382689476013184,0.3846950829029083,0.49906161427497864,0.3777104914188385,0.5013676881790161,0.2770847976207733,0.46678584814071655,0.35426634550094604,0.5289069414138794,0.3779228925704956,0.5552486777305603,0.36688703298568726,0.5462040901184082,0.2586221396923065,0.5275490283966064,0.3361455202102661,0.5816537737846375,0.35758039355278015,0.5984529256820679,0.3451012372970581,0.585889458656311,0.2514279782772064,0.590634286403656,0.31075307726860046,0.6282942891120911,0.3347964286804199,0.6373819708824158,0.3315696120262146,0.6290465593338013,ㅎ
0.33923959732055664,0.7088992595672607,0.38109827041625977,0.5873502492904663,0.40739932656288147,0.46928566694259644,0.416553258895874,0.38082486391067505,0.4068871736526489,0.29827719926834106,0.3485431671142578,0.45956292748451233,0.4634596109390259,0.4873645305633545,0.4481280446052551,0.5244266390800476,0.4106442928314209,0.5205622315406799,0.33852148056030273,0.5313695669174194,0.4691941440105438,0.5547448992729187,0.4410805404186249,0.5772500038146973,0.4072705805301666,0.571101188659668,0.3404279351234436,0.6067528128623962,0.4664120078086853,0.6251031160354614,0.43773210048675537,0.6413412094116211,0.4070993959903717,0.6318950653076172,0.35081374645233154,0.676593542098999,0.4519658386707306,0.6835600137710571,0.4295233488082886,0.6881174445152283,0.3941139876842499,0.6825591325759888,ㅎ
0.2964003384113312,0.700359046459198,0.3576379716396332,0.5779193639755249,0.39017152786254883,0.463342547416687,0.4030342102050781,0.37698671221733093,0.3993472158908844,0.28969666361808777,0.29851099848747253,0.44390562176704407,0.4103326201438904,0.49015477299690247,0.3962765634059906,0.5187846422195435,0.36100640892982483,0.5005586743354797,0.2762441039085388,0.5096431970596313,0.40515953302383423,0.5649014115333557,0.3798432946205139,0.5749821066856384,0.34514254331588745,0.5521154403686523,0.26771628856658936,0.5813416838645935,0.38810551166534424,0.6295355558395386,0.3618232309818268,0.6355120539665222,0.3305359482765198,0.6172608137130737,0.2683895230293274,0.6480961441993713,0.3634128272533417,0.6783449053764343,0.34195566177368164,0.6761893033981323,0.30373814702033997,0.6618515253067017,ㅎ
0.33267462253570557,0.47925865650177,0.40016621351242065,0.43211829662323,0.44562312960624695,0.3376123309135437,0.4765426814556122,0.25347471237182617,0.4850606918334961,0.1797964870929718,0.3434252142906189,0.3060133457183838,0.41367942094802856,0.41784849762916565,0.40819165110588074,0.41114795207977295,0.38783764839172363,0.37561240792274475,0.28429993987083435,0.359237939119339,0.3911206126213074,0.5085679292678833,0.37988683581352234,0.4682176113128662,0.3502298593521118,0.4103902578353882,0.2535061836242676,0.4315670132637024,0.3560437262058258,0.5511718392372131,0.3482097089290619,0.519061267375946,0.3211536407470703,0.4723851680755615,0.23635751008987427,0.5049064755439758,0.31774431467056274,0.5846565961837769,0.3153124451637268,0.5642950534820557,0.29324784874916077,0.5341044664382935,ㅎ
0.29534435272216797,0.5998992919921875,0.36658892035484314,0.5478940010070801,0.41430097818374634,0.4556635320186615,0.44997861981391907,0.3810954689979553,0.46927064657211304,0.31039872765541077,0.31447502970695496,0.4033093750476837,0.3590278625488281,0.5038993954658508,0.36740440130233765,0.5149965882301331,0.3565775454044342,0.49199607968330383,0.2572692632675171,0.4376869797706604,0.32972124218940735,0.5733076930046082,0.3368776738643646,0.5546747446060181,0.32219618558883667,0.5133717060089111,0.22228655219078064,0.4950394928455353,0.29472464323043823,0.6090307235717773,0.30023592710494995,0.5946542620658875,0.28472259640693665,0.5598739981651306,0.19898104667663574,0.5575217008590698,0.25631457567214966,0.6323821544647217,0.26610204577445984,0.6271895170211792,0.2549819052219391,0.606932520866394,ㅎ
0.292991578578949,0.6348732709884644,0.3580397367477417,0.5850199460983276,0.4036690592765808,0.5065925717353821,0.44493329524993896,0.4452015459537506,0.47038334608078003,0.3839108347892761,0.31094229221343994,0.4349772334098816,0.34886467456817627,0.5314309000968933,0.3601762056350708,0.5512179136276245,0.3513934314250946,0.5350635647773743,0.2563924193382263,0.4702632427215576,0.32326585054397583,0.6025208234786987,0.333957314491272,0.598554253578186,0.32242363691329956,0.564063310623169,0.22196845710277557,0.5245867967605591,0.28956255316734314,0.6420807838439941,0.29748275876045227,0.633908748626709,0.2844887971878052,0.5985580682754517,0.19820642471313477,0.5848836302757263,0.2521648406982422,0.6646913290023804,0.2640737295150757,0.6646470427513123,0.25533443689346313,0.6441359519958496,ㅎ
0.308969110250473,0.6601372957229614,0.35741809010505676,0.5714656710624695,0.3891003727912903,0.471795916557312,0.4091498553752899,0.3955117464065552,0.4114318788051605,0.3163234293460846,0.2986081838607788,0.4462021589279175,0.40015852451324463,0.5019018054008484,0.39163723587989807,0.5308303236961365,0.35856759548187256,0.5219327807426453,0.26945313811302185,0.510627269744873,0.39372527599334717,0.5683952569961548,0.3723888695240021,0.5802741050720215,0.3386565148830414,0.5654833316802979,0.2602901756763458,0.5833360552787781,0.3761933147907257,0.6337637305259705,0.35383036732673645,0.6347126960754395,0.32238754630088806,0.6152877807617188,0.25874820351600647,0.650314450263977,0.34720930457115173,0.6796697974205017,0.333812952041626,0.6723188161849976,0.3052310645580292,0.6577426195144653,ㅎ
0.3013712763786316,0.703704833984375,0.3623470664024353,0.652557909488678,0.3988155424594879,0.5820368528366089,0.4168003797531128,0.5237143039703369,0.4268478751182556,0.47053107619285583,0.35073038935661316,0.5127696990966797,0.41065919399261475,0.5813285112380981,0.3938227891921997,0.6060248017311096,0.3734322190284729,0.5934303402900696,0.31929463148117065,0.5407431721687317,0.3933231830596924,0.6255068778991699,0.37122103571891785,0.6344233155250549,0.35076701641082764,0.6165817379951477,0.2985626459121704,0.5840233564376831,0.36909791827201843,0.6614494919776917,0.35130488872528076,0.6665812134742737,0.3345753848552704,0.6476557850837708,0.2837619483470917,0.6311349272727966,0.33941951394081116,0.6871304512023926,0.32849451899528503,0.6873569488525391,0.31094837188720703,0.6701300740242004,ㅎ
0.20940932631492615,0.7532222270965576,0.264485627412796,0.689791738986969,0.30309295654296875,0.6102367639541626,0.32310107350349426,0.5464649796485901,0.329751580953598,0.4821007549762726,0.2621457278728485,0.5638648867607117,0.3337845802307129,0.6266199350357056,0.31631338596343994,0.6511278748512268,0.2904265820980072,0.6364120244979858,0.23581747710704803,0.603081464767456,0.3189234733581543,0.6761031746864319,0.29557257890701294,0.6878302097320557,0.2734246850013733,0.6721272468566895,0.21840983629226685,0.6547333598136902,0.29788339138031006,0.7225191593170166,0.2758233845233917,0.7292432188987732,0.2560299038887024,0.7136043310165405,0.20908188819885254,0.7079161405563354,0.2732701003551483,0.7548832297325134,0.2586202621459961,0.7537379264831543,0.23673969507217407,0.7404308915138245,ㅎ
0.32009947299957275,0.8741164207458496,0.35372769832611084,0.7913566827774048,0.3872331976890564,0.7068673968315125,0.40134549140930176,0.6420677900314331,0.397190660238266,0.5896120667457581,0.3674924075603485,0.6839771866798401,0.43945762515068054,0.7182016968727112,0.4210045635700226,0.7400250434875488,0.3968423306941986,0.7314949035644531,0.3525937795639038,0.7270742654800415,0.4375930726528168,0.7671219706535339,0.4114471971988678,0.7784704566001892,0.38778698444366455,0.7666494250297546,0.34486010670661926,0.7750148177146912,0.4265090823173523,0.8110373020172119,0.40041443705558777,0.8175069689750671,0.3797375559806824,0.8037842512130737,0.3427690267562866,0.8219671249389648,0.4088751971721649,0.8460238575935364,0.38877004384994507,0.8485679626464844,0.36509010195732117,0.8376097679138184,ㅎ
0.3191865384578705,0.8923453688621521,0.35576313734054565,0.806269645690918,0.39214348793029785,0.7190964221954346,0.4107227921485901,0.6523267030715942,0.4097854495048523,0.5957913398742676,0.36512434482574463,0.699127197265625,0.4452483355998993,0.7290939092636108,0.4274202585220337,0.7572358846664429,0.4009973108768463,0.7508554458618164,0.3509453535079956,0.7485294938087463,0.44348564743995667,0.7829368114471436,0.4197673797607422,0.7974063158035278,0.39481276273727417,0.7867259979248047,0.3431624472141266,0.8012592196464539,0.43134379386901855,0.8338648080825806,0.40749627351760864,0.8428975343704224,0.38531872630119324,0.8292001485824585,0.34152185916900635,0.8512352705001831,0.4138256907463074,0.8724498152732849,0.39760300517082214,0.8779040575027466,0.37451598048210144,0.8690310716629028,ㅎ
0.29892826080322266,0.8721104264259338,0.3424278199672699,0.7695072889328003,0.3744354546070099,0.6734967231750488,0.3854714035987854,0.6021704077720642,0.38050520420074463,0.5339705348014832,0.3225025534629822,0.6709862351417542,0.4155885577201843,0.7029299736022949,0.4009062647819519,0.7305155992507935,0.37035220861434937,0.7197698354721069,0.3077321946620941,0.732455849647522,0.41443562507629395,0.7690845131874084,0.39060303568840027,0.7794913053512573,0.36142513155937195,0.7648316025733948,0.30141404271125793,0.7941281199455261,0.4027653932571411,0.8260668516159058,0.3778960406780243,0.833730161190033,0.35217416286468506,0.820615291595459,0.3029336929321289,0.8494924306869507,0.38546955585479736,0.8715627193450928,0.36580461263656616,0.8721164464950562,0.334720641374588,0.862549364566803,ㅎ
