0.6080332398414612,0.8126344084739685,0.6248215436935425,0.6588033437728882,0.5916205048561096,0.5530123114585876,0.5433852672576904,0.5121603012084961,0.4925180673599243,0.5114131569862366,0.5755641460418701,0.46473705768585205,0.570580005645752,0.3025016784667969,0.5679467916488647,0.20831266045570374,0.5663408637046814,0.13457989692687988,0.5047517418861389,0.4898037910461426,0.46166902780532837,0.41676807403564453,0.47130173444747925,0.4772399067878723,0.49171018600463867,0.5145236253738403,0.45105260610580444,0.544524073600769,0.4130251705646515,0.47579166293144226,0.43263867497444153,0.526833176612854,0.45420241355895996,0.5643990635871887,0.41066405177116394,0.6102656126022339,0.38134676218032837,0.5397086143493652,0.40317296981811523,0.5727407932281494,0.4256684482097626,0.605496346950531,ㅏ
0.49021798372268677,0.8019330501556396,0.5345339179039001,0.7362436056137085,0.5484877824783325,0.6665424704551697,0.5245763659477234,0.6020368933677673,0.4921422600746155,0.554821252822876,0.5460044741630554,0.5494904518127441,0.5510350465774536,0.4479323625564575,0.551993727684021,0.384282648563385,0.5501968264579773,0.33347660303115845,0.5025007128715515,0.5594698190689087,0.4992823600769043,0.48935359716415405,0.5016852617263794,0.5693872570991516,0.5068879723548889,0.6195605397224426,0.4613892436027527,0.5795887112617493,0.457204669713974,0.5286623239517212,0.47017213702201843,0.6056143641471863,0.47686055302619934,0.6500723958015442,0.42270562052726746,0.6106311082839966,0.4172041714191437,0.5507394075393677,0.4345446825027466,0.5979409217834473,0.44404706358909607,0.6374151706695557,ㅏ
0.5144939422607422,0.7969164848327637,0.5619590282440186,0.7206805944442749,0.5706764459609985,0.6217120885848999,0.5279291272163391,0.538580060005188,0.4811673164367676,0.47044625878334045,0.5728076696395874,0.4522732198238373,0.587114691734314,0.3176119327545166,0.5964274406433105,0.2310715913772583,0.6026204824447632,0.16390398144721985,0.5121708512306213,0.46917495131492615,0.49906834959983826,0.39196932315826416,0.5020554065704346,0.5017600059509277,0.5115955471992493,0.5695352554321289,0.45803025364875793,0.5017290711402893,0.441669225692749,0.44805091619491577,0.4596940875053406,0.5508607029914856,0.47365254163742065,0.6114089488983154,0.41080817580223083,0.5445166230201721,0.3940998315811157,0.4786660969257355,0.4134496748447418,0.5429129600524902,0.4301103949546814,0.590769350528717,ㅏ
0.44040820002555847,0.8812986612319946,0.48489370942115784,0.8047528862953186,0.48765212297439575,0.6945581436157227,0.42546913027763367,0.6112799644470215,0.3681391775608063,0.5446059107780457,0.4942370653152466,0.5005875825881958,0.4991486370563507,0.3510103225708008,0.4992796778678894,0.25779053568840027,0.49906280636787415,0.18415862321853638,0.4299670159816742,0.5185613632202148,0.4010375142097473,0.44524091482162476,0.4035278558731079,0.5622791051864624,0.42176055908203125,0.6305815577507019,0.37320560216903687,0.5545322895050049,0.3384699523448944,0.5117877125740051,0.3574388027191162,0.6243153810501099,0.3801131248474121,0.6762756705284119,0.32830914855003357,0.6042218804359436,0.29299700260162354,0.5473989248275757,0.31325405836105347,0.6248363852500916,0.3377589285373688,0.6739233732223511,ㅏ
0.5507950782775879,0.8425772190093994,0.6004464626312256,0.7738193869590759,0.6165849566459656,0.6861798167228699,0.5864232182502747,0.6118970513343811,0.549096405506134,0.547856867313385,0.6158614158630371,0.5303715467453003,0.619766891002655,0.407654732465744,0.6204382181167603,0.3263164162635803,0.6181740760803223,0.26296040415763855,0.562094509601593,0.5423563122749329,0.5592882037162781,0.4657525420188904,0.555760383605957,0.5618783235549927,0.5567708611488342,0.6247302293777466,0.5124785304069519,0.5678287744522095,0.5057687163352966,0.5133263468742371,0.5156035423278809,0.60591059923172,0.5220502018928528,0.660302460193634,0.4665529131889343,0.6020569801330566,0.4576086103916168,0.5329016447067261,0.4716818928718567,0.5923188924789429,0.482587069272995,0.6390483975410461,ㅏ
0.6393085718154907,0.8751962184906006,0.697759211063385,0.8114495277404785,0.7268254160881042,0.7347995042800903,0.712744951248169,0.6624312400817871,0.68387770652771,0.6039757132530212,0.7118098735809326,0.6073027849197388,0.7191489934921265,0.4902329742908478,0.7183075547218323,0.42439204454421997,0.714112401008606,0.36477553844451904,0.6680324673652649,0.6115313172340393,0.6755461692810059,0.5381335020065308,0.676098644733429,0.6308952569961548,0.6757327914237976,0.6914936900138855,0.6256844997406006,0.6277254819869995,0.6319938898086548,0.5666158199310303,0.6422348618507385,0.6601736545562744,0.6429784297943115,0.7111414670944214,0.5841983556747437,0.6581109762191772,0.5878375768661499,0.5825285911560059,0.6065786480903625,0.6383878588676453,0.6109975576400757,0.6847445368766785,ㅏ
0.38413071632385254,0.8415724635124207,0.4195536971092224,0.7739521265029907,0.4176022410392761,0.6864780783653259,0.37231582403182983,0.6229179501533508,0.3264027237892151,0.5737667083740234,0.42520469427108765,0.5475267767906189,0.42779484391212463,0.4395316243171692,0.4269714951515198,0.3720692992210388,0.42653656005859375,0.3171755373477936,0.37680548429489136,0.561984121799469,0.3586243987083435,0.49861621856689453,0.35993319749832153,0.5819669961929321,0.37266597151756287,0.6296314597129822,0.3333390951156616,0.5895758867263794,0.31134581565856934,0.5457406640052795,0.32334449887275696,0.6245409846305847,0.33783501386642456,0.6663766503334045,0.29887595772743225,0.6262137293815613,0.27457189559936523,0.5746101140975952,0.2891169488430023,0.6254174113273621,0.3065038323402405,0.6635227799415588,ㅏ
0.2810278534889221,0.8450437784194946,0.3389792740345001,0.7725517153739929,0.3590065836906433,0.6860558390617371,0.3425663411617279,0.5969472527503967,0.3120308518409729,0.5301032066345215,0.3580544590950012,0.5583107471466064,0.3651595711708069,0.4393360912799835,0.36622047424316406,0.36720389127731323,0.36462321877479553,0.3072395324707031,0.30891236662864685,0.5620375275611877,0.3174416720867157,0.48236748576164246,0.31356480717658997,0.5735418796539307,0.31126195192337036,0.62981778383255,0.2610991597175598,0.5770595669746399,0.2648102939128876,0.5078729391098022,0.2741776406764984,0.5998849272727966,0.2751055359840393,0.6579976081848145,0.21389299631118774,0.6031815409660339,0.21679724752902985,0.5308513045310974,0.23480373620986938,0.5883267521858215,0.24189797043800354,0.6391736268997192,ㅏ
0.513801097869873,0.7605398893356323,0.5390360951423645,0.7077219486236572,0.5400657057762146,0.6550014615058899,0.5197567343711853,0.6051651835441589,0.4964503347873688,0.5686391592025757,0.549028754234314,0.5755196213722229,0.5543990135192871,0.5104932188987732,0.5564943552017212,0.46969205141067505,0.5577054619789124,0.4352372884750366,0.5180944204330444,0.5821422338485718,0.508456289768219,0.5368528366088867,0.5082987546920776,0.5887632369995117,0.5136657357215881,0.6212118268013,0.490132600069046,0.5972045063972473,0.48081329464912415,0.5659493803977966,0.486693799495697,0.6139499545097351,0.49214795231819153,0.6431794762611389,0.46686992049217224,0.6192257404327393,0.4576992690563202,0.5793886780738831,0.4656524956226349,0.6092946529388428,0.4733523726463318,0.6364492774009705,ㅏ
0.43805670738220215,0.7550641894340515,0.4610627591609955,0.6989114284515381,0.46002131700515747,0.6392987370491028,0.4336757957935333,0.5913276672363281,0.40640440583229065,0.5590521097183228,0.4693529009819031,0.5581190586090088,0.4729040861129761,0.4882599711418152,0.473540723323822,0.44576531648635864,0.4736836552619934,0.40927654504776,0.4361439347267151,0.5662444829940796,0.42238402366638184,0.5228431224822998,0.4246736466884613,0.5734277963638306,0.4329001009464264,0.6062707304954529,0.4074360430240631,0.5853164196014404,0.3930343687534332,0.555085301399231,0.4002244174480438,0.602588415145874,0.40891018509864807,0.6318790316581726,0.38451799750328064,0.6115454435348511,0.37109243869781494,0.5754624605178833,0.3788326382637024,0.6065599322319031,0.38903310894966125,0.6326742172241211,ㅏ
0.43598446249961853,0.7002084851264954,0.46170222759246826,0.6457189321517944,0.4630364179611206,0.5812752842903137,0.4392549991607666,0.5274739265441895,0.4116118252277374,0.489643931388855,0.4718553423881531,0.4938073456287384,0.473253071308136,0.42252472043037415,0.47361305356025696,0.3775295615196228,0.47385910153388977,0.3406553864479065,0.43893709778785706,0.5029222369194031,0.4258795976638794,0.45654934644699097,0.4264630675315857,0.5081180334091187,0.432872474193573,0.5444832444190979,0.40922752022743225,0.5223795771598816,0.39548057317733765,0.4866337478160858,0.40191859006881714,0.5386428833007812,0.4099639654159546,0.5740041136741638,0.38425976037979126,0.5491111278533936,0.3711015582084656,0.5073766112327576,0.37916600704193115,0.5421290397644043,0.3895794451236725,0.5724522471427917,ㅏ
0.44378846883773804,0.6530869007110596,0.47062698006629944,0.5957134366035461,0.47272977232933044,0.5380469560623169,0.4540724754333496,0.48231714963912964,0.4305984079837799,0.44366544485092163,0.4819391071796417,0.45081818103790283,0.4869125485420227,0.37949925661087036,0.4879083037376404,0.33465683460235596,0.4882547855377197,0.29792553186416626,0.4485189914703369,0.4577449560165405,0.44016778469085693,0.40982863306999207,0.4394100606441498,0.4670349955558777,0.4445713460445404,0.49969908595085144,0.41816937923431396,0.4735829532146454,0.40738585591316223,0.4379781484603882,0.41408050060272217,0.49265414476394653,0.4209291338920593,0.5269916653633118,0.3923482298851013,0.4990924894809723,0.38076308369636536,0.45377475023269653,0.38948553800582886,0.48631441593170166,0.3992122411727905,0.5168619751930237,ㅏ
0.4637572169303894,0.6551511883735657,0.49320974946022034,0.5999287962913513,0.4985988140106201,0.5388302803039551,0.48173707723617554,0.47953683137893677,0.45531314611434937,0.4398740828037262,0.5013834238052368,0.4444269835948944,0.5030267238616943,0.3674015402793884,0.5031765699386597,0.3197658658027649,0.5023663640022278,0.2797466218471527,0.46665456891059875,0.4513457119464874,0.4610329270362854,0.40059515833854675,0.46047165989875793,0.45954930782318115,0.463219553232193,0.4977200925350189,0.4346799850463867,0.46832582354545593,0.42576098442077637,0.4267776608467102,0.4341597557067871,0.48334765434265137,0.4400606155395508,0.5216176509857178,0.4068220555782318,0.4951617419719696,0.39788344502449036,0.4463989734649658,0.40883341431617737,0.47933462262153625,0.41779521107673645,0.5119108557701111,ㅏ
0.5220792889595032,0.6841819882392883,0.5599120855331421,0.6264159679412842,0.5740903615951538,0.5593881607055664,0.5595791935920715,0.4958052337169647,0.5301702618598938,0.45274949073791504,0.5658180713653564,0.46492618322372437,0.5682393312454224,0.3750322163105011,0.569206953048706,0.3207661509513855,0.5673332214355469,0.27429577708244324,0.5305776596069336,0.4698885679244995,0.5333883762359619,0.409432053565979,0.53730708360672,0.47625377774238586,0.537655234336853,0.5198847055435181,0.4973311126232147,0.48497194051742554,0.4968374967575073,0.435325562953949,0.5082670450210571,0.5016205906867981,0.510421872138977,0.5437915325164795,0.4648279547691345,0.5090781450271606,0.46380093693733215,0.4515480399131775,0.4772060215473175,0.48949429392814636,0.4811614155769348,0.5248640179634094,ㅏ
0.54698246717453,0.6526210308074951,0.5912497639656067,0.5975955128669739,0.6087166666984558,0.5243675708770752,0.5986500978469849,0.45701855421066284,0.5739628076553345,0.40288281440734863,0.5972147583961487,0.4214722216129303,0.5984460711479187,0.32090625166893005,0.5987953543663025,0.2590249180793762,0.5956127047538757,0.20653685927391052,0.5596661567687988,0.4286315143108368,0.5670514106750488,0.3605523705482483,0.5732679963111877,0.4365588426589966,0.5727020502090454,0.48613232374191284,0.5231088995933533,0.4451070725917816,0.528409481048584,0.38930100202560425,0.5420146584510803,0.4636332094669342,0.5428557991981506,0.5110306739807129,0.48526135087013245,0.4683336019515991,0.48853781819343567,0.4033331573009491,0.5065827369689941,0.4480352997779846,0.5122430920600891,0.48928993940353394,ㅏ
0.527777910232544,0.6925071477890015,0.5811667442321777,0.6279158592224121,0.6048038601875305,0.5432942509651184,0.5901967883110046,0.4649154245853424,0.5572022795677185,0.4021405577659607,0.5914984345436096,0.4194183647632599,0.594870924949646,0.2978208065032959,0.5955954194068909,0.22318316996097565,0.5921011567115784,0.15888306498527527,0.5462568998336792,0.4267735779285431,0.5553401708602905,0.3461136221885681,0.5599620938301086,0.4380001723766327,0.5581055283546448,0.5020756125450134,0.5021796822547913,0.44640764594078064,0.5078463554382324,0.3814958333969116,0.5223894119262695,0.4733649492263794,0.5243446826934814,0.5322800278663635,0.4570692777633667,0.47437620162963867,0.46101516485214233,0.4039658010005951,0.4814998507499695,0.460199236869812,0.48918405175209045,0.5081279277801514,ㅏ
0.44238415360450745,0.8250235915184021,0.5011953115463257,0.7496730089187622,0.5124963521957397,0.6626202464103699,0.46788081526756287,0.5945010185241699,0.41492021083831787,0.5547388195991516,0.5070120692253113,0.5161477327346802,0.5251933932304382,0.38601070642471313,0.532477617263794,0.31603309512138367,0.5373677015304565,0.25168994069099426,0.45150649547576904,0.5135309100151062,0.4490489065647125,0.3941051661968231,0.4432484209537506,0.46958938241004944,0.4468470811843872,0.5228703022003174,0.40239763259887695,0.53105628490448,0.3957025110721588,0.4179627001285553,0.40109148621559143,0.47741037607192993,0.4045543670654297,0.5332347750663757,0.36393284797668457,0.5776057839393616,0.35082411766052246,0.4821857810020447,0.3639344871044159,0.4996664524078369,0.37250301241874695,0.544129490852356,ㅏ
0.42432883381843567,0.8612912893295288,0.47390368580818176,0.781386137008667,0.4795714318752289,0.6859146952629089,0.42847755551338196,0.6262335777282715,0.3768217861652374,0.5892457365989685,0.471219003200531,0.5323947668075562,0.479745090007782,0.411173939704895,0.4827052652835846,0.34175726771354675,0.4820936620235443,0.27946871519088745,0.4155634641647339,0.5349500775337219,0.4031449854373932,0.4271838665008545,0.4013925790786743,0.49051398038864136,0.40677088499069214,0.547156810760498,0.36810603737831116,0.5601741075515747,0.35565662384033203,0.4576086401939392,0.3599822223186493,0.5061641335487366,0.3662635087966919,0.5615786910057068,0.3295646011829376,0.603510320186615,0.311733603477478,0.5144811868667603,0.3205474615097046,0.5300263166427612,0.3339754343032837,0.5692033767700195,ㅏ
0.3103894889354706,0.8650264143943787,0.34464916586875916,0.7966329455375671,0.3353481590747833,0.703585147857666,0.27239280939102173,0.6403999924659729,0.2190106213092804,0.6009451746940613,0.339939683675766,0.5462984442710876,0.3554697334766388,0.430145263671875,0.35937055945396423,0.360828697681427,0.36042875051498413,0.29985249042510986,0.2843971848487854,0.5482075810432434,0.2620910108089447,0.43823498487472534,0.2554870843887329,0.5029520392417908,0.2618287205696106,0.5584036707878113,0.23746511340141296,0.5727881789207458,0.217904731631279,0.4789944589138031,0.2164095938205719,0.5265650153160095,0.22260600328445435,0.577201247215271,0.20321592688560486,0.6141417622566223,0.1733301877975464,0.5393372178077698,0.17465922236442566,0.5596519708633423,0.18702399730682373,0.5938462018966675,ㅏ
0.4121723771095276,0.8087974786758423,0.4586413502693176,0.73195880651474,0.46526628732681274,0.6408531665802002,0.4181838035583496,0.5761833190917969,0.37161609530448914,0.5371968746185303,0.45585837960243225,0.5130994915962219,0.4623122811317444,0.41025394201278687,0.4638330638408661,0.3517974019050598,0.46368348598480225,0.2986099123954773,0.40758493542671204,0.5137852430343628,0.40003007650375366,0.4132142961025238,0.40124034881591797,0.45339512825012207,0.407184362411499,0.5001785755157471,0.36590543389320374,0.5333903431892395,0.35707738995552063,0.43897318840026855,0.36516183614730835,0.4674404561519623,0.3743251860141754,0.5148478746414185,0.32885560393333435,0.5670883655548096,0.3142503798007965,0.4861321747303009,0.32534798979759216,0.4902881979942322,0.341797798871994,0.5215708613395691,ㅏ
0.44626522064208984,0.7491415143013,0.5059457421302795,0.7001870274543762,0.5421044826507568,0.6113627552986145,0.5167583227157593,0.5391021370887756,0.4753802418708801,0.49368545413017273,0.5199625492095947,0.4748963713645935,0.526678204536438,0.36663854122161865,0.5297598838806152,0.29834306240081787,0.5299378633499146,0.24142056703567505,0.4770351052284241,0.47006651759147644,0.4886782169342041,0.355974942445755,0.5017154812812805,0.40178048610687256,0.5046334266662598,0.46382012963294983,0.43806397914886475,0.48309093713760376,0.4428006708621979,0.37353768944740295,0.4615917205810547,0.40743178129196167,0.46787092089653015,0.46682003140449524,0.39711427688598633,0.5089716911315918,0.3962966203689575,0.4166187047958374,0.4185793101787567,0.4211888015270233,0.4331609606742859,0.4570959806442261,ㅏ
0.5015469789505005,0.7599193453788757,0.5582327246665955,0.713887095451355,0.5892748832702637,0.6200803518295288,0.5606147050857544,0.5408916473388672,0.5203737616539001,0.48890089988708496,0.583283007144928,0.4861043393611908,0.600383996963501,0.37638258934020996,0.6083238124847412,0.3104245662689209,0.6133636236190796,0.2539074420928955,0.5376392602920532,0.47741028666496277,0.5482239723205566,0.36216169595718384,0.5543843507766724,0.4080978035926819,0.5556679964065552,0.4681532382965088,0.496014267206192,0.4886220693588257,0.5039922595024109,0.3763324022293091,0.5165272951126099,0.40531453490257263,0.51973557472229,0.46206235885620117,0.45492878556251526,0.5132272839546204,0.4560132324695587,0.42104068398475647,0.47342830896377563,0.41896769404411316,0.4856419563293457,0.44913214445114136,ㅏ
0.5227383375167847,0.7865965366363525,0.5622910261154175,0.7243930697441101,0.5698663592338562,0.6277366280555725,0.5233793258666992,0.5466471910476685,0.47584396600723267,0.49668240547180176,0.5870691537857056,0.4919516444206238,0.6061710119247437,0.3796284794807434,0.6149516701698303,0.31460946798324585,0.6200380921363831,0.2570940852165222,0.5362832546234131,0.4868079423904419,0.5289480090141296,0.3819695711135864,0.511788547039032,0.41457751393318176,0.5031373500823975,0.4619501829147339,0.49104052782058716,0.5007451176643372,0.4859774708747864,0.40700215101242065,0.4764549732208252,0.4301576316356659,0.47086620330810547,0.4740963578224182,0.45371025800704956,0.5283477306365967,0.44212085008621216,0.4511238634586334,0.4403371512889862,0.45542389154434204,0.4457193613052368,0.48210519552230835,ㅏ
0.547553300857544,0.7935528755187988,0.5787315368652344,0.7228781580924988,0.5666794776916504,0.6225000619888306,0.508371889591217,0.5501744747161865,0.45683908462524414,0.5047891736030579,0.5777039527893066,0.48069438338279724,0.5795396566390991,0.3678678870201111,0.5762708187103271,0.30463647842407227,0.5725253820419312,0.24860689043998718,0.5257580876350403,0.4847666025161743,0.5005364418029785,0.37819188833236694,0.4872496426105499,0.42151331901550293,0.487737238407135,0.4706510305404663,0.48125338554382324,0.5069897174835205,0.4612399637699127,0.4133876860141754,0.45674189925193787,0.4480443000793457,0.4606615900993347,0.49550724029541016,0.4485752284526825,0.541490375995636,0.4215368926525116,0.46436136960983276,0.4206562936306,0.475822389125824,0.43093571066856384,0.5055989027023315,ㅏ
0.5124596357345581,0.8224722146987915,0.5552363991737366,0.7556927800178528,0.5534636974334717,0.6547055244445801,0.500020444393158,0.5774241089820862,0.4474261403083801,0.5337128043174744,0.5515225529670715,0.5049362182617188,0.5559312105178833,0.3906194865703583,0.553886890411377,0.3255470395088196,0.5512458682060242,0.2695808708667755,0.49598339200019836,0.5078015327453613,0.47735103964805603,0.39356178045272827,0.47087645530700684,0.4481033682823181,0.475027471780777,0.5048937797546387,0.4492160379886627,0.5322109460830688,0.4347614049911499,0.4390661418437958,0.4342469871044159,0.4743632674217224,0.43929311633110046,0.5232498049736023,0.41309791803359985,0.5706198215484619,0.39273837208747864,0.492265909910202,0.3964625895023346,0.49860256910324097,0.4077644944190979,0.5233307480812073,ㅏ
0.4658896327018738,0.8547077178955078,0.5215138792991638,0.7840753793716431,0.5323424935340881,0.685632586479187,0.4847295880317688,0.6115977168083191,0.431880921125412,0.5669534206390381,0.5214493274688721,0.5312200784683228,0.5260326862335205,0.40994566679000854,0.5249547958374023,0.3395991325378418,0.5225663185119629,0.28045526146888733,0.46492624282836914,0.5336151123046875,0.45310690999031067,0.41813573241233826,0.4549262523651123,0.4798744320869446,0.4637357294559479,0.5364770889282227,0.41785842180252075,0.5565587282180786,0.4083775579929352,0.45298194885253906,0.4153197705745697,0.4937261939048767,0.42188555002212524,0.5445992946624756,0.38008981943130493,0.59648197889328,0.3624013364315033,0.505640983581543,0.37287241220474243,0.5084154605865479,0.38642561435699463,0.5383917689323425,ㅏ
0.46021780371665955,0.8779198527336121,0.5191524028778076,0.8077151775360107,0.5449281334877014,0.6977615356445312,0.5050041675567627,0.6061571836471558,0.45143795013427734,0.5542948842048645,0.5372276306152344,0.5736041069030762,0.5419616103172302,0.4562099874019623,0.5422677397727966,0.3851540684700012,0.5409295558929443,0.32356497645378113,0.4852311313152313,0.5713287591934204,0.48722633719444275,0.4588647484779358,0.4944653809070587,0.5291218161582947,0.49863117933273315,0.5841845870018005,0.43974870443344116,0.5876008868217468,0.4376719295978546,0.4800030291080475,0.4530775547027588,0.5511783957481384,0.4552460312843323,0.6168916821479797,0.39568981528282166,0.6179825663566589,0.39264416694641113,0.5178821682929993,0.41068530082702637,0.5555248260498047,0.4180520176887512,0.6099731922149658,ㅏ
0.4523860216140747,0.868577778339386,0.5060048699378967,0.7919522523880005,0.5231196880340576,0.6884056925773621,0.4958740174770355,0.5943701863288879,0.4532243013381958,0.5261436104774475,0.5325000286102295,0.5709576606750488,0.5389362573623657,0.46110033988952637,0.5401195883750916,0.3883097469806671,0.5390303134918213,0.3291800320148468,0.4839647114276886,0.5752123594284058,0.48866575956344604,0.4946698546409607,0.4907030165195465,0.579451322555542,0.49251478910446167,0.6193994283676147,0.4387735426425934,0.591804563999176,0.43765580654144287,0.5241854190826416,0.4514155089855194,0.6086235642433167,0.4527594745159149,0.6522236466407776,0.3940947651863098,0.6145820021629333,0.3913814425468445,0.5323374271392822,0.4062998294830322,0.5825893878936768,0.41084158420562744,0.625241756439209,ㅏ
0.46038442850112915,0.8606634736061096,0.5161425471305847,0.8001855611801147,0.5427774786949158,0.6816519498825073,0.5145360827445984,0.5884292125701904,0.46642976999282837,0.5408213138580322,0.5389615297317505,0.5718992948532104,0.5478590130805969,0.4645540714263916,0.5507187843322754,0.4000508189201355,0.5490553379058838,0.34054580330848694,0.4894043505191803,0.5790964365005493,0.4941895306110382,0.5161091685295105,0.4995991587638855,0.6104894280433655,0.49881160259246826,0.6347719430923462,0.44662338495254517,0.5988321900367737,0.4478608965873718,0.55286705493927,0.46262818574905396,0.647768497467041,0.4596797525882721,0.6626327037811279,0.40463772416114807,0.626823902130127,0.4108307361602783,0.5775277614593506,0.4247902035713196,0.6385044455528259,0.4174981713294983,0.657596230506897,ㅏ
0.47256940603256226,0.7009289264678955,0.519279956817627,0.647983193397522,0.5416675806045532,0.5508615374565125,0.5157044529914856,0.47298672795295715,0.47138264775276184,0.43095457553863525,0.5295648574829102,0.45604145526885986,0.5374557971954346,0.34877240657806396,0.5424251556396484,0.2904881238937378,0.5406048893928528,0.23392820358276367,0.4870795011520386,0.46911346912384033,0.4886817932128906,0.42772573232650757,0.4962281584739685,0.5127562284469604,0.4924502670764923,0.5289497971534729,0.4504316449165344,0.48944008350372314,0.45004135370254517,0.4570608139038086,0.4670940935611725,0.5417768955230713,0.4639904499053955,0.5507268905639648,0.41466808319091797,0.5167223215103149,0.41858822107315063,0.4799807071685791,0.4363642930984497,0.5364353060722351,0.4323781430721283,0.554105281829834,ㅏ
0.4651380479335785,0.6920425295829773,0.509284257888794,0.6370999217033386,0.5327032208442688,0.5370308756828308,0.5089928507804871,0.45818600058555603,0.4653931260108948,0.4212675094604492,0.5194171071052551,0.4480697810649872,0.5263479948043823,0.3431275486946106,0.5301324725151062,0.28579622507095337,0.5285099744796753,0.22966574132442474,0.4786374270915985,0.4619179368019104,0.478809118270874,0.4164371192455292,0.4854808747768402,0.49887219071388245,0.4828116297721863,0.5146441459655762,0.44258204102516174,0.48201578855514526,0.44057151675224304,0.44963690638542175,0.4560747742652893,0.5310884714126587,0.45393112301826477,0.5390393733978271,0.4070799648761749,0.5079760551452637,0.40969759225845337,0.46942436695098877,0.4264477789402008,0.52164226770401,0.4224641025066376,0.5398849844932556,ㅏ
0.4054458737373352,0.7682759165763855,0.45725706219673157,0.6851633191108704,0.4692196547985077,0.5739070177078247,0.43110036849975586,0.5087522268295288,0.38559842109680176,0.48508843779563904,0.47404956817626953,0.4931110441684723,0.48767462372779846,0.39278507232666016,0.4907556474208832,0.32814574241638184,0.4924333095550537,0.26526200771331787,0.43137356638908386,0.49777236580848694,0.41840091347694397,0.4558607041835785,0.41768282651901245,0.5427578091621399,0.42673441767692566,0.5687161684036255,0.3890240490436554,0.514916181564331,0.3769129514694214,0.47958043217658997,0.381968230009079,0.5612310171127319,0.3892967998981476,0.5779387950897217,0.34795722365379333,0.5462151169776917,0.3453689217567444,0.506336510181427,0.353901207447052,0.5603973269462585,0.35392361879348755,0.5831862092018127,ㅏ
0.4470391273498535,0.7827068567276001,0.5023199319839478,0.7243150472640991,0.5320371389389038,0.6412209272384644,0.5001657605171204,0.5797888040542603,0.4590425193309784,0.5379473567008972,0.5314979553222656,0.4931861162185669,0.5572579503059387,0.38912320137023926,0.5735041499137878,0.32581889629364014,0.58567875623703,0.27098143100738525,0.4857964515686035,0.4900776147842407,0.49914270639419556,0.42464813590049744,0.4952794313430786,0.5040691494941711,0.4914062023162842,0.5600839257240295,0.44230520725250244,0.5042421221733093,0.45070213079452515,0.452059805393219,0.45417356491088867,0.5256050825119019,0.45243537425994873,0.5730080604553223,0.39822274446487427,0.5337778329849243,0.4026119112968445,0.46838459372520447,0.4141820967197418,0.5179543495178223,0.4183460474014282,0.5601102709770203,ㅏ
0.47765132784843445,0.7217282652854919,0.5245221257209778,0.6619815826416016,0.5406157970428467,0.5599051117897034,0.5047598481178284,0.48272913694381714,0.46093884110450745,0.4307921528816223,0.5427128076553345,0.4564390182495117,0.5474603176116943,0.35120582580566406,0.5488672256469727,0.2931091785430908,0.5460274815559387,0.2344857156276703,0.49545758962631226,0.4691169559955597,0.49544256925582886,0.4207483232021332,0.50113445520401,0.5061674118041992,0.4982036054134369,0.5232131481170654,0.4525442123413086,0.49189236760139465,0.45017576217651367,0.45427602529525757,0.46747398376464844,0.5424635410308838,0.46643128991127014,0.5472803115844727,0.41306573152542114,0.5236482620239258,0.4170670211315155,0.49115675687789917,0.4344547688961029,0.546974241733551,0.42935916781425476,0.5566065907478333,ㅏ
0.5515548586845398,0.8654911518096924,0.5142215490341187,0.7710943222045898,0.5286141037940979,0.6588286757469177,0.6060225963592529,0.6091248393058777,0.6676770448684692,0.5786723494529724,0.548005998134613,0.49470055103302,0.5497082471847534,0.3684016764163971,0.549411952495575,0.28450843691825867,0.5515998601913452,0.21699553728103638,0.6127592921257019,0.526633620262146,0.664686918258667,0.42694103717803955,0.6435859799385071,0.504253625869751,0.619781494140625,0.5565780401229858,0.6584299802780151,0.580458402633667,0.7054840922355652,0.5060113072395325,0.6741513013839722,0.5711358785629272,0.646415114402771,0.6125285029411316,0.6858506798744202,0.6530342698097229,0.7283032536506653,0.596307098865509,0.6988527178764343,0.634718656539917,0.6670213341712952,0.6639425754547119,ㅏ
0.5157403945922852,0.8783381581306458,0.47214192152023315,0.7892128229141235,0.4706595540046692,0.6819301247596741,0.5308542251586914,0.6250835657119751,0.5885681509971619,0.5889384150505066,0.4984213411808014,0.513839840888977,0.5008190274238586,0.3822380602359772,0.5012026429176331,0.2993678152561188,0.5034409165382385,0.23022252321243286,0.5594608783721924,0.5383111834526062,0.5971308350563049,0.43029311299324036,0.5692217350006104,0.5129770040512085,0.5459373593330383,0.571298360824585,0.6071516275405884,0.5868462324142456,0.6444591879844666,0.4954493045806885,0.609383225440979,0.5712783932685852,0.585381805896759,0.6232766509056091,0.6403394937515259,0.656499445438385,0.6713330149650574,0.5865674614906311,0.637465238571167,0.6300716400146484,0.6097171306610107,0.6678757667541504,ㅏ
0.390835702419281,0.8499006032943726,0.35565853118896484,0.7685455679893494,0.35323789715766907,0.6849807500839233,0.4023507535457611,0.6381716132164001,0.448880136013031,0.6185770034790039,0.38970714807510376,0.5609884262084961,0.39533910155296326,0.44883257150650024,0.39999276399612427,0.3836877942085266,0.4022775888442993,0.3270217180252075,0.43542906641960144,0.5807287096977234,0.458343505859375,0.5055825710296631,0.4369659721851349,0.5762202739715576,0.41917696595191956,0.6234498023986816,0.47223711013793945,0.6159834861755371,0.4955059587955475,0.5408681631088257,0.4685116708278656,0.6028271913528442,0.45109447836875916,0.6492778062820435,0.5004254579544067,0.6655843257904053,0.5263056755065918,0.595181941986084,0.5017616748809814,0.6236459612846375,0.48197776079177856,0.6572830677032471,ㅏ
0.4910600185394287,0.771165132522583,0.45191866159439087,0.7084423899650574,0.43438467383384705,0.6274757981300354,0.47922927141189575,0.5708422064781189,0.5290712118148804,0.546995222568512,0.4613986909389496,0.4934042692184448,0.4572050869464874,0.3759911060333252,0.4578840434551239,0.31046438217163086,0.45743459463119507,0.25231707096099854,0.5123482346534729,0.505055844783783,0.5327936410903931,0.41902217268943787,0.5187300443649292,0.4958840608596802,0.504024088382721,0.5456172823905945,0.5540311932563782,0.5373884439468384,0.5783098936080933,0.45642590522766113,0.5578503012657166,0.5230168104171753,0.539704442024231,0.5759778022766113,0.5859368443489075,0.5860850811004639,0.6128619313240051,0.5115277171134949,0.5948131084442139,0.5401923656463623,0.5746694803237915,0.5785853862762451,ㅏ
0.5188044309616089,0.7915153503417969,0.4791681468486786,0.7062304019927979,0.47427624464035034,0.6133466958999634,0.5294153690338135,0.5563178658485413,0.5836986899375916,0.5306565761566162,0.4974061846733093,0.4656658172607422,0.4960814416408539,0.33594760298728943,0.49857375025749207,0.25788307189941406,0.4995293617248535,0.192246675491333,0.5551647543907166,0.48185378313064575,0.5774478316307068,0.3863430619239807,0.5613359808921814,0.4696233868598938,0.5440683364868164,0.524358332157135,0.60274338722229,0.5189662575721741,0.6298430562019348,0.42470210790634155,0.6070191264152527,0.4954370856285095,0.5858860611915588,0.5521981120109558,0.6386855244636536,0.5756703615188599,0.6686867475509644,0.48935070633888245,0.6497763395309448,0.5168917179107666,0.6286410093307495,0.5549752116203308,ㅏ
0.5530039668083191,0.817267894744873,0.5071717500686646,0.7285090684890747,0.5057328343391418,0.6179251670837402,0.573618471622467,0.5526425242424011,0.6363751292228699,0.5244057774543762,0.5371205806732178,0.44136112928390503,0.5377389788627625,0.30365628004074097,0.5390652418136597,0.21397459506988525,0.5386150479316711,0.1411035656929016,0.6019541025161743,0.45855721831321716,0.6342368125915527,0.34875741600990295,0.6182833313941956,0.44090569019317627,0.5976344347000122,0.5039385557174683,0.6566332578659058,0.503451943397522,0.6918102502822876,0.39328548312187195,0.6736133694648743,0.4678443670272827,0.6520757675170898,0.528135359287262,0.6992153525352478,0.5719817280769348,0.7407506108283997,0.47342199087142944,0.7210409641265869,0.5041913986206055,0.6940932869911194,0.5444996356964111,ㅏ
0.4398847222328186,0.9493946433067322,0.37906455993652344,0.8478331565856934,0.3636779189109802,0.7275715470314026,0.43949830532073975,0.6607344150543213,0.5164940357208252,0.6318454742431641,0.4239983558654785,0.5120735764503479,0.4276009202003479,0.3343418836593628,0.4339544475078583,0.23284918069839478,0.43526068329811096,0.14327046275138855,0.4981110692024231,0.5369619131088257,0.5250717997550964,0.4052327871322632,0.5015437006950378,0.5201173424720764,0.4794636070728302,0.5894901752471924,0.5580289363861084,0.5861513614654541,0.5943861603736877,0.45476117730140686,0.5629755258560181,0.5541609525680542,0.5356159210205078,0.6311079859733582,0.6073152422904968,0.6599711179733276,0.6476399302482605,0.5441674590110779,0.6248369216918945,0.5848873853683472,0.5973178148269653,0.6363971829414368,ㅏ
0.44081252813339233,0.9646596312522888,0.3805292248725891,0.864230751991272,0.36870628595352173,0.7533573508262634,0.4407123327255249,0.688264012336731,0.5162878632545471,0.6714149713516235,0.41968199610710144,0.5551666021347046,0.42207908630371094,0.37905046343803406,0.4286859631538391,0.28120359778404236,0.4317787289619446,0.19449511170387268,0.4921000003814697,0.5787283182144165,0.5188528895378113,0.44936901330947876,0.4968043863773346,0.5587382912635803,0.47427549958229065,0.6232632994651794,0.549440860748291,0.6218321919441223,0.5831328630447388,0.49768176674842834,0.5526244640350342,0.5924621224403381,0.5260562300682068,0.6646679639816284,0.5967810153961182,0.6910520792007446,0.6312886476516724,0.586410403251648,0.6112537384033203,0.6204044222831726,0.5870411396026611,0.6664457321166992,ㅏ
0.38144931197166443,0.9750064611434937,0.33909478783607483,0.904464066028595,0.32351189851760864,0.8229715824127197,0.36992502212524414,0.7740729451179504,0.4224156141281128,0.753150463104248,0.35234805941581726,0.6667603254318237,0.35439544916152954,0.5420770645141602,0.35778555274009705,0.4710456430912018,0.35898903012275696,0.40550026297569275,0.40385955572128296,0.682155430316925,0.42032766342163086,0.5997915267944336,0.4067628085613251,0.6814285516738892,0.39431649446487427,0.7325753569602966,0.44852763414382935,0.7128113508224487,0.46699854731559753,0.6289509534835815,0.4466942846775055,0.7023791670799255,0.43280279636383057,0.7537168264389038,0.4867706298828125,0.7590610384941101,0.5075927376747131,0.6800152659416199,0.4869523346424103,0.7159928679466248,0.4699171483516693,0.7536836862564087,ㅏ
0.37467145919799805,0.9443479180335999,0.33620893955230713,0.8757714033126831,0.3240792155265808,0.802865207195282,0.3699863851070404,0.7588051557540894,0.4188673496246338,0.7433028817176819,0.35582637786865234,0.6728817820549011,0.35861384868621826,0.561846137046814,0.36184343695640564,0.5005516409873962,0.3629664182662964,0.4443814754486084,0.40186697244644165,0.687630832195282,0.4180837571620941,0.6091172695159912,0.40477699041366577,0.6804624199867249,0.39304831624031067,0.7224617600440979,0.43881338834762573,0.7152671813964844,0.4573296308517456,0.6350076198577881,0.43903130292892456,0.6976238489151001,0.42601779103279114,0.7418147921562195,0.4698382616043091,0.7592267990112305,0.49070003628730774,0.6829593181610107,0.47529923915863037,0.7093291878700256,0.45961886644363403,0.743293285369873,ㅏ
0.630829930305481,0.7931630611419678,0.601280689239502,0.7242533564567566,0.6119202971458435,0.6423615217208862,0.6740252375602722,0.6079103946685791,0.7282037138938904,0.5983315706253052,0.6321635842323303,0.502182126045227,0.6377716064453125,0.3970237970352173,0.6422072649002075,0.3252842128276825,0.645563006401062,0.26747164130210876,0.688024640083313,0.5200018286705017,0.7237350940704346,0.44212067127227783,0.7161008715629578,0.5124273896217346,0.6970344185829163,0.5610904097557068,0.7307103872299194,0.5570423007011414,0.7652714252471924,0.48820096254348755,0.7543259859085083,0.5411620736122131,0.7322922945022583,0.579875648021698,0.7594042420387268,0.6139839291572571,0.7942774295806885,0.5482370853424072,0.7849496006965637,0.57206130027771,0.7624713182449341,0.5961675047874451,ㅏ
0.47822850942611694,0.8217073678970337,0.43325382471084595,0.7490592002868652,0.42570069432258606,0.650865375995636,0.4845660924911499,0.5991806387901306,0.5397875905036926,0.5859894752502441,0.4584621787071228,0.5031044483184814,0.46108391880989075,0.3813753128051758,0.463644415140152,0.3084021806716919,0.4676172435283661,0.24416318535804749,0.5119277834892273,0.5131412744522095,0.5401203632354736,0.4337700307369232,0.5263524651527405,0.5094461441040039,0.512585461139679,0.5670135617256165,0.55632483959198,0.5418424606323242,0.5827020406723022,0.472902774810791,0.5589712858200073,0.5376574993133545,0.540307879447937,0.5829947590827942,0.5918110609054565,0.5878181457519531,0.6230684518814087,0.5194992423057556,0.601932168006897,0.5524162650108337,0.5804614424705505,0.5881374478340149,ㅏ
0.33634787797927856,0.7908248901367188,0.2741962969303131,0.7129020690917969,0.24445399641990662,0.6272849440574646,0.27707430720329285,0.5676501989364624,0.3339836597442627,0.5518391132354736,0.2892574071884155,0.45902541279792786,0.29088401794433594,0.3268278241157532,0.2931514382362366,0.24688836932182312,0.29884257912635803,0.17782220244407654,0.3404913544654846,0.47604143619537354,0.34444987773895264,0.3730105459690094,0.3186182379722595,0.4710012674331665,0.3082413375377655,0.5290617346763611,0.3873768448829651,0.5063207745552063,0.39720433950424194,0.4083821177482605,0.36434927582740784,0.48922550678253174,0.3558172583580017,0.5531498789787292,0.4295547604560852,0.5556907653808594,0.44363439083099365,0.4569067060947418,0.41005533933639526,0.4950626790523529,0.39716964960098267,0.5449385046958923,ㅏ
0.49931102991104126,0.795386791229248,0.45218321681022644,0.7124437093734741,0.4483571946620941,0.6107645630836487,0.5103563666343689,0.5546993613243103,0.567209005355835,0.5360649228096008,0.47536998987197876,0.4390988349914551,0.475004106760025,0.3093671202659607,0.47388097643852234,0.22936996817588806,0.47311508655548096,0.15974244475364685,0.5350240468978882,0.45291638374328613,0.5619121789932251,0.3717690706253052,0.5487168431282043,0.458468496799469,0.5354307293891907,0.5190674066543579,0.5854150056838989,0.48833656311035156,0.6102341413497925,0.4154699146747589,0.5864423513412476,0.4890068769454956,0.5672464370727539,0.5383326411247253,0.6263076066970825,0.5435370802879333,0.6581379175186157,0.465654194355011,0.6324401497840881,0.5050604939460754,0.6063196659088135,0.5441263914108276,ㅏ
0.3133436441421509,0.946428120136261,0.281514048576355,0.8828202486038208,0.2782672643661499,0.8176056146621704,0.31697580218315125,0.7771672010421753,0.3580654263496399,0.7603429555892944,0.29823195934295654,0.7010256052017212,0.29994791746139526,0.5998021960258484,0.30281493067741394,0.5449576377868652,0.3054322898387909,0.49639269709587097,0.3396763503551483,0.7143462300300598,0.3602861762046814,0.6401033997535706,0.35009974241256714,0.7076449990272522,0.33718374371528625,0.7468748688697815,0.37190693616867065,0.7376154065132141,0.3939458429813385,0.6672878861427307,0.37974783778190613,0.7237224578857422,0.3651207685470581,0.760367751121521,0.39750924706459045,0.779276430606842,0.41865912079811096,0.7137617468833923,0.4099317789077759,0.7350327968597412,0.3956236243247986,0.7628989815711975,ㅏ
0.407532274723053,0.8228071928024292,0.3823007047176361,0.775083065032959,0.3846713900566101,0.7155706882476807,0.42468082904815674,0.6793954968452454,0.46008333563804626,0.6640891432762146,0.3970761001110077,0.6086233854293823,0.3948971927165985,0.5283360481262207,0.39433741569519043,0.4784722924232483,0.39373722672462463,0.4352513551712036,0.4364972412586212,0.6162551641464233,0.4598367214202881,0.558468222618103,0.4562016427516937,0.6087902188301086,0.44400355219841003,0.6440545916557312,0.4674907326698303,0.6387614011764526,0.4896453320980072,0.5896090269088745,0.4810338020324707,0.6313896179199219,0.46577954292297363,0.6605247855186462,0.48900681734085083,0.6737954020500183,0.5127661824226379,0.6281698346138,0.5042381882667542,0.6477001905441284,0.4871188998222351,0.6687606573104858,ㅏ
0.8196127414703369,0.9203150868415833,0.769387423992157,0.8569577932357788,0.7409727573394775,0.7810333371162415,0.7623382806777954,0.7276793718338013,0.8031024932861328,0.7027884125709534,0.7763313055038452,0.6260048151016235,0.7677602767944336,0.511461615562439,0.765326738357544,0.4444895386695862,0.768437922000885,0.3833424150943756,0.8210118412971497,0.642931342124939,0.8293534517288208,0.5535150170326233,0.8031173348426819,0.6302671432495117,0.7893171906471252,0.6878424286842346,0.861397922039032,0.6794401407241821,0.8715569972991943,0.5989111661911011,0.8369215726852417,0.6715096831321716,0.8217462301254272,0.7278544902801514,0.8950249552726746,0.7338687777519226,0.897948145866394,0.6690685749053955,0.8623926639556885,0.7099860906600952,0.843024730682373,0.7528711557388306,ㅏ
0.6948395371437073,0.9074320197105408,0.6454504728317261,0.8542737364768982,0.6137471199035645,0.7912078499794006,0.6170770525932312,0.740104615688324,0.6428254246711731,0.7076055407524109,0.6374353766441345,0.6563127636909485,0.6299723386764526,0.5555948615074158,0.627376139163971,0.49445414543151855,0.6305428147315979,0.43806567788124084,0.6729112863540649,0.6680148839950562,0.6672162413597107,0.5884407162666321,0.6463682055473328,0.6533353328704834,0.641545832157135,0.7056360840797424,0.7058286666870117,0.6914033889770508,0.7013194561004639,0.6169549226760864,0.6744311451911926,0.678673505783081,0.6677146553993225,0.7309219241142273,0.7367525696754456,0.7286211848258972,0.7280511856079102,0.666254997253418,0.7008918523788452,0.7018831968307495,0.6900737285614014,0.74273681640625,ㅏ
0.6761311292648315,0.9382503032684326,0.6288670301437378,0.8870767951011658,0.6048791408538818,0.8227174282073975,0.613549530506134,0.7730394005775452,0.6421293616294861,0.7444576621055603,0.6277931332588196,0.6998929381370544,0.622600257396698,0.6054051518440247,0.620124101638794,0.5475797057151794,0.6226984858512878,0.49582159519195557,0.660013735294342,0.712043821811676,0.6604902744293213,0.6309705376625061,0.6435412764549255,0.6994496583938599,0.6383053660392761,0.7437084913253784,0.6913411021232605,0.7336200475692749,0.6931096315383911,0.6608747243881226,0.6698061227798462,0.7226369380950928,0.6645551919937134,0.767894983291626,0.7193971276283264,0.7697523832321167,0.7206416726112366,0.7016662955284119,0.695301353931427,0.7361717820167542,0.6862027049064636,0.7724416255950928,ㅏ
0.6883749961853027,0.9284576177597046,0.6402507424354553,0.8718805313110352,0.6191421747207642,0.812370777130127,0.6265261173248291,0.7632890939712524,0.657257080078125,0.7353568077087402,0.6403118968009949,0.6952727437019348,0.6349249482154846,0.60289466381073,0.6317485570907593,0.546142578125,0.632989227771759,0.495635062456131,0.6714818477630615,0.7059021592140198,0.6706028580665588,0.6293737292289734,0.6558659672737122,0.6974049210548401,0.6504160165786743,0.740120530128479,0.702726423740387,0.7269033193588257,0.7038140296936035,0.6578187942504883,0.6825743913650513,0.717724084854126,0.6775840520858765,0.7623205780982971,0.7294817566871643,0.7653788328170776,0.7308762669563293,0.6992541551589966,0.70557701587677,0.7314140200614929,0.6968069076538086,0.7672526836395264,ㅏ
0.7339830994606018,0.8734432458877563,0.6896448135375977,0.8275955319404602,0.6639919877052307,0.7617380023002625,0.6871775388717651,0.7103531956672668,0.7228198647499084,0.6798941493034363,0.6860975027084351,0.6305099129676819,0.6803775429725647,0.5371338129043579,0.6784546971321106,0.4799097180366516,0.6779893636703491,0.42827466130256653,0.7243240475654602,0.6384297013282776,0.7309657335281372,0.5661237835884094,0.7159201502799988,0.6299281120300293,0.7072136998176575,0.6779797077178955,0.7589464783668518,0.6619139909744263,0.7673165798187256,0.5942096710205078,0.7464924454689026,0.6543712019920349,0.7370870113372803,0.7008009552955627,0.7896419167518616,0.6987804174423218,0.7979377508163452,0.6348171830177307,0.7760981917381287,0.667181134223938,0.7630661129951477,0.7037571668624878,ㅏ
0.8107545971870422,0.7697288990020752,0.7536499500274658,0.7207679152488708,0.7162119746208191,0.6516805291175842,0.7220216393470764,0.5954453945159912,0.747203528881073,0.5526915192604065,0.7374905943870544,0.4973403811454773,0.7216143012046814,0.3915022909641266,0.7151511311531067,0.32570603489875793,0.7141090035438538,0.2668892443180084,0.7783183455467224,0.5029014945030212,0.7670809626579285,0.42724066972732544,0.7531867027282715,0.49627700448036194,0.753207802772522,0.5552927851676941,0.8172251582145691,0.5257320404052734,0.8060384392738342,0.46395349502563477,0.7831854820251465,0.5288800597190857,0.7797057628631592,0.5833054780960083,0.8538097143173218,0.5637582540512085,0.8476659059524536,0.5014066100120544,0.8190712928771973,0.5367680788040161,0.8058377504348755,0.5810018181800842,ㅏ
0.807165265083313,0.8945502042770386,0.7404218912124634,0.8175182342529297,0.7207078337669373,0.7067317366600037,0.7867178320884705,0.6457316279411316,0.8477491140365601,0.619005560874939,0.7546277046203613,0.501556396484375,0.749297559261322,0.34183645248413086,0.7544155716896057,0.2482181191444397,0.7584199905395508,0.16485244035720825,0.827450692653656,0.5233933925628662,0.8584345579147339,0.4275805354118347,0.8375969529151917,0.5391329526901245,0.8150478005409241,0.6051299571990967,0.8875455856323242,0.5668069124221802,0.9215698838233948,0.4840923547744751,0.8892297744750977,0.5880529880523682,0.8631114363670349,0.6519238948822021,0.9348861575126648,0.6279371976852417,0.9731091260910034,0.5477019548416138,0.9438179731369019,0.6040093302726746,0.9157407283782959,0.6482598781585693,ㅏ
0.8472436666488647,0.8314346075057983,0.7704527974128723,0.7835026383399963,0.709679365158081,0.7065438032150269,0.7153490781784058,0.6430976986885071,0.7521302103996277,0.5944944620132446,0.7307871580123901,0.4685583710670471,0.7094458341598511,0.3152341842651367,0.7011251449584961,0.22239398956298828,0.7003660202026367,0.1346830129623413,0.7940492033958435,0.48331671953201294,0.771416187286377,0.3884086608886719,0.7543727159500122,0.5119963884353638,0.7556276321411133,0.5871429443359375,0.8541472554206848,0.5151340961456299,0.8377022743225098,0.43594714999198914,0.8072026968002319,0.5534366369247437,0.799274206161499,0.6264186501502991,0.9116058349609375,0.5643018484115601,0.9001849889755249,0.4836704432964325,0.8630803227424622,0.5577720403671265,0.8451663851737976,0.6170446872711182,ㅏ
0.653527021408081,0.8452777862548828,0.5982344150543213,0.8010802865028381,0.5644502639770508,0.7462395429611206,0.5717320442199707,0.7000937461853027,0.59617680311203,0.66998291015625,0.566573977470398,0.5885205268859863,0.5513347387313843,0.47979071736335754,0.5437254905700684,0.4118049442768097,0.5401907563209534,0.34971731901168823,0.6078761219978333,0.593919575214386,0.6002536416053772,0.5244918465614319,0.5886693596839905,0.5977758169174194,0.585577130317688,0.6544696092605591,0.6477789282798767,0.6110818982124329,0.6405588388442993,0.5543705224990845,0.6241875886917114,0.627278745174408,0.6204659342765808,0.6809369325637817,0.6879761815071106,0.6389884352684021,0.6779353022575378,0.585917592048645,0.6575387716293335,0.6287937164306641,0.649691641330719,0.6692318916320801,ㅏ
0.552937924861908,0.8594228029251099,0.5075522661209106,0.8131474852561951,0.48577558994293213,0.7499402165412903,0.514581024646759,0.7064136266708374,0.5484157204627991,0.6821827292442322,0.5001087188720703,0.610500693321228,0.4940113127231598,0.5051900744438171,0.49308615922927856,0.4401158094406128,0.4934615194797516,0.381267249584198,0.5426634550094604,0.6184576749801636,0.5480289459228516,0.5615891218185425,0.5376162528991699,0.6291140913963318,0.5308428406715393,0.6813918352127075,0.5806699395179749,0.6390992403030396,0.5851948857307434,0.5923638343811035,0.5686472058296204,0.6536149978637695,0.5588876008987427,0.6986986398696899,0.6156467795372009,0.6701356768608093,0.6183763146400452,0.6237932443618774,0.5974174737930298,0.6582045555114746,0.5827281475067139,0.6908547282218933,ㅏ
0.598930299282074,0.7853699922561646,0.5634639859199524,0.7162135243415833,0.5745261907577515,0.6296629309654236,0.6423702836036682,0.5875481367111206,0.6961402297019958,0.5706213712692261,0.6027194857597351,0.4878544211387634,0.6166519522666931,0.3696189522743225,0.6282783150672913,0.29719141125679016,0.6394621729850769,0.23415493965148926,0.6600133776664734,0.5085998177528381,0.7101842164993286,0.4265037775039673,0.6932355761528015,0.498513787984848,0.6669734716415405,0.5524758696556091,0.7006414532661438,0.549308717250824,0.744810163974762,0.48575252294540405,0.7235240340232849,0.5464120507240295,0.6979265809059143,0.5882148146629333,0.7260878682136536,0.6066383123397827,0.7677187323570251,0.5480065941810608,0.752374529838562,0.5786712169647217,0.7264060378074646,0.6106430292129517,ㅏ
0.5008191466331482,0.7951604127883911,0.4563007056713104,0.7067891359329224,0.4649023711681366,0.5937375426292419,0.5360627770423889,0.5293920636177063,0.595855176448822,0.48953723907470703,0.4889570474624634,0.43273064494132996,0.49994364380836487,0.29912734031677246,0.5105738043785095,0.21859827637672424,0.5192595720291138,0.1524600088596344,0.5507229566574097,0.4556867778301239,0.5989203453063965,0.3461456894874573,0.5829260945320129,0.4151327610015869,0.5574657320976257,0.47293388843536377,0.5975975394248962,0.5009521245956421,0.643866240978241,0.40442919731140137,0.6181007027626038,0.4701792597770691,0.590350329875946,0.5237335562705994,0.6289740800857544,0.5647186040878296,0.6709568500518799,0.4827095866203308,0.6545240879058838,0.5101191997528076,0.630925178527832,0.544669508934021,ㅏ
0.3782568871974945,0.8656092882156372,0.32609111070632935,0.7683249711990356,0.3139667510986328,0.6592483520507812,0.37820690870285034,0.5905264616012573,0.44319912791252136,0.5588439702987671,0.3531508445739746,0.48418062925338745,0.36996835470199585,0.33291947841644287,0.38465747237205505,0.24882125854492188,0.39588862657546997,0.17614957690238953,0.41703635454177856,0.5084890723228455,0.4508894979953766,0.39049163460731506,0.4243600070476532,0.48357754945755005,0.39999064803123474,0.5472643375396729,0.4670671820640564,0.5513678193092346,0.5028987526893616,0.4404682517051697,0.46864157915115356,0.5238494277000427,0.44304290413856506,0.5921253561973572,0.5065817832946777,0.6141841411590576,0.5391697287559509,0.5144608020782471,0.5144663453102112,0.5487762093544006,0.49181103706359863,0.5964496731758118,ㅏ
0.3612618148326874,0.919244647026062,0.31127825379371643,0.834789514541626,0.29969844222068787,0.7307074069976807,0.3546285629272461,0.6616950631141663,0.4124711751937866,0.6293365359306335,0.3231877088546753,0.5785927772521973,0.33432266116142273,0.44370192289352417,0.34492799639701843,0.36893171072006226,0.3544471561908722,0.3022463619709015,0.3805960714817047,0.591742753982544,0.4105951189994812,0.48045986890792847,0.3872886002063751,0.559380292892456,0.3659064769744873,0.6190081834793091,0.42719757556915283,0.6248317360877991,0.45554032921791077,0.5226861238479614,0.42632347345352173,0.5943313241004944,0.4057024419307709,0.6552303433418274,0.46389278769493103,0.6768991351127625,0.4900282025337219,0.5853437185287476,0.46820029616355896,0.610937237739563,0.4487481415271759,0.6553678512573242,ㅏ
0.5092507600784302,0.8868438601493835,0.4524412155151367,0.8234854340553284,0.43111005425453186,0.7286049723625183,0.4738525450229645,0.6644805073738098,0.5210805535316467,0.6303178071975708,0.4456039369106293,0.5935289859771729,0.4405975341796875,0.48055917024612427,0.43832728266716003,0.41504961252212524,0.438368022441864,0.3542579114437103,0.49366331100463867,0.596168577671051,0.5066875219345093,0.4938465654850006,0.4913296103477478,0.5604362487792969,0.48029589653015137,0.6170474886894226,0.5362241268157959,0.6170864701271057,0.5488814115524292,0.5235294699668884,0.5277941226959229,0.5867024660110474,0.5181923508644104,0.6405389308929443,0.574662983417511,0.6521548628807068,0.58808833360672,0.5639786720275879,0.5659608244895935,0.5936419367790222,0.5521208643913269,0.6369940638542175,ㅏ
0.5979207158088684,0.8671063780784607,0.5407734513282776,0.8289777636528015,0.4964268207550049,0.762484073638916,0.4995500147342682,0.7047415375709534,0.527434766292572,0.6622114777565002,0.5142475962638855,0.6057084798812866,0.4957727789878845,0.4943922162055969,0.485235333442688,0.4307531416416168,0.48280924558639526,0.3714188039302826,0.5532621145248413,0.6080426573753357,0.5325383543968201,0.5181915163993835,0.5152902603149414,0.5972877740859985,0.5180377960205078,0.6553593277931213,0.5917832255363464,0.624925434589386,0.5755797028541565,0.5492415428161621,0.5550538897514343,0.6214582324028015,0.557595431804657,0.67425537109375,0.6307449340820312,0.6541967988014221,0.6194712519645691,0.5736076831817627,0.5921187996864319,0.6130481958389282,0.5832648277282715,0.6591483950614929,ㅏ
0.7385715842247009,0.859654426574707,0.6752172112464905,0.8114668130874634,0.6307172179222107,0.7322649359703064,0.6438509225845337,0.6624262928962708,0.6725468039512634,0.6162224411964417,0.6563206911087036,0.5771182179450989,0.6380649209022522,0.46313539147377014,0.6296406984329224,0.39126020669937134,0.6257261037826538,0.32741788029670715,0.7020244598388672,0.5746785402297974,0.6886416673660278,0.49155980348587036,0.6800481081008911,0.5672081112861633,0.6845309734344482,0.6344863176345825,0.7461386322975159,0.5902231335639954,0.7336737513542175,0.5208425521850586,0.716504693031311,0.5941102504730225,0.7177630662918091,0.6573196053504944,0.7899863719940186,0.6209049820899963,0.7858483195304871,0.5445621013641357,0.757841944694519,0.5856314301490784,0.7437856793403625,0.6401886343955994,ㅏ
0.7452681064605713,0.8726484179496765,0.6846758723258972,0.8130297660827637,0.6457818746566772,0.7241676449775696,0.6670556664466858,0.6545702219009399,0.7005406618118286,0.6152638792991638,0.6726841926574707,0.5608193278312683,0.663264811038971,0.4405934810638428,0.6591675877571106,0.3689238429069519,0.6602115035057068,0.30518344044685364,0.7196175456047058,0.5672928094863892,0.7108689546585083,0.473747193813324,0.6973060369491577,0.5692379474639893,0.6995514631271362,0.6341947913169861,0.7664734721183777,0.5882823467254639,0.7593677639961243,0.5098236799240112,0.7396717071533203,0.5992336273193359,0.7405622005462646,0.6565897464752197,0.8141202330589294,0.6243517398834229,0.8115164041519165,0.539875328540802,0.7835150957107544,0.592526376247406,0.7727920413017273,0.6403822302818298,ㅏ
0.48230722546577454,0.9324237108230591,0.44329237937927246,0.8603872060775757,0.43843305110931396,0.7685899138450623,0.4864947199821472,0.7175385355949402,0.5329185128211975,0.694417417049408,0.4567064940929413,0.6277915835380554,0.4626387357711792,0.5113165378570557,0.46720126271247864,0.4441749155521393,0.4712079167366028,0.3824879229068756,0.5067431330680847,0.6417840719223022,0.5353670120239258,0.5666437745094299,0.5212824940681458,0.6401656866073608,0.5042247176170349,0.6924902200698853,0.5487672686576843,0.6716633439064026,0.5747755169868469,0.6074246168136597,0.553092896938324,0.6726663708686829,0.5339273810386658,0.720105767250061,0.5839149355888367,0.7165496349334717,0.6108048558235168,0.6534852385520935,0.5893785357475281,0.6882981061935425,0.5676082968711853,0.7253336310386658,ㅏ
0.4072597622871399,0.8800672888755798,0.36748838424682617,0.8043956160545349,0.37088513374328613,0.7152422666549683,0.4340900778770447,0.6672819256782532,0.4877457022666931,0.6366589665412903,0.40095117688179016,0.5499238967895508,0.41260358691215515,0.4223278760910034,0.42166757583618164,0.34837329387664795,0.4309638738632202,0.28449633717536926,0.45987269282341003,0.5710793137550354,0.4986936151981354,0.49379467964172363,0.4806249439716339,0.581477701663971,0.46041634678840637,0.6405720710754395,0.50441974401474,0.6126068234443665,0.5407336950302124,0.5447766184806824,0.5157748460769653,0.620647668838501,0.49207577109336853,0.6703636050224304,0.5345954298973083,0.6721388697624207,0.5728369951248169,0.6034133434295654,0.5520619750022888,0.6436836123466492,0.5264838337898254,0.6818886399269104,ㅏ
0.31044113636016846,0.9014828205108643,0.26378726959228516,0.8307840824127197,0.2527291178703308,0.7324119806289673,0.30916452407836914,0.6819624900817871,0.3637552857398987,0.6541893482208252,0.2954857349395752,0.5590903759002686,0.3114248216152191,0.4223995804786682,0.3254961669445038,0.3411232531070709,0.33949947357177734,0.26524457335472107,0.352483868598938,0.5849468111991882,0.3874203562736511,0.5027228593826294,0.35529211163520813,0.5986564755439758,0.32752546668052673,0.6613412499427795,0.39655613899230957,0.6256451606750488,0.42722296714782715,0.5558797717094421,0.3884996175765991,0.64301598072052,0.3616367280483246,0.7012335658073425,0.4296489953994751,0.6807441711425781,0.4600311815738678,0.61415696144104,0.4284973442554474,0.6582134962081909,0.4006570279598236,0.6986290812492371,ㅏ
0.42456191778182983,0.8676592111587524,0.36898648738861084,0.7912452220916748,0.3561916947364807,0.6878785490989685,0.4056328237056732,0.629779577255249,0.4531346261501312,0.6042742133140564,0.37636199593544006,0.5241436958312988,0.383718878030777,0.39858365058898926,0.3887898921966553,0.32642030715942383,0.3972764015197754,0.25952455401420593,0.43154457211494446,0.5368027687072754,0.4575311541557312,0.43367999792099,0.4408222436904907,0.5167843103408813,0.42577508091926575,0.5851264595985413,0.478941947221756,0.5683336853981018,0.5023527145385742,0.483129620552063,0.4790325164794922,0.55728679895401,0.46327364444732666,0.6160402894020081,0.5193123817443848,0.6147116422653198,0.5433432459831238,0.5344440937042236,0.5226634740829468,0.5728577971458435,0.5051050186157227,0.6181520223617554,ㅏ
0.5997008085250854,0.8682925701141357,0.5429648756980896,0.7801840901374817,0.5281863808631897,0.6800432205200195,0.5783567428588867,0.6213691830635071,0.6293533444404602,0.5910473465919495,0.5571824908256531,0.5373467803001404,0.5584975481033325,0.41197526454925537,0.5630634427070618,0.341933012008667,0.5699150562286377,0.2778230309486389,0.6108095049858093,0.5497563481330872,0.6332166790962219,0.44216209650039673,0.6176275014877319,0.5172219276428223,0.603080153465271,0.579372227191925,0.6570199131965637,0.5821442604064941,0.6792809963226318,0.48421919345855713,0.6567575335502625,0.5519415140151978,0.6409502029418945,0.611350953578949,0.6974760890007019,0.6318787336349487,0.7233018279075623,0.5409563183784485,0.703558623790741,0.5659500360488892,0.6831197738647461,0.6089421510696411,ㅏ
0.7072448134422302,0.9006041884422302,0.6564428210258484,0.8277435898780823,0.6407491564750671,0.7353746891021729,0.690257728099823,0.6745372414588928,0.7369352579116821,0.6410998702049255,0.6518911123275757,0.5703902244567871,0.6442321538925171,0.4369063377380371,0.6442009210586548,0.36068886518478394,0.6442152857780457,0.29209545254707336,0.7105252146720886,0.5783557295799255,0.7264465689659119,0.48613011837005615,0.7174848914146423,0.5713932514190674,0.7070563435554504,0.6320812106132507,0.7620946764945984,0.6093448400497437,0.7774050235748291,0.5231042504310608,0.7608506679534912,0.5953376293182373,0.7485029697418213,0.6528548002243042,0.8068268299102783,0.6577239632606506,0.8296098113059998,0.5678977966308594,0.8086778521537781,0.6015011072158813,0.7886040806770325,0.6455569863319397,ㅏ
0.7584856748580933,0.821219801902771,0.702068030834198,0.7529429197311401,0.6720459461212158,0.6635350584983826,0.7062185406684875,0.6027109622955322,0.7487470507621765,0.5662981271743774,0.7024819850921631,0.48027539253234863,0.6984018087387085,0.3380914628505707,0.6987513303756714,0.257330060005188,0.7023272514343262,0.18206697702407837,0.7616286277770996,0.49140074849128723,0.764702558517456,0.4019054174423218,0.7462209463119507,0.507569432258606,0.7380104660987854,0.5798141360282898,0.8156959414482117,0.5257970690727234,0.8220354914665222,0.44138801097869873,0.7947376370429993,0.5336218476295471,0.7817723155021667,0.6033135652542114,0.8652963638305664,0.5757216215133667,0.8902055025100708,0.47729748487472534,0.8608901500701904,0.5076207518577576,0.8367940187454224,0.5512203574180603,ㅏ
0.5223339796066284,0.8394308686256409,0.4663095772266388,0.7694998979568481,0.45846202969551086,0.6617788076400757,0.5058425068855286,0.5841575264930725,0.551717221736908,0.5291174650192261,0.47936171293258667,0.521333634853363,0.4702935814857483,0.396114319562912,0.46723905205726624,0.3187519311904907,0.4671984016895294,0.257016658782959,0.5352432131767273,0.5242486596107483,0.5627879500389099,0.3961575925350189,0.5615291595458984,0.44596385955810547,0.5520920753479004,0.5096486210823059,0.5817904472351074,0.5485845804214478,0.6127761006355286,0.42829015851020813,0.604377269744873,0.46162575483322144,0.5922912359237671,0.5198943018913269,0.6188256740570068,0.5912054777145386,0.6395319700241089,0.49856898188591003,0.6322104334831238,0.49988269805908203,0.6183674335479736,0.5354182124137878,ㅏ
0.5231251120567322,0.8922959566116333,0.47819122672080994,0.8267077207565308,0.46826156973838806,0.7282196879386902,0.5184036493301392,0.6602523922920227,0.5700761675834656,0.6265571117401123,0.484094500541687,0.5612367391586304,0.48454195261001587,0.4303344190120697,0.4875878691673279,0.3516142964363098,0.4888615012168884,0.2857190668582916,0.5458940863609314,0.5697308778762817,0.5707632899284363,0.4609093964099884,0.5661190748214722,0.534532368183136,0.5519296526908875,0.5959927439689636,0.5965461730957031,0.6014904379844666,0.621719241142273,0.4942564368247986,0.614945650100708,0.5508052110671997,0.6004423499107361,0.6041274666786194,0.6362025141716003,0.6522592306137085,0.6688953638076782,0.5776445865631104,0.6809304356575012,0.553142786026001,0.6833193898200989,0.531589686870575,ㅏ
0.528670072555542,0.8934054374694824,0.4810659885406494,0.8224207162857056,0.4749697744846344,0.7238558530807495,0.5264957547187805,0.6574222445487976,0.5780868530273438,0.6250021457672119,0.49289706349372864,0.5585911273956299,0.49410396814346313,0.43112677335739136,0.4980257749557495,0.35359135270118713,0.5002791285514832,0.29033607244491577,0.5534289479255676,0.5695257186889648,0.5808576345443726,0.4601992666721344,0.5777376890182495,0.5253382325172424,0.5628862977027893,0.58693927526474,0.6034951210021973,0.6026197075843811,0.631309449672699,0.49586552381515503,0.627617597579956,0.5451860427856445,0.6142966747283936,0.5963033437728882,0.6430854797363281,0.6538664698600769,0.6768706440925598,0.5742923021316528,0.6891211867332458,0.550340473651886,0.6901054978370667,0.5338212251663208,ㅏ
0.5406880974769592,0.8767473697662354,0.49372178316116333,0.7926307320594788,0.4928879141807556,0.6914820075035095,0.5525391697883606,0.6279582381248474,0.607953667640686,0.5974488854408264,0.5213304162025452,0.539388120174408,0.526663601398468,0.40501198172569275,0.5344724059104919,0.32772254943847656,0.5395525097846985,0.26263752579689026,0.5819841027259827,0.5539534091949463,0.6163793802261353,0.4443991184234619,0.6124985218048096,0.5195758938789368,0.597679078578949,0.5784505009651184,0.6297565698623657,0.5897583961486816,0.6679916381835938,0.4814853370189667,0.6579967141151428,0.5428274869918823,0.6382903456687927,0.5999858379364014,0.665063738822937,0.6448472142219543,0.7006309032440186,0.558881938457489,0.6984160542488098,0.570960283279419,0.6834115982055664,0.5987257957458496,ㅏ
0.5460584163665771,0.8629826307296753,0.4976029396057129,0.7758617401123047,0.4943348169326782,0.6700985431671143,0.5537033081054688,0.6044002771377563,0.6113473176956177,0.5741717219352722,0.5275794863700867,0.517956554889679,0.534672737121582,0.3825158476829529,0.5438146591186523,0.3052941858768463,0.5507469177246094,0.2404252290725708,0.5884606242179871,0.5335975885391235,0.6240573525428772,0.42170774936676025,0.617475688457489,0.497003436088562,0.6017987728118896,0.5590025782585144,0.6373887658119202,0.5701772570610046,0.6776561737060547,0.45914116501808167,0.664148211479187,0.5215637683868408,0.6436316967010498,0.5823870897293091,0.6742279529571533,0.6245583891868591,0.7113602757453918,0.5354979038238525,0.7066797018051147,0.5476831197738647,0.6911904215812683,0.5774433612823486,ㅏ
0.5358531475067139,0.866248369216919,0.488666832447052,0.7844824194908142,0.4893271028995514,0.6709705591201782,0.5490114092826843,0.5999838709831238,0.6072424054145813,0.5688933730125427,0.5129015445709229,0.5159637928009033,0.5194824934005737,0.3866059184074402,0.5269321799278259,0.30849751830101013,0.5335546731948853,0.24459698796272278,0.5721670985221863,0.5279620289802551,0.6129358410835266,0.40854549407958984,0.6132351756095886,0.47109362483024597,0.5982877612113953,0.5375861525535583,0.6215788125991821,0.5622132420539856,0.6606500148773193,0.45184212923049927,0.6563840508460999,0.49597299098968506,0.6397256255149841,0.5513797402381897,0.6592812538146973,0.6144803166389465,0.6969508528709412,0.5257847309112549,0.6961880922317505,0.5331109762191772,0.680767297744751,0.5652505159378052,ㅏ
0.4334992468357086,0.8459827899932861,0.37150993943214417,0.7583720684051514,0.3597147464752197,0.6486673951148987,0.40732333064079285,0.5763100981712341,0.4632108211517334,0.5436078310012817,0.38854724168777466,0.4949503540992737,0.3962252140045166,0.35972070693969727,0.4023940861225128,0.28243592381477356,0.41017448902130127,0.2169381082057953,0.4489760994911194,0.5023275017738342,0.4749756455421448,0.38191962242126465,0.46214473247528076,0.4507313370704651,0.4498070776462555,0.5178229808807373,0.5011222958564758,0.5310341715812683,0.5283715128898621,0.41154205799102783,0.5073349475860596,0.4689960181713104,0.49278151988983154,0.5357078313827515,0.545383095741272,0.5772775411605835,0.5743372440338135,0.4827999472618103,0.5596042275428772,0.48703789710998535,0.5442773103713989,0.5194661617279053,ㅏ
0.38575515151023865,0.8163598775863647,0.3395571708679199,0.7254116535186768,0.34137529134750366,0.6033313274383545,0.4091801047325134,0.5407291054725647,0.4697885513305664,0.5104302763938904,0.3665944039821625,0.46208077669143677,0.38361912965774536,0.32569122314453125,0.3954664468765259,0.24814161658287048,0.4077639877796173,0.1796099841594696,0.42391157150268555,0.48574432730674744,0.4596693813800812,0.39022380113601685,0.4312748908996582,0.4734324812889099,0.4094744622707367,0.5307902693748474,0.47168681025505066,0.5296995043754578,0.507353663444519,0.4449242055416107,0.4707552492618561,0.5242574214935303,0.4483351707458496,0.5758889317512512,0.5072121620178223,0.5901502370834351,0.5396917462348938,0.5177597403526306,0.5076348781585693,0.5606797933578491,0.48465684056282043,0.5987222790718079,ㅏ
0.3835121989250183,0.8305152654647827,0.3376167416572571,0.7335698008537292,0.33443403244018555,0.6067495346069336,0.39628320932388306,0.5296305418014526,0.46273064613342285,0.49776870012283325,0.3554772138595581,0.4687625765800476,0.3709414005279541,0.32897841930389404,0.3816949427127838,0.24551841616630554,0.39545905590057373,0.1714164912700653,0.4109489321708679,0.49799153208732605,0.44145467877388,0.39556729793548584,0.4060417115688324,0.4780847728252411,0.39022183418273926,0.5356074571609497,0.4569641947746277,0.5490757822990417,0.47114789485931396,0.48292016983032227,0.4273246228694916,0.5666229128837585,0.4177129566669464,0.6071596145629883,0.4916659891605377,0.6168867349624634,0.4989643692970276,0.5527498722076416,0.46136459708213806,0.6059139966964722,0.4518287181854248,0.6382015943527222,ㅏ
0.24476410448551178,0.7821166515350342,0.1875193566083908,0.701269268989563,0.16633053123950958,0.5632237195968628,0.2196720838546753,0.47702348232269287,0.2854936420917511,0.44469335675239563,0.22234688699245453,0.4224429130554199,0.24131633341312408,0.30067405104637146,0.2511124312877655,0.2246151566505432,0.2697259485721588,0.16131821274757385,0.27371805906295776,0.4470515847206116,0.27471819519996643,0.35533595085144043,0.2327622026205063,0.4507216811180115,0.23421165347099304,0.49770718812942505,0.3176707625389099,0.49191632866859436,0.3087739944458008,0.4356568455696106,0.26172468066215515,0.5301794409751892,0.26628634333610535,0.5604915618896484,0.35410916805267334,0.5547620058059692,0.3312388062477112,0.5093212127685547,0.2955603301525116,0.5725254416465759,0.30304908752441406,0.5965808629989624,ㅏ
0.3843398988246918,0.8224555850028992,0.32155555486679077,0.7273404002189636,0.3055410087108612,0.5878135561943054,0.36106741428375244,0.5024206638336182,0.42160287499427795,0.45999687910079956,0.34110644459724426,0.466848760843277,0.35674235224723816,0.3416406512260437,0.36316484212875366,0.26577842235565186,0.37817466259002686,0.19867396354675293,0.392846941947937,0.487529993057251,0.40499141812324524,0.375581294298172,0.3673832416534424,0.45879900455474854,0.36236080527305603,0.5182511210441589,0.4373738765716553,0.5289353132247925,0.4459678530693054,0.4414496421813965,0.3997690975666046,0.5302903652191162,0.3957297205924988,0.5796808004379272,0.4757314622402191,0.5896579623222351,0.46367383003234863,0.5239312648773193,0.4257812798023224,0.5848020911216736,0.42462125420570374,0.6246486306190491,ㅏ
0.5211269855499268,0.8784685730934143,0.4641345739364624,0.788763165473938,0.44801750779151917,0.6595498919487,0.5043365359306335,0.57155442237854,0.5607449412345886,0.5129313468933105,0.46357589960098267,0.525154709815979,0.4687670171260834,0.3891723155975342,0.4722331464290619,0.3058871924877167,0.4809732735157013,0.23430338501930237,0.5197202563285828,0.5409205555915833,0.5362643599510193,0.4287612736225128,0.5085681676864624,0.5188416242599487,0.5015510320663452,0.5777579545974731,0.5704160928726196,0.5791527032852173,0.5873557329177856,0.48577719926834106,0.5484926104545593,0.5810285210609436,0.5395355224609375,0.6326167583465576,0.6126061677932739,0.6377121210098267,0.6138803958892822,0.5630193948745728,0.5802295207977295,0.626248836517334,0.5727354884147644,0.6679676175117493,ㅏ
0.6504094004631042,0.8547828197479248,0.5877400040626526,0.7852278351783752,0.553824782371521,0.6736867427825928,0.5883108377456665,0.5745610594749451,0.6322849988937378,0.49856188893318176,0.5472685098648071,0.512668788433075,0.529488205909729,0.37265321612358093,0.5217159986495972,0.28473353385925293,0.5189952254295349,0.21178123354911804,0.605277955532074,0.5184239745140076,0.6079132556915283,0.3997146487236023,0.5944648385047913,0.49152931571006775,0.5880471467971802,0.5598999261856079,0.6618090271949768,0.5487080812454224,0.6680917143821716,0.4414377212524414,0.6404012441635132,0.5428804159164429,0.6280491352081299,0.6114561557769775,0.7123214602470398,0.6030241250991821,0.7040361166000366,0.526580810546875,0.676312267780304,0.598143994808197,0.6644649505615234,0.654776930809021,ㅏ
0.7148754000663757,0.8806242942810059,0.6273614764213562,0.801507830619812,0.5756109356880188,0.6923840045928955,0.6083716750144958,0.5940746068954468,0.6624307036399841,0.5334399342536926,0.5856960415840149,0.5128776431083679,0.5594793558120728,0.35920917987823486,0.5502887964248657,0.26708877086639404,0.5448110103607178,0.18521690368652344,0.6465356945991516,0.5041100978851318,0.6245734691619873,0.36015474796295166,0.6174006462097168,0.4567820429801941,0.6182077527046204,0.5416357517242432,0.7094607949256897,0.5230979919433594,0.6989700198173523,0.37958747148513794,0.6823132634162903,0.48525434732437134,0.6793788075447083,0.5756841897964478,0.7730714082717896,0.5705087780952454,0.762234091758728,0.46248823404312134,0.7347793579101562,0.529755175113678,0.7219563722610474,0.6035605072975159,ㅏ
0.5447613596916199,0.8860920667648315,0.4791969656944275,0.7946326732635498,0.45142263174057007,0.6582203507423401,0.5079473853111267,0.5590572953224182,0.5772221088409424,0.5083217620849609,0.46905192732810974,0.5041190385818481,0.47391313314437866,0.35430318117141724,0.4796227514743805,0.267863929271698,0.49106818437576294,0.1891731321811676,0.5313446521759033,0.531240701675415,0.5558584928512573,0.4290376305580139,0.5234613418579102,0.5285114645957947,0.511835515499115,0.5760480165481567,0.5857225060462952,0.5750248432159424,0.5998628735542297,0.5166988968849182,0.5599880814552307,0.6186701655387878,0.5507261753082275,0.6433748006820679,0.6331661343574524,0.6330682635307312,0.6369988918304443,0.583294153213501,0.6023894548416138,0.6523178815841675,0.5927515029907227,0.6770951151847839,ㅏ
0.49941280484199524,0.8618054389953613,0.4402812719345093,0.7772857546806335,0.4101622402667999,0.6462169289588928,0.46520674228668213,0.5466592907905579,0.5351597666740417,0.5023378729820251,0.42994946241378784,0.49452969431877136,0.4373394548892975,0.35082513093948364,0.4434034824371338,0.26309648156166077,0.4554438292980194,0.18670326471328735,0.4913194477558136,0.5212122201919556,0.5109668970108032,0.42065298557281494,0.4803917109966278,0.5273367166519165,0.47382932901382446,0.5729491114616394,0.5453754663467407,0.5670154094696045,0.5602881908416748,0.5078298449516296,0.5184191465377808,0.6087542772293091,0.5107351541519165,0.6379117965698242,0.5910424590110779,0.6291834115982056,0.5963460206985474,0.5818108916282654,0.5589393377304077,0.6464081406593323,0.5500373244285583,0.6707543730735779,ㅏ
0.48273980617523193,0.8745667934417725,0.42689913511276245,0.7793588042259216,0.4070405960083008,0.6515805125236511,0.45972302556037903,0.5594057440757751,0.5283886194229126,0.5158889889717102,0.40967392921447754,0.5113404393196106,0.4159799814224243,0.37092870473861694,0.42365536093711853,0.28639861941337585,0.4346540570259094,0.21332845091819763,0.46833062171936035,0.5371099710464478,0.4971850514411926,0.4272487163543701,0.4697537422180176,0.5212705135345459,0.4575159549713135,0.5751177072525024,0.5219468474388123,0.5828635096549988,0.5406011343002319,0.5204771161079407,0.5023240447044373,0.6119967103004456,0.4922267496585846,0.6448184847831726,0.5659385919570923,0.6450204849243164,0.5762197375297546,0.5915387272834778,0.5415385961532593,0.6494066715240479,0.5308938026428223,0.675058901309967,ㅏ
0.2965790629386902,0.9270623922348022,0.2298251986503601,0.8746513724327087,0.1864991933107376,0.7598048448562622,0.21703755855560303,0.667864203453064,0.2712118923664093,0.6222662329673767,0.2256099134683609,0.6011223793029785,0.2379099428653717,0.4813705384731293,0.2478218525648117,0.4114260673522949,0.26524361968040466,0.3497526943683624,0.27712827920913696,0.6118882298469543,0.26118025183677673,0.546818733215332,0.23410984873771667,0.6437065601348877,0.23817534744739532,0.684104859828949,0.32259517908096313,0.6405354738235474,0.3025856018066406,0.6195452213287354,0.2713334262371063,0.7143912315368652,0.27623090147972107,0.7358290553092957,0.36349400877952576,0.6853882670402527,0.3339882493019104,0.6789940595626831,0.30826687812805176,0.7430008053779602,0.31409528851509094,0.7578982710838318,ㅏ
0.4405730068683624,0.8637919425964355,0.3770292103290558,0.799583911895752,0.34273526072502136,0.7000390887260437,0.3746766149997711,0.6243659257888794,0.4240574240684509,0.5858072638511658,0.3664638102054596,0.5436861515045166,0.37070581316947937,0.41994690895080566,0.37475723028182983,0.34279724955558777,0.3862684369087219,0.2754671573638916,0.41912564635276794,0.5563719868659973,0.41810905933380127,0.47444793581962585,0.3919011354446411,0.5617595911026001,0.3902013897895813,0.6147313117980957,0.4668096899986267,0.5889583826065063,0.4591682553291321,0.5441558361053467,0.42854034900665283,0.631549060344696,0.4291619658470154,0.6678770780563354,0.5103155970573425,0.6398681402206421,0.49367085099220276,0.6044657826423645,0.46462222933769226,0.6672042012214661,0.46419981122016907,0.6968507766723633,ㅏ
0.5329770445823669,0.8918641805648804,0.4637310802936554,0.8434933423995972,0.40983152389526367,0.7390781044960022,0.42038968205451965,0.6429377198219299,0.460132896900177,0.5771207213401794,0.4301523268222809,0.577449381351471,0.41967758536338806,0.4638458490371704,0.4138149321079254,0.3931786119937897,0.4199482798576355,0.33191028237342834,0.4786819517612457,0.5820432305335999,0.46136513352394104,0.46753406524658203,0.44438636302948,0.5649547576904297,0.45085418224334717,0.6114770174026489,0.5282558798789978,0.6031588315963745,0.5107507705688477,0.5375552177429199,0.4917214512825012,0.6385995149612427,0.5005248785018921,0.6712408065795898,0.5758423805236816,0.6426166892051697,0.5496294498443604,0.5898374319076538,0.5301024913787842,0.6590366363525391,0.5384740233421326,0.6881647706031799,ㅏ
0.5484404563903809,0.9478073120117188,0.47791990637779236,0.9007924199104309,0.41537705063819885,0.7933565378189087,0.41944122314453125,0.6931564211845398,0.46357837319374084,0.6240777969360352,0.45546314120292664,0.5857253670692444,0.45380955934524536,0.45029932260513306,0.45585381984710693,0.36006230115890503,0.4681822955608368,0.28519293665885925,0.5140191316604614,0.6013143062591553,0.49814510345458984,0.5170423984527588,0.47536033391952515,0.641955554485321,0.47876453399658203,0.6836839318275452,0.5715878009796143,0.6325576305389404,0.5527716875076294,0.5797274708747864,0.5263788104057312,0.6991301774978638,0.5325868725776672,0.7302296161651611,0.624767541885376,0.682083010673523,0.6013447046279907,0.641021728515625,0.5739028453826904,0.7212787866592407,0.5794591903686523,0.7452563047409058,ㅏ
0.519993007183075,0.9730715155601501,0.4603438079357147,0.9044783711433411,0.42985498905181885,0.7921667695045471,0.4717761278152466,0.7009008526802063,0.5232855081558228,0.6334078907966614,0.4499157667160034,0.6038910746574402,0.45375245809555054,0.46062272787094116,0.4615349769592285,0.3723696768283844,0.4719209372997284,0.29533058404922485,0.5150075554847717,0.6245336532592773,0.5366404056549072,0.5265993475914001,0.5108671188354492,0.6252727508544922,0.49361059069633484,0.6834624409675598,0.5722311735153198,0.6698797941207886,0.5888221859931946,0.6058308482170105,0.551655113697052,0.7075889110565186,0.5332114100456238,0.751022458076477,0.617902398109436,0.7324051856994629,0.6240403652191162,0.6809202432632446,0.5896483063697815,0.7460017800331116,0.5731724500656128,0.7756463289260864,ㅏ
0.4969227910041809,0.9895054697990417,0.45980173349380493,0.8973443508148193,0.45885905623435974,0.7790448069572449,0.5293165445327759,0.6982895135879517,0.5975348949432373,0.6446288228034973,0.4528050124645233,0.5880797505378723,0.46513432264328003,0.4554520845413208,0.4716966152191162,0.3703615963459015,0.48098671436309814,0.30474212765693665,0.5207217335700989,0.619019627571106,0.568684995174408,0.5178708434104919,0.5418912768363953,0.6087033152580261,0.5183207392692566,0.6645525693893433,0.5750913023948669,0.6743267178535461,0.6121974587440491,0.6125385165214539,0.5729065537452698,0.696130633354187,0.5478751063346863,0.7323131561279297,0.6132883429527283,0.7509124875068665,0.6423186659812927,0.6954100728034973,0.606870174407959,0.7520564794540405,0.5796462297439575,0.7813671827316284,ㅏ
0.7763194441795349,0.8816589117050171,0.725286602973938,0.8288003206253052,0.6998500227928162,0.7545651793479919,0.7232337594032288,0.6996768116950989,0.7558483481407166,0.6684702634811401,0.7208693027496338,0.6292599439620972,0.7149773836135864,0.5319849848747253,0.7141228914260864,0.4747867286205292,0.7154709100723267,0.42381149530410767,0.7603947520256042,0.640105128288269,0.7653663158416748,0.5593423247337341,0.7481750249862671,0.6199561953544617,0.7387695908546448,0.6701837778091431,0.7962490916252136,0.6667229533195496,0.7995408773422241,0.5931621193885803,0.7762594223022461,0.6568112373352051,0.7677894830703735,0.7061942219734192,0.8269224762916565,0.7093074917793274,0.8257953524589539,0.6485428214073181,0.8008604645729065,0.6893893480300903,0.7896010875701904,0.7298396229743958,ㅏ
0.7525630593299866,0.8547473549842834,0.7057318687438965,0.7981430292129517,0.6871712803840637,0.7126772999763489,0.7082369327545166,0.6447843909263611,0.735022246837616,0.5962257981300354,0.702917754650116,0.6249613165855408,0.702200710773468,0.5419837832450867,0.7026059627532959,0.490641713142395,0.7101379036903381,0.4457768201828003,0.7392720580101013,0.6380249261856079,0.7413322925567627,0.5688950419425964,0.7219678163528442,0.6338121294975281,0.7225781679153442,0.6663932800292969,0.7723761200904846,0.6638438701629639,0.7644804120063782,0.627448558807373,0.7426748871803284,0.6916917562484741,0.7467862963676453,0.7074291706085205,0.8010920882225037,0.69999098777771,0.7858003973960876,0.6710753440856934,0.7677429914474487,0.7164953351020813,0.7730690836906433,0.7297264337539673,ㅏ
0.7873746752738953,0.829730749130249,0.7396714091300964,0.7899318337440491,0.7116174101829529,0.7227756977081299,0.7315365076065063,0.6585712432861328,0.7597585916519165,0.6122791171073914,0.7061957716941833,0.6063817739486694,0.6894771456718445,0.5128763318061829,0.6823824644088745,0.45502787828445435,0.6758252382278442,0.4064837694168091,0.7465473413467407,0.6079111099243164,0.7461283802986145,0.529407799243927,0.744861364364624,0.5945626497268677,0.7430980801582336,0.6436699032783508,0.7849969863891602,0.6281982064247131,0.780813455581665,0.5674930810928345,0.7724852561950684,0.6348520517349243,0.7708449959754944,0.675705075263977,0.8185380697250366,0.6648562550544739,0.809390127658844,0.6182315945625305,0.7969903349876404,0.6646018624305725,0.7946892380714417,0.6957639455795288,ㅏ
