0.7099851965904236,0.7530005574226379,0.6554961800575256,0.7069055438041687,0.6232881546020508,0.6352640390396118,0.6405876874923706,0.5688481330871582,0.6851174235343933,0.5376169681549072,0.6269219517707825,0.5202768445014954,0.616072952747345,0.4103434979915619,0.61370450258255,0.34378892183303833,0.6105953454971313,0.28144755959510803,0.6670829057693481,0.5189347267150879,0.6630558967590332,0.47253137826919556,0.6642808318138123,0.5544916391372681,0.6630336046218872,0.5971091985702515,0.7070325016975403,0.5261633396148682,0.7065922021865845,0.4825931191444397,0.6969409584999084,0.5621855854988098,0.6890340447425842,0.6122137904167175,0.7437717914581299,0.5390723347663879,0.755341649055481,0.4560540020465851,0.7579895853996277,0.4067540168762207,0.7583256363868713,0.3515400290489197,ㅐ
0.6967723965644836,0.7628459930419922,0.6429679989814758,0.720039963722229,0.6102015376091003,0.6580572128295898,0.6241416931152344,0.6027563810348511,0.6607970595359802,0.5708780884742737,0.6115971207618713,0.5450376868247986,0.5973249077796936,0.4429906904697418,0.5940850973129272,0.3811699151992798,0.5912725925445557,0.3236173093318939,0.6504207849502563,0.5451387763023376,0.6436761021614075,0.506264328956604,0.6443636417388916,0.5757932066917419,0.6450700163841248,0.6159673929214478,0.6880699396133423,0.5524845123291016,0.6854819655418396,0.5177462697029114,0.6760550141334534,0.5871111750602722,0.6702751517295837,0.6328433156013489,0.7225703597068787,0.5630308389663696,0.7362557053565979,0.4855867624282837,0.7422918677330017,0.43851226568222046,0.7468762397766113,0.3876017928123474,ㅐ
0.6715584993362427,0.790542721748352,0.6204991340637207,0.7624956369400024,0.5862467288970947,0.7139348387718201,0.5897758603096008,0.6664999127388,0.6165903210639954,0.6325132250785828,0.5793086886405945,0.6112328171730042,0.5571836233139038,0.524280846118927,0.5450997948646545,0.4723484516143799,0.5335233211517334,0.42354482412338257,0.612716555595398,0.6059867739677429,0.5978792905807495,0.5719164609909058,0.6054311394691467,0.6374688148498535,0.6116864681243896,0.6763925552368164,0.6470339298248291,0.607353925704956,0.6378742456436157,0.579548180103302,0.635861337184906,0.643945038318634,0.6348860859870911,0.685284435749054,0.6794930696487427,0.6118193864822388,0.6835554838180542,0.5390431880950928,0.6841632127761841,0.4954715371131897,0.6828761100769043,0.4494750499725342,ㅐ
0.6214755177497864,0.8378023505210876,0.5793153047561646,0.8217484951019287,0.5473372340202332,0.7824874520301819,0.5437883138656616,0.7441781759262085,0.5616493821144104,0.7101439833641052,0.5404417514801025,0.6859156489372253,0.5232595801353455,0.6048038601875305,0.5169064998626709,0.5558809041976929,0.5115671753883362,0.5103028416633606,0.5693217515945435,0.6815066337585449,0.5544223189353943,0.6562251448631287,0.5609152317047119,0.7131420373916626,0.5675816535949707,0.7476475238800049,0.5993619561195374,0.6816896200180054,0.5890651941299438,0.656445324420929,0.5883955955505371,0.7131848335266113,0.5888786911964417,0.7501000165939331,0.6282391548156738,0.6836534142494202,0.6332231163978577,0.6207695007324219,0.6346594095230103,0.5816909670829773,0.6330820322036743,0.5396705269813538,ㅐ
0.6075716614723206,0.846906304359436,0.5644071102142334,0.8226017355918884,0.5349193811416626,0.7731730341911316,0.539298415184021,0.7274183034896851,0.565220296382904,0.6966541409492493,0.5406588315963745,0.6779734492301941,0.533194899559021,0.5879058241844177,0.5344889163970947,0.5341587066650391,0.5353857278823853,0.4851554036140442,0.5705908536911011,0.6762537956237793,0.5588322281837463,0.6431779861450195,0.560524046421051,0.7051242589950562,0.5637561678886414,0.7404120564460754,0.6001977920532227,0.6798741817474365,0.5924557447433472,0.6497982740402222,0.5858935117721558,0.7090123891830444,0.5842902660369873,0.7478913068771362,0.6279969215393066,0.6864344477653503,0.6399108171463013,0.6208047866821289,0.642433226108551,0.5817683935165405,0.6432114243507385,0.538597822189331,ㅐ
0.6524727940559387,0.8247154951095581,0.6042430996894836,0.7831312417984009,0.5783374309539795,0.7227862477302551,0.5951401591300964,0.6729752421379089,0.6268750429153442,0.6428142786026001,0.5811931490898132,0.612440288066864,0.5772230625152588,0.513871967792511,0.5803695917129517,0.4526798725128174,0.5820608735084534,0.396617591381073,0.6184918880462646,0.6169866919517517,0.6157478094100952,0.580666184425354,0.6147801876068115,0.6542161107063293,0.6131232380867004,0.6944917440414429,0.654373288154602,0.627095639705658,0.656831681728363,0.5880457162857056,0.6461179852485657,0.6553574204444885,0.6391593813896179,0.6979552507400513,0.6875729560852051,0.6402274966239929,0.7041056156158447,0.567264974117279,0.7098289728164673,0.5259057283401489,0.7147206664085388,0.4767862558364868,ㅐ
0.6607953310012817,0.7859257459640503,0.6071340441703796,0.7395257353782654,0.574552059173584,0.6668351292610168,0.595443844795227,0.6069868206977844,0.6356083750724792,0.5732340812683105,0.5792244076728821,0.5403335690498352,0.5723224878311157,0.4271671772003174,0.5739433765411377,0.35759204626083374,0.5733528137207031,0.292967289686203,0.6229892373085022,0.5428835153579712,0.6202011108398438,0.503879964351654,0.6203017234802246,0.5885869860649109,0.6189845204353333,0.639207124710083,0.6646879315376282,0.5540266633033752,0.6664274334907532,0.5115989446640015,0.6566210389137268,0.5912104249000549,0.649116039276123,0.6431918144226074,0.7031522989273071,0.5684534907341003,0.7201039791107178,0.4856136441230774,0.7267202138900757,0.43701475858688354,0.7305566668510437,0.38076794147491455,ㅐ
0.694316565990448,0.8281025886535645,0.6304187774658203,0.7724394798278809,0.5929611921310425,0.687018871307373,0.6204854249954224,0.6172501444816589,0.6705948710441589,0.5813828706741333,0.6006146669387817,0.5321544408798218,0.5924762487411499,0.4022897481918335,0.593369722366333,0.3228455185890198,0.5920321941375732,0.24848762154579163,0.6523250937461853,0.5386969447135925,0.6511052250862122,0.4935501217842102,0.6486582159996033,0.5934985876083374,0.6461596488952637,0.6506929397583008,0.7008702754974365,0.5544217228889465,0.7048097848892212,0.5066081285476685,0.6904405355453491,0.6018325090408325,0.679539680480957,0.6619960069656372,0.7456066608428955,0.5737515687942505,0.762071967124939,0.4725693464279175,0.767818808555603,0.4134739637374878,0.7713167071342468,0.34537452459335327,ㅐ
0.6569596529006958,0.8065671324729919,0.6090797185897827,0.7643635869026184,0.5826371908187866,0.6999146938323975,0.6006527543067932,0.6471099257469177,0.6326598525047302,0.6140385270118713,0.586412787437439,0.5870824456214905,0.5812594294548035,0.4908285140991211,0.5825926661491394,0.43370240926742554,0.5838507413864136,0.3798326849937439,0.6229068636894226,0.5921976566314697,0.6256958246231079,0.5544477701187134,0.6217588186264038,0.6226456165313721,0.6186286211013794,0.6650411486625671,0.6580125689506531,0.6040648221969604,0.663193941116333,0.5691541433334351,0.6513593792915344,0.6329467296600342,0.6418101787567139,0.6734346151351929,0.6906827688217163,0.6191661357879639,0.7038405537605286,0.5460866689682007,0.7080507874488831,0.5018587112426758,0.7105263471603394,0.45306599140167236,ㅐ
0.5901193618774414,0.8193618655204773,0.5469707250595093,0.7895760536193848,0.5159386992454529,0.7374513745307922,0.5127707123756409,0.6927552223205566,0.5349409580230713,0.6596745252609253,0.5233097076416016,0.6341477632522583,0.5130159854888916,0.543540894985199,0.5103457570075989,0.4884979724884033,0.5089776515960693,0.4383776783943176,0.5535187125205994,0.6341241002082825,0.5370873808860779,0.6023959517478943,0.5371436476707458,0.6652438640594482,0.5411944389343262,0.7102918028831482,0.5842685699462891,0.6404668092727661,0.5691829323768616,0.6132976412773132,0.5635819435119629,0.6736902594566345,0.562650740146637,0.7160115242004395,0.6135405898094177,0.6492589116096497,0.6205394268035889,0.5826574563980103,0.6221979856491089,0.5408608913421631,0.6215021014213562,0.4973684549331665,ㅐ
0.5320777297019958,0.8145773410797119,0.48744863271713257,0.7996638417243958,0.4524752199649811,0.7648612260818481,0.44611117243766785,0.7301274538040161,0.4646056890487671,0.6963885426521301,0.44966191053390503,0.6520794630050659,0.42944803833961487,0.5695317387580872,0.4209369421005249,0.5203667283058167,0.4134077727794647,0.47463223338127136,0.48038652539253235,0.6452599167823792,0.46073877811431885,0.6279732584953308,0.4651252329349518,0.6926632523536682,0.4714176058769226,0.7311828136444092,0.511939287185669,0.6476629972457886,0.49487918615341187,0.6302253603935242,0.4932662546634674,0.6956256628036499,0.49501851201057434,0.7377805709838867,0.5419493317604065,0.6537663340568542,0.5472273230552673,0.5854815244674683,0.5495988130569458,0.5437949895858765,0.5494063496589661,0.4994296431541443,ㅐ
0.5288643836975098,0.8219996690750122,0.48463356494903564,0.8075602054595947,0.45137402415275574,0.7779527306556702,0.43481987714767456,0.7520980834960938,0.44543343782424927,0.7196136713027954,0.45175743103027344,0.6615941524505615,0.43956583738327026,0.5753979682922363,0.4351515769958496,0.5243812799453735,0.4330596327781677,0.47857415676116943,0.4793168902397156,0.6589965224266052,0.4533454179763794,0.6484788656234741,0.4529203176498413,0.7117788195610046,0.45961934328079224,0.7493504881858826,0.5073906779289246,0.6632878184318542,0.48291152715682983,0.6523205041885376,0.48010358214378357,0.7154297232627869,0.483661413192749,0.7548242807388306,0.5338844060897827,0.6701722741127014,0.5361567139625549,0.6031278967857361,0.5364874601364136,0.5627564191818237,0.5350171327590942,0.5208001732826233,ㅐ
0.5507308840751648,0.8045923113822937,0.5048137307167053,0.7827544212341309,0.472190260887146,0.7465078234672546,0.4642985165119171,0.7156766057014465,0.4868699610233307,0.6885395050048828,0.4824594259262085,0.622329592704773,0.4736327528953552,0.5263758897781372,0.47142112255096436,0.4636300504207611,0.47146129608154297,0.40743154287338257,0.5155817866325378,0.6212359666824341,0.49370211362838745,0.6150127053260803,0.4918985068798065,0.684999406337738,0.49756506085395813,0.7268638014793396,0.547399640083313,0.632248044013977,0.5283079743385315,0.6290818452835083,0.5218040347099304,0.6935073137283325,0.5223445296287537,0.7358458638191223,0.5767661333084106,0.6457130908966064,0.5858668684959412,0.5763084888458252,0.591128945350647,0.5338393449783325,0.5938414335250854,0.4898166060447693,ㅐ
0.6644266247749329,0.8165331482887268,0.6170875430107117,0.7755635976791382,0.5909473299980164,0.7083448767662048,0.6173943877220154,0.6568542122840881,0.6567407846450806,0.6271336674690247,0.596542477607727,0.577093780040741,0.5907607078552246,0.46400511264801025,0.5921567678451538,0.3912805914878845,0.5918939709663391,0.3263578712940216,0.6403912901878357,0.581987202167511,0.6455982327461243,0.5540457367897034,0.6409183740615845,0.6356602311134338,0.6364097595214844,0.6843105554580688,0.6798865795135498,0.5963314175605774,0.6854526996612549,0.5696698427200317,0.6735343337059021,0.6414813995361328,0.6641153693199158,0.6857900023460388,0.7153064608573914,0.6111164689064026,0.7296062111854553,0.5300647616386414,0.7328225374221802,0.48331186175346375,0.733939528465271,0.4305839538574219,ㅐ
0.7298321723937988,0.7826682329177856,0.6752700209617615,0.7345408201217651,0.650965690612793,0.6616744995117188,0.6854497194290161,0.6055330038070679,0.7309384346008301,0.5737534761428833,0.6515418291091919,0.5175209641456604,0.646148681640625,0.3973851203918457,0.6484882235527039,0.32400739192962646,0.6479847431182861,0.25615426898002625,0.7009904384613037,0.5225000977516174,0.7112424373626709,0.49215197563171387,0.7085097432136536,0.584668755531311,0.7023465037345886,0.6376966834068298,0.745159387588501,0.536878228187561,0.7571503520011902,0.5053012371063232,0.7456509470939636,0.5909355878829956,0.7336784601211548,0.6416585445404053,0.7848331928253174,0.5527002811431885,0.7991408109664917,0.4633312523365021,0.8064819574356079,0.413937509059906,0.8112201690673828,0.35635602474212646,ㅐ
0.6726943850517273,0.8013864755630493,0.6309902667999268,0.7651692628860474,0.6100979447364807,0.7081294059753418,0.6323268413543701,0.6634611487388611,0.665795087814331,0.6362265944480896,0.6066795587539673,0.5933007001876831,0.5973206162452698,0.4902709424495697,0.5957396030426025,0.42756927013397217,0.5932204127311707,0.371307373046875,0.6438199877738953,0.5944165587425232,0.6528695225715637,0.5753647685050964,0.649254560470581,0.647307813167572,0.6426356434822083,0.6894283890724182,0.6778867840766907,0.6049476265907288,0.6859856843948364,0.5910499691963196,0.6749654412269592,0.6522200703620911,0.663236141204834,0.6880232095718384,0.7089341878890991,0.6171209812164307,0.7182216048240662,0.5472971796989441,0.7218149900436401,0.5046468377113342,0.7236834168434143,0.45931220054626465,ㅐ
0.6885295510292053,0.7392419576644897,0.6510295271873474,0.7065795660018921,0.6283258199691772,0.654201865196228,0.6371116638183594,0.608811616897583,0.658198893070221,0.5746777653694153,0.629624605178833,0.562423825263977,0.6204870343208313,0.48101311922073364,0.6190526485443115,0.43175917863845825,0.6190268397331238,0.38631516695022583,0.6607838869094849,0.5645706653594971,0.6643578410148621,0.5368015766143799,0.6630532741546631,0.5938369631767273,0.6622437238693237,0.6334125995635986,0.6904992461204529,0.5734120011329651,0.6943541169166565,0.5482273101806641,0.686966061592102,0.6004502773284912,0.6811525821685791,0.6350284218788147,0.7181090116500854,0.5839472413063049,0.732734203338623,0.5274440050125122,0.7405496835708618,0.4912363886833191,0.746315598487854,0.45133474469184875,ㅐ
0.5807303190231323,0.7442083358764648,0.5418206453323364,0.7193461656570435,0.5179208517074585,0.6692984700202942,0.5297808647155762,0.6275767683982849,0.5483425855636597,0.5915853381156921,0.5212647914886475,0.5737178921699524,0.5193084478378296,0.4885866045951843,0.5236373543739319,0.43714213371276855,0.5280897617340088,0.38983848690986633,0.5508893728256226,0.5765447020530701,0.5507522821426392,0.5527654886245728,0.5480165481567383,0.609638512134552,0.5475072860717773,0.6446506977081299,0.5795143246650696,0.5853702425956726,0.581967294216156,0.5619192123413086,0.5722414255142212,0.6141684055328369,0.5653602480888367,0.6472693681716919,0.6068384051322937,0.5961623787879944,0.6184207201004028,0.5359870195388794,0.6231907606124878,0.4987393021583557,0.6265961527824402,0.45780032873153687,ㅐ
0.6322972178459167,0.7297860980033875,0.5943133234977722,0.7070591449737549,0.570808470249176,0.6582037210464478,0.5897250175476074,0.6127756834030151,0.6118928790092468,0.5794963836669922,0.5562020540237427,0.5505170822143555,0.5478060841560364,0.4578898847103119,0.5493711829185486,0.39861762523651123,0.5498095750808716,0.34640347957611084,0.5910210609436035,0.5477702617645264,0.6014615893363953,0.5303059220314026,0.6052663922309875,0.5971510410308838,0.6029706597328186,0.6357603669166565,0.6236910820007324,0.5539714097976685,0.6357330083847046,0.5424956679344177,0.6315568685531616,0.603999137878418,0.623416006565094,0.6403244137763977,0.6542421579360962,0.5629509091377258,0.669191837310791,0.4990878701210022,0.6803641319274902,0.46074163913726807,0.6872438788414001,0.4174346923828125,ㅐ
0.7543614506721497,0.6806449294090271,0.7135246396064758,0.6652501821517944,0.6918725371360779,0.628816545009613,0.724458634853363,0.5993771553039551,0.7604895830154419,0.5757883787155151,0.6780639290809631,0.5101882219314575,0.6602058410644531,0.4178708791732788,0.6489096879959106,0.35561713576316833,0.6372098326683044,0.29909801483154297,0.7151792645454407,0.4965294897556305,0.7360379695892334,0.49980923533439636,0.7377094626426697,0.5723794102668762,0.7322167754173279,0.6077253818511963,0.7509693503379822,0.5013219118118286,0.7767060995101929,0.5064280033111572,0.7686313390731812,0.570437490940094,0.7550627589225769,0.6048498153686523,0.7857306599617004,0.5104960203170776,0.8098495006561279,0.4481741189956665,0.8286525011062622,0.4078086316585541,0.8428287506103516,0.3656935691833496,ㅐ
0.7586786150932312,0.6925570964813232,0.7167336940765381,0.669850766658783,0.6937897205352783,0.621851921081543,0.7194370031356812,0.5804336667060852,0.7535857558250427,0.5510974526405334,0.6789124608039856,0.5046437382698059,0.6566690802574158,0.4075756072998047,0.6443384289741516,0.3436196446418762,0.6326586008071899,0.2862320840358734,0.7182948589324951,0.4964275360107422,0.7355576753616333,0.4834013879299164,0.7411121726036072,0.5604260563850403,0.7379059195518494,0.6038703322410583,0.7547894716262817,0.5018977522850037,0.7736929655075073,0.4920453131198883,0.7688594460487366,0.5603136420249939,0.7588719725608826,0.6019677519798279,0.7891474962234497,0.5104369521141052,0.8067811131477356,0.44165053963661194,0.8190463781356812,0.3985581398010254,0.8280594348907471,0.3520275354385376,ㅐ
0.7102916836738586,0.7135593295097351,0.667904794216156,0.6912735104560852,0.6401227712631226,0.6459565162658691,0.6556165218353271,0.6016956567764282,0.6829838156700134,0.5677920579910278,0.6221479177474976,0.5372027158737183,0.5999935269355774,0.4444010555744171,0.5906347036361694,0.3836750388145447,0.5813013911247253,0.32940542697906494,0.6575728058815002,0.5305486917495728,0.6628121733665466,0.5106212496757507,0.67344731092453,0.5820170640945435,0.6758502125740051,0.6245048642158508,0.691608726978302,0.533510148525238,0.7000126242637634,0.5162461996078491,0.7002080082893372,0.5797431468963623,0.6951748132705688,0.6192328929901123,0.7237097024917603,0.5379582047462463,0.7295626401901245,0.46840357780456543,0.7316462993621826,0.4262533187866211,0.7307873964309692,0.3800341784954071,ㅐ
0.6878568530082703,0.6946919560432434,0.6470696330070496,0.6870205998420715,0.619005560874939,0.6522381901741028,0.6288513541221619,0.6089761853218079,0.6480055451393127,0.5722209811210632,0.59235680103302,0.5517904758453369,0.5718750953674316,0.4642229676246643,0.5645617842674255,0.40631166100502014,0.5572590827941895,0.3561432957649231,0.624024510383606,0.5390955805778503,0.6323367953300476,0.5250698328018188,0.6468321681022644,0.5855972170829773,0.6517009139060974,0.6225028038024902,0.6546508073806763,0.534791111946106,0.6644109487533569,0.525000810623169,0.6721575260162354,0.5828387141227722,0.6710954308509827,0.6184250116348267,0.6837320923805237,0.5302209258079529,0.6784341931343079,0.4673258364200592,0.6742243766784668,0.43035173416137695,0.6653769016265869,0.39087173342704773,ㅐ
0.6507002115249634,0.7078632116317749,0.6138638854026794,0.7084552049636841,0.5845618844032288,0.6888111233711243,0.5954135656356812,0.6598778963088989,0.6150800585746765,0.6314980387687683,0.5557209849357605,0.5886803865432739,0.5339453816413879,0.5141136646270752,0.525649905204773,0.46258649230003357,0.5192036032676697,0.4161284267902374,0.583603024482727,0.5710258483886719,0.5934860110282898,0.5663101673126221,0.6104206442832947,0.6226782202720642,0.6178253889083862,0.6543912887573242,0.6140708327293396,0.5667906403541565,0.6262927055358887,0.5672399401664734,0.6333159804344177,0.6234117746353149,0.6321402788162231,0.6579470634460449,0.6443086862564087,0.5642820596694946,0.641139805316925,0.5068681836128235,0.6379483938217163,0.4710170030593872,0.6301971077919006,0.4338564872741699,ㅐ
0.6913729906082153,0.6125375032424927,0.6503946185112,0.6100083589553833,0.6211183667182922,0.5863059759140015,0.6403859853744507,0.556135356426239,0.667248010635376,0.5283567309379578,0.5956956744194031,0.47209957242012024,0.5692647695541382,0.3884115219116211,0.5552241206169128,0.33134564757347107,0.5428376793861389,0.2810032367706299,0.6260003447532654,0.4519811272621155,0.6446705460548401,0.45406872034072876,0.6556127071380615,0.5179669857025146,0.6552537083625793,0.5494772791862488,0.659609317779541,0.4501897096633911,0.6819416880607605,0.4590475559234619,0.6822985410690308,0.5216099619865417,0.6738993525505066,0.5564204454421997,0.6936767101287842,0.4494321048259735,0.6945170760154724,0.3883376121520996,0.6935937404632568,0.3481857180595398,0.6894733309745789,0.3062322437763214,ㅐ
0.7779505252838135,0.6330596208572388,0.724980890750885,0.6372607350349426,0.6935931444168091,0.6103025674819946,0.7273682355880737,0.5678554773330688,0.7661901116371155,0.5296880602836609,0.656528115272522,0.45454666018486023,0.6275361776351929,0.33666297793388367,0.6126644015312195,0.2515811324119568,0.5984325408935547,0.17976577579975128,0.697117269039154,0.42611080408096313,0.7210276126861572,0.42312395572662354,0.7328872680664062,0.5146704912185669,0.7232955098152161,0.5462415218353271,0.74249267578125,0.4201144278049469,0.7719070911407471,0.42746835947036743,0.7718585729598999,0.5097547769546509,0.757201075553894,0.5494012236595154,0.787104606628418,0.4170936644077301,0.788763165473938,0.3329806327819824,0.7870773077011108,0.2785162925720215,0.77918541431427,0.22103244066238403,ㅐ
0.7120429873466492,0.7309052348136902,0.6636899709701538,0.7061240673065186,0.6328343749046326,0.6518732309341431,0.6539562344551086,0.6015083193778992,0.6830501556396484,0.5654265880584717,0.6209398508071899,0.5228022336959839,0.6048206090927124,0.4177987277507782,0.6001847386360168,0.35104042291641235,0.5940450429916382,0.2911580801010132,0.661859393119812,0.5193229913711548,0.668655276298523,0.4981246292591095,0.6738544702529907,0.5757768750190735,0.6727296710014343,0.6207937002182007,0.6998990774154663,0.5259986519813538,0.7082599401473999,0.5075506567955017,0.7048417925834656,0.5810983180999756,0.697359561920166,0.6247819066047668,0.7352246046066284,0.5345562100410461,0.7395122647285461,0.4577958285808563,0.7398549914360046,0.41163572669029236,0.7374609708786011,0.3593025803565979,ㅐ
0.5670344233512878,0.7105737924575806,0.5309969782829285,0.6763986349105835,0.5074054598808289,0.6240897178649902,0.5041856169700623,0.583740770816803,0.5306244492530823,0.5525904297828674,0.5366221070289612,0.5188071727752686,0.544441819190979,0.4203261733055115,0.5533276200294495,0.3636070787906647,0.5645509362220764,0.3124843239784241,0.5659469962120056,0.5278968811035156,0.551494836807251,0.4935417175292969,0.5378726124763489,0.5567983984947205,0.5356241464614868,0.5992472767829895,0.5938791632652283,0.5439185500144958,0.5815362930297852,0.5155863165855408,0.5618327856063843,0.5765277743339539,0.5532732009887695,0.6183409094810486,0.6195921301841736,0.561384379863739,0.6420090198516846,0.49769747257232666,0.6539110541343689,0.45662325620651245,0.6643246412277222,0.4135412573814392,ㅐ
0.4964323043823242,0.7522167563438416,0.46336835622787476,0.7132909297943115,0.4446529448032379,0.6564810872077942,0.4442152976989746,0.6178346872329712,0.4640690088272095,0.5895428657531738,0.47886258363723755,0.5584887266159058,0.4891268312931061,0.46180692315101624,0.4988712668418884,0.4062826633453369,0.5102728605270386,0.3565075695514679,0.5062235593795776,0.5719032883644104,0.48865774273872375,0.5322314500808716,0.4713705778121948,0.5913465023040771,0.46722346544265747,0.6331061720848083,0.5320578217506409,0.5929386019706726,0.5163632035255432,0.5608393549919128,0.4929157793521881,0.6156805753707886,0.48306041955947876,0.6557407975196838,0.5557333827018738,0.6163031458854675,0.5881531238555908,0.5592090487480164,0.6074983477592468,0.5242707133293152,0.6253841519355774,0.4873620271682739,ㅐ
0.5245435833930969,0.7422110438346863,0.49059975147247314,0.706074595451355,0.4736868441104889,0.650519847869873,0.4916973114013672,0.6128472089767456,0.5157570242881775,0.5859852433204651,0.4970777630805969,0.5477141737937927,0.5040161609649658,0.45966264605522156,0.5119761824607849,0.40605103969573975,0.5194140672683716,0.3574948310852051,0.5286773443222046,0.559356689453125,0.5307531356811523,0.5351210236549377,0.5182937383651733,0.5943479537963867,0.512211799621582,0.6303829550743103,0.5572738647460938,0.578787088394165,0.5610467791557312,0.5581838488578796,0.5417166352272034,0.6100344657897949,0.5299853682518005,0.6433274745941162,0.5832421183586121,0.6001855134963989,0.6117008924484253,0.5462908744812012,0.6284885406494141,0.5135399103164673,0.6442607045173645,0.47624948620796204,ㅐ
0.6078585982322693,0.7169248461723328,0.571947455406189,0.681674599647522,0.5599181652069092,0.6270591616630554,0.5861597657203674,0.585791826248169,0.6184696555137634,0.560826301574707,0.5619338750839233,0.5176915526390076,0.5618483424186707,0.425035685300827,0.564206063747406,0.364407479763031,0.5670593976974487,0.31048303842544556,0.5977941155433655,0.5187463164329529,0.6197521090507507,0.5100067257881165,0.6118815541267395,0.5736107230186462,0.6026067733764648,0.6114411950111389,0.6301182508468628,0.5328210592269897,0.6501747965812683,0.526528537273407,0.6361039876937866,0.5805731415748596,0.6219032406806946,0.6107208132743835,0.6601439714431763,0.549577534198761,0.6864252686500549,0.4957362115383148,0.7019466757774353,0.4645979702472687,0.713866114616394,0.4294816553592682,ㅐ
0.6967308521270752,0.7058572173118591,0.6622734665870667,0.665719211101532,0.6542577147483826,0.6087632775306702,0.6895178556442261,0.5708374381065369,0.7268619537353516,0.546816885471344,0.6570224165916443,0.49115538597106934,0.6524402499198914,0.3965807259082794,0.6515505909919739,0.33527618646621704,0.6521250009536743,0.2798864543437958,0.6936819553375244,0.4945887327194214,0.7173769474029541,0.4834224283695221,0.7093228697776794,0.5492938756942749,0.6994383931159973,0.5886262655258179,0.7257331609725952,0.5118856430053711,0.7474715709686279,0.505869448184967,0.7319074869155884,0.560325562953949,0.716295063495636,0.5897512435913086,0.7557438611984253,0.5328384041786194,0.7838789224624634,0.4736182391643524,0.8022939562797546,0.43626320362091064,0.816376805305481,0.3963605463504791,ㅐ
0.8034602403640747,0.6690562963485718,0.7688828706741333,0.6366180181503296,0.7622742652893066,0.5781726837158203,0.8062943816184998,0.5292909741401672,0.8521413207054138,0.49681946635246277,0.7378327250480652,0.4421885311603546,0.7251203656196594,0.33220645785331726,0.7149585485458374,0.2593125104904175,0.7072556018829346,0.19468393921852112,0.7818856239318848,0.43717247247695923,0.8094213604927063,0.4223491847515106,0.8056658506393433,0.500691294670105,0.7945443391799927,0.5444923639297485,0.8214201331138611,0.44694462418556213,0.8490703701972961,0.4339146316051483,0.8384227156639099,0.5011360049247742,0.8213781118392944,0.5364717245101929,0.8560953140258789,0.46131598949432373,0.8733436465263367,0.38659390807151794,0.881679356098175,0.3403066396713257,0.8846222758293152,0.29211002588272095,ㅐ
0.6650059819221497,0.7168768644332886,0.6195610761642456,0.6906130313873291,0.5940009355545044,0.6352400183677673,0.6114398241043091,0.5844477415084839,0.6398419737815857,0.5467318296432495,0.5819410085678101,0.5251873731613159,0.5718070268630981,0.4252737760543823,0.5703374743461609,0.3614904284477234,0.5685266852378845,0.3046987056732178,0.6144459843635559,0.5207764506340027,0.6392596960067749,0.5113617777824402,0.6431100964546204,0.5811248421669006,0.639945387840271,0.6231593489646912,0.6456061601638794,0.5259971022605896,0.6683000922203064,0.5235590934753418,0.6642590761184692,0.5894255638122559,0.6547503471374512,0.6271668672561646,0.676603376865387,0.5314979553222656,0.6822324395179749,0.4655914306640625,0.6834964752197266,0.4250144958496094,0.6830418705940247,0.3827665448188782,ㅐ
0.62601238489151,0.70029616355896,0.5876880884170532,0.6777265071868896,0.5683162212371826,0.6261591911315918,0.5850884914398193,0.5790916085243225,0.6111479997634888,0.5451476573944092,0.551925778388977,0.529399037361145,0.5400351285934448,0.4409668445587158,0.5373725295066833,0.38478153944015503,0.534771740436554,0.33591365814208984,0.5822544693946838,0.5262263417243958,0.5976839065551758,0.5136841535568237,0.6014294028282166,0.5732071995735168,0.599908173084259,0.6092721819877625,0.610932469367981,0.5308628678321838,0.6246727108955383,0.5265036225318909,0.6218106150627136,0.5850450992584229,0.6148209571838379,0.6195573806762695,0.6381011605262756,0.5358485579490662,0.6388586163520813,0.4747757613658905,0.6376827359199524,0.4370061159133911,0.634706974029541,0.39726853370666504,ㅐ
0.6126585602760315,0.7128250598907471,0.5699756145477295,0.6886884570121765,0.5464484095573425,0.6367559432983398,0.5664504766464233,0.5907657742500305,0.596030592918396,0.5561069846153259,0.5368896722793579,0.5247206091880798,0.5279001593589783,0.42273756861686707,0.5293744802474976,0.3587322235107422,0.5307948589324951,0.30338841676712036,0.5712342858314514,0.5219048261642456,0.5815394520759583,0.5103886723518372,0.5855861306190491,0.5803170204162598,0.5875329375267029,0.6204680800437927,0.6038339138031006,0.5298619270324707,0.6164910793304443,0.5299965143203735,0.6110309362411499,0.5963838696479797,0.6037684679031372,0.6341351866722107,0.6355459094047546,0.5383377075195312,0.6391366720199585,0.4717324376106262,0.6391324996948242,0.42977017164230347,0.6376274228096008,0.3841482996940613,ㅐ
0.6514589786529541,0.7065767645835876,0.6067675352096558,0.6954412460327148,0.5780717134475708,0.6521854996681213,0.5921216011047363,0.6007426381111145,0.6166374683380127,0.5583636164665222,0.549541711807251,0.5452885031700134,0.5222392082214355,0.44940185546875,0.5102059245109558,0.385934978723526,0.5000540614128113,0.3295377492904663,0.5823665857315063,0.5304997563362122,0.6012271642684937,0.5196347236633301,0.6171813607215881,0.590714156627655,0.6236503720283508,0.6349690556526184,0.6147615909576416,0.5277835130691528,0.6342858076095581,0.5267347693443298,0.6408973336219788,0.5935174822807312,0.6393141150474548,0.6347171664237976,0.6463087797164917,0.5242394804954529,0.6373088955879211,0.45793238282203674,0.6306308507919312,0.41755688190460205,0.622751772403717,0.3765822947025299,ㅐ
0.68038409948349,0.6934359073638916,0.6392672657966614,0.6769174337387085,0.6167721152305603,0.6274157166481018,0.6334596276283264,0.5753400325775146,0.6578409671783447,0.5356816053390503,0.594474196434021,0.5259944796562195,0.5732251405715942,0.43647637963294983,0.562809407711029,0.3758692741394043,0.554459810256958,0.32279133796691895,0.6254231929779053,0.5154446363449097,0.650942862033844,0.5035518407821655,0.659477949142456,0.56980299949646,0.6601741313934326,0.6117433309555054,0.6548413634300232,0.5159775018692017,0.6799099445343018,0.5105090141296387,0.6806668043136597,0.5742802619934082,0.6738470196723938,0.6121131181716919,0.6833931803703308,0.517869234085083,0.6828936338424683,0.4553303122520447,0.681059718132019,0.41671934723854065,0.6769450306892395,0.3760049641132355,ㅐ
0.667375922203064,0.7185466289520264,0.6277596354484558,0.6870173215866089,0.6101189851760864,0.6286388039588928,0.6302335262298584,0.5798259377479553,0.6589511036872864,0.5467514991760254,0.6044387817382812,0.5279142260551453,0.5953576564788818,0.4376142621040344,0.5940909385681152,0.3795738220214844,0.5926439762115479,0.3284537196159363,0.6371374130249023,0.5296250581741333,0.6513583064079285,0.5130810141563416,0.6500205397605896,0.5741854310035706,0.6457492709159851,0.6127834916114807,0.6674767732620239,0.5388364791870117,0.6795950531959534,0.5283635258674622,0.6715242266654968,0.587924599647522,0.6619381308555603,0.6237204670906067,0.6957862973213196,0.5494135022163391,0.7022627592086792,0.4863153100013733,0.7044067978858948,0.4472712278366089,0.70512855052948,0.405118852853775,ㅐ
0.6770029067993164,0.7059742212295532,0.6422472596168518,0.6643130779266357,0.627824068069458,0.5991668701171875,0.650256872177124,0.5494546294212341,0.6818079948425293,0.5180209875106812,0.6315653324127197,0.5006441473960876,0.6328547596931458,0.4080820679664612,0.6390525698661804,0.35071688890457153,0.644011914730072,0.29911938309669495,0.6656028628349304,0.5077371597290039,0.6779889464378357,0.4845649302005768,0.673272967338562,0.5477508306503296,0.6672132015228271,0.5883615016937256,0.6967734694480896,0.5229442715644836,0.7062777876853943,0.5049440860748291,0.6948076486587524,0.5636801719665527,0.6836084127426147,0.5993918180465698,0.7255693078041077,0.539536714553833,0.7390139102935791,0.47573426365852356,0.7450687885284424,0.4354012608528137,0.7486734986305237,0.39086705446243286,ㅐ
0.6601313948631287,0.6714802980422974,0.6175866723060608,0.6261810064315796,0.5966871976852417,0.5523116588592529,0.6164937019348145,0.49974876642227173,0.651686429977417,0.4718818664550781,0.6079040169715881,0.45336681604385376,0.6133089065551758,0.3577565848827362,0.6201906800270081,0.301665723323822,0.6268667578697205,0.24873735010623932,0.644312858581543,0.4612850546836853,0.6538989543914795,0.4358772039413452,0.6468449831008911,0.5012355446815491,0.6417224407196045,0.5438967943191528,0.677936851978302,0.4768339991569519,0.6865689158439636,0.46042725443840027,0.6691712737083435,0.5256142616271973,0.6545817852020264,0.5663220882415771,0.7088367938995361,0.49449512362480164,0.7264713644981384,0.42639341950416565,0.7357250452041626,0.3805401921272278,0.7425453662872314,0.3316757082939148,ㅐ
0.6789464354515076,0.6842904686927795,0.6314540505409241,0.6496844291687012,0.6052129864692688,0.5876308679580688,0.6271186470985413,0.5356642007827759,0.657339334487915,0.500809371471405,0.6030258536338806,0.47533145546913147,0.5938116312026978,0.371420294046402,0.5928961038589478,0.30494803190231323,0.5911046266555786,0.24589937925338745,0.6403340697288513,0.4746047854423523,0.6568844318389893,0.4587404131889343,0.6554365158081055,0.5327024459838867,0.6504978537559509,0.5789293646812439,0.6758850812911987,0.4841848313808441,0.6920445561408997,0.4786871671676636,0.6825202107429504,0.5477217435836792,0.6711072325706482,0.5897493362426758,0.7108489274978638,0.4964412450790405,0.7220772504806519,0.427386611700058,0.7276093363761902,0.3827211260795593,0.7314465045928955,0.3341968059539795,ㅐ
0.6271299719810486,0.7898224592208862,0.5863440036773682,0.7652322053909302,0.5604749321937561,0.7167900204658508,0.5702241659164429,0.6752318143844604,0.5909484624862671,0.6416068077087402,0.5579516887664795,0.6180046796798706,0.5471602082252502,0.5324751138687134,0.5445457100868225,0.4783734083175659,0.5427257418632507,0.42940977215766907,0.588727593421936,0.6172269582748413,0.5959570407867432,0.6054302453994751,0.5974644422531128,0.6638514995574951,0.5977432727813721,0.6995720267295837,0.6180797815322876,0.6251794099807739,0.6253852248191833,0.6191654205322266,0.6188828349113464,0.674973726272583,0.6117050051689148,0.7082570791244507,0.6467048525810242,0.6339619159698486,0.6517598032951355,0.573428750038147,0.6536200046539307,0.5339022278785706,0.6542584300041199,0.49235183000564575,ㅐ
0.6299492716789246,0.7539655566215515,0.5919498205184937,0.7247989773750305,0.5679782629013062,0.6729627251625061,0.5791227221488953,0.6299131512641907,0.6006046533584595,0.5962867140769958,0.5629130005836487,0.5832087397575378,0.5514079332351685,0.49644893407821655,0.5486984848976135,0.44215142726898193,0.5460189580917358,0.39374715089797974,0.5939362049102783,0.5817604660987854,0.5960394144058228,0.5639839768409729,0.5976005792617798,0.6243492960929871,0.5977598428726196,0.6575079560279846,0.6236329078674316,0.5891427397727966,0.6270548105239868,0.5770261287689209,0.6208227872848511,0.6331090331077576,0.6148285269737244,0.665663480758667,0.6515606641769409,0.5979291200637817,0.6596689224243164,0.5390954613685608,0.6614135503768921,0.5011440515518188,0.6616236567497253,0.4592989385128021,ㅐ
0.651613712310791,0.7241582274436951,0.6040258407592773,0.6889171600341797,0.5786725282669067,0.623644232749939,0.6039503812789917,0.5711041688919067,0.6389800906181335,0.5339460968971252,0.5816912055015564,0.5048896670341492,0.5801916718482971,0.39620906114578247,0.5871365666389465,0.32912033796310425,0.5912697911262512,0.26957565546035767,0.6190870404243469,0.5085155367851257,0.6313920617103577,0.4910259544849396,0.6280773282051086,0.5629522800445557,0.6234220266342163,0.6049038171768188,0.6535976529121399,0.5206050276756287,0.6669226288795471,0.5071395635604858,0.654096782207489,0.5782294869422913,0.6416629552841187,0.6214317083358765,0.6864392161369324,0.5340635180473328,0.6935850381851196,0.4595549702644348,0.6957464218139648,0.4123740792274475,0.6974663138389587,0.35997384786605835,ㅐ
0.6802260279655457,0.7477298378944397,0.6250159740447998,0.7068320512771606,0.5955346822738647,0.6325552463531494,0.6226415038108826,0.5735198855400085,0.6639183759689331,0.533062219619751,0.5981249213218689,0.4985034167766571,0.5919079184532166,0.37825071811676025,0.5947298407554626,0.30311259627342224,0.5957277417182922,0.23596245050430298,0.6410249471664429,0.5013882517814636,0.6545869708061218,0.4806656241416931,0.6531917452812195,0.5623761415481567,0.6498666405677795,0.6133531332015991,0.6812768578529358,0.5137333273887634,0.694876492023468,0.49685147404670715,0.6832596063613892,0.5776060819625854,0.6708002686500549,0.6272993683815002,0.7196404933929443,0.527361273765564,0.7284715175628662,0.44284704327583313,0.7316627502441406,0.3893810510635376,0.7326836585998535,0.32999393343925476,ㅐ
0.6926196217536926,0.7625185251235962,0.6338207721710205,0.7199598550796509,0.5995437502861023,0.6432803273200989,0.62547367811203,0.584217369556427,0.6679546236991882,0.5511078238487244,0.6011176109313965,0.5095306634902954,0.5777678489685059,0.3870522379875183,0.5686172842979431,0.30799978971481323,0.5610741972923279,0.23752868175506592,0.6493856310844421,0.5102601051330566,0.6588794589042664,0.4843849539756775,0.6585284471511841,0.5734239816665649,0.6568118333816528,0.6290979981422424,0.6939512491226196,0.5236405730247498,0.7062687873840332,0.5103671550750732,0.6934311389923096,0.593024492263794,0.6818538308143616,0.645195484161377,0.7362475395202637,0.5399249792098999,0.7620642185211182,0.45554041862487793,0.7805588245391846,0.4015796482563019,0.7961447238922119,0.34292542934417725,ㅐ
0.7113723158836365,0.7921987175941467,0.6503053903579712,0.7521799802780151,0.6134726405143738,0.6720073223114014,0.6464596390724182,0.6122139096260071,0.6988519430160522,0.5923786759376526,0.6186537742614746,0.5377891063690186,0.6034602522850037,0.4074861705303192,0.6024160385131836,0.32577580213546753,0.6002635955810547,0.25290361046791077,0.6660363674163818,0.5387594699859619,0.6726509928703308,0.5164381265640259,0.6748433709144592,0.6087371706962585,0.6744235754013062,0.6649215221405029,0.7096927165985107,0.5511928200721741,0.7212009429931641,0.5400245189666748,0.710540235042572,0.6243073344230652,0.6993753910064697,0.6761434674263,0.7517761588096619,0.5646418929100037,0.7730149030685425,0.4754611551761627,0.7856431603431702,0.41603681445121765,0.7947596907615662,0.3516218364238739,ㅐ
0.7135767340660095,0.7906111478805542,0.6516340374946594,0.752189576625824,0.6133074164390564,0.6728588938713074,0.6471194624900818,0.6141769289970398,0.701542854309082,0.5953588485717773,0.6191256046295166,0.5418709516525269,0.599388599395752,0.41441118717193604,0.5925604701042175,0.33405107259750366,0.5847108364105225,0.26214662194252014,0.6676044464111328,0.5408968329429626,0.6737259030342102,0.51753169298172,0.6758390665054321,0.6097374558448792,0.6737458109855652,0.6650225520133972,0.712061882019043,0.5525701642036438,0.7243074178695679,0.5438330173492432,0.7135509848594666,0.6279385685920715,0.7013095617294312,0.6814615726470947,0.7548165917396545,0.5663378238677979,0.7803518772125244,0.47863560914993286,0.8014140129089355,0.42219334840774536,0.8180562853813171,0.3624388575553894,ㅐ
0.7200517058372498,0.7971404194831848,0.6606157422065735,0.7585290670394897,0.6222145557403564,0.6819632053375244,0.6576110124588013,0.6237301826477051,0.7101122736930847,0.6029053330421448,0.6238884925842285,0.5482803583145142,0.6011499762535095,0.42122411727905273,0.5935273170471191,0.3410956859588623,0.5848631262779236,0.2703745663166046,0.6740202307701111,0.5454610586166382,0.6777887344360352,0.5221354961395264,0.6819297671318054,0.6172994375228882,0.6822487115859985,0.6758809685707092,0.7200763821601868,0.5572056174278259,0.7312111854553223,0.5509623885154724,0.7226510047912598,0.6377675533294678,0.7127863168716431,0.6948860883712769,0.7640076875686646,0.5724447965621948,0.792117178440094,0.48695051670074463,0.8163090348243713,0.43228936195373535,0.8358630537986755,0.3748689889907837,ㅐ
0.7230260372161865,0.7782254219055176,0.659878134727478,0.7411152720451355,0.6206416487693787,0.6662935614585876,0.6515825986862183,0.6096498370170593,0.7033096551895142,0.5856624245643616,0.6206108331680298,0.5297479629516602,0.5920947790145874,0.4067925810813904,0.5779467821121216,0.3288840651512146,0.564822256565094,0.2592300772666931,0.6710290908813477,0.5252144932746887,0.6777316927909851,0.5021650791168213,0.6830139756202698,0.5956634283065796,0.6829356551170349,0.6493235230445862,0.717684805393219,0.5361238718032837,0.7307156324386597,0.5292887687683105,0.7193336486816406,0.6162068843841553,0.7070487141609192,0.6711193323135376,0.7620396018028259,0.5504968166351318,0.7937857508659363,0.46151283383369446,0.8185287714004517,0.40608614683151245,0.837710976600647,0.3475993275642395,ㅐ
0.720733642578125,0.76885986328125,0.6572672128677368,0.7317344546318054,0.6175906658172607,0.6571350693702698,0.649653971195221,0.5981488227844238,0.7040151953697205,0.5720905661582947,0.6178709864616394,0.5186893939971924,0.5974043607711792,0.3858225345611572,0.5905690789222717,0.3014219403266907,0.5823697447776794,0.22576606273651123,0.668228805065155,0.5143944621086121,0.6724305748939514,0.49099045991897583,0.6764848232269287,0.5872992277145386,0.6762936115264893,0.6424555778503418,0.7145236134529114,0.5243135690689087,0.7253009676933289,0.5126267671585083,0.7145562171936035,0.5998519659042358,0.7030808329582214,0.6545799970626831,0.7588701844215393,0.5367285013198853,0.7819638252258301,0.44233986735343933,0.797544538974762,0.38123810291290283,0.8085704445838928,0.3164479732513428,ㅐ
0.3515225946903229,0.716127336025238,0.39706501364707947,0.6856916546821594,0.4255870282649994,0.6158278584480286,0.4018046259880066,0.5598485469818115,0.36599087715148926,0.533128023147583,0.42390191555023193,0.5267479419708252,0.43046891689300537,0.43981415033340454,0.4334920346736908,0.38939550518989563,0.43497753143310547,0.3458540737628937,0.38986584544181824,0.5246165990829468,0.38567379117012024,0.4994075894355774,0.3796919584274292,0.5603321194648743,0.379031777381897,0.5997887849807739,0.3597680330276489,0.5318171381950378,0.3518533706665039,0.5108120441436768,0.35579419136047363,0.5714796781539917,0.360931396484375,0.6099971532821655,0.33272817730903625,0.5390796661376953,0.3289736211299896,0.47158220410346985,0.3293766975402832,0.43345877528190613,0.3351125717163086,0.3933769464492798,ㅐ
0.3546733558177948,0.6783186793327332,0.4021777808666229,0.650457501411438,0.4302137494087219,0.5783932209014893,0.4080481231212616,0.5240509510040283,0.371064156293869,0.49831414222717285,0.42361685633659363,0.4893048107624054,0.4272773265838623,0.40222615003585815,0.4287075996398926,0.352399617433548,0.4284849464893341,0.3102978765964508,0.3888006806373596,0.48957619071006775,0.3855203092098236,0.46605589985847473,0.3798936605453491,0.5297958254814148,0.3774722218513489,0.5721955895423889,0.35783156752586365,0.4985540509223938,0.35085660219192505,0.4785494804382324,0.35512566566467285,0.5423012375831604,0.3598630130290985,0.5830857753753662,0.32997211813926697,0.5063495635986328,0.32871854305267334,0.44089704751968384,0.3313263952732086,0.40322816371917725,0.3389664590358734,0.361575186252594,ㅐ
0.40643763542175293,0.672916054725647,0.46133288741111755,0.6442679166793823,0.49782469868659973,0.566178560256958,0.47873246669769287,0.5069278478622437,0.4391043186187744,0.47991591691970825,0.4795210063457489,0.4665661156177521,0.4843735694885254,0.3654368221759796,0.48592573404312134,0.30754581093788147,0.4858045279979706,0.25739744305610657,0.444120854139328,0.46815651655197144,0.4469764828681946,0.44787245988845825,0.44038376212120056,0.5196031928062439,0.43724319338798523,0.5661497116088867,0.4113774597644806,0.47904595732688904,0.4113677442073822,0.4606884717941284,0.4157228469848633,0.5306997299194336,0.41941511631011963,0.5762522220611572,0.38174039125442505,0.4884933829307556,0.3803655803203583,0.40947583317756653,0.3842412531375885,0.3622167110443115,0.39350056648254395,0.3157062828540802,ㅐ
0.4272879660129547,0.6833112239837646,0.4866923391819,0.6509983539581299,0.5257796049118042,0.5626742839813232,0.5088949203491211,0.4942992329597473,0.46447980403900146,0.46239301562309265,0.5040172338485718,0.45605286955833435,0.5075735449790955,0.3407345414161682,0.5076214671134949,0.2748637795448303,0.5058221220970154,0.21559438109397888,0.4652269184589386,0.45659980177879333,0.4700089693069458,0.4215013384819031,0.4670051336288452,0.5069317817687988,0.4650786519050598,0.5644897818565369,0.42889779806137085,0.4668799340724945,0.4314132630825043,0.434405654668808,0.43814972043037415,0.517194926738739,0.44238153100013733,0.5712355375289917,0.39478424191474915,0.47616058588027954,0.3929174542427063,0.3917481601238251,0.396750807762146,0.3426774740219116,0.40549033880233765,0.29057687520980835,ㅐ
0.411224365234375,0.7405409812927246,0.47188472747802734,0.6917921900749207,0.510187566280365,0.5950338244438171,0.48183387517929077,0.514403223991394,0.4323921799659729,0.47250327467918396,0.4961546063423157,0.46739956736564636,0.49860066175460815,0.3287111520767212,0.499213308095932,0.2521399259567261,0.49495068192481995,0.1829320788383484,0.4499421715736389,0.47029566764831543,0.45047932863235474,0.4253857731819153,0.4470738172531128,0.5300225019454956,0.44878527522087097,0.5867607593536377,0.4075394570827484,0.48540908098220825,0.40409567952156067,0.4446675777435303,0.4151667356491089,0.5410183072090149,0.4250325858592987,0.603367269039154,0.3676391839981079,0.501904308795929,0.36324578523635864,0.39472877979278564,0.36407938599586487,0.3359983563423157,0.3724476099014282,0.2769956588745117,ㅐ
0.41288456320762634,0.7867937088012695,0.4781242907047272,0.7236841320991516,0.5166305303573608,0.6175305247306824,0.4844927191734314,0.5259242653846741,0.4284035265445709,0.47796982526779175,0.5020551681518555,0.47602444887161255,0.5027615427970886,0.3196566700935364,0.5019714832305908,0.23323941230773926,0.4971359372138977,0.15505468845367432,0.4497608244419098,0.4806123375892639,0.44943854212760925,0.4254591763019562,0.4446500241756439,0.5409958362579346,0.4479733407497406,0.604269802570343,0.40303418040275574,0.4967808425426483,0.3983329236507416,0.4453144371509552,0.4104948341846466,0.550255298614502,0.42272791266441345,0.6205572485923767,0.36159825325012207,0.5178061723709106,0.3548866808414459,0.3954654037952423,0.355737566947937,0.32825058698654175,0.3643857538700104,0.2649453580379486,ㅐ
0.40581023693084717,0.7387475967407227,0.4627893269062042,0.6890904307365417,0.4976387023925781,0.5938274264335632,0.46814680099487305,0.5199522972106934,0.4188995659351349,0.48573997616767883,0.4827607572078705,0.4764053225517273,0.4890425205230713,0.35542821884155273,0.4920212924480438,0.28534090518951416,0.49234339594841003,0.22435620427131653,0.43935924768447876,0.479202538728714,0.43348440527915955,0.437200129032135,0.4299817681312561,0.522015392780304,0.4328315258026123,0.5798988938331604,0.4009787142276764,0.49274739623069763,0.39235591888427734,0.4540323317050934,0.4009961187839508,0.5363777279853821,0.41146618127822876,0.5894920825958252,0.3652556836605072,0.5068148374557495,0.3616158366203308,0.4162861704826355,0.36313414573669434,0.36660462617874146,0.37081658840179443,0.3108144998550415,ㅐ
0.3743702471256256,0.7007168531417847,0.41877514123916626,0.6743865609169006,0.44252681732177734,0.6118577718734741,0.4179452955722809,0.5486590266227722,0.38803091645240784,0.5105053186416626,0.4660015404224396,0.5169483423233032,0.4957718849182129,0.4371519684791565,0.5137090682983398,0.388323575258255,0.5281323194503784,0.3454124331474304,0.42977508902549744,0.5076528787612915,0.431463360786438,0.46955978870391846,0.4168427288532257,0.5318604707717896,0.41462215781211853,0.5717620253562927,0.3958612382411957,0.5097610354423523,0.3927803337574005,0.4831192195415497,0.3904394507408142,0.5433908104896545,0.3939487040042877,0.5813902616500854,0.36487752199172974,0.5169796347618103,0.36280688643455505,0.4458846151828766,0.36037471890449524,0.40461501479148865,0.36465898156166077,0.36312413215637207,ㅐ
0.36224299669265747,0.6906112432479858,0.40157583355903625,0.6628558039665222,0.42200061678886414,0.6099905371665955,0.4024912416934967,0.5486944317817688,0.37589800357818604,0.5118905305862427,0.44688546657562256,0.5254508256912231,0.4831154942512512,0.45471426844596863,0.505013108253479,0.41304779052734375,0.5216975808143616,0.37762385606765747,0.4125773012638092,0.512209951877594,0.41990455985069275,0.4578515589237213,0.40497055649757385,0.515349805355072,0.4036272168159485,0.548339307308197,0.38263338804244995,0.5113611817359924,0.38730624318122864,0.46264663338661194,0.3816594183444977,0.514718770980835,0.38065892457962036,0.5510651469230652,0.35476940870285034,0.5234667062759399,0.34547343850135803,0.4568053185939789,0.335321843624115,0.4194899797439575,0.328650563955307,0.3870697021484375,ㅐ
0.37651628255844116,0.7034071683883667,0.4135892391204834,0.6740727424621582,0.4295679032802582,0.6173544526100159,0.41239553689956665,0.5590003132820129,0.3888067603111267,0.5197129845619202,0.45341572165489197,0.5360275506973267,0.47788023948669434,0.4686717092990875,0.49365103244781494,0.42509210109710693,0.5051756501197815,0.39078134298324585,0.4196240305900574,0.5279843211174011,0.42009443044662476,0.47486475110054016,0.4114353060722351,0.5237743258476257,0.41044875979423523,0.5599405765533447,0.38958752155303955,0.5313766598701477,0.3890277147293091,0.48847901821136475,0.3879970610141754,0.533147931098938,0.3890555500984192,0.566268265247345,0.363324373960495,0.542266845703125,0.3514837324619293,0.4845215976238251,0.34309208393096924,0.4490527808666229,0.3390498161315918,0.41389358043670654,ㅐ
0.3766406774520874,0.7211354970932007,0.40910786390304565,0.6964845061302185,0.42392271757125854,0.6445142030715942,0.4107833504676819,0.5900231003761292,0.38837090134620667,0.550777792930603,0.4444519579410553,0.5619720220565796,0.46096545457839966,0.4977548122406006,0.46995288133621216,0.4562206268310547,0.47529706358909607,0.4223783612251282,0.4139728844165802,0.5555028915405273,0.4130421578884125,0.5074781775474548,0.40722566843032837,0.5505779385566711,0.40780848264694214,0.5829905271530151,0.3870559632778168,0.560914158821106,0.386679470539093,0.5202036499977112,0.3860446810722351,0.559357225894928,0.38742488622665405,0.587864339351654,0.36371079087257385,0.571929931640625,0.35850560665130615,0.5159352421760559,0.3540520966053009,0.48402559757232666,0.3542579114437103,0.45300474762916565,ㅐ
0.3419111669063568,0.6754958629608154,0.3727368712425232,0.6482982635498047,0.3818057179450989,0.5906769037246704,0.36020779609680176,0.5386725664138794,0.33247819542884827,0.5041889548301697,0.40291550755500793,0.5019049644470215,0.41466522216796875,0.43371397256851196,0.42033666372299194,0.389714777469635,0.42403072118759155,0.35343998670578003,0.3713696002960205,0.499642550945282,0.3629283308982849,0.4512387216091156,0.3562619686126709,0.4962579011917114,0.35812464356422424,0.5322878956794739,0.3434946835041046,0.5083947777748108,0.3362240195274353,0.4686596989631653,0.3359924256801605,0.5031998157501221,0.34070584177970886,0.5261226892471313,0.3210674226284027,0.5221540331840515,0.31302306056022644,0.4652676582336426,0.3077957034111023,0.43443360924720764,0.3080848157405853,0.4031236469745636,ㅐ
0.3557065427303314,0.6254926323890686,0.39057841897010803,0.6056773662567139,0.4048020839691162,0.5516353845596313,0.3832715153694153,0.4954351782798767,0.3604033887386322,0.45344728231430054,0.4272891879081726,0.4572834372520447,0.4398345947265625,0.38336214423179626,0.4476160407066345,0.33595985174179077,0.45358240604400635,0.2960522174835205,0.39409828186035156,0.4521423280239105,0.39146918058395386,0.4047599136829376,0.38252365589141846,0.45670264959335327,0.3818494379520416,0.4971035122871399,0.36464765667915344,0.4575727581977844,0.3623277544975281,0.4207301437854767,0.36038297414779663,0.4637250304222107,0.36240431666374207,0.49305930733680725,0.339801162481308,0.46823981404304504,0.3366471827030182,0.40575283765792847,0.33415108919143677,0.3709891736507416,0.336388498544693,0.3357820510864258,ㅐ
0.34939149022102356,0.6226176023483276,0.3902569115161896,0.6190757751464844,0.42036885023117065,0.572582483291626,0.4025894105434418,0.5175516605377197,0.3769403100013733,0.47585034370422363,0.45390239357948303,0.46902918815612793,0.48424413800239563,0.3879755139350891,0.5031455755233765,0.3364899158477783,0.5171104073524475,0.29184263944625854,0.42102545499801636,0.45153453946113586,0.4223382771015167,0.4205857813358307,0.4016082286834717,0.4778222143650055,0.3955453336238861,0.5168672800064087,0.38929393887519836,0.4474340081214905,0.38845834136009216,0.4235982298851013,0.3773002624511719,0.4791472852230072,0.37723422050476074,0.5121731162071228,0.36124181747436523,0.4492990970611572,0.3705594837665558,0.3836571276187897,0.37710174918174744,0.34818828105926514,0.3914664387702942,0.31344181299209595,ㅐ
0.3348615765571594,0.59818434715271,0.3774288594722748,0.5949047803878784,0.40857020020484924,0.54522705078125,0.38726916909217834,0.48621034622192383,0.3582916259765625,0.4413803517818451,0.4431304931640625,0.43206098675727844,0.4738829731941223,0.3454227149486542,0.49285638332366943,0.2903134226799011,0.5070993304252625,0.24291357398033142,0.4069887697696686,0.41515839099884033,0.4040675759315491,0.381870299577713,0.3836899995803833,0.4463587999343872,0.3808019459247589,0.48745307326316833,0.3726434111595154,0.41178208589553833,0.368471622467041,0.3858763575553894,0.358725368976593,0.4484209418296814,0.3616415560245514,0.48420965671539307,0.34274595975875854,0.41373389959335327,0.3530305325984955,0.3462701737880707,0.35995617508888245,0.3091781735420227,0.3755556344985962,0.27012789249420166,ㅐ
0.3425660729408264,0.6383679509162903,0.389229953289032,0.6484951972961426,0.4342311918735504,0.6175760626792908,0.4152763783931732,0.555768609046936,0.3875746428966522,0.5037962794303894,0.4808225929737091,0.4937109053134918,0.5237479209899902,0.40160852670669556,0.550800621509552,0.34287625551223755,0.5710799694061279,0.29245734214782715,0.4438200891017914,0.46889162063598633,0.44621962308883667,0.44620224833488464,0.4145071506500244,0.5138417482376099,0.4068728983402252,0.5537256002426147,0.407198965549469,0.45692652463912964,0.40552693605422974,0.4373256266117096,0.3863852322101593,0.5036042332649231,0.38603225350379944,0.5424162149429321,0.37436333298683167,0.44994306564331055,0.39700403809547424,0.3780268728733063,0.4109990894794464,0.3388536870479584,0.43577301502227783,0.30225086212158203,ㅐ
0.3430969715118408,0.6114369034767151,0.3882756233215332,0.6054888963699341,0.421041339635849,0.5510008335113525,0.40259024500846863,0.4877869784832001,0.3746104836463928,0.43964627385139465,0.45774534344673157,0.43911099433898926,0.4865620732307434,0.34719544649124146,0.5028860569000244,0.2898205816745758,0.5148835182189941,0.24022655189037323,0.42096853256225586,0.4214809834957123,0.42158734798431396,0.383646160364151,0.39916756749153137,0.44794175028800964,0.3935606777667999,0.4912923574447632,0.3851112127304077,0.4171258807182312,0.3861526548862457,0.3866308331489563,0.3748728930950165,0.4497256875038147,0.3754245936870575,0.487449049949646,0.35365962982177734,0.41911524534225464,0.3671182692050934,0.3464091122150421,0.3781300485134125,0.3071531057357788,0.3968716561794281,0.26784345507621765,ㅐ
0.325406014919281,0.6629471182823181,0.3690749406814575,0.6405936479568481,0.39292123913764954,0.5816139578819275,0.36806362867355347,0.5246487259864807,0.3382062613964081,0.4804946184158325,0.4112236499786377,0.4648990035057068,0.42143481969833374,0.3708309531211853,0.4232214689254761,0.31304633617401123,0.4234738349914551,0.264157772064209,0.37340253591537476,0.4580102860927582,0.36951884627342224,0.41458427906036377,0.3572224974632263,0.48167774081230164,0.36026740074157715,0.5232542753219604,0.3379661738872528,0.46473631262779236,0.3356419801712036,0.42986398935317993,0.33333444595336914,0.4943700432777405,0.34001296758651733,0.5314386487007141,0.30684423446655273,0.4779517948627472,0.30893439054489136,0.40340232849121094,0.3128586411476135,0.3634878098964691,0.32519638538360596,0.32170358300209045,ㅐ
0.3535177409648895,0.6625055074691772,0.3942781686782837,0.6267817616462708,0.40753498673439026,0.5571547746658325,0.3815174400806427,0.49887198209762573,0.3468236029148102,0.45728546380996704,0.4066641330718994,0.4428921639919281,0.4016302525997162,0.35494375228881836,0.39498189091682434,0.29944536089897156,0.38786983489990234,0.254062294960022,0.369609534740448,0.4477469325065613,0.3612706959247589,0.3949808180332184,0.36255401372909546,0.4544687271118164,0.36831241846084595,0.49806126952171326,0.3368217647075653,0.46412158012390137,0.32983678579330444,0.41937410831451416,0.3412373661994934,0.47300636768341064,0.35283538699150085,0.5094118118286133,0.30794215202331543,0.48394548892974854,0.29860439896583557,0.4128401279449463,0.2963489890098572,0.37191420793533325,0.30026713013648987,0.3275294005870819,ㅐ
0.3589009642601013,0.6630171537399292,0.39921000599861145,0.6238714456558228,0.41067224740982056,0.5545281171798706,0.38489723205566406,0.4976615607738495,0.34669625759124756,0.45673322677612305,0.4023225009441376,0.4349215030670166,0.3904589116573334,0.34594422578811646,0.37993550300598145,0.2885885238647461,0.36958786845207214,0.24519214034080505,0.3647436499595642,0.4446692168712616,0.3563607931137085,0.38801509141921997,0.36136680841445923,0.45141440629959106,0.36871472001075745,0.4956970810890198,0.33240482211112976,0.46422329545021057,0.3245255649089813,0.416174978017807,0.33847755193710327,0.47180041670799255,0.3511357307434082,0.5097582340240479,0.30329304933547974,0.4859089255332947,0.29017192125320435,0.41405561566352844,0.28510403633117676,0.37277308106422424,0.28540268540382385,0.3271002173423767,ㅐ
0.36123040318489075,0.6473432183265686,0.3994210362434387,0.6060785055160522,0.4121513366699219,0.5343159437179565,0.3825913071632385,0.47831815481185913,0.3434716761112213,0.44206738471984863,0.3983932137489319,0.42493152618408203,0.38564765453338623,0.33740562200546265,0.37421348690986633,0.283496618270874,0.3631993234157562,0.24046482145786285,0.3629659116268158,0.4347236752510071,0.3546617031097412,0.37895169854164124,0.36171793937683105,0.43898147344589233,0.37017467617988586,0.48184823989868164,0.3324681520462036,0.45465952157974243,0.3246517777442932,0.40789517760276794,0.3389934003353119,0.46312740445137024,0.35112762451171875,0.5001965761184692,0.30466675758361816,0.4765820801258087,0.28993096947669983,0.4062502384185791,0.28269097208976746,0.3671102821826935,0.27936792373657227,0.3239554762840271,ㅐ
0.38178038597106934,0.6338445544242859,0.42556992173194885,0.6019774079322815,0.44325312972068787,0.5340879559516907,0.42328375577926636,0.4788336753845215,0.3902592360973358,0.43811947107315063,0.4434971809387207,0.4135085642337799,0.44592463970184326,0.32195770740509033,0.445684552192688,0.2633782625198364,0.44316694140434265,0.21414437890052795,0.40796878933906555,0.41720038652420044,0.40411612391471863,0.36569222807884216,0.4031854569911957,0.4305678606033325,0.4068300724029541,0.4774387776851654,0.37460485100746155,0.4330519437789917,0.3714308738708496,0.38971906900405884,0.3811737895011902,0.4531194567680359,0.3914449214935303,0.4934494197368622,0.34409844875335693,0.45164182782173157,0.33724889159202576,0.37960344552993774,0.33462265133857727,0.3381509780883789,0.3380553424358368,0.2899782359600067,ㅐ
0.42268577218055725,0.6710907220840454,0.46735212206840515,0.6448121070861816,0.49261999130249023,0.5845176577568054,0.4816608428955078,0.5300361514091492,0.4560184180736542,0.4869039058685303,0.4912267327308655,0.47549110651016235,0.49741318821907043,0.3880491554737091,0.4994050860404968,0.3358546495437622,0.49820834398269653,0.29060930013656616,0.45935919880867004,0.47475406527519226,0.4641832411289215,0.42252469062805176,0.46531227231025696,0.48005348443984985,0.4654575288295746,0.5235199332237244,0.4295164942741394,0.48407721519470215,0.43432411551475525,0.4389481544494629,0.44266876578330994,0.49831709265708923,0.4476706087589264,0.5369704961776733,0.40108510851860046,0.49537184834480286,0.40092286467552185,0.4284672737121582,0.4033026695251465,0.3909680247306824,0.40859881043434143,0.346604585647583,ㅐ
0.4228474199771881,0.6513749361038208,0.4619438648223877,0.6286793947219849,0.48304125666618347,0.5794848799705505,0.47307100892066956,0.5322878956794739,0.4540253281593323,0.4908066391944885,0.4889408051967621,0.47923189401626587,0.4964662492275238,0.4029615521430969,0.49847492575645447,0.35621267557144165,0.49770572781562805,0.31660568714141846,0.45986178517341614,0.47631946206092834,0.46118131279945374,0.43006688356399536,0.4576326608657837,0.4813830554485321,0.4562073349952698,0.5204732418060303,0.431892454624176,0.48359766602516174,0.43325263261795044,0.44229379296302795,0.4366229176521301,0.49270856380462646,0.4403550326824188,0.5268269777297974,0.4049934148788452,0.4939473271369934,0.4045744240283966,0.4350139796733856,0.40606689453125,0.4017982482910156,0.41179537773132324,0.3641239404678345,ㅐ
0.4130661189556122,0.6319356560707092,0.4486076235771179,0.608805775642395,0.4657542407512665,0.5550432801246643,0.4531393051147461,0.5074656009674072,0.43096938729286194,0.46889665722846985,0.47666823863983154,0.4568464756011963,0.4838566482067108,0.3817262053489685,0.4867269992828369,0.33458536863327026,0.48759526014328003,0.295108437538147,0.44666770100593567,0.45579758286476135,0.4469314217567444,0.4114309847354889,0.44263672828674316,0.4635673463344574,0.441634863615036,0.5026296377182007,0.41836029291152954,0.4656541347503662,0.4177011251449585,0.42742687463760376,0.42169153690338135,0.4767138957977295,0.42605647444725037,0.5091211795806885,0.3918307423591614,0.47896578907966614,0.39038604497909546,0.4193110764026642,0.39097684621810913,0.3867913484573364,0.39533692598342896,0.35073322057724,ㅐ
0.39002886414527893,0.6248658299446106,0.43244147300720215,0.601958155632019,0.45166710019111633,0.5442916750907898,0.4300152063369751,0.49265724420547485,0.40340712666511536,0.45006313920021057,0.460707426071167,0.4284338355064392,0.4666370153427124,0.3395644426345825,0.46804574131965637,0.28240102529525757,0.4671066999435425,0.23514384031295776,0.42507416009902954,0.4276483654975891,0.4204341769218445,0.3837006688117981,0.4140125513076782,0.44718214869499207,0.4162233769893646,0.4908698797225952,0.3921332359313965,0.43815308809280396,0.3871811628341675,0.39890938997268677,0.38946372270584106,0.45863574743270874,0.39633506536483765,0.49661144614219666,0.36227941513061523,0.45194998383522034,0.35781949758529663,0.38588112592697144,0.35626140236854553,0.34797608852386475,0.36265626549720764,0.30434948205947876,ㅐ
0.3704080879688263,0.6306008100509644,0.41823285818099976,0.6014817357063293,0.4393618702888489,0.5277736783027649,0.4107995629310608,0.463576078414917,0.3738507032394409,0.41434991359710693,0.45395129919052124,0.3890771269798279,0.45579957962036133,0.28277111053466797,0.4545924961566925,0.2146330326795578,0.45042163133621216,0.15830516815185547,0.4102170467376709,0.3884664475917816,0.4060393273830414,0.3311687111854553,0.39779677987098694,0.40788376331329346,0.39691978693008423,0.4641715884208679,0.36990201473236084,0.40104806423187256,0.3658704459667206,0.35122382640838623,0.3731435537338257,0.4141714870929718,0.38267675042152405,0.4566781222820282,0.3339359164237976,0.41728267073631287,0.33151963353157043,0.33132845163345337,0.3321530520915985,0.28325706720352173,0.3388006389141083,0.23118717968463898,ㅐ
0.3568691611289978,0.6868892312049866,0.41109442710876465,0.65721195936203,0.4377419650554657,0.5748547911643982,0.40122732520103455,0.5044106245040894,0.3622324466705322,0.4467751681804657,0.4582511782646179,0.41709595918655396,0.4637735188007355,0.2939535975456238,0.4637916386127472,0.21385467052459717,0.460248202085495,0.14805549383163452,0.408014178276062,0.41382238268852234,0.403282105922699,0.35674604773521423,0.39298099279403687,0.4442972242832184,0.3949804902076721,0.5019477605819702,0.3615097999572754,0.42642858624458313,0.3569272458553314,0.3805258274078369,0.3618590831756592,0.46386969089508057,0.37209954857826233,0.5136492848396301,0.3199993968009949,0.443151593208313,0.3189992308616638,0.342162549495697,0.32121214270591736,0.2873334288597107,0.33343908190727234,0.2266504466533661,ㅐ
0.3323954641819,0.7777370810508728,0.3931250274181366,0.7401810884475708,0.42730000615119934,0.642365574836731,0.3804241120815277,0.5551373362541199,0.32995373010635376,0.49260225892066956,0.44963008165359497,0.4694889187812805,0.4637567698955536,0.322051465511322,0.467995285987854,0.23051971197128296,0.4690468907356262,0.15264570713043213,0.3904723525047302,0.45983535051345825,0.38306692242622375,0.38833916187286377,0.3649468421936035,0.49572548270225525,0.36919087171554565,0.560454249382019,0.3367989957332611,0.47023189067840576,0.33046355843544006,0.4075804650783539,0.32979851961135864,0.5094826817512512,0.34150606393814087,0.5700164437294006,0.2906107008457184,0.4895569980144501,0.29515138268470764,0.37137722969055176,0.29746660590171814,0.30873262882232666,0.3111710548400879,0.24201805889606476,ㅐ
0.39255526661872864,0.7153301239013672,0.43686285614967346,0.6862120032310486,0.46324819326400757,0.6289508938789368,0.4427645802497864,0.5747978687286377,0.41439738869667053,0.5306590795516968,0.4802926480770111,0.5093627572059631,0.4868849813938141,0.4167291224002838,0.4867464005947113,0.36045026779174805,0.4852592647075653,0.3143158257007599,0.4435773193836212,0.5074944496154785,0.44602397084236145,0.4607420861721039,0.4343206286430359,0.5225831270217896,0.43242713809013367,0.5651158094406128,0.4092932641506195,0.5153375864028931,0.4128982424736023,0.47538334131240845,0.41226837038993835,0.527489185333252,0.41678422689437866,0.5565940737724304,0.3782837986946106,0.5262961983680725,0.3834005296230316,0.4514857232570648,0.389695405960083,0.41244006156921387,0.40244829654693604,0.36877793073654175,ㅐ
0.3993874788284302,0.709209144115448,0.43944573402404785,0.6856061220169067,0.4596138000488281,0.6259417533874512,0.4432162642478943,0.5687997937202454,0.4214998781681061,0.5241528153419495,0.48168817162513733,0.5264317393302917,0.47883081436157227,0.44147953391075134,0.4728724956512451,0.389859676361084,0.46537983417510986,0.3488355576992035,0.4486521780490875,0.5219036340713501,0.44913968443870544,0.4711765646934509,0.4383232295513153,0.5302973985671997,0.43443989753723145,0.5717676877975464,0.41692617535591125,0.5267509818077087,0.42042070627212524,0.48106849193573,0.4213680922985077,0.5281758904457092,0.42523443698883057,0.5570853352546692,0.38837695121765137,0.5357905030250549,0.3964790105819702,0.46621644496917725,0.40576139092445374,0.43186748027801514,0.4187992811203003,0.39401501417160034,ㅐ
0.3908118009567261,0.7096123099327087,0.42841726541519165,0.687048077583313,0.44867685437202454,0.6295621395111084,0.43284866213798523,0.5731227397918701,0.41186511516571045,0.5272952318191528,0.4732745885848999,0.5302514433860779,0.47039473056793213,0.44771116971969604,0.4641281068325043,0.3982781171798706,0.45688238739967346,0.35980212688446045,0.4403194785118103,0.5253109335899353,0.43757539987564087,0.47949230670928955,0.4263930022716522,0.53650963306427,0.4252201020717621,0.5735634565353394,0.4093005657196045,0.5298407077789307,0.4099249839782715,0.4888486862182617,0.41011494398117065,0.5361693501472473,0.41575542092323303,0.5635430216789246,0.3819130063056946,0.5385263562202454,0.3901391625404358,0.470488965511322,0.39825037121772766,0.437179297208786,0.41172900795936584,0.40101850032806396,ㅐ
0.38878124952316284,0.6991339325904846,0.4233856201171875,0.6743553280830383,0.439992219209671,0.6203845739364624,0.42827391624450684,0.5671533942222595,0.4085164964199066,0.5226402282714844,0.46647393703460693,0.5308008790016174,0.4669516682624817,0.45719337463378906,0.4630034267902374,0.4126656949520111,0.4580693542957306,0.3773503303527832,0.4350196123123169,0.5256460905075073,0.4320262372493744,0.4762879014015198,0.4222789704799652,0.5227144360542297,0.42141422629356384,0.557020366191864,0.4056978225708008,0.5299906134605408,0.4071498215198517,0.4787447154521942,0.4060693383216858,0.5045676827430725,0.40980860590934753,0.52219557762146,0.38124069571495056,0.5401059985160828,0.3896384835243225,0.4788116216659546,0.3963969349861145,0.44672566652297974,0.40694883465766907,0.4148789346218109,ㅐ
0.37071841955184937,0.6772130727767944,0.40278303623199463,0.653694212436676,0.4189106225967407,0.5983404517173767,0.4095625579357147,0.5448379516601562,0.39134588837623596,0.5017039775848389,0.445240318775177,0.5184310674667358,0.4526452422142029,0.4528363347053528,0.45325005054473877,0.41201913356781006,0.45319315791130066,0.3791019320487976,0.4164348244667053,0.5125593543052673,0.4126735329627991,0.46437495946884155,0.40076160430908203,0.5065951347351074,0.3987295627593994,0.5408285856246948,0.38950857520103455,0.5166580677032471,0.3887237012386322,0.47720199823379517,0.38543131947517395,0.5135506987571716,0.3886207342147827,0.5394709706306458,0.3668901324272156,0.5236915349960327,0.3736878037452698,0.46731841564178467,0.3777890205383301,0.4374520182609558,0.38769659399986267,0.4078226089477539,ㅐ
0.3602086305618286,0.6801491975784302,0.3918927311897278,0.6550523638725281,0.407355934381485,0.6005381941795349,0.39528071880340576,0.5465994477272034,0.3742761015892029,0.5038138628005981,0.43343499302864075,0.5168343782424927,0.4449557662010193,0.45234963297843933,0.45037975907325745,0.4109746217727661,0.45415329933166504,0.37612518668174744,0.4038126468658447,0.5118129253387451,0.39893728494644165,0.46633830666542053,0.38938653469085693,0.5111427307128906,0.3885403573513031,0.5462877154350281,0.3762953579425812,0.5171017646789551,0.372490793466568,0.4800904393196106,0.37069225311279297,0.5194295644760132,0.37414494156837463,0.546047031879425,0.35317739844322205,0.5255377292633057,0.35523346066474915,0.4679338037967682,0.3566476106643677,0.4366815388202667,0.3637342154979706,0.4049128592014313,ㅐ
0.3509976267814636,0.6777766942977905,0.38330167531967163,0.653397798538208,0.39926162362098694,0.5991771221160889,0.3860630989074707,0.5445651412010193,0.3639305830001831,0.5022161602973938,0.42448145151138306,0.514487624168396,0.4388952851295471,0.44905993342399597,0.4465543031692505,0.4067523181438446,0.45212221145629883,0.3715102970600128,0.3943154811859131,0.5090768337249756,0.39021044969558716,0.4627913534641266,0.3804101347923279,0.5083481669425964,0.37946054339408875,0.5450194478034973,0.3661046624183655,0.5136851668357849,0.36248230934143066,0.47589248418807983,0.36052343249320984,0.515677809715271,0.3639684021472931,0.5431388020515442,0.34211137890815735,0.5216202139854431,0.3427872359752655,0.46420812606811523,0.3430789113044739,0.43215006589889526,0.3489815890789032,0.3992294669151306,ㅐ
0.34824562072753906,0.6804496645927429,0.3810102045536041,0.6539429426193237,0.3953937888145447,0.6001792550086975,0.3808301091194153,0.5447083711624146,0.3604429364204407,0.5026187896728516,0.420166552066803,0.5155013799667358,0.43585947155952454,0.4496573507785797,0.4458357095718384,0.4056558609008789,0.45246681571006775,0.370955228805542,0.3876088261604309,0.5114591121673584,0.38365814089775085,0.46206676959991455,0.3754907250404358,0.5111035108566284,0.3760007321834564,0.5469975471496582,0.35831311345100403,0.5174065828323364,0.35494470596313477,0.47864559292793274,0.3545484244823456,0.521018922328949,0.3573267459869385,0.5507204532623291,0.3333677351474762,0.5284985303878784,0.32480669021606445,0.4704945683479309,0.318008154630661,0.43629464507102966,0.3157239854335785,0.40260690450668335,ㅐ
0.34770649671554565,0.6824096441268921,0.38070374727249146,0.6530263423919678,0.393268346786499,0.6007272005081177,0.3790459930896759,0.5444992184638977,0.36048462986946106,0.501339852809906,0.4186393618583679,0.5175749063491821,0.4342440366744995,0.45168381929397583,0.44427502155303955,0.40655937790870667,0.4501134753227234,0.37274816632270813,0.38580676913261414,0.5139650106430054,0.38217127323150635,0.4627567529678345,0.37448954582214355,0.5124936699867249,0.3758242428302765,0.5470738410949707,0.35675162076950073,0.5198124051094055,0.353557288646698,0.48037728667259216,0.3535589277744293,0.524655818939209,0.3560743033885956,0.5559653639793396,0.3318447470664978,0.5311542749404907,0.3213346004486084,0.47416532039642334,0.3116438388824463,0.4403376281261444,0.3062153458595276,0.40718647837638855,ㅐ
0.35094812512397766,0.6681540012359619,0.3825111985206604,0.6410725116729736,0.3954165577888489,0.5869558453559875,0.38175320625305176,0.5301028490066528,0.36245134472846985,0.4871341586112976,0.4203910231590271,0.5046976208686829,0.43546465039253235,0.4397345781326294,0.4450715482234955,0.395717591047287,0.4508664011955261,0.36221426725387573,0.3877425193786621,0.5004563927650452,0.38530564308166504,0.4487519860267639,0.3785300850868225,0.49777233600616455,0.38024547696113586,0.5300066471099854,0.35915127396583557,0.5065017938613892,0.3550913333892822,0.4666169285774231,0.355349600315094,0.5113071799278259,0.3580896854400635,0.5418273210525513,0.33466243743896484,0.5177386403083801,0.32467594742774963,0.4616237282752991,0.3155168890953064,0.42766571044921875,0.31083256006240845,0.39314934611320496,ㅐ
0.3533630967140198,0.5865625739097595,0.3891240358352661,0.5653641223907471,0.40654149651527405,0.5114234089851379,0.38878127932548523,0.4549635648727417,0.3650217056274414,0.4098774194717407,0.4311150908470154,0.41223084926605225,0.44774067401885986,0.33537882566452026,0.4573572874069214,0.2843793034553528,0.4636145532131195,0.242745503783226,0.395907998085022,0.40709564089775085,0.39145827293395996,0.3645321726799011,0.3823411464691162,0.42098087072372437,0.3834873139858246,0.4606687128543854,0.364088773727417,0.4127059280872345,0.35949787497520447,0.37584221363067627,0.3595038652420044,0.42468810081481934,0.36393091082572937,0.45767417550086975,0.3365245461463928,0.423007071018219,0.3305703401565552,0.3583865463733673,0.3249259889125824,0.3205287456512451,0.32511967420578003,0.28239989280700684,ㅐ
0.3532181978225708,0.6385273337364197,0.3965907096862793,0.6241774559020996,0.4213956892490387,0.5649378299713135,0.3967876434326172,0.5060126781463623,0.3661987781524658,0.4599931240081787,0.44711482524871826,0.4377995729446411,0.46820586919784546,0.34325844049453735,0.48050621151924133,0.2812803387641907,0.4880376160144806,0.23007433116436005,0.40794631838798523,0.4297163188457489,0.4000454843044281,0.3940768837928772,0.3873550593852997,0.46294766664505005,0.388788104057312,0.5072760581970215,0.37150776386260986,0.43347200751304626,0.3615424335002899,0.40482717752456665,0.3596249222755432,0.4719819724559784,0.36663007736206055,0.5116037726402283,0.34021422266960144,0.44159799814224243,0.337677001953125,0.3668510317802429,0.33519402146339417,0.32330071926116943,0.341511607170105,0.27682632207870483,ㅐ
0.33861416578292847,0.6867246627807617,0.38597747683525085,0.6784225106239319,0.4162500500679016,0.619681179523468,0.3823930323123932,0.5593619346618652,0.34558188915252686,0.5135223269462585,0.43804848194122314,0.4726733863353729,0.4537234306335449,0.36356037855148315,0.464240700006485,0.29153144359588623,0.47039705514907837,0.23109251260757446,0.39449208974838257,0.463693767786026,0.3814740478992462,0.42885035276412964,0.3663642108440399,0.5129936933517456,0.3689994513988495,0.5653326511383057,0.35508981347084045,0.4681890904903412,0.3399389088153839,0.44287168979644775,0.33621859550476074,0.5199850797653198,0.3453525900840759,0.5635166764259338,0.32118314504623413,0.47638964653015137,0.3225906193256378,0.3912059962749481,0.32325977087020874,0.3444918394088745,0.33559200167655945,0.2937823534011841,ㅐ
0.340515673160553,0.6912996172904968,0.38858819007873535,0.6812847256660461,0.4166278541088104,0.6212880611419678,0.3846404552459717,0.5614690184593201,0.3469574749469757,0.5153287649154663,0.43850281834602356,0.4685305058956146,0.45086169242858887,0.35984063148498535,0.4585408866405487,0.28787246346473694,0.4624617397785187,0.22756659984588623,0.3933870792388916,0.46165430545806885,0.3808337450027466,0.426583468914032,0.3681930601596832,0.5102030038833618,0.3716999590396881,0.5609743595123291,0.3528021275997162,0.4683856666088104,0.3395988643169403,0.4435696303844452,0.33817431330680847,0.5213868618011475,0.3479852080345154,0.5639101266860962,0.3183368146419525,0.478531152009964,0.319743812084198,0.39246055483818054,0.32260382175445557,0.3452644348144531,0.33673548698425293,0.29374220967292786,ㅐ
0.3292078375816345,0.7202441692352295,0.38002657890319824,0.7035109400749207,0.40838003158569336,0.6336438059806824,0.3678668737411499,0.5681006908416748,0.3256817162036896,0.5187560319900513,0.42970263957977295,0.4739430844783783,0.4380388855934143,0.35329514741897583,0.4401017129421234,0.2750701606273651,0.4391717314720154,0.21129882335662842,0.3807980418205261,0.4687657654285431,0.36712995171546936,0.42415064573287964,0.3542587459087372,0.5132834315299988,0.36093226075172424,0.5658925175666809,0.3374861776828766,0.4768438935279846,0.3264719545841217,0.4419093728065491,0.3251051902770996,0.5239731073379517,0.33685776591300964,0.5667216777801514,0.30133530497550964,0.4903533160686493,0.30363765358924866,0.39369696378707886,0.3082283139228821,0.34247785806655884,0.3245048522949219,0.28769809007644653,ㅐ
0.35455629229545593,0.7361396551132202,0.40425413846969604,0.7170721292495728,0.4338480830192566,0.6492796540260315,0.40633752942085266,0.5838196277618408,0.36859330534935,0.5367923974990845,0.45409494638442993,0.5068429708480835,0.4623948633670807,0.39368095993995667,0.46455118060112,0.32773473858833313,0.46636709570884705,0.269680917263031,0.4118178188800812,0.5027981400489807,0.40579354763031006,0.455901175737381,0.3912029564380646,0.5294144153594971,0.3910857141017914,0.5819250345230103,0.3718023896217346,0.5116317868232727,0.36935701966285706,0.47669920325279236,0.3685925304889679,0.5469515323638916,0.37557342648506165,0.5887139439582825,0.33751314878463745,0.5237945318222046,0.34307050704956055,0.4342022240161896,0.3490009605884552,0.3899416923522949,0.36279207468032837,0.3445603847503662,ㅐ
0.35762158036231995,0.691173255443573,0.3991541266441345,0.6683109402656555,0.42300504446029663,0.6134434938430786,0.4017121493816376,0.5575196743011475,0.37557363510131836,0.5119742155075073,0.4403391480445862,0.49884986877441406,0.4497520625591278,0.4054209589958191,0.45119309425354004,0.3496679663658142,0.4507808983325958,0.3028051555156708,0.4038182497024536,0.4928326904773712,0.4003683626651764,0.4517241418361664,0.3868555724620819,0.5169324278831482,0.3884789049625397,0.5576511025428772,0.36959195137023926,0.4980950355529785,0.3701413869857788,0.4626886248588562,0.36724090576171875,0.5244758129119873,0.3727221190929413,0.5603662133216858,0.34004074335098267,0.5104318857192993,0.34412238001823425,0.43475639820098877,0.34808918833732605,0.39428240060806274,0.3587532937526703,0.3546642065048218,ㅐ
0.3742935061454773,0.6655091643333435,0.4130072593688965,0.6470682621002197,0.434626042842865,0.5968202948570251,0.4214160740375519,0.5437942743301392,0.4007548987865448,0.498883455991745,0.4568563401699066,0.4987412393093109,0.4682031273841858,0.4226841926574707,0.47290289402008057,0.3754221796989441,0.4743489623069763,0.33579158782958984,0.42510294914245605,0.49300992488861084,0.42566201090812683,0.449692964553833,0.4148940443992615,0.5028678774833679,0.41143274307250977,0.5429487824440002,0.3945886492729187,0.497609406709671,0.39628565311431885,0.46096688508987427,0.3960167467594147,0.5089659094810486,0.39984485507011414,0.5411001443862915,0.3670291006565094,0.5047375559806824,0.37309685349464417,0.4414242208003998,0.37763717770576477,0.40680602192878723,0.3876500129699707,0.36977723240852356,ㅐ
0.3864515721797943,0.6551063060760498,0.425188809633255,0.637914776802063,0.44724762439727783,0.5863013863563538,0.4398641288280487,0.5321438908576965,0.4239990711212158,0.48817357420921326,0.471964031457901,0.502611517906189,0.48751482367515564,0.43291231989860535,0.49567973613739014,0.3900545537471771,0.5001280903816223,0.3535216152667999,0.44251909852027893,0.49407023191452026,0.4452804625034332,0.45072558522224426,0.4334598481655121,0.4991065263748169,0.4287089407444,0.5357410907745361,0.4138776361942291,0.4954023063182831,0.4172939956188202,0.45804211497306824,0.4141008257865906,0.5049469470977783,0.4150243103504181,0.5377219915390015,0.3875029385089874,0.4994831085205078,0.39614683389663696,0.4409717917442322,0.4021538197994232,0.40850022435188293,0.413356751203537,0.37477433681488037,ㅐ
