0.6912857890129089,0.8842684030532837,0.6481914520263672,0.8315364122390747,0.6348589658737183,0.7551771402359009,0.6768722534179688,0.7324162125587463,0.7255471348762512,0.7292698621749878,0.6654035449028015,0.6203784942626953,0.648812472820282,0.5199098587036133,0.6410431265830994,0.455974280834198,0.6359373331069946,0.3989616632461548,0.7117249369621277,0.6270720362663269,0.739793598651886,0.5181527137756348,0.7591424584388733,0.45142436027526855,0.7772160768508911,0.39205604791641235,0.7436718940734863,0.6671137809753418,0.7633970975875854,0.6061118245124817,0.7351233959197998,0.6701815128326416,0.7179957628250122,0.7179330587387085,0.7668696045875549,0.7240917086601257,0.7688840627670288,0.7053189277648926,0.7422328591346741,0.7450419664382935,0.7252983450889587,0.7736186385154724,ㅑ
0.6842734217643738,0.8206161260604858,0.6452118158340454,0.770317792892456,0.6333370804786682,0.7039037942886353,0.6700564026832581,0.6759960055351257,0.7129654288291931,0.6635289788246155,0.6553919315338135,0.580428957939148,0.6358098983764648,0.4901723861694336,0.6252315640449524,0.43329960107803345,0.61809241771698,0.3845677673816681,0.6976343989372253,0.5839557647705078,0.7203489542007446,0.48282134532928467,0.7356514930725098,0.4253717064857483,0.7498759627342224,0.3770568072795868,0.7278178334236145,0.6174148321151733,0.740695595741272,0.5588728785514832,0.7191964387893677,0.6092348694801331,0.7064108848571777,0.6486873030662537,0.7510794401168823,0.6665684580802917,0.750564694404602,0.6467037796974182,0.7293978333473206,0.6808345913887024,0.7165859341621399,0.7084366083145142,ㅑ
0.6394364237785339,0.8170868158340454,0.5977466106414795,0.7728503942489624,0.5813113451004028,0.7072288990020752,0.6165069341659546,0.6777589917182922,0.6569430232048035,0.6632592678070068,0.6061025857925415,0.5866788029670715,0.6051880121231079,0.4980396032333374,0.6076412200927734,0.4428744912147522,0.6113309264183044,0.3937075138092041,0.6427295804023743,0.5897700190544128,0.6403997540473938,0.4901796579360962,0.6388639211654663,0.4319628179073334,0.6398749947547913,0.3770952820777893,0.6737386584281921,0.6189332008361816,0.6843143105506897,0.5554587841033936,0.6669898629188538,0.6129488348960876,0.6543314456939697,0.6569593548774719,0.700095534324646,0.6642651557922363,0.697913646697998,0.6424611210823059,0.6756392121315002,0.6805939674377441,0.6591639518737793,0.7093757390975952,ㅑ
0.6382896900177002,0.8174021244049072,0.5963414311408997,0.7722616195678711,0.5787919163703918,0.7060355544090271,0.6141291260719299,0.6776566505432129,0.6558828353881836,0.6664860248565674,0.6036298871040344,0.585133969783783,0.5930613279342651,0.49534526467323303,0.5876263380050659,0.4379956126213074,0.5846579074859619,0.3882574439048767,0.6425498127937317,0.588128924369812,0.643437385559082,0.4870719909667969,0.6439802646636963,0.42498230934143066,0.6475707292556763,0.36904478073120117,0.6740736365318298,0.6195283532142639,0.6825356483459473,0.5575255155563354,0.6638550162315369,0.6141555309295654,0.652043879032135,0.6575390100479126,0.6994240880012512,0.6671208143234253,0.696382462978363,0.6425177454948425,0.674319863319397,0.6793822646141052,0.6593788266181946,0.7082746624946594,ㅑ
0.6544038653373718,0.822476327419281,0.6184462904930115,0.7665480375289917,0.6097053289413452,0.6885780692100525,0.6516928672790527,0.6573283076286316,0.6950535178184509,0.646135151386261,0.6369572281837463,0.5889792442321777,0.6278226375579834,0.49432891607284546,0.6235769391059875,0.43658447265625,0.6212664842605591,0.38775938749313354,0.677548348903656,0.5995106101036072,0.6970131397247314,0.4958111643791199,0.7088926434516907,0.42958223819732666,0.7213642597198486,0.37653350830078125,0.7084357738494873,0.6345138549804688,0.6989596486091614,0.6111980676651001,0.6746591329574585,0.6621069312095642,0.6645873785018921,0.6979219913482666,0.729668140411377,0.6793133020401001,0.7153164148330688,0.657631516456604,0.6876742243766785,0.6947699785232544,0.6727298498153687,0.7252891659736633,ㅑ
0.6618618369102478,0.7948244214057922,0.6209878921508789,0.7585543990135193,0.6064115762710571,0.6987462639808655,0.6465041637420654,0.6683060526847839,0.689247727394104,0.653353214263916,0.6131021976470947,0.5746285319328308,0.5882513523101807,0.4886467754840851,0.5731493830680847,0.434139221906662,0.5611532330513,0.38877981901168823,0.6536924242973328,0.568842351436615,0.6590635776519775,0.46748584508895874,0.6632305979728699,0.40693795680999756,0.6678956747055054,0.3541247546672821,0.6859038472175598,0.5955535173416138,0.6911782026290894,0.5563582181930542,0.6778554320335388,0.6135218143463135,0.6708911061286926,0.6542980074882507,0.7117682099342346,0.6380175352096558,0.7079643607139587,0.6337894797325134,0.6919015645980835,0.6713306307792664,0.6828952431678772,0.6974796652793884,ㅑ
0.675593376159668,0.8186378479003906,0.6348311901092529,0.78952556848526,0.6188910603523254,0.7359176278114319,0.6620409488677979,0.7093027830123901,0.7055912017822266,0.6918079853057861,0.6182728409767151,0.6013162732124329,0.5874983072280884,0.5131434202194214,0.5680943131446838,0.4557809829711914,0.5529016852378845,0.40678760409355164,0.6608527302742004,0.5907732248306274,0.6641602516174316,0.4856552183628082,0.6678168177604675,0.41835349798202515,0.6716043949127197,0.35675060749053955,0.6953107118606567,0.6159422993659973,0.7109768390655518,0.5746066570281982,0.6972906589508057,0.6362726092338562,0.6860343813896179,0.6797475814819336,0.7236924767494202,0.658547580242157,0.7288591265678406,0.6614029407501221,0.7110546231269836,0.7022649645805359,0.6956879496574402,0.7280176281929016,ㅑ
0.6804335713386536,0.9512918591499329,0.6388843655586243,0.9328745007514954,0.6135926842689514,0.8888094425201416,0.6475589275360107,0.8720373511314392,0.6920096278190613,0.8636104464530945,0.6030079126358032,0.7548915147781372,0.5641341209411621,0.6726463437080383,0.5399314165115356,0.6202951073646545,0.5186164975166321,0.5734663605690002,0.6450515389442444,0.7379975318908691,0.6284903287887573,0.6267743706703186,0.6189113259315491,0.5580130219459534,0.6099820137023926,0.49034446477890015,0.6850166916847229,0.7570082545280457,0.6885699033737183,0.7142773866653442,0.6824291348457336,0.7911326885223389,0.6767430305480957,0.8397030234336853,0.7217304110527039,0.794598400592804,0.7222185730934143,0.7966806888580322,0.7107738256454468,0.8489919304847717,0.7013627290725708,0.8793959617614746,ㅑ
0.6533664464950562,0.8061445355415344,0.614295244216919,0.769666314125061,0.5965474843978882,0.7108405828475952,0.6305657625198364,0.6876516342163086,0.6706098318099976,0.6815431714057922,0.6136414408683777,0.5874556303024292,0.5955403447151184,0.5035504102706909,0.5853084921836853,0.4504345655441284,0.577292799949646,0.4047778844833374,0.6525741815567017,0.5868004560470581,0.6630819439888,0.4895971715450287,0.6688634753227234,0.4301445186138153,0.6750447750091553,0.37987828254699707,0.6843217015266418,0.615528404712677,0.6964423656463623,0.565599262714386,0.6791645884513855,0.6177496910095215,0.668148398399353,0.6598886847496033,0.7090296745300293,0.6597265005111694,0.7072404623031616,0.644980788230896,0.6905427575111389,0.6750397086143494,0.6796164512634277,0.6990928053855896,ㅑ
0.663833737373352,0.8069313764572144,0.6225202083587646,0.7592213749885559,0.6062248945236206,0.6970687508583069,0.6370552778244019,0.6761853694915771,0.6811288595199585,0.6724968552589417,0.641696035861969,0.5697258114814758,0.634872555732727,0.47809267044067383,0.6328114867210388,0.4199565649032593,0.6335404515266418,0.3695531487464905,0.6821927428245544,0.5775904655456543,0.7092716097831726,0.4798279404640198,0.727392315864563,0.42013031244277954,0.7456845045089722,0.3680563271045685,0.7116212844848633,0.6137104034423828,0.7230638861656189,0.5593603849411011,0.6954529285430908,0.61455899477005,0.6801160573959351,0.6577028632164001,0.7328677177429199,0.6648743152618408,0.7237719297409058,0.6459460258483887,0.7007647752761841,0.677173376083374,0.6890408992767334,0.7013894319534302,ㅑ
0.6686699986457825,0.8108264207839966,0.6261498332023621,0.7646814584732056,0.6068394184112549,0.7053995728492737,0.6298924088478088,0.6918076276779175,0.6729156970977783,0.6956198811531067,0.6518185138702393,0.5706416368484497,0.6514617800712585,0.4736629128456116,0.6560341715812683,0.4140191972255707,0.6641749143600464,0.3622377812862396,0.693798303604126,0.584425151348114,0.7370271682739258,0.4870465099811554,0.7677181363105774,0.42875415086746216,0.7957015037536621,0.37781915068626404,0.7212933301925659,0.6254855990409851,0.7316076755523682,0.5741313695907593,0.6972768306732178,0.6296691298484802,0.6777040958404541,0.6722290515899658,0.7388353943824768,0.6801393628120422,0.7283836603164673,0.6592174172401428,0.6988946199417114,0.690764307975769,0.6818274259567261,0.7165036797523499,ㅑ
0.6610850691795349,0.8046218752861023,0.6188046336174011,0.7686498761177063,0.5946916937828064,0.7148962616920471,0.6186257600784302,0.6984096765518188,0.6614412665367126,0.696607768535614,0.6195036172866821,0.5792340636253357,0.6002798080444336,0.4886731803417206,0.5894887447357178,0.4303753972053528,0.5832902193069458,0.3797455430030823,0.6618043184280396,0.5810465216636658,0.6855478286743164,0.4787530303001404,0.7026670575141907,0.4143962264060974,0.7199141383171082,0.3588557839393616,0.6935244798660278,0.6145289540290833,0.7046183943748474,0.5723752975463867,0.6775810122489929,0.6314535140991211,0.662318766117096,0.6753247976303101,0.7162472605705261,0.6628459692001343,0.7055867314338684,0.6588580012321472,0.6818139553070068,0.6938377618789673,0.668519914150238,0.7187160849571228,ㅑ
0.6459053158760071,0.8052312731742859,0.6011939644813538,0.7787796258926392,0.5743345022201538,0.7276970744132996,0.6000750064849854,0.7013830542564392,0.6394848823547363,0.6851688027381897,0.5761575698852539,0.5909754037857056,0.5469547510147095,0.5157676935195923,0.5291672348976135,0.46751999855041504,0.5148698687553406,0.42392101883888245,0.6164044737815857,0.5812928080558777,0.6238232254981995,0.4772217869758606,0.6299712657928467,0.4119102656841278,0.6365470886230469,0.3548683822154999,0.6515408754348755,0.6067006587982178,0.6601747274398804,0.5546470880508423,0.6451292037963867,0.6201546788215637,0.6365277171134949,0.6683143377304077,0.6809873580932617,0.6496533155441284,0.6728224158287048,0.6438993811607361,0.6551799774169922,0.6861775517463684,0.6438193917274475,0.7155882120132446,ㅑ
0.6249483823776245,0.8464857935905457,0.5799126625061035,0.8189192414283752,0.5498535633087158,0.7723396420478821,0.5735365748405457,0.7483837008476257,0.6124560832977295,0.7323529720306396,0.5503914952278137,0.6417328119277954,0.5165331959724426,0.5648168325424194,0.49678289890289307,0.5145551562309265,0.48200318217277527,0.47012683749198914,0.5902127027511597,0.6310446262359619,0.5897886157035828,0.5266520380973816,0.5894638299942017,0.46102339029312134,0.5907735824584961,0.40375611186027527,0.6255635619163513,0.6524643301963806,0.6272643208503723,0.6019337773323059,0.6145822405815125,0.6626700758934021,0.6087347269058228,0.7078513503074646,0.6554670929908752,0.6909091472625732,0.6454963684082031,0.6844739317893982,0.6291326284408569,0.7262042164802551,0.6199546456336975,0.7557275295257568,ㅑ
0.6154310703277588,0.8888092041015625,0.5723298788070679,0.8686740398406982,0.5401005148887634,0.8279686570167542,0.5621572136878967,0.8024758100509644,0.5994971394538879,0.782862663269043,0.5283007025718689,0.7002025246620178,0.4891963303089142,0.6296000480651855,0.4656549394130707,0.5843411684036255,0.4469466209411621,0.5444138646125793,0.5660346746444702,0.6844087839126587,0.5563340783119202,0.580966055393219,0.5506414771080017,0.5181055665016174,0.5464127659797668,0.46194911003112793,0.6022488474845886,0.700379490852356,0.5992178320884705,0.6473053097724915,0.5934326648712158,0.7091245055198669,0.5918436050415039,0.7532850503921509,0.6350874900817871,0.7337207794189453,0.6262289881706238,0.7253859043121338,0.6153268218040466,0.7709938287734985,0.6099348664283752,0.8022884130477905,ㅑ
0.6219053268432617,0.8740309476852417,0.5769994854927063,0.8480373620986938,0.5484078526496887,0.8036032319068909,0.577972412109375,0.7789393663406372,0.6215430498123169,0.7630985975265503,0.5388689637184143,0.6782081127166748,0.5006871223449707,0.6025670766830444,0.47653430700302124,0.5535452961921692,0.4561399817466736,0.5094361305236816,0.5776576995849609,0.6619057655334473,0.5661093592643738,0.5569906234741211,0.5597836375236511,0.49140170216560364,0.555137038230896,0.4335474669933319,0.6154308915138245,0.6798793077468872,0.6191046237945557,0.6270122528076172,0.6118461489677429,0.687707781791687,0.6076375842094421,0.734738826751709,0.6493838429450989,0.7162598371505737,0.6470831632614136,0.7068594694137573,0.6355586647987366,0.7484772205352783,0.6276270151138306,0.7789757251739502,ㅑ
0.7230381965637207,0.7326788902282715,0.6831081509590149,0.7114413380622864,0.6663050651550293,0.6665228009223938,0.7142229080200195,0.6397082805633545,0.7618571519851685,0.6208217144012451,0.654826283454895,0.5249907970428467,0.6139153242111206,0.43619734048843384,0.5882153511047363,0.3773886561393738,0.5660330057144165,0.3255476951599121,0.6987616419792175,0.5051208138465881,0.6913584470748901,0.3938504755496979,0.6902053356170654,0.32585710287094116,0.6879233717918396,0.26356372237205505,0.7374411821365356,0.5259066224098206,0.7548931241035461,0.4731214940547943,0.7508994936943054,0.5403686761856079,0.7455257177352905,0.5900890231132507,0.7723990082740784,0.5687175393104553,0.7823920249938965,0.5623467564582825,0.7716656923294067,0.6049550771713257,0.7611488699913025,0.6357110738754272,ㅑ
0.8028668165206909,0.7817990183830261,0.7698996663093567,0.7823452949523926,0.7662067413330078,0.7470664381980896,0.8329007625579834,0.7185349464416504,0.8868130445480347,0.689924955368042,0.739338755607605,0.5728891491889954,0.6920987963676453,0.4762745499610901,0.6606668829917908,0.4104421138763428,0.6353917121887207,0.3487359285354614,0.7892752885818481,0.5445984601974487,0.776465892791748,0.41591399908065796,0.7765845656394958,0.3307427167892456,0.7735427618026733,0.2473960816860199,0.8316818475723267,0.5662246346473694,0.8653910160064697,0.5091883540153503,0.8708922266960144,0.5916730165481567,0.8637694120407104,0.6519558429718018,0.8694348335266113,0.6131834983825684,0.9015713930130005,0.6084173321723938,0.8934504389762878,0.6630678772926331,0.8743252754211426,0.7057848572731018,ㅑ
0.7374527454376221,0.8293361067771912,0.6966373324394226,0.8104140758514404,0.6801642775535583,0.7604917883872986,0.7281017899513245,0.7275264859199524,0.7748534083366394,0.7052652835845947,0.6689033508300781,0.6176260709762573,0.6300739049911499,0.5308993458747864,0.6046178936958313,0.47326114773750305,0.5837140083312988,0.421001136302948,0.7128388285636902,0.5965222120285034,0.7053601145744324,0.48748812079429626,0.7035027146339417,0.42029064893722534,0.7002012729644775,0.3559832274913788,0.7501910328865051,0.6145000457763672,0.7716614007949829,0.5580025315284729,0.7695190906524658,0.6261377930641174,0.7624217867851257,0.6758551001548767,0.7833583354949951,0.6534718871116638,0.7965105772018433,0.6464968919754028,0.7859611511230469,0.6933882236480713,0.772765576839447,0.7267006039619446,ㅑ
0.6884782314300537,0.7621135711669922,0.6504831910133362,0.7270365953445435,0.6355887055397034,0.675391435623169,0.6696434020996094,0.647957444190979,0.7064845561981201,0.6323935389518738,0.6379523873329163,0.55596524477005,0.6130777597427368,0.4786286950111389,0.5982782244682312,0.4295201897621155,0.5876376032829285,0.3863869905471802,0.6766099333763123,0.5496406555175781,0.6887533068656921,0.45733076333999634,0.6967548727989197,0.4003686308860779,0.7049239277839661,0.3513812720775604,0.7076380252838135,0.5735663771629333,0.7182308435440063,0.5222682952880859,0.7050921320915222,0.5687680244445801,0.697283923625946,0.6052679419517517,0.7338165044784546,0.612358033657074,0.7349643707275391,0.598154604434967,0.7200726270675659,0.6282535195350647,0.7105066180229187,0.6526697278022766,ㅑ
0.688412606716156,0.7493401169776917,0.6553444266319275,0.7018401622772217,0.6499525904655457,0.6380938291549683,0.6839551329612732,0.6129969358444214,0.7209464311599731,0.60654616355896,0.6811822056770325,0.5369257926940918,0.6780892014503479,0.46010085940361023,0.6793469190597534,0.41452425718307495,0.6819673776626587,0.37365108728408813,0.716411828994751,0.5451334118843079,0.750449001789093,0.4651983082294464,0.7719761729240417,0.42128628492355347,0.7916609644889832,0.38484448194503784,0.7402973771095276,0.576541006565094,0.7585713267326355,0.5168341398239136,0.7319008111953735,0.5534073710441589,0.7160658240318298,0.5862318277359009,0.7570733428001404,0.6205747127532959,0.7566139698028564,0.5946499109268188,0.7342609167098999,0.6153533458709717,0.7212036848068237,0.6355074644088745,ㅑ
0.6804248094558716,0.7914400100708008,0.6425589323043823,0.7347490787506104,0.633916437625885,0.6636934280395508,0.6645185947418213,0.6405467987060547,0.7070648074150085,0.6408274173736572,0.6887317895889282,0.5565893650054932,0.715800404548645,0.47942718863487244,0.7378590703010559,0.43485909700393677,0.7588692903518677,0.39856696128845215,0.7231884002685547,0.572449803352356,0.7613698840141296,0.4868101179599762,0.7850487232208252,0.43406015634536743,0.8078271150588989,0.3889785706996918,0.7481831312179565,0.6095795631408691,0.7585957050323486,0.5445023775100708,0.7252175211906433,0.5855940580368042,0.7057557702064514,0.6236573457717896,0.7653650045394897,0.660908043384552,0.7494320273399353,0.6312853097915649,0.724736213684082,0.652583122253418,0.7146101593971252,0.6732619404792786,ㅑ
0.6762322187423706,0.7151483297348022,0.6331198215484619,0.6765915155410767,0.6139931678771973,0.615078866481781,0.6403762102127075,0.579781711101532,0.6780533194541931,0.5631021857261658,0.639885663986206,0.49707263708114624,0.6487330794334412,0.42071840167045593,0.6602880358695984,0.3759998083114624,0.6719138026237488,0.337135910987854,0.6748375296592712,0.5000870227813721,0.6910849809646606,0.4073792099952698,0.7000717520713806,0.3542550206184387,0.7091975212097168,0.30901098251342773,0.7033766508102417,0.5268262624740601,0.7068199515342712,0.46033430099487305,0.6839011311531067,0.5085022449493408,0.6706427931785583,0.5498121380805969,0.7277767062187195,0.569755494594574,0.7144660949707031,0.5437538027763367,0.6944430470466614,0.5733963251113892,0.6844955086708069,0.598804235458374,ㅑ
0.7136844396591187,0.6871166825294495,0.6785675883293152,0.6666686534881592,0.6675661206245422,0.6219320893287659,0.7081676721572876,0.5981011986732483,0.7469438314437866,0.5803811550140381,0.6603100299835205,0.49074989557266235,0.6268007755279541,0.41039764881134033,0.6057028770446777,0.3576795160770416,0.5895968675613403,0.3130672872066498,0.7013092041015625,0.47722211480140686,0.7046048641204834,0.3784357011318207,0.7096964716911316,0.3189329504966736,0.7140704393386841,0.2660229206085205,0.7342000603675842,0.49867531657218933,0.7573739886283875,0.4551502466201782,0.7490239143371582,0.5162190198898315,0.7397178411483765,0.5605785846710205,0.7609987854957581,0.5390229225158691,0.7707818150520325,0.5395371913909912,0.7562423944473267,0.581077516078949,0.742655336856842,0.6105016469955444,ㅑ
0.6773737668991089,0.6788942813873291,0.6488323211669922,0.6772233843803406,0.6378353238105774,0.6387113332748413,0.6791393160820007,0.5942156314849854,0.7116844654083252,0.5593573451042175,0.5963155627250671,0.5300559997558594,0.549501359462738,0.47385263442993164,0.5182422995567322,0.43568742275238037,0.4906872510910034,0.4025602340698242,0.6262795329093933,0.49765628576278687,0.5992422103881836,0.40717339515686035,0.586444616317749,0.3484371304512024,0.57245934009552,0.29587727785110474,0.6578963398933411,0.5022135972976685,0.6732485294342041,0.45272600650787354,0.6921781897544861,0.4999282956123352,0.6984165906906128,0.535599946975708,0.6889916062355042,0.5268955230712891,0.7081912755966187,0.517696738243103,0.712726891040802,0.5547084212303162,0.7080779075622559,0.5843383073806763,ㅑ
0.7904465198516846,0.7351087927818298,0.7656052112579346,0.7409396767616272,0.7524610161781311,0.7156124114990234,0.7893487811088562,0.6688631176948547,0.8215694427490234,0.6284521222114563,0.6892325282096863,0.6092607378959656,0.6281965970993042,0.5627405047416687,0.5865480303764343,0.5321295261383057,0.5501687526702881,0.5043826103210449,0.7159987092018127,0.56986403465271,0.6659148931503296,0.4849053919315338,0.6369116306304932,0.42737019062042236,0.6096199750900269,0.3759584128856659,0.7530251741409302,0.5671546459197998,0.7588068246841431,0.5200445652008057,0.7842720746994019,0.5612290501594543,0.7986013889312744,0.5970957279205322,0.7921439409255981,0.5845581889152527,0.8135263323783875,0.5778956413269043,0.8213303089141846,0.613645076751709,0.8215519785881042,0.645848274230957,ㅑ
0.7939441204071045,0.7328242063522339,0.760166585445404,0.7383231520652771,0.7356442213058472,0.715336799621582,0.764927327632904,0.6729287505149841,0.7950590252876282,0.6366479992866516,0.6813185811042786,0.6019902229309082,0.6252492666244507,0.5530810356140137,0.5888347625732422,0.5209785103797913,0.5569396018981934,0.4938797950744629,0.7102679014205933,0.5614399313926697,0.6610080003738403,0.4730311334133148,0.633519172668457,0.4169296622276306,0.605823278427124,0.3655865788459778,0.7493587732315063,0.5561504364013672,0.7459336519241333,0.5044846534729004,0.7688937187194824,0.5578241944313049,0.7809762358665466,0.6003468632698059,0.7923768162727356,0.571266770362854,0.8016975522041321,0.5529253482818604,0.8083803653717041,0.5926159620285034,0.8080624938011169,0.6266075968742371,ㅑ
0.7537601590156555,0.7283875346183777,0.7189375758171082,0.708812415599823,0.7048754692077637,0.662790060043335,0.7470265626907349,0.6251241564750671,0.7858642339706421,0.5966184139251709,0.6816261410713196,0.5391653776168823,0.6412855386734009,0.46598953008651733,0.6155501008033752,0.4191529154777527,0.594497799873352,0.37737321853637695,0.7201065421104431,0.5162806510925293,0.7015502452850342,0.42073044180870056,0.6932112574577332,0.362046480178833,0.6844661235809326,0.30709415674209595,0.7555419206619263,0.5294740796089172,0.7684811353683472,0.47806882858276367,0.7741528749465942,0.535492479801178,0.7734606862068176,0.5784617066383362,0.7876449227333069,0.5620540976524353,0.797334611415863,0.5531682372093201,0.7919719219207764,0.5944936871528625,0.7831735014915466,0.6265450119972229,ㅑ
0.6559044122695923,0.8202663660049438,0.6175026297569275,0.7840741276741028,0.6028735637664795,0.7259275317192078,0.6363989114761353,0.7006649374961853,0.6735739707946777,0.6872305274009705,0.610620379447937,0.6157333254814148,0.5895667672157288,0.5410665273666382,0.5772525668144226,0.4941195845603943,0.5684849619865417,0.4540492296218872,0.6468716859817505,0.6102339625358582,0.6497897505760193,0.5196177959442139,0.6524059772491455,0.46361982822418213,0.6559377312660217,0.4145601987838745,0.6765574812889099,0.6327447295188904,0.6878039240837097,0.5768466591835022,0.6778825521469116,0.6242213249206543,0.6710705757141113,0.6615994572639465,0.7012569904327393,0.6703290343284607,0.7006561756134033,0.6596428751945496,0.6855887174606323,0.6948937177658081,0.6748109459877014,0.7212334871292114,ㅑ
0.6410566568374634,0.8481336832046509,0.6027502417564392,0.8082403540611267,0.586868405342102,0.7487144470214844,0.618077278137207,0.7204465866088867,0.6576440930366516,0.709937334060669,0.6120710372924805,0.6296766400337219,0.6058530211448669,0.54762202501297,0.6035500168800354,0.4957438111305237,0.6021184325218201,0.4516867399215698,0.6476821899414062,0.6323361396789551,0.6552876830101013,0.5392944812774658,0.6572065949440002,0.4821418523788452,0.6602190136909485,0.4329819977283478,0.6758503913879395,0.6607306003570557,0.6866033673286438,0.6006699800491333,0.6665769815444946,0.6502398252487183,0.6536029577255249,0.6911062002182007,0.6984156370162964,0.7044383883476257,0.6935040354728699,0.6866574287414551,0.6735141277313232,0.7194692492485046,0.6612054705619812,0.7457221150398254,ㅑ
0.6829670071601868,0.8145481944084167,0.6481868624687195,0.7791750431060791,0.6379364132881165,0.7218732833862305,0.6756296753883362,0.696607232093811,0.7182254195213318,0.6896613240242004,0.6546644568443298,0.6023333668708801,0.6406198143959045,0.517798125743866,0.633007287979126,0.4641849398612976,0.628100574016571,0.4180581569671631,0.6928074955940247,0.6013233065605164,0.7032010555267334,0.507917046546936,0.7102548480033875,0.4513603150844574,0.7169777154922485,0.4015367925167084,0.7212381362915039,0.6280073523521423,0.7436531782150269,0.572868824005127,0.7265195250511169,0.6266524195671082,0.712164580821991,0.6678138375282288,0.7442938089370728,0.6703415513038635,0.7489036917686462,0.661948561668396,0.7307378649711609,0.6988182067871094,0.716598391532898,0.7251918911933899,ㅑ
0.679867684841156,0.7991771101951599,0.6417083144187927,0.7716892957687378,0.6275638937950134,0.7180207967758179,0.6656225323677063,0.6994059681892395,0.707571268081665,0.6932559609413147,0.6475546360015869,0.5895459651947021,0.6520081162452698,0.5045343637466431,0.6568965911865234,0.4485400915145874,0.6636512279510498,0.3991148769855499,0.684933066368103,0.5874128937721252,0.6872146129608154,0.49165812134742737,0.6901125311851501,0.4333757758140564,0.6939916014671326,0.3769148588180542,0.7155653238296509,0.613396942615509,0.7306962609291077,0.5633952617645264,0.7181515097618103,0.6243911981582642,0.7069764733314514,0.6691627502441406,0.7406132817268372,0.6551840901374817,0.74180006980896,0.6463209986686707,0.7250679135322571,0.6891188025474548,0.7116816639900208,0.719508945941925,ㅑ
0.671644389629364,0.8458433151245117,0.6349337100982666,0.8198822140693665,0.6197671294212341,0.7732486724853516,0.6569705605506897,0.7599806189537048,0.7019941806793213,0.7571688890457153,0.6366041898727417,0.6390410661697388,0.6381239295005798,0.544756293296814,0.6403718590736389,0.48322832584381104,0.6442387700080872,0.42995715141296387,0.6754698753356934,0.6357057690620422,0.6773524284362793,0.5329294800758362,0.6805979609489441,0.4688383638858795,0.6844980120658875,0.40683513879776,0.7077583074569702,0.6635609865188599,0.7308551073074341,0.6200119256973267,0.7150142192840576,0.6871611475944519,0.6985515356063843,0.7335842847824097,0.734362006187439,0.7076179385185242,0.7399851679801941,0.7138510346412659,0.7194332480430603,0.7574831247329712,0.699849545955658,0.784191906452179,ㅑ
0.6715983152389526,0.8325132727622986,0.6355710029602051,0.804875373840332,0.619688093662262,0.7586308717727661,0.658425509929657,0.745136022567749,0.7025548219680786,0.7401695251464844,0.630859375,0.6246010661125183,0.6089627146720886,0.532984733581543,0.5962212681770325,0.4742816090583801,0.5868144035339355,0.422919362783432,0.6735385656356812,0.6191737651824951,0.6850568056106567,0.5183978080749512,0.6950579881668091,0.45584553480148315,0.7034870386123657,0.398464560508728,0.7054473757743835,0.6469115018844604,0.7266836762428284,0.6086955070495605,0.710326611995697,0.6697577238082886,0.6959885358810425,0.7143691182136536,0.7294074892997742,0.6909111142158508,0.7357569336891174,0.6972737312316895,0.7179040312767029,0.737389326095581,0.7020206451416016,0.7639501690864563,ㅑ
0.6759285926818848,0.8244014978408813,0.6399199962615967,0.7966195940971375,0.6250903010368347,0.7486279010772705,0.6644934415817261,0.73432856798172,0.7087668180465698,0.728432297706604,0.6391733884811401,0.6181272268295288,0.6187355518341064,0.5252565741539001,0.607143223285675,0.4654523730278015,0.598358154296875,0.41291579604148865,0.6823575496673584,0.613476037979126,0.6944882273674011,0.511361837387085,0.7042570114135742,0.4490545392036438,0.7122642397880554,0.3894220292568207,0.7139250040054321,0.6407986283302307,0.7361564040184021,0.5989370942115784,0.7194545269012451,0.6647546291351318,0.704717755317688,0.7109544277191162,0.7380887269973755,0.6847230792045593,0.7460222244262695,0.6858221888542175,0.7270901203155518,0.728517472743988,0.7101022005081177,0.7562867999076843,ㅑ
0.6953449249267578,0.8080588579177856,0.6581892371177673,0.7970587611198425,0.6414140462875366,0.7606752514839172,0.6865475177764893,0.7423271536827087,0.730193555355072,0.7242967486381531,0.6342913508415222,0.6244191527366638,0.5959118008613586,0.5425287485122681,0.5724015831947327,0.4898536801338196,0.5539234280586243,0.44189780950546265,0.678333044052124,0.6062310338020325,0.6732454299926758,0.5010437965393066,0.6760963797569275,0.4358479082584381,0.6776983737945557,0.3736247718334198,0.7141503095626831,0.62666916847229,0.7347972989082336,0.5851196050643921,0.7302751541137695,0.653666079044342,0.7222139835357666,0.7006651759147644,0.7450589537620544,0.6676468849182129,0.7602546811103821,0.664959192276001,0.7484062314033508,0.7096904516220093,0.7347556948661804,0.7406370639801025,ㅑ
0.7220577001571655,0.7479568719863892,0.6848186254501343,0.7322965860366821,0.6747954487800598,0.6900392174720764,0.7306588888168335,0.6733400821685791,0.7831095457077026,0.6602864265441895,0.6765466332435608,0.5363327264785767,0.6441456079483032,0.4385647475719452,0.6238499879837036,0.3720388114452362,0.6072512865066528,0.31286633014678955,0.7267296314239502,0.5232279896736145,0.7346706390380859,0.4068518280982971,0.7424339056015015,0.33498135209083557,0.7462506890296936,0.2668476700782776,0.7643237113952637,0.5527501702308655,0.7928808331489563,0.5075891017913818,0.7847830057144165,0.5799062252044678,0.7738010287284851,0.6318790912628174,0.7935470342636108,0.6035280823707581,0.8092647790908813,0.604877769947052,0.7937114834785461,0.6528624892234802,0.7766783833503723,0.6880274415016174,ㅑ
0.6828383803367615,0.76834636926651,0.6340109705924988,0.7572923898696899,0.6103684306144714,0.7102161645889282,0.665912389755249,0.6943822503089905,0.7232699990272522,0.680107593536377,0.6023274064064026,0.5312508940696716,0.5621755123138428,0.41937971115112305,0.5368994474411011,0.3451845645904541,0.5155358910560608,0.27781814336776733,0.6604793071746826,0.507926344871521,0.6633202433586121,0.36877018213272095,0.6691099405288696,0.2829115688800812,0.6693524718284607,0.19824326038360596,0.7085792422294617,0.5349572896957397,0.7369653582572937,0.48006096482276917,0.7283617258071899,0.5746495127677917,0.7153197526931763,0.6390096545219421,0.7487408518791199,0.588821530342102,0.7654064297676086,0.5936725735664368,0.7459588646888733,0.6549553871154785,0.7234076261520386,0.6946959495544434,ㅑ
0.7284359931945801,0.7708542346954346,0.6740230917930603,0.7766689658164978,0.6530526876449585,0.734524130821228,0.7342129349708557,0.7162492871284485,0.8103373646736145,0.6907005906105042,0.6262019872665405,0.528397262096405,0.5684168338775635,0.399377703666687,0.5270691514015198,0.3161846697330475,0.4928743243217468,0.23795050382614136,0.6937000751495361,0.48872753977775574,0.6756640672683716,0.32178637385368347,0.6715142726898193,0.21411246061325073,0.662499725818634,0.10629215836524963,0.7522491812705994,0.5143316388130188,0.7889441847801208,0.44445934891700745,0.7982822060585022,0.5613206028938293,0.7921985387802124,0.6468490958213806,0.8029623031616211,0.5706049203872681,0.8353849053382874,0.5774761438369751,0.8249006271362305,0.6547751426696777,0.801397979259491,0.7128680944442749,ㅑ
0.7188305854797363,0.8068902492523193,0.6719149947166443,0.787165641784668,0.6462671756744385,0.7323808073997498,0.6957917213439941,0.7026383876800537,0.7515425682067871,0.6797829866409302,0.6366269588470459,0.5560699105262756,0.5941355228424072,0.4518900215625763,0.5652042627334595,0.38484394550323486,0.5419480204582214,0.3222917318344116,0.6892104148864746,0.5308006405830383,0.6819286942481995,0.3975721597671509,0.6826178431510925,0.31370750069618225,0.6813899874687195,0.23164823651313782,0.7345606088638306,0.554328203201294,0.7605992555618286,0.4878934919834137,0.7565568089485168,0.5759780406951904,0.7465376853942871,0.6381925344467163,0.7745527029037476,0.6041737198829651,0.7904375791549683,0.603985607624054,0.7741888165473938,0.6638018488883972,0.7542780041694641,0.7038636803627014,ㅑ
0.7070987820625305,0.8680834770202637,0.6646353006362915,0.8445858955383301,0.6440738439559937,0.7954919934272766,0.6888994574546814,0.788770318031311,0.7399344444274902,0.7840686440467834,0.6539783477783203,0.6372228264808655,0.6244803667068481,0.5329092741012573,0.6042863130569458,0.4655664563179016,0.5888594388961792,0.40389835834503174,0.7041516304016113,0.6249399185180664,0.7117931842803955,0.5029749870300293,0.7200255990028381,0.42632484436035156,0.7257421612739563,0.349684476852417,0.7436973452568054,0.654649555683136,0.7719125151634216,0.6087157726287842,0.7564568519592285,0.693418562412262,0.7396150827407837,0.7497267127037048,0.7751993536949158,0.7064956426620483,0.7888670563697815,0.7149454355239868,0.7670143842697144,0.7682937383651733,0.7439621686935425,0.8012328743934631,ㅑ
0.6880656480789185,0.8867421746253967,0.6492903232574463,0.8493520021438599,0.6316379904747009,0.7927592396736145,0.6716769337654114,0.7804586887359619,0.7187941074371338,0.781205952167511,0.6558026075363159,0.65236896276474,0.6388413310050964,0.5519720911979675,0.628673255443573,0.4879855513572693,0.6230857968330383,0.4321463108062744,0.7010171413421631,0.6509366631507874,0.7151451110839844,0.540106475353241,0.7251094579696655,0.4753151535987854,0.7358430624008179,0.41774097084999084,0.7353925704956055,0.6842084527015686,0.7548770308494568,0.6377291679382324,0.7324568033218384,0.7021312713623047,0.7168676853179932,0.7505264282226562,0.7621554732322693,0.7352721095085144,0.7607070803642273,0.7372763156890869,0.737892746925354,0.7803881168365479,0.7231390476226807,0.8107496500015259,ㅑ
0.6800277829170227,0.8888159990310669,0.6432218551635742,0.8409896492958069,0.6286958456039429,0.7785403728485107,0.6641911268234253,0.7652261257171631,0.7085288166999817,0.7695306539535522,0.6645846366882324,0.6485951542854309,0.6661646962165833,0.5519314408302307,0.6704946756362915,0.4912433624267578,0.6766827702522278,0.43954744935035706,0.7081108689308167,0.6566764116287231,0.7386379241943359,0.5569611191749573,0.7582548260688782,0.49328047037124634,0.7768880724906921,0.4388922452926636,0.7386420965194702,0.6940779089927673,0.7557960748672485,0.6450842618942261,0.7291455864906311,0.6971672177314758,0.7120844125747681,0.7400148510932922,0.7600864768028259,0.746624767780304,0.752571165561676,0.7392669320106506,0.729541540145874,0.7697042226791382,0.7164598703384399,0.7933155298233032,ㅑ
0.7064147591590881,0.847303032875061,0.6667004823684692,0.8053849339485168,0.6525542140007019,0.7455660104751587,0.6892808675765991,0.7228496670722961,0.7348544597625732,0.7164841294288635,0.6816093921661377,0.611767590045929,0.678181529045105,0.5159325003623962,0.6799671649932861,0.4575382173061371,0.6829065084457397,0.40594926476478577,0.7250014543533325,0.6160157322883606,0.7519447207450867,0.513677716255188,0.7696970701217651,0.45209071040153503,0.7845539450645447,0.39795824885368347,0.7557142972946167,0.6508078575134277,0.775456428527832,0.5959710478782654,0.7502551674842834,0.6536022424697876,0.732291579246521,0.6982726454734802,0.77870774269104,0.7028701901435852,0.7791116237640381,0.693117618560791,0.7570691704750061,0.7283753752708435,0.7417296171188354,0.7542537450790405,ㅑ
0.755882978439331,0.766875147819519,0.7140038013458252,0.7565279603004456,0.6952946186065674,0.7213090062141418,0.7444519996643066,0.7091919779777527,0.7953433990478516,0.6961462497711182,0.6766525506973267,0.5594745874404907,0.6324449777603149,0.46713733673095703,0.6033005118370056,0.40527698397636414,0.5787766575813293,0.349808931350708,0.7253591418266296,0.5389478802680969,0.7260378003120422,0.41542646288871765,0.7325612902641296,0.3348531126976013,0.7357727289199829,0.25968116521835327,0.7682834267616272,0.5650354623794556,0.7929746508598328,0.5257786512374878,0.7888078689575195,0.6063266396522522,0.7814156413078308,0.6632096767425537,0.8046280145645142,0.6132026314735413,0.8186484575271606,0.6282971501350403,0.8067179322242737,0.6806001663208008,0.7925410866737366,0.7162449955940247,ㅑ
0.7253208756446838,0.7495429515838623,0.6838512420654297,0.755171537399292,0.6553447842597961,0.7257501482963562,0.6941763162612915,0.6894726753234863,0.7335830330848694,0.6562707424163818,0.6089838743209839,0.587311327457428,0.551861047744751,0.5267617106437683,0.51221764087677,0.4908342957496643,0.47779083251953125,0.4565461277961731,0.6468989849090576,0.54709792137146,0.6143251061439514,0.43856364488601685,0.5965381264686584,0.3695889115333557,0.5792365670204163,0.30368614196777344,0.6904898285865784,0.5497555732727051,0.7004707455635071,0.4928745627403259,0.7138976454734802,0.5680801272392273,0.7191110253334045,0.6218127012252808,0.7353696823120117,0.5755296349525452,0.7485397458076477,0.5759044885635376,0.7465905547142029,0.6284311413764954,0.7406139373779297,0.6637578010559082,ㅑ
0.6732449531555176,0.7179220914840698,0.629531979560852,0.7193855047225952,0.5974939465522766,0.6885468363761902,0.6256546378135681,0.6450101137161255,0.6603808999061584,0.6063286662101746,0.5471813082695007,0.5628170967102051,0.4861586093902588,0.5078380703926086,0.44445091485977173,0.4728536605834961,0.40914326906204224,0.44335147738456726,0.5791471600532532,0.5228251814842224,0.5367492437362671,0.4246068298816681,0.5142623782157898,0.3621298670768738,0.49431300163269043,0.3066083788871765,0.6199392080307007,0.521275520324707,0.6222072243690491,0.46419405937194824,0.6342340707778931,0.5082638263702393,0.6388036012649536,0.5419614911079407,0.6638780832290649,0.541825532913208,0.6712133884429932,0.5442437529563904,0.6703082919120789,0.5866878628730774,0.6649525761604309,0.6174483299255371,ㅑ
0.7154299020767212,0.801510751247406,0.6689802408218384,0.7997936606407166,0.6346507668495178,0.7677236199378967,0.6642600893974304,0.7279950380325317,0.7044434547424316,0.6927776336669922,0.5926222801208496,0.6277968287467957,0.5355150699615479,0.5588407516479492,0.4972468912601471,0.5155115127563477,0.4641900956630707,0.47589927911758423,0.6285067796707153,0.5940719842910767,0.5918828248977661,0.48906761407852173,0.5710214376449585,0.4223307967185974,0.5536798238754272,0.36315202713012695,0.6713622808456421,0.5983802080154419,0.6728293299674988,0.5489963293075562,0.6793957948684692,0.6066137552261353,0.6843349933624268,0.6488887071609497,0.7141761779785156,0.6254034042358398,0.7198737263679504,0.6351237297058105,0.715209424495697,0.6848804950714111,0.7098157405853271,0.7196797132492065,ㅑ
0.7344598770141602,0.7804126739501953,0.6905157566070557,0.755997896194458,0.6703857183456421,0.7012580633163452,0.7159679532051086,0.6731364130973816,0.7641046047210693,0.6518375277519226,0.6655868291854858,0.5548732876777649,0.6273685693740845,0.4678875505924225,0.6013678312301636,0.409864604473114,0.5813573002815247,0.3582821488380432,0.7092561721801758,0.5379425883293152,0.7014526724815369,0.42540937662124634,0.6986169815063477,0.3564184308052063,0.6972115635871887,0.2924807369709015,0.7485974431037903,0.5599040389060974,0.7648507356643677,0.49945592880249023,0.7599828243255615,0.5712943077087402,0.7558839321136475,0.625459611415863,0.7827243208885193,0.6022796034812927,0.7877122759819031,0.5931428670883179,0.7758941054344177,0.6418676376342773,0.7662818431854248,0.6765376925468445,ㅑ
0.7454829812049866,0.8099021315574646,0.7024538516998291,0.7904452085494995,0.6809564232826233,0.7405476570129395,0.7247872948646545,0.7144679427146912,0.7725544571876526,0.6957092881202698,0.6776793599128723,0.5829636454582214,0.6421253681182861,0.48666757345199585,0.618990421295166,0.4235844612121582,0.6019281148910522,0.3670213222503662,0.7262760996818542,0.5674278736114502,0.7245739102363586,0.45270758867263794,0.7254467010498047,0.38033732771873474,0.7257417440414429,0.312605619430542,0.7664796710014343,0.5918664336204529,0.7882651090621948,0.5337280631065369,0.7776437997817993,0.6067739129066467,0.7662785649299622,0.6618472337722778,0.7989067435264587,0.6365395188331604,0.8054284453392029,0.6396182775497437,0.7884155511856079,0.6908093690872192,0.7727782130241394,0.7261974811553955,ㅑ
0.4395327866077423,0.6963589191436768,0.4815751910209656,0.6554690599441528,0.4980795979499817,0.584780752658844,0.4613152742385864,0.5361827611923218,0.42159557342529297,0.5153219699859619,0.48954683542251587,0.49402937293052673,0.5089961290359497,0.4178721010684967,0.5182997584342957,0.37172701954841614,0.5220785737037659,0.33246153593063354,0.45066189765930176,0.49012649059295654,0.43868669867515564,0.39744865894317627,0.4327085614204407,0.34294599294662476,0.42562711238861084,0.29670989513397217,0.4201655387878418,0.5115386247634888,0.418754905462265,0.4544413685798645,0.43510788679122925,0.5088968276977539,0.44173943996429443,0.5495190620422363,0.39536768198013306,0.5466769933700562,0.40069252252578735,0.5139609575271606,0.4186379611492157,0.546387255191803,0.42925018072128296,0.5755274295806885,ㅑ
0.44095614552497864,0.6914170384407043,0.4838389754295349,0.6507507562637329,0.4975280463695526,0.5824087858200073,0.46195361018180847,0.5342598557472229,0.4226607382297516,0.51724773645401,0.48839256167411804,0.49209171533584595,0.5062056183815002,0.4123730957508087,0.5152038335800171,0.36717331409454346,0.5184706449508667,0.32762372493743896,0.4489927291870117,0.4884149134159088,0.4330589473247528,0.3957470953464508,0.4243010878562927,0.3426589369773865,0.41535311937332153,0.2981470823287964,0.41958746314048767,0.5110186338424683,0.4142844080924988,0.4583215117454529,0.43292778730392456,0.5085164904594421,0.4422924816608429,0.5474360585212708,0.39683136343955994,0.5483448505401611,0.39767807722091675,0.5135634541511536,0.4158255457878113,0.5435267090797424,0.4279022514820099,0.5724974274635315,ㅑ
0.43473681807518005,0.6861559152603149,0.4772008955478668,0.6527090668678284,0.48972880840301514,0.5948531031608582,0.458339661359787,0.5473245978355408,0.4218806326389313,0.5228137969970703,0.4949033260345459,0.503242015838623,0.5231485962867737,0.42830634117126465,0.5376356244087219,0.3866521716117859,0.5464468598365784,0.3476742208003998,0.4574248790740967,0.4919348955154419,0.44979366660118103,0.40323197841644287,0.4415174424648285,0.35225069522857666,0.43429461121559143,0.30647867918014526,0.42809197306632996,0.5075932145118713,0.42278966307640076,0.45250403881073,0.43147486448287964,0.5050258040428162,0.43691888451576233,0.5443325638771057,0.40487730503082275,0.5412594676017761,0.4020237624645233,0.5053325891494751,0.41270989179611206,0.5346306562423706,0.4217744767665863,0.5641419887542725,ㅑ
0.3784344494342804,0.6918911933898926,0.42302095890045166,0.653998076915741,0.4340449571609497,0.5728178024291992,0.38741588592529297,0.5211211442947388,0.3420032858848572,0.49306172132492065,0.4421045184135437,0.45324209332466125,0.47121331095695496,0.36506861448287964,0.4867168664932251,0.30911991000175476,0.4949556589126587,0.26048171520233154,0.3967035114765167,0.4422106146812439,0.38216719031333923,0.33720219135284424,0.3715975880622864,0.2731248438358307,0.36112070083618164,0.2170780897140503,0.3607606291770935,0.46454179286956787,0.35112622380256653,0.4071127474308014,0.3679077625274658,0.46929317712783813,0.37686169147491455,0.5165708065032959,0.3346547484397888,0.5038205981254578,0.333717405796051,0.48558279871940613,0.3510379195213318,0.5258259773254395,0.3633708357810974,0.556663990020752,ㅑ
0.34239572286605835,0.6678968667984009,0.39696893095970154,0.6331481337547302,0.4146232604980469,0.5436354875564575,0.36116400361061096,0.476203590631485,0.31065693497657776,0.42858707904815674,0.4338199198246002,0.39847132563591003,0.4781467914581299,0.2985215187072754,0.5033568143844604,0.23138605058193207,0.5203119516372681,0.17336538434028625,0.3826846778392792,0.3766697645187378,0.3843820095062256,0.2469024509191513,0.38255730271339417,0.1660483181476593,0.3793608248233795,0.09440279006958008,0.33900347352027893,0.3945235013961792,0.3252113461494446,0.3215661942958832,0.3335879445075989,0.3940231204032898,0.3386695981025696,0.45099756121635437,0.3042644262313843,0.43588531017303467,0.29474812746047974,0.40090230107307434,0.3091777265071869,0.4523257911205292,0.32160890102386475,0.4948648512363434,ㅑ
0.3388650715351105,0.67786705493927,0.40002211928367615,0.6396456360816956,0.4221416711807251,0.5452138781547546,0.36450380086898804,0.4709421992301941,0.307434618473053,0.417071670293808,0.4472862482070923,0.38630127906799316,0.49791014194488525,0.27789539098739624,0.5280755758285522,0.2062244415283203,0.5482012033462524,0.14368709921836853,0.3927538990974426,0.3624389171600342,0.4025358259677887,0.21838806569576263,0.4064975678920746,0.12943854928016663,0.4064027667045593,0.04981881380081177,0.34375905990600586,0.38259321451187134,0.32785359025001526,0.30795201659202576,0.3368586301803589,0.3830706477165222,0.3423049747943878,0.44012215733528137,0.30361825227737427,0.4293755292892456,0.29575589299201965,0.3945666551589966,0.3111610412597656,0.4505571722984314,0.32512348890304565,0.49598756432533264,ㅑ
0.3837594985961914,0.7495900392532349,0.4370025098323822,0.7232464551925659,0.470844030380249,0.6564662456512451,0.427436888217926,0.5920072197914124,0.3774958848953247,0.5557286739349365,0.48103535175323486,0.5191839337348938,0.5230051875114441,0.4316332936286926,0.5475949048995972,0.37651652097702026,0.5645798444747925,0.3263816237449646,0.43625515699386597,0.4992884695529938,0.4517129361629486,0.3811892867088318,0.4572770595550537,0.31249967217445374,0.45928823947906494,0.25257453322410583,0.39971232414245605,0.5152085423469543,0.3967898488044739,0.4505230784416199,0.4027853310108185,0.519578218460083,0.4070020616054535,0.5713599920272827,0.365894615650177,0.5548295974731445,0.36726832389831543,0.5138243436813354,0.37646862864494324,0.5569573640823364,0.3847667872905731,0.5971451997756958,ㅑ
0.3977964222431183,0.7662519812583923,0.44269734621047974,0.7443525195121765,0.46299517154693604,0.6916764974594116,0.4390087425708771,0.6355846524238586,0.4060732126235962,0.600688099861145,0.4819525182247162,0.5999807715415955,0.5148454308509827,0.525666356086731,0.5328987836837769,0.4831799268722534,0.5457294583320618,0.441412091255188,0.45284849405288696,0.5792480707168579,0.48684221506118774,0.4958173632621765,0.504709005355835,0.44595587253570557,0.5184669494628906,0.4010864496231079,0.422370046377182,0.5832048058509827,0.42418575286865234,0.525782585144043,0.4204290509223938,0.5818305611610413,0.4190083146095276,0.6235045194625854,0.39100298285484314,0.6086844205856323,0.3933519124984741,0.5645537376403809,0.397048681974411,0.6000527739524841,0.3994970917701721,0.6363341808319092,ㅑ
0.4013773500919342,0.7627140283584595,0.44335898756980896,0.7439199686050415,0.4661056399345398,0.6942442655563354,0.4476296603679657,0.6370970010757446,0.4172215461730957,0.6009295582771301,0.4830155074596405,0.6071505546569824,0.5093841552734375,0.5360910296440125,0.5243626832962036,0.4948502779006958,0.5347604751586914,0.45453107357025146,0.45630744099617004,0.5848896503448486,0.4882142245769501,0.5117191076278687,0.5067276954650879,0.467583030462265,0.5218375325202942,0.4269740879535675,0.42770007252693176,0.5876173377037048,0.43270549178123474,0.5309916138648987,0.4289858341217041,0.5857415795326233,0.42742523550987244,0.625495433807373,0.3971988260746002,0.6111215353012085,0.40175020694732666,0.5682857632637024,0.40501558780670166,0.6021469831466675,0.40647318959236145,0.6356160044670105,ㅑ
0.4077793061733246,0.7541236877441406,0.44844311475753784,0.7308684587478638,0.4665914475917816,0.6812699437141418,0.4469769299030304,0.6269972324371338,0.4164431691169739,0.5942190885543823,0.48159274458885193,0.5981727838516235,0.5152029991149902,0.5316030383110046,0.5326318740844727,0.4944712817668915,0.5451587438583374,0.4581190347671509,0.4518508315086365,0.5776523947715759,0.47575825452804565,0.4998638331890106,0.4891952872276306,0.45483487844467163,0.4998925030231476,0.414497047662735,0.4240235984325409,0.5825807452201843,0.4242268204689026,0.5242106914520264,0.42466798424720764,0.5740576386451721,0.42581817507743835,0.6126471161842346,0.3962636888027191,0.608298122882843,0.39799603819847107,0.5673277378082275,0.4033782482147217,0.5965176820755005,0.407382071018219,0.6269852519035339,ㅑ
0.4420686960220337,0.7596666812896729,0.48021650314331055,0.7447090744972229,0.5002790689468384,0.7017354965209961,0.4778883159160614,0.6573140025138855,0.45079106092453003,0.6268900632858276,0.5163111686706543,0.6079374551773071,0.5508588552474976,0.5516438484191895,0.5712493658065796,0.5164945721626282,0.5860950946807861,0.48378658294677734,0.4859788417816162,0.5885400772094727,0.49842870235443115,0.5099355578422546,0.5043019652366638,0.46455690264701843,0.5072860717773438,0.4244600236415863,0.45839744806289673,0.5956509113311768,0.4597620666027069,0.5457010269165039,0.4619547128677368,0.5934982299804688,0.46200206875801086,0.6300687789916992,0.43220046162605286,0.620215892791748,0.4351620674133301,0.5880834460258484,0.4396730065345764,0.6185361742973328,0.4429170489311218,0.6472874879837036,ㅑ
0.43766313791275024,0.7574834823608398,0.47688478231430054,0.7436481714248657,0.496488094329834,0.7013764381408691,0.47443851828575134,0.6532360911369324,0.4461814761161804,0.6206210255622864,0.5160958766937256,0.6080885529518127,0.5528516173362732,0.5502992868423462,0.5745934247970581,0.5151650309562683,0.59041428565979,0.48117440938949585,0.4872700870037079,0.5866228342056274,0.5105684995651245,0.5097195506095886,0.5221501588821411,0.46274349093437195,0.5297120213508606,0.42027464509010315,0.45953288674354553,0.5910425186157227,0.46000415086746216,0.5366668105125427,0.45802146196365356,0.5845909714698792,0.45641717314720154,0.6228970289230347,0.43125414848327637,0.613823413848877,0.43218541145324707,0.5762887001037598,0.4350687563419342,0.6062262654304504,0.43794018030166626,0.636742353439331,ㅑ
0.43102121353149414,0.7046461701393127,0.4712720215320587,0.6947435736656189,0.490749329328537,0.6579068899154663,0.468371719121933,0.6069900989532471,0.443628191947937,0.570490837097168,0.5175805687904358,0.5663343667984009,0.5588458180427551,0.512870728969574,0.584827721118927,0.48086100816726685,0.6050125360488892,0.4498949944972992,0.4899246394634247,0.5414875149726868,0.5217401385307312,0.4714006781578064,0.5396891236305237,0.42893651127815247,0.5543999671936035,0.38835054636001587,0.4617409110069275,0.5400830507278442,0.471416711807251,0.484734445810318,0.46498754620552063,0.5271140336990356,0.4589076042175293,0.5621457099914551,0.4311331510543823,0.554705023765564,0.4360560476779938,0.5127612948417664,0.4365578293800354,0.540112316608429,0.4358947277069092,0.5696377158164978,ㅑ
0.4333939254283905,0.6939911842346191,0.4710328280925751,0.6894539594650269,0.49715566635131836,0.6510439515113831,0.47516435384750366,0.5946601033210754,0.45325589179992676,0.5532755851745605,0.5328333377838135,0.5638481378555298,0.5773359537124634,0.5174834132194519,0.6065820455551147,0.48631319403648376,0.6313853859901428,0.45802780985832214,0.5069968700408936,0.5335796475410461,0.5460989475250244,0.4651332199573517,0.5671301484107971,0.42249828577041626,0.5844898223876953,0.3841358423233032,0.4770652949810028,0.5264659523963928,0.4916468560695648,0.4722274839878082,0.48044419288635254,0.513015866279602,0.4698639214038849,0.547263503074646,0.4435562491416931,0.5362454056739807,0.4501969516277313,0.49031615257263184,0.4484179615974426,0.5199555158615112,0.4444492757320404,0.5501066446304321,ㅑ
0.41880321502685547,0.6942575573921204,0.45965465903282166,0.6857837438583374,0.48140326142311096,0.6500371098518372,0.46166080236434937,0.5927868485450745,0.43510839343070984,0.5520967841148376,0.5174928903579712,0.5578224658966064,0.5662168860435486,0.5058886408805847,0.5949723720550537,0.474040150642395,0.6182788014411926,0.43937140703201294,0.49187859892845154,0.5280002355575562,0.5318509340286255,0.4555920958518982,0.5530597567558289,0.4091079831123352,0.5712871551513672,0.3647006154060364,0.46092337369918823,0.5219237208366394,0.47550663352012634,0.4615049660205841,0.4634380340576172,0.5098432302474976,0.45417559146881104,0.5460526943206787,0.4245961904525757,0.5350096225738525,0.43281447887420654,0.4853804111480713,0.43174558877944946,0.5162653923034668,0.4292808771133423,0.5498332381248474,ㅑ
0.4302106201648712,0.7118850946426392,0.4716914892196655,0.6943286061286926,0.48999741673469543,0.6502416729927063,0.4626064598560333,0.5984649658203125,0.42925864458084106,0.5679977536201477,0.5065285563468933,0.5543365478515625,0.5412575006484985,0.48879408836364746,0.5609477758407593,0.4502072036266327,0.5750283598899841,0.41122347116470337,0.47468817234039307,0.5330525040626526,0.4950651526451111,0.4506668150424957,0.5056123733520508,0.4015756845474243,0.5144007205963135,0.3545345962047577,0.444244921207428,0.5365419983863831,0.44784486293792725,0.47457194328308105,0.44470781087875366,0.5251445770263672,0.44156354665756226,0.5648193359375,0.41321849822998047,0.5596253275871277,0.4144948124885559,0.5129724144935608,0.41811102628707886,0.5429282784461975,0.42102140188217163,0.5771423578262329,ㅑ
0.43839311599731445,0.73616623878479,0.47905004024505615,0.7118741869926453,0.4949057698249817,0.6655555367469788,0.4666655957698822,0.6193645596504211,0.4326015114784241,0.5954797267913818,0.4973922073841095,0.5647901892662048,0.5194764733314514,0.4923551082611084,0.531024694442749,0.4498932957649231,0.5374258756637573,0.4082554578781128,0.4648314416408539,0.550981342792511,0.4691142439842224,0.4667866826057434,0.46937504410743713,0.4171476364135742,0.46801114082336426,0.37304478883743286,0.43612411618232727,0.5624303221702576,0.4349154233932495,0.502663254737854,0.4400891065597534,0.5521461367607117,0.4411676228046417,0.5908485651016235,0.4096597135066986,0.5921462774276733,0.409586101770401,0.5467450618743896,0.4179140031337738,0.5765558481216431,0.42390167713165283,0.6089338064193726,ㅑ
0.4302506148815155,0.7466784715652466,0.4718922972679138,0.7155234813690186,0.4840807318687439,0.6643617749214172,0.45265987515449524,0.6188094615936279,0.4184870719909668,0.59632807970047,0.480616956949234,0.5579196214675903,0.4970536231994629,0.4803593158721924,0.5054291486740112,0.4328252673149109,0.507870614528656,0.38892093300819397,0.4456753134727478,0.5477837920188904,0.44387587904930115,0.45997461676597595,0.44063684344291687,0.40757912397384644,0.4359784424304962,0.36302363872528076,0.4167829155921936,0.5631706118583679,0.41177278757095337,0.4999285042285919,0.4189946949481964,0.5508829951286316,0.42188894748687744,0.5913499593734741,0.39189833402633667,0.5973387956619263,0.3873288333415985,0.5509370565414429,0.39733999967575073,0.5808392763137817,0.4047715663909912,0.6126227378845215,ㅑ
0.4104398190975189,0.730556070804596,0.4492330849170685,0.6941194534301758,0.4565466642379761,0.6383711099624634,0.41663169860839844,0.5985257029533386,0.3774721324443817,0.5782511234283447,0.44553714990615845,0.5260778665542603,0.4545334279537201,0.44209718704223633,0.4591042995452881,0.3907470703125,0.4586058259010315,0.3436084985733032,0.4078316390514374,0.5202142596244812,0.4042229652404785,0.4266013503074646,0.3988914489746094,0.3710179924964905,0.39195874333381653,0.32384514808654785,0.3784092664718628,0.5398059487342834,0.3647969663143158,0.4754893481731415,0.3748660981655121,0.5294281840324402,0.3823029398918152,0.5732318162918091,0.35459017753601074,0.5791349411010742,0.3434804081916809,0.5342584252357483,0.3554489016532898,0.5673446655273438,0.36653873324394226,0.6015568375587463,ㅑ
0.4008927643299103,0.7274583578109741,0.43956026434898376,0.6804146766662598,0.4402749538421631,0.6204781532287598,0.39630937576293945,0.5825309753417969,0.3532029688358307,0.566860556602478,0.42107754945755005,0.5050102472305298,0.4227026104927063,0.41685664653778076,0.42332813143730164,0.36356645822525024,0.4190010726451874,0.31498169898986816,0.38088324666023254,0.504871666431427,0.36532312631607056,0.4111027717590332,0.35377028584480286,0.3545857071876526,0.3420138657093048,0.3056495785713196,0.352135568857193,0.5305677056312561,0.332615464925766,0.46499180793762207,0.34878823161125183,0.517776370048523,0.3605848252773285,0.5590969324111938,0.3311793804168701,0.5755202174186707,0.31675127148628235,0.5282160043716431,0.3326337933540344,0.558144211769104,0.34779641032218933,0.5893255472183228,ㅑ
0.3536768853664398,0.7595840692520142,0.394968718290329,0.7178133726119995,0.39589938521385193,0.6535017490386963,0.34791553020477295,0.623812735080719,0.3023339509963989,0.6054103970527649,0.37687861919403076,0.5113661289215088,0.3870117664337158,0.41258499026298523,0.39202234148979187,0.3472028970718384,0.390619158744812,0.29225295782089233,0.33098304271698,0.5099837183952332,0.31516677141189575,0.40072131156921387,0.3026887774467468,0.331387996673584,0.28817009925842285,0.2717036306858063,0.29536938667297363,0.5414881110191345,0.27171388268470764,0.48377305269241333,0.2940444350242615,0.5432928800582886,0.30930250883102417,0.5873602032661438,0.2696946859359741,0.5950105786323547,0.25350093841552734,0.5605455636978149,0.27388933300971985,0.5960574746131897,0.29068952798843384,0.624779999256134,ㅑ
0.36022841930389404,0.7331299781799316,0.4057522416114807,0.681545615196228,0.40841659903526306,0.6113876104354858,0.3497464656829834,0.574224054813385,0.29313451051712036,0.560627818107605,0.3717300593852997,0.4676385521888733,0.3694818615913391,0.3600296080112457,0.3655017018318176,0.2952580749988556,0.35641399025917053,0.23697707056999207,0.32307425141334534,0.47260910272598267,0.2996203601360321,0.35980871319770813,0.28111809492111206,0.2913706302642822,0.263479620218277,0.23171234130859375,0.2898308336734772,0.5073337554931641,0.26504403352737427,0.4402431845664978,0.29213947057724,0.5034158229827881,0.31217142939567566,0.5522205829620361,0.26750603318214417,0.5652024149894714,0.24641543626785278,0.5142489671707153,0.27113914489746094,0.5473434329032898,0.2947167456150055,0.5838005542755127,ㅑ
0.3512098789215088,0.7504838705062866,0.3958280384540558,0.6920799016952515,0.3978760838508606,0.6270657181739807,0.35735058784484863,0.5845426321029663,0.31024184823036194,0.5664774775505066,0.3765576183795929,0.503046452999115,0.3826320469379425,0.4057350158691406,0.38643866777420044,0.34921252727508545,0.38415640592575073,0.2953246831893921,0.3319583833217621,0.5024784803390503,0.31481844186782837,0.39830100536346436,0.3044414818286896,0.3350589871406555,0.29334598779678345,0.27914971113204956,0.3007253408432007,0.5310536026954651,0.27972209453582764,0.45617103576660156,0.30260196328163147,0.5180351734161377,0.31853821873664856,0.5644550323486328,0.278145432472229,0.5818721652030945,0.264433354139328,0.5264589190483093,0.285464346408844,0.5573488473892212,0.3043126165866852,0.5893726944923401,ㅑ
0.34426382184028625,0.7705333232879639,0.3891866207122803,0.7218459844589233,0.3953961730003357,0.6535037159919739,0.354143887758255,0.6130171418190002,0.31032121181488037,0.5955926179885864,0.37009865045547485,0.5327205061912537,0.37781593203544617,0.4382619261741638,0.38077256083488464,0.3817923367023468,0.37900736927986145,0.3313836455345154,0.32782426476478577,0.5327746868133545,0.3085242807865143,0.43136274814605713,0.2980771064758301,0.36994338035583496,0.28736066818237305,0.3178795576095581,0.29660555720329285,0.5612737536430359,0.2819683253765106,0.49642422795295715,0.30584171414375305,0.548508882522583,0.3203757107257843,0.5925124883651733,0.2732989490032196,0.6085779070854187,0.26441818475723267,0.558047354221344,0.285778284072876,0.5844513177871704,0.3027498424053192,0.615773618221283,ㅑ
0.3634975850582123,0.8067864179611206,0.4145485460758209,0.7625897526741028,0.4311182498931885,0.7022964358329773,0.4040151536464691,0.655308723449707,0.36702534556388855,0.6267516016960144,0.41325321793556213,0.5830976963043213,0.42927834391593933,0.4915240705013275,0.43783196806907654,0.43851491808891296,0.4399268627166748,0.3886045217514038,0.37382635474205017,0.576123833656311,0.3647662401199341,0.4714629650115967,0.3617536425590515,0.41079795360565186,0.35586029291152954,0.35950425267219543,0.3419995605945587,0.598671555519104,0.33622264862060547,0.523005485534668,0.35978084802627563,0.5814744234085083,0.37141942977905273,0.6275835037231445,0.31434565782546997,0.6414451599121094,0.316753625869751,0.5831074118614197,0.33790016174316406,0.613787055015564,0.3511521518230438,0.647591233253479,ㅑ
0.3645402491092682,0.743622362613678,0.41266319155693054,0.7063245177268982,0.43009909987449646,0.6456729173660278,0.4006660282611847,0.596439778804779,0.3657727837562561,0.5648249983787537,0.4192532002925873,0.5342289209365845,0.4374496638774872,0.44965818524360657,0.447276771068573,0.3988909125328064,0.4520445764064789,0.3505910336971283,0.37962985038757324,0.5238214731216431,0.37549224495887756,0.42599865794181824,0.37550267577171326,0.3688317835330963,0.3738540709018707,0.31966301798820496,0.3475842773914337,0.5411391258239746,0.3425957262516022,0.46786126494407654,0.36049944162368774,0.5211676955223083,0.3697127103805542,0.5666360259056091,0.3193940818309784,0.5775933861732483,0.3212016820907593,0.5212256908416748,0.33886581659317017,0.5509055852890015,0.3504062592983246,0.5862913131713867,ㅑ
0.35579201579093933,0.6865264177322388,0.41004785895347595,0.6670361757278442,0.44133231043815613,0.6171161532402039,0.42257991433143616,0.5492787957191467,0.39243337512016296,0.5035648941993713,0.46605780720710754,0.5151832103729248,0.5134139060974121,0.4474656581878662,0.5399491786956787,0.4080042243003845,0.5621285438537598,0.3666052222251892,0.43481725454330444,0.48523297905921936,0.4770311713218689,0.4041161835193634,0.498653769493103,0.35364705324172974,0.5180389881134033,0.3057115077972412,0.4008149206638336,0.4825977385044098,0.41861239075660706,0.41362088918685913,0.40797245502471924,0.47246065735816956,0.3990800678730011,0.5182874798774719,0.36237818002700806,0.5014224052429199,0.3752061724662781,0.4440080225467682,0.377011775970459,0.4841960668563843,0.3755972981452942,0.5248650908470154,ㅑ
0.36451008915901184,0.6839407682418823,0.41748660802841187,0.667508602142334,0.4459770917892456,0.6211380958557129,0.4260168671607971,0.552802562713623,0.394339382648468,0.5078709125518799,0.4751167893409729,0.5161753296852112,0.5219830274581909,0.44774729013442993,0.5482425093650818,0.4082043170928955,0.5706313848495483,0.36601120233535767,0.4442351162433624,0.4851771891117096,0.4825580418109894,0.4030284285545349,0.5034415125846863,0.3514381945133209,0.5234825611114502,0.30318140983581543,0.40917670726776123,0.4819701015949249,0.42822080850601196,0.4144243597984314,0.4153784513473511,0.47421953082084656,0.4054408669471741,0.5183065533638,0.370033323764801,0.5027426481246948,0.38163989782333374,0.4455186426639557,0.38212886452674866,0.48529231548309326,0.3796820044517517,0.524641752243042,ㅑ
0.38532018661499023,0.712616503238678,0.43278199434280396,0.6890321969985962,0.4593006372451782,0.6368542313575745,0.43399301171302795,0.5791928768157959,0.40134263038635254,0.5433400273323059,0.47400885820388794,0.5335791110992432,0.511225700378418,0.4667617976665497,0.5320253968238831,0.4235708713531494,0.5476091504096985,0.3835116922855377,0.44126003980636597,0.5110346674919128,0.4633791446685791,0.42376288771629333,0.4761645197868347,0.3690064549446106,0.48621562123298645,0.3218337893486023,0.40731513500213623,0.5156483054161072,0.41740909218788147,0.4599072337150574,0.41628533601760864,0.5134111642837524,0.41147544980049133,0.55551677942276,0.3737815022468567,0.5386605262756348,0.38089048862457275,0.4935075342655182,0.38729360699653625,0.5295314192771912,0.389188289642334,0.5656149983406067,ㅑ
0.38841256499290466,0.7354624271392822,0.4339351952075958,0.695165753364563,0.44787105917930603,0.6369301080703735,0.42392247915267944,0.5853505730628967,0.3918854594230652,0.556108832359314,0.4417436122894287,0.5345636010169983,0.46117550134658813,0.45378243923187256,0.47049689292907715,0.40598729252815247,0.4747091233730316,0.3620713949203491,0.40637242794036865,0.5266307592391968,0.4000333845615387,0.4309818744659424,0.3958513140678406,0.3748001456260681,0.3901672661304474,0.3283073902130127,0.37585005164146423,0.5457813739776611,0.3744426965713501,0.48718833923339844,0.38865670561790466,0.5403009057044983,0.3939240574836731,0.5811852812767029,0.34903964400291443,0.5813062191009521,0.35003042221069336,0.5319881439208984,0.3646262288093567,0.5626986622810364,0.3732554316520691,0.5941045880317688,ㅑ
0.3377566933631897,0.7282880544662476,0.3827844262123108,0.6826856732368469,0.39344123005867004,0.6130175590515137,0.3623313903808594,0.5549547672271729,0.3273237645626068,0.5150559544563293,0.39056384563446045,0.49728986620903015,0.4105045199394226,0.4114406704902649,0.42018526792526245,0.3589036762714386,0.42478811740875244,0.31267404556274414,0.3491601049900055,0.49195754528045654,0.3342900574207306,0.3867342472076416,0.3235028088092804,0.32518044114112854,0.31279075145721436,0.2738882601261139,0.3146008551120758,0.5177230834960938,0.3091082274913788,0.4584212899208069,0.325358510017395,0.5171602964401245,0.33294162154197693,0.5603776574134827,0.2869868278503418,0.5607665777206421,0.2851232886314392,0.5128811001777649,0.3016788363456726,0.5495973229408264,0.31218045949935913,0.5832532644271851,ㅑ
0.31915321946144104,0.729641854763031,0.3657369017601013,0.6806674599647522,0.3729633092880249,0.6031816005706787,0.33574551343917847,0.5422847270965576,0.29616615176200867,0.49689027667045593,0.36925673484802246,0.47568637132644653,0.38935530185699463,0.38331514596939087,0.3988158702850342,0.325714111328125,0.40366464853286743,0.27533555030822754,0.3237590193748474,0.4713886082172394,0.3017835319042206,0.35905855894088745,0.2861945629119873,0.2938114404678345,0.27189722657203674,0.239396333694458,0.28701502084732056,0.5007043480873108,0.2754044532775879,0.4400399625301361,0.29483306407928467,0.5037672519683838,0.30576229095458984,0.5501081347465515,0.2591090202331543,0.5475564002990723,0.2533544898033142,0.5006262063980103,0.2717210650444031,0.5422684550285339,0.28470125794410706,0.5780814290046692,ㅑ
0.3756296634674072,0.7197784781455994,0.42015570402145386,0.6751062870025635,0.4381420910358429,0.6146450638771057,0.41106724739074707,0.5634425282478333,0.3810448944568634,0.5234397649765015,0.4228160083293915,0.4994862377643585,0.44447147846221924,0.4241218566894531,0.4548667371273041,0.3770895004272461,0.4615326523780823,0.3357478976249695,0.3861243426799774,0.49652743339538574,0.3677726984024048,0.3946368396282196,0.35770943760871887,0.34166955947875977,0.3483852744102478,0.29968708753585815,0.3568403124809265,0.5199081301689148,0.35939115285873413,0.4640931487083435,0.37984269857406616,0.5115486979484558,0.3885781168937683,0.5505642890930176,0.333974152803421,0.5573773384094238,0.3383908271789551,0.509647011756897,0.35929831862449646,0.5388116240501404,0.37223923206329346,0.5717323422431946,ㅑ
0.405880868434906,0.7134615778923035,0.4486057460308075,0.6809463500976562,0.46184226870536804,0.6292188763618469,0.4474487900733948,0.5783267617225647,0.4274786710739136,0.5404041409492493,0.4580853283405304,0.5414126515388489,0.4772148132324219,0.4718872308731079,0.4865683615207672,0.4331813454627991,0.4906254708766937,0.3976302444934845,0.42750057578086853,0.5328983664512634,0.41584762930870056,0.4476960599422455,0.40811821818351746,0.4033961892127991,0.39991652965545654,0.36568683385849,0.40215617418289185,0.5475969314575195,0.40533170104026794,0.4875888526439667,0.41806837916374207,0.5324870944023132,0.42318272590637207,0.567273736000061,0.3803279995918274,0.5758452415466309,0.3841785788536072,0.5278002619743347,0.39805707335472107,0.5482506155967712,0.40790361166000366,0.5744519829750061,ㅑ
0.41769248247146606,0.6945875287055969,0.46076521277427673,0.6680284738540649,0.4753144681453705,0.6152443885803223,0.4613388478755951,0.5640252232551575,0.4421110153198242,0.527330219745636,0.4753953218460083,0.5313946008682251,0.4888491630554199,0.46390244364738464,0.49591323733329773,0.42549794912338257,0.49945783615112305,0.3908413052558899,0.448424369096756,0.5200253129005432,0.4600096344947815,0.4438726305961609,0.46733358502388,0.3991144001483917,0.47112858295440674,0.3627006411552429,0.4224044978618622,0.5305734276771545,0.42450669407844543,0.4679487943649292,0.43291187286376953,0.5059836506843567,0.43768784403800964,0.541140079498291,0.397148072719574,0.555269718170166,0.3996942937374115,0.5074799656867981,0.41273945569992065,0.5265195369720459,0.42369961738586426,0.5536091327667236,ㅑ
0.4149986207485199,0.6882370114326477,0.4580421447753906,0.6616343855857849,0.4732731580734253,0.6098071932792664,0.4566725492477417,0.5592419505119324,0.43531838059425354,0.5245083570480347,0.4729216396808624,0.5228632688522339,0.4924162030220032,0.4551907479763031,0.5021082162857056,0.4149947166442871,0.5070567727088928,0.37850573658943176,0.44376423954963684,0.5108169317245483,0.4522593915462494,0.43332231044769287,0.457570344209671,0.38667434453964233,0.4601302742958069,0.3478664755821228,0.41704827547073364,0.5220533609390259,0.41916128993034363,0.46239691972732544,0.42736414074897766,0.5026121139526367,0.43131548166275024,0.5379327535629272,0.39227867126464844,0.5484479665756226,0.3954099714756012,0.5031862854957581,0.4081314504146576,0.5237171649932861,0.41828158497810364,0.5509025454521179,ㅑ
0.4176143407821655,0.6770879030227661,0.4602460265159607,0.6611592173576355,0.47972095012664795,0.6229727268218994,0.4627173840999603,0.5841642022132874,0.43728071451187134,0.5542107820510864,0.4862198233604431,0.5163912177085876,0.5143917202949524,0.4488011598587036,0.5310737490653992,0.4072006642818451,0.5411196947097778,0.3680969476699829,0.4530910551548004,0.49963027238845825,0.46041759848594666,0.4136129319667816,0.46315863728523254,0.3617122173309326,0.46403324604034424,0.3166220486164093,0.4240725636482239,0.5087593793869019,0.4219961166381836,0.4544506072998047,0.4263809025287628,0.5065527558326721,0.42938846349716187,0.546988844871521,0.3965347111225128,0.5360146760940552,0.3961074948310852,0.5026773810386658,0.40461915731430054,0.533639132976532,0.4128434956073761,0.5634492039680481,ㅑ
0.39843788743019104,0.6621668338775635,0.44535672664642334,0.6473777890205383,0.4677748382091522,0.6145813465118408,0.4418202340602875,0.5731716156005859,0.4037599265575409,0.5423213243484497,0.4779956042766571,0.4882941246032715,0.5154922604560852,0.4133794903755188,0.537386417388916,0.36642447113990784,0.5512079000473022,0.31811293959617615,0.44031012058258057,0.4705791175365448,0.4595296382904053,0.3716997802257538,0.4668658971786499,0.3081187903881073,0.4700678884983063,0.2494359314441681,0.40676742792129517,0.4789430797100067,0.4027026295661926,0.4259341359138489,0.4046212136745453,0.49062055349349976,0.40762871503829956,0.5391663312911987,0.37284764647483826,0.5077847242355347,0.36951810121536255,0.46773290634155273,0.3781219720840454,0.5085920095443726,0.3883863091468811,0.5479090213775635,ㅑ
0.36774742603302,0.6460739970207214,0.41425666213035583,0.6464329957962036,0.44356289505958557,0.6208031177520752,0.4277800917625427,0.5761622190475464,0.3977454900741577,0.5324752926826477,0.4751300811767578,0.4925007224082947,0.5263940691947937,0.43188855051994324,0.5570569634437561,0.38984501361846924,0.5810102820396423,0.34681013226509094,0.4405035674571991,0.462933212518692,0.4764254689216614,0.36883750557899475,0.4938161373138428,0.30601632595062256,0.507319986820221,0.24852539598941803,0.4038558006286621,0.4618632197380066,0.4122157394886017,0.4066821336746216,0.40223729610443115,0.47414955496788025,0.39542341232299805,0.5254577398300171,0.36371034383773804,0.4824233949184418,0.3661651015281677,0.43795570731163025,0.3688034117221832,0.48442044854164124,0.37310102581977844,0.5302185416221619,ㅑ
0.35708197951316833,0.6422619819641113,0.39916956424713135,0.6420842409133911,0.4268149435520172,0.6163485050201416,0.4070526361465454,0.575624406337738,0.3776729702949524,0.5346777439117432,0.4656372666358948,0.48999953269958496,0.5195508003234863,0.4267575740814209,0.5516594052314758,0.38346025347709656,0.5779080390930176,0.34116125106811523,0.43156006932258606,0.4594973921775818,0.47107434272766113,0.3629509508609772,0.4917488396167755,0.29861515760421753,0.5088499784469604,0.23957552015781403,0.3933987617492676,0.45766913890838623,0.4014807343482971,0.3983512818813324,0.3896123766899109,0.46388256549835205,0.3811858594417572,0.5153500437736511,0.35224348306655884,0.47675660252571106,0.35258540511131287,0.43466323614120483,0.35142144560813904,0.48102501034736633,0.3520895838737488,0.5247052311897278,ㅑ
0.32329678535461426,0.6782697439193726,0.37193214893341064,0.6827400922775269,0.40363991260528564,0.6539808511734009,0.3765189051628113,0.6017838716506958,0.3375958800315857,0.5513359308242798,0.44826844334602356,0.5107913017272949,0.5150863528251648,0.44392362236976624,0.5540870428085327,0.3966352343559265,0.58446204662323,0.34799546003341675,0.4091755449771881,0.47356483340263367,0.45543745160102844,0.3643079698085785,0.4791540801525116,0.2908397912979126,0.49807748198509216,0.22210761904716492,0.3673097789287567,0.4697467088699341,0.37397199869155884,0.40761277079582214,0.35759419202804565,0.4868660271167755,0.34674686193466187,0.5471545457839966,0.32068461179733276,0.4900042414665222,0.3184385299682617,0.4463488459587097,0.3154364228248596,0.5013232231140137,0.3168164789676666,0.5542349219322205,ㅑ
0.3264883756637573,0.694973886013031,0.37202972173690796,0.6836524605751038,0.39491933584213257,0.6484360098838806,0.3720315992832184,0.5943911075592041,0.33742114901542664,0.5526736974716187,0.42216792702674866,0.5200504660606384,0.4722161293029785,0.4509052336215973,0.5014065504074097,0.4087658226490021,0.5231202840805054,0.36357635259628296,0.38630813360214233,0.49369147419929504,0.4209675192832947,0.3938028812408447,0.43528324365615845,0.33503544330596924,0.44594651460647583,0.27842336893081665,0.3508770167827606,0.49560806155204773,0.3546285331249237,0.42836475372314453,0.345514178276062,0.49153056740760803,0.34114205837249756,0.541475772857666,0.31253689527511597,0.5216159224510193,0.3120531737804413,0.46932488679885864,0.31384262442588806,0.5079568028450012,0.3185998499393463,0.5511826276779175,ㅑ
0.36651092767715454,0.7155582904815674,0.41066575050354004,0.7022912502288818,0.4333275854587555,0.6676681637763977,0.4136379361152649,0.6278256177902222,0.38216671347618103,0.5945115089416504,0.444713294506073,0.5453837513923645,0.4793115556240082,0.4758963882923126,0.49845075607299805,0.4322863817214966,0.5116336941719055,0.3890010416507721,0.410534143447876,0.527092456817627,0.42657798528671265,0.43553265929222107,0.43321675062179565,0.3789464235305786,0.4372900724411011,0.32861071825027466,0.3788210153579712,0.5349087119102478,0.37852317094802856,0.48022639751434326,0.3803887665271759,0.5378015041351318,0.38208988308906555,0.5832592844963074,0.3473384976387024,0.561702311038971,0.3468451201915741,0.5216696858406067,0.3543039858341217,0.558096706867218,0.3627149760723114,0.5959572196006775,ㅑ
0.3924795687198639,0.7252627015113831,0.43499547243118286,0.7038890719413757,0.4539094865322113,0.6610053181648254,0.43188244104385376,0.6256420612335205,0.4026223123073578,0.5993443727493286,0.4540296494960785,0.5435393452644348,0.47969797253608704,0.4709323048591614,0.49388355016708374,0.4252244830131531,0.5016704201698303,0.38215863704681396,0.41925570368766785,0.5308032631874084,0.41829216480255127,0.4386274814605713,0.4146980047225952,0.3846006989479065,0.409115195274353,0.337874174118042,0.38951870799064636,0.5452350974082947,0.3864363729953766,0.49085479974746704,0.3953332006931305,0.5436455011367798,0.3998546898365021,0.5851142406463623,0.36309942603111267,0.5772061347961426,0.36088380217552185,0.5382068753242493,0.37192264199256897,0.5683924555778503,0.38157758116722107,0.6001455187797546,ㅑ
0.38549068570137024,0.716893196105957,0.4272826910018921,0.695624828338623,0.44735193252563477,0.6568795442581177,0.4234473407268524,0.6231898069381714,0.39221253991127014,0.5962579846382141,0.4450281262397766,0.5312711596488953,0.46921443939208984,0.45731091499328613,0.4814740717411041,0.4104210138320923,0.4877975881099701,0.36612406373023987,0.40813636779785156,0.519950270652771,0.4024047255516052,0.4266889691352844,0.39462560415267944,0.3724261224269867,0.3862684369087219,0.3258250057697296,0.3775906264781952,0.536240816116333,0.3711508512496948,0.4829097092151642,0.3816090524196625,0.5378392338752747,0.3887428939342499,0.5810003280639648,0.35176700353622437,0.5705641508102417,0.3471217155456543,0.5341366529464722,0.35916295647621155,0.5673794150352478,0.37099406123161316,0.6002743244171143,ㅑ
0.3074837625026703,0.6871427297592163,0.3507525324821472,0.6542060375213623,0.36081576347351074,0.5989676117897034,0.3245440423488617,0.5599238276481628,0.2823188304901123,0.534145176410675,0.3621128797531128,0.46412619948387146,0.3909483551979065,0.37580758333206177,0.40532010793685913,0.32001829147338867,0.41254130005836487,0.270344078540802,0.3183203339576721,0.45258381962776184,0.3086315393447876,0.3455306887626648,0.2985912263393402,0.2805752158164978,0.288204550743103,0.22497162222862244,0.28344205021858215,0.47440195083618164,0.26643359661102295,0.4143903851509094,0.27884936332702637,0.47414955496788025,0.2880765199661255,0.5212565660476685,0.2549610435962677,0.5157182216644287,0.23810553550720215,0.4739195704460144,0.2506678104400635,0.5079269409179688,0.26528269052505493,0.5412490963935852,ㅑ
0.29905712604522705,0.7070741057395935,0.35345298051834106,0.6727151870727539,0.37171676754951477,0.6087291836738586,0.3246619701385498,0.5631774663925171,0.2727283835411072,0.5313673615455627,0.36489593982696533,0.43999555706977844,0.3998713791370392,0.3352580964565277,0.4182097017765045,0.26968562602996826,0.4283958077430725,0.20814990997314453,0.3133443593978882,0.4247472882270813,0.3110654354095459,0.2955694794654846,0.30384841561317444,0.21955756843090057,0.2945975661277771,0.15359720587730408,0.2712789475917816,0.447576642036438,0.25295954942703247,0.37084147334098816,0.26443788409233093,0.449183851480484,0.27410176396369934,0.5124058127403259,0.23631849884986877,0.49734050035476685,0.21762581169605255,0.44712334871292114,0.2328185737133026,0.49478787183761597,0.25065532326698303,0.5412862300872803,ㅑ
0.29443907737731934,0.752596378326416,0.35530638694763184,0.7157963514328003,0.3781718313694,0.6472837924957275,0.31799253821372986,0.6021221280097961,0.24962659180164337,0.5781248211860657,0.360180139541626,0.44960999488830566,0.3973388969898224,0.3214561939239502,0.41642290353775024,0.24121172726154327,0.4242202639579773,0.16504815220832825,0.29687777161598206,0.43733683228492737,0.2901586592197418,0.2796584367752075,0.27656105160713196,0.18465813994407654,0.2599945068359375,0.10078778862953186,0.24857816100120544,0.4669514298439026,0.22373166680335999,0.38616201281547546,0.2436079978942871,0.4832407534122467,0.25993433594703674,0.5577696561813354,0.20809602737426758,0.5292583107948303,0.18712973594665527,0.47498682141304016,0.2099853754043579,0.5301761627197266,0.23642444610595703,0.5833284854888916,ㅑ
0.36292552947998047,0.770821750164032,0.4162129759788513,0.737561047077179,0.4369511008262634,0.6807653903961182,0.3962864577770233,0.6389754414558411,0.34764617681503296,0.6117233037948608,0.4239937663078308,0.5227067470550537,0.4418940544128418,0.41684162616729736,0.45190271735191345,0.3510723114013672,0.4544108510017395,0.29092442989349365,0.37810030579566956,0.5130159854888916,0.3854255974292755,0.38647547364234924,0.3855438828468323,0.3112301826477051,0.38178783655166626,0.24778753519058228,0.33993807435035706,0.5364405512809753,0.3237870931625366,0.46593743562698364,0.33970749378204346,0.5385044813156128,0.35416504740715027,0.5944977402687073,0.30594199895858765,0.5854004621505737,0.29542076587677,0.5349952578544617,0.31408604979515076,0.5781998038291931,0.33333733677864075,0.6201367378234863,ㅑ
0.38382595777511597,0.7697674036026001,0.4262080192565918,0.7418925762176514,0.4416317045688629,0.7025667428970337,0.4189021587371826,0.6650289297103882,0.38050270080566406,0.6380757093429565,0.4357227683067322,0.5686800479888916,0.4537919759750366,0.47859928011894226,0.46173471212387085,0.4255073666572571,0.4628473222255707,0.37496083974838257,0.39943158626556396,0.5597143769264221,0.41003483533859253,0.45678919553756714,0.4113827347755432,0.39605477452278137,0.41027942299842834,0.3429270386695862,0.36740782856941223,0.5784503817558289,0.35714787244796753,0.5154983997344971,0.3674246072769165,0.5750430226325989,0.37767890095710754,0.6223407983779907,0.33815476298332214,0.6189447045326233,0.32750076055526733,0.5738987922668457,0.34112784266471863,0.6053252816200256,0.35522112250328064,0.6400574445724487,ㅑ
