0.6677206158638,0.7576977014541626,0.6190345883369446,0.7224026918411255,0.5928791761398315,0.6559174656867981,0.6198658347129822,0.6017735600471497,0.654393196105957,0.5619014501571655,0.5869958400726318,0.5167129039764404,0.5741110444068909,0.41838905215263367,0.5695416927337646,0.3580203652381897,0.5650904178619385,0.305450439453125,0.6276342272758484,0.5091001987457275,0.6141241192817688,0.39966392517089844,0.6022828817367554,0.3314549922943115,0.5946986675262451,0.2660106420516968,0.6691691279411316,0.52860426902771,0.6754818558692932,0.48080846667289734,0.6610259413719177,0.5480183959007263,0.6494845151901245,0.5976104736328125,0.7079224586486816,0.5607492923736572,0.730116605758667,0.48756206035614014,0.7497358918190002,0.44293224811553955,0.767642617225647,0.3947824537754059,ㅒ
0.6721393465995789,0.7537657618522644,0.6243475675582886,0.7175435423851013,0.6013438701629639,0.6500377655029297,0.6302088499069214,0.5974218249320984,0.6654714941978455,0.5596600770950317,0.598514974117279,0.5161925554275513,0.587896466255188,0.41919228434562683,0.5849657654762268,0.3597894310951233,0.5821152329444885,0.3073295056819916,0.6380231976509094,0.5106641054153442,0.6282827854156494,0.4044196307659149,0.6187198758125305,0.3368108868598938,0.6131805777549744,0.2712336480617523,0.6771073341369629,0.5310118794441223,0.6854420304298401,0.47834548354148865,0.6730470061302185,0.5474051237106323,0.6629046201705933,0.5973469614982605,0.7137359976768494,0.5629198551177979,0.7340325117111206,0.49048811197280884,0.751555323600769,0.4474778175354004,0.7666715979576111,0.3996410071849823,ㅒ
0.6737917065620422,0.7621867060661316,0.6257478594779968,0.7268947958946228,0.6027817130088806,0.6556254029273987,0.633098304271698,0.6051130294799805,0.6722967624664307,0.5695329904556274,0.6018849611282349,0.5210137367248535,0.5970784425735474,0.42266902327537537,0.5960999131202698,0.36059385538101196,0.5950822234153748,0.3079633414745331,0.640734076499939,0.516278862953186,0.6350091099739075,0.40901345014572144,0.627823531627655,0.33622950315475464,0.6241618990898132,0.26872017979621887,0.6785745620727539,0.5362635850906372,0.6813758611679077,0.4894508421421051,0.6687195301055908,0.5591620206832886,0.6596723198890686,0.6073728203773499,0.7137725949287415,0.565702497959137,0.7163916230201721,0.48879656195640564,0.7154350876808167,0.4414204955101013,0.7140248417854309,0.3915559649467468,ㅒ
0.6787827014923096,0.7844353914260864,0.6320695281028748,0.7486805319786072,0.6091969609260559,0.6794224977493286,0.6395045518875122,0.6294347643852234,0.6788741946220398,0.5938960909843445,0.6072953343391418,0.5446324348449707,0.6017782092094421,0.4455779790878296,0.6012142896652222,0.38331395387649536,0.6007567644119263,0.3302697539329529,0.6457193493843079,0.5389422178268433,0.6385039687156677,0.43189388513565063,0.6317062973976135,0.35935044288635254,0.6289226412773132,0.29217231273651123,0.6833211183547974,0.5587732195854187,0.6865720152854919,0.5165517926216125,0.6747221350669861,0.5847160220146179,0.6661515235900879,0.6317217350006104,0.7191399335861206,0.5882063508033752,0.7215864062309265,0.5116292834281921,0.7203598022460938,0.464410662651062,0.7184818983078003,0.4157665967941284,ㅒ
0.6221692562103271,0.7861738801002502,0.5795780420303345,0.7559837698936462,0.5517685413360596,0.6972401738166809,0.5674054622650146,0.6508151292800903,0.5974294543266296,0.6173504590988159,0.5517479777336121,0.5791032910346985,0.5424619317054749,0.4924791157245636,0.5400345325469971,0.4414042830467224,0.539410412311554,0.3985443115234375,0.5833329558372498,0.5752588510513306,0.5732908844947815,0.48160725831985474,0.5643641948699951,0.42236047983169556,0.5595995187759399,0.3691897988319397,0.6157850623130798,0.5906519293785095,0.6110082268714905,0.5521970391273499,0.5984141230583191,0.6119480133056641,0.5912043452262878,0.6534533500671387,0.6462047100067139,0.6134305596351624,0.6476497650146484,0.5475655794143677,0.645584762096405,0.5061019659042358,0.643759548664093,0.46200239658355713,ㅒ
0.6158949136734009,0.7440477013587952,0.5788019299507141,0.7105586528778076,0.558894693851471,0.6474575996398926,0.5784325003623962,0.6024958491325378,0.608158528804779,0.5714294910430908,0.565066933631897,0.545645534992218,0.5638124942779541,0.46894600987434387,0.5643900632858276,0.4224395751953125,0.5654504895210266,0.383242130279541,0.5944870710372925,0.5433530807495117,0.5902831554412842,0.45802605152130127,0.5853092074394226,0.40304166078567505,0.5831809639930725,0.35471099615097046,0.6238898634910583,0.5586079955101013,0.6244633793830872,0.5167078971862793,0.6126545667648315,0.5741824507713318,0.6036857962608337,0.6143248677253723,0.6516498327255249,0.5814903974533081,0.6555008292198181,0.5217415690422058,0.6580231785774231,0.4857182502746582,0.6597174406051636,0.44720953702926636,ㅒ
0.6606305837631226,0.7837056517601013,0.6081677675247192,0.742978572845459,0.5806332230567932,0.6557919383049011,0.6121476292610168,0.5967440009117126,0.6564146876335144,0.5603440999984741,0.5847055315971375,0.5149193406105042,0.5803612470626831,0.4068971276283264,0.5802868008613586,0.3404943346977234,0.5805370211601257,0.28567710518836975,0.6260833740234375,0.5112684369087219,0.6204022169113159,0.395005464553833,0.612743079662323,0.31655001640319824,0.6094589233398438,0.24750936031341553,0.6665551066398621,0.5326986312866211,0.6700233817100525,0.47324612736701965,0.6554361581802368,0.5504378080368042,0.6448912620544434,0.6051760315895081,0.704254686832428,0.5644969940185547,0.7107244729995728,0.48141345381736755,0.712698757648468,0.42961934208869934,0.7141836285591125,0.37425652146339417,ㅒ
0.7147796750068665,0.8384138345718384,0.6515081524848938,0.8073039054870605,0.6100998520851135,0.7178515791893005,0.6456165909767151,0.644858181476593,0.7003065943717957,0.5995709300041199,0.5939444899559021,0.539391040802002,0.573201060295105,0.4085768461227417,0.5618771314620972,0.3242812156677246,0.5519168376922607,0.2558073401451111,0.6445331573486328,0.5228711366653442,0.6217426061630249,0.3794855773448944,0.6025518178939819,0.2807491719722748,0.5892839431762695,0.1883973479270935,0.6970317959785461,0.541147768497467,0.7005078196525574,0.4761527180671692,0.6954355835914612,0.5723414421081543,0.6908690333366394,0.6394645571708679,0.7481756806373596,0.5722543001174927,0.7471103668212891,0.46759867668151855,0.745479941368103,0.4010942280292511,0.74311763048172,0.3322460651397705,ㅒ
0.7183932065963745,0.8592498302459717,0.6512722969055176,0.8377958536148071,0.5980734825134277,0.7537199854850769,0.6338114142417908,0.6781086921691895,0.688050389289856,0.6208056807518005,0.5691571235656738,0.5616562366485596,0.5365207195281982,0.4263039827346802,0.5169388055801392,0.3401253819465637,0.5020244717597961,0.2670345604419708,0.620019793510437,0.5359822511672974,0.57985520362854,0.38897424936294556,0.5503560304641724,0.28929629921913147,0.5276117324829102,0.19051072001457214,0.676815390586853,0.546392560005188,0.6794575452804565,0.48300114274024963,0.6866003274917603,0.5921407341957092,0.6878624558448792,0.6666135191917419,0.7341318130493164,0.5700384974479675,0.726294994354248,0.4594743847846985,0.7214375138282776,0.3885509967803955,0.7132083177566528,0.31352168321609497,ㅒ
0.7860453724861145,0.8532099723815918,0.7208216190338135,0.8572126030921936,0.6661810278892517,0.7996217608451843,0.7006537318229675,0.7257475852966309,0.7499189376831055,0.6577337980270386,0.6032364964485168,0.6140779852867126,0.5475234985351562,0.48838838934898376,0.511394202709198,0.4138806462287903,0.4834299087524414,0.349791944026947,0.6496240496635437,0.5676368474960327,0.5840903520584106,0.4328625798225403,0.5385099649429321,0.3442925214767456,0.4990764260292053,0.2527821362018585,0.7089942693710327,0.559872567653656,0.7174349427223206,0.4976969361305237,0.7488073110580444,0.6008166074752808,0.7598839402198792,0.6691867113113403,0.7713595628738403,0.5626190304756165,0.7470451593399048,0.4527670741081238,0.7334972620010376,0.38561853766441345,0.7136393189430237,0.3149617612361908,ㅒ
0.7388076782226562,0.8462671637535095,0.6746100187301636,0.8252205848693848,0.6264362335205078,0.7504819631576538,0.6549349427223206,0.6775086522102356,0.6995171308517456,0.6220044493675232,0.592359185218811,0.5726609826087952,0.5547280311584473,0.4484283924102783,0.5331990122795105,0.36986881494522095,0.5162913799285889,0.3038509488105774,0.6386280059814453,0.5503787398338318,0.5968180894851685,0.4205666780471802,0.5647276639938354,0.3355395197868347,0.5390007495880127,0.253216952085495,0.6919640302658081,0.5593248009681702,0.6944320201873779,0.5006361603736877,0.7024294137954712,0.5935543775558472,0.7047017812728882,0.6584035754203796,0.7464854717254639,0.5809595584869385,0.738278329372406,0.47705578804016113,0.7323275208473206,0.40935468673706055,0.7236642241477966,0.3396037220954895,ㅒ
0.7190897464752197,0.8554624319076538,0.655306875705719,0.8182867765426636,0.6178107857704163,0.7353338599205017,0.6523537635803223,0.6700334548950195,0.6992204785346985,0.6219090819358826,0.6049866080284119,0.5641363263130188,0.5825967192649841,0.44071340560913086,0.5711823105812073,0.364149272441864,0.5608538389205933,0.29808884859085083,0.6521652340888977,0.5531476736068726,0.6302390694618225,0.42001739144325256,0.6089209318161011,0.3309175968170166,0.5930233597755432,0.2456780970096588,0.7016568183898926,0.5725259780883789,0.7048752903938293,0.5073201656341553,0.697546660900116,0.5998420715332031,0.6908901333808899,0.6637065410614014,0.7506184577941895,0.6034424304962158,0.7557640671730042,0.5012704730033875,0.758971631526947,0.4376707077026367,0.7603749632835388,0.370402455329895,ㅒ
0.6444951295852661,0.8840686082839966,0.5887975692749023,0.8318184614181519,0.5619780421257019,0.7424354553222656,0.5961093306541443,0.6826776266098022,0.6473365426063538,0.6558544635772705,0.578559398651123,0.5888240337371826,0.5774214267730713,0.47311848402023315,0.5829070806503296,0.403377890586853,0.5863869786262512,0.3434639275074005,0.6218997240066528,0.5913609266281128,0.6210665702819824,0.46430733799934387,0.6174193620681763,0.382274866104126,0.6177712678909302,0.3066016137599945,0.6630626916885376,0.620972216129303,0.6704109311103821,0.5595638751983643,0.6476779580116272,0.6383528113365173,0.6315534710884094,0.6934873461723328,0.7022655010223389,0.660525381565094,0.7215378284454346,0.568657398223877,0.7344788312911987,0.5147203803062439,0.7469674944877625,0.45712828636169434,ㅒ
0.6152384281158447,0.8500844240188599,0.5674276351928711,0.8024688959121704,0.5458487868309021,0.7190002799034119,0.5789583325386047,0.6683465838432312,0.6231836080551147,0.6340289115905762,0.561469554901123,0.5784662365913391,0.565983772277832,0.47612208127975464,0.5713676810264587,0.4137890040874481,0.5758768320083618,0.3603551387786865,0.6006214022636414,0.5824692249298096,0.6018260717391968,0.47147050499916077,0.5998894572257996,0.39658787846565247,0.6019699573516846,0.3291177749633789,0.63664311170578,0.6102412939071655,0.6402655839920044,0.555482804775238,0.619981586933136,0.6288617253303528,0.6063061952590942,0.6791366934776306,0.669526219367981,0.6473397612571716,0.6746183037757874,0.5676900744438171,0.6764275431632996,0.5200731754302979,0.6798726320266724,0.46849286556243896,ㅒ
0.6049750447273254,0.8458585143089294,0.5578473210334778,0.8024674654006958,0.5327444672584534,0.7223002314567566,0.5625954866409302,0.6697093844413757,0.6050885915756226,0.6341094374656677,0.5453306436538696,0.5832128524780273,0.5467703938484192,0.48142439126968384,0.5510941743850708,0.4197775423526764,0.5555873513221741,0.36815813183784485,0.5843492150306702,0.582966148853302,0.5832500457763672,0.47167885303497314,0.5801165699958801,0.39838907122612,0.5810350179672241,0.33135250210762024,0.621688723564148,0.6074327230453491,0.6221836805343628,0.5546666383743286,0.6033802032470703,0.6230863928794861,0.5911816358566284,0.6707529425621033,0.6562663316726685,0.6426247358322144,0.6589080095291138,0.5654951930046082,0.6562929153442383,0.5187803506851196,0.6545489430427551,0.46873462200164795,ㅒ
0.5760769844055176,0.8368961215019226,0.5324439406394958,0.8032920360565186,0.5018277764320374,0.7362617254257202,0.5175679326057434,0.6834884881973267,0.5503101944923401,0.6440910696983337,0.5061500668525696,0.609512448310852,0.49912339448928833,0.5207684636116028,0.497273325920105,0.4668518900871277,0.497426837682724,0.42209476232528687,0.53962242603302,0.6061167120933533,0.5313470959663391,0.5076875686645508,0.5229790806770325,0.44490164518356323,0.5185699462890625,0.38800352811813354,0.5735561847686768,0.6232177019119263,0.5669251084327698,0.5797973275184631,0.55269855260849,0.64048832654953,0.5439950227737427,0.6835717558860779,0.6055375337600708,0.6497540473937988,0.5999677181243896,0.5813603401184082,0.592877984046936,0.539116382598877,0.5867732167243958,0.49540096521377563,ㅒ
0.5837081074714661,0.7833189368247986,0.5436604022979736,0.7504467964172363,0.5201331377029419,0.6897175312042236,0.5320029258728027,0.6434590816497803,0.5584179162979126,0.6071041822433472,0.5237652659416199,0.5902881622314453,0.5180085301399231,0.5150231122970581,0.5157648921012878,0.46982038021087646,0.5147264003753662,0.4316529333591461,0.5519766211509705,0.5880060791969299,0.5451937317848206,0.5033402442932129,0.5390207171440125,0.44908493757247925,0.536861777305603,0.401908814907074,0.5804945230484009,0.6021958589553833,0.578138530254364,0.5579074621200562,0.5676739811897278,0.6120898723602295,0.5605988502502441,0.6507440805435181,0.6076873540878296,0.6231837272644043,0.6030796766281128,0.5636622309684753,0.599022626876831,0.5281230211257935,0.596019983291626,0.4912993311882019,ㅒ
0.6152453422546387,0.742487907409668,0.5796489715576172,0.7036072015762329,0.5654301047325134,0.6347121596336365,0.5894675254821777,0.590066134929657,0.6202490329742432,0.5577553510665894,0.5809451937675476,0.5275952816009521,0.5852348804473877,0.44786691665649414,0.5897425413131714,0.39941179752349854,0.5946011543273926,0.35745829343795776,0.6112174987792969,0.5318720936775208,0.6169520020484924,0.44460445642471313,0.6167468428611755,0.38609638810157776,0.6201309561729431,0.33397868275642395,0.6389757990837097,0.5543285012245178,0.6446179151535034,0.5056957006454468,0.6237303614616394,0.5582423210144043,0.6098700761795044,0.5961360335350037,0.6632526516914368,0.5845364928245544,0.670221209526062,0.5221596956253052,0.6728341579437256,0.48335808515548706,0.6770671010017395,0.4427773952484131,ㅒ
0.6199752688407898,0.7498716711997986,0.5776779055595398,0.7040359377861023,0.5629087686538696,0.627190887928009,0.595747172832489,0.5831747651100159,0.6362796425819397,0.5550661087036133,0.5909345746040344,0.49543237686157227,0.602351725101471,0.4005258083343506,0.6115772724151611,0.3428388237953186,0.6201522946357727,0.29240745306015015,0.6275101900100708,0.5032134056091309,0.6401919722557068,0.40069305896759033,0.6442973613739014,0.3301861882209778,0.6519089937210083,0.2670373320579529,0.6591896414756775,0.5339301228523254,0.6717711091041565,0.4867343306541443,0.6457543969154358,0.5484951734542847,0.6276443600654602,0.5907068848609924,0.6866183280944824,0.5736140608787537,0.7071486711502075,0.5050339102745056,0.7197737693786621,0.4626201391220093,0.733501672744751,0.4156227111816406,ㅒ
0.6444966793060303,0.7547053098678589,0.6005864143371582,0.7085094451904297,0.5876981616020203,0.6314312815666199,0.6261407136917114,0.5899277329444885,0.6697221398353577,0.5629572868347168,0.6153118014335632,0.4906364679336548,0.6262364387512207,0.3880225419998169,0.6352478265762329,0.3233221769332886,0.6442409157752991,0.267465204000473,0.6541386842727661,0.49913501739501953,0.6676639914512634,0.3897474706172943,0.6728363037109375,0.3119629919528961,0.6824356317520142,0.2415570318698883,0.6878475546836853,0.5318089723587036,0.7053850889205933,0.4876212775707245,0.6773859262466431,0.553215742111206,0.6569623351097107,0.5992071032524109,0.7166528701782227,0.5746662020683289,0.7444949746131897,0.505919337272644,0.7638106346130371,0.4625122547149658,0.7835327386856079,0.41433537006378174,ㅒ
0.6770059466362,0.7571354508399963,0.6296775341033936,0.711284875869751,0.615138590335846,0.6317228078842163,0.6601486802101135,0.5912320613861084,0.7094369530677795,0.5693196654319763,0.6417258381843567,0.4831244647502899,0.6501759886741638,0.3719674348831177,0.6582142114639282,0.3011276125907898,0.6670050024986267,0.2404072880744934,0.6855455040931702,0.4885667860507965,0.698119580745697,0.36969292163848877,0.7038429975509644,0.28640830516815186,0.7147612571716309,0.20921531319618225,0.7229502201080322,0.5212771892547607,0.7479640245437622,0.478730171918869,0.7219796776771545,0.5518288612365723,0.701474130153656,0.6016899347305298,0.7563035488128662,0.5648206472396851,0.7869452834129333,0.49084219336509705,0.8078188300132751,0.4441016912460327,0.8278581500053406,0.39254653453826904,ㅒ
0.7199152112007141,0.8050557374954224,0.6690938472747803,0.7823647260665894,0.6420416235923767,0.7200773358345032,0.6787533760070801,0.6709900498390198,0.7245121002197266,0.6365780234336853,0.6305413246154785,0.5691895484924316,0.612404465675354,0.45518338680267334,0.6017521619796753,0.38299912214279175,0.5934884548187256,0.32012879848480225,0.6712433099746704,0.5562596321105957,0.655148983001709,0.44009557366371155,0.6398143172264099,0.3587797284126282,0.6291424632072449,0.28074896335601807,0.713230550289154,0.5713484883308411,0.7317699790000916,0.5303765535354614,0.728954017162323,0.6094118356704712,0.722777247428894,0.6621366143226624,0.7550743818283081,0.5967797636985779,0.7660648822784424,0.5165470838546753,0.7748477458953857,0.46562790870666504,0.7809426784515381,0.41135144233703613,ㅒ
0.7246896624565125,0.8046259880065918,0.6755045056343079,0.7805541157722473,0.6480220556259155,0.7151399850845337,0.6850022673606873,0.6667294502258301,0.7301779985427856,0.6340005993843079,0.6344357132911682,0.5679932236671448,0.6031475067138672,0.4580710828304291,0.5831709504127502,0.38928794860839844,0.567409873008728,0.33138465881347656,0.6761019825935364,0.5528789162635803,0.6527357697486877,0.43472540378570557,0.6337778568267822,0.35689544677734375,0.6202114224433899,0.2826770842075348,0.7184569239616394,0.5683870315551758,0.734117865562439,0.5299766063690186,0.7341447472572327,0.6032238602638245,0.730068564414978,0.6515578627586365,0.7596246004104614,0.5929129719734192,0.7666336894035339,0.5102596282958984,0.7706083059310913,0.45845723152160645,0.7713354825973511,0.4049537777900696,ㅒ
0.7215060591697693,0.7990069389343262,0.6723384261131287,0.777596116065979,0.6434445977210999,0.7141268849372864,0.6779730916023254,0.662673830986023,0.7190024256706238,0.626342236995697,0.6281703114509583,0.5667531490325928,0.5950310230255127,0.45991718769073486,0.5743526816368103,0.39125919342041016,0.5583502650260925,0.3335583806037903,0.6696723103523254,0.55018150806427,0.6451600790023804,0.43388521671295166,0.6267542839050293,0.3559912145137787,0.6141237616539001,0.2806234359741211,0.7118253111839294,0.5640074610710144,0.7283957004547119,0.5298755168914795,0.7290737628936768,0.6025270223617554,0.7255309820175171,0.649968147277832,0.7529634237289429,0.5868415236473083,0.7582377195358276,0.5041758418083191,0.7618188261985779,0.451907217502594,0.7628357410430908,0.3984006941318512,ㅒ
0.7030438184738159,0.7502872943878174,0.6538242101669312,0.7310711145401001,0.6226297616958618,0.6694024801254272,0.6548861265182495,0.614376425743103,0.6956495642662048,0.5741462707519531,0.5988175272941589,0.5265931487083435,0.5552637577056885,0.426116943359375,0.526559054851532,0.3601997196674347,0.5034838318824768,0.3049497604370117,0.6407560706138611,0.5031259059906006,0.6136863827705383,0.38820040225982666,0.5931045413017273,0.31068331003189087,0.5771369934082031,0.2347480058670044,0.6840308308601379,0.5127243995666504,0.6957783102989197,0.4736033082008362,0.6983121037483215,0.5478852987289429,0.6970709562301636,0.5982071757316589,0.7262505292892456,0.5338326096534729,0.7273127436637878,0.4515381455421448,0.7269802093505859,0.3984476327896118,0.7248108983039856,0.3445284962654114,ㅒ
0.703328013420105,0.7637299299240112,0.6528980731964111,0.7420291900634766,0.6216170191764832,0.6764427423477173,0.6577634811401367,0.6264477372169495,0.7014528512954712,0.5895544290542603,0.603184163570404,0.5315712690353394,0.5609465837478638,0.4242143929004669,0.5334649682044983,0.3555488586425781,0.5116667747497559,0.2990036606788635,0.6475265622138977,0.509056031703949,0.6222366690635681,0.38525891304016113,0.6024603247642517,0.305971622467041,0.5871386528015137,0.22966769337654114,0.6919176578521729,0.5212258100509644,0.7062742710113525,0.4814442992210388,0.7069774866104126,0.5541028380393982,0.7034199833869934,0.601732611656189,0.7343093156814575,0.5450282692909241,0.7376831769943237,0.46096089482307434,0.7391757965087891,0.41012999415397644,0.7383890748023987,0.3588556945323944,ㅒ
0.6987066864967346,0.7862632870674133,0.6487175822257996,0.7493140697479248,0.6250193119049072,0.6761255264282227,0.6636095643043518,0.6302286386489868,0.707261323928833,0.5978133082389832,0.6283246278762817,0.5235232710838318,0.6000066995620728,0.41267454624176025,0.581562876701355,0.34114497900009155,0.5665711164474487,0.2802884876728058,0.6734141707420349,0.5168088674545288,0.6666380167007446,0.3967757225036621,0.6583518981933594,0.31491780281066895,0.6546143889427185,0.23868119716644287,0.7142988443374634,0.5414445400238037,0.7278910875320435,0.5100252628326416,0.7132743000984192,0.5816106200218201,0.7012768983840942,0.6302398443222046,0.7521282434463501,0.5762230157852173,0.7675076127052307,0.4944339692592621,0.7765692472457886,0.44080135226249695,0.7846827507019043,0.3859778344631195,ㅒ
0.6857166886329651,0.7912329435348511,0.6355430483818054,0.7588517665863037,0.6106332540512085,0.6879305243492126,0.6454153656959534,0.6433371305465698,0.6869716048240662,0.6117856502532959,0.6117944717407227,0.5390190482139587,0.5768800973892212,0.43072769045829773,0.5549716949462891,0.3589574992656708,0.5377858281135559,0.2983950078487396,0.6586543321609497,0.5305695533752441,0.6548829674720764,0.4077812433242798,0.6495307683944702,0.3232962191104889,0.647373616695404,0.24511349201202393,0.6996225118637085,0.5535241961479187,0.7090482115745544,0.5228123068809509,0.6939712166786194,0.5965145826339722,0.682217001914978,0.6464018821716309,0.7366130352020264,0.5863524079322815,0.7497013211250305,0.5057758092880249,0.758609414100647,0.4526716470718384,0.7664523124694824,0.3984031081199646,ㅒ
0.6885144114494324,0.8004487156867981,0.6379274129867554,0.7688095569610596,0.6126017570495605,0.6964298486709595,0.648270845413208,0.651849627494812,0.6906086802482605,0.6204637289047241,0.6159345507621765,0.5448967218399048,0.5824429392814636,0.43372735381126404,0.5606325268745422,0.35967597365379333,0.543493390083313,0.2975175976753235,0.6627957224845886,0.5366124510765076,0.6589292883872986,0.4130029082298279,0.6542221307754517,0.3269372582435608,0.6533149480819702,0.2476271390914917,0.7037070393562317,0.5597977638244629,0.7152232527732849,0.5294958353042603,0.6994222402572632,0.6049200296401978,0.6867302060127258,0.6559603214263916,0.7410872578620911,0.5930976271629333,0.7555073499679565,0.5124528408050537,0.7656042575836182,0.4589281380176544,0.7748429775238037,0.403777539730072,ㅒ
0.6930091977119446,0.8025611042976379,0.6424614787101746,0.7682031393051147,0.6159718632698059,0.6958274841308594,0.6533698439598083,0.6507022976875305,0.6977840065956116,0.6211888194084167,0.6243980526924133,0.5452355742454529,0.6055147647857666,0.431598424911499,0.5960022807121277,0.3588833808898926,0.5892741680145264,0.29633212089538574,0.6688090562820435,0.5392431616783142,0.6608716249465942,0.41999271512031555,0.6548122763633728,0.33962661027908325,0.6542384624481201,0.26358598470687866,0.7089722156524658,0.563377320766449,0.7201802730560303,0.5324681997299194,0.7042832970619202,0.6038711071014404,0.6918522119522095,0.6524049639701843,0.7470419406890869,0.5973642468452454,0.7608307003974915,0.516504168510437,0.7690173983573914,0.4641386866569519,0.7760986685752869,0.41076821088790894,ㅒ
0.690614640712738,0.8109052777290344,0.6395450234413147,0.7772824764251709,0.6132960915565491,0.7074747681617737,0.6490140557289124,0.6632819175720215,0.6917293667793274,0.6328966617584229,0.6207697987556458,0.5586467385292053,0.6032218933105469,0.445155531167984,0.5957750678062439,0.3742157816886902,0.5914218425750732,0.31284618377685547,0.663485050201416,0.553231954574585,0.6537023186683655,0.4347761869430542,0.6462549567222595,0.35495007038116455,0.6445665955543518,0.2803070545196533,0.7033615112304688,0.5764053463935852,0.7154240608215332,0.5436453223228455,0.7005509734153748,0.6172279715538025,0.6881486773490906,0.6669304370880127,0.7416409254074097,0.6091652512550354,0.7542639374732971,0.5283457636833191,0.7624046206474304,0.4762599766254425,0.7694836854934692,0.4228753447532654,ㅒ
0.6644450426101685,0.8176711201667786,0.6131592988967896,0.7848693132400513,0.5824184417724609,0.7168248295783997,0.6176865696907043,0.6736992001533508,0.6630039215087891,0.6433472633361816,0.5925052165985107,0.5654948353767395,0.5846014022827148,0.4546678066253662,0.5842514038085938,0.3847304582595825,0.5843912363052368,0.32440030574798584,0.6334712505340576,0.5603919625282288,0.6261422634124756,0.4410337209701538,0.6189799904823303,0.3608427345752716,0.6156634092330933,0.2861737906932831,0.6734310388565063,0.5823246836662292,0.6816732287406921,0.547141432762146,0.6671887636184692,0.6233192086219788,0.6550620198249817,0.6754381060600281,0.712429940700531,0.6139386296272278,0.7252647876739502,0.5311931371688843,0.7332918643951416,0.47866466641426086,0.7394345998764038,0.4241732358932495,ㅒ
0.615959107875824,0.8076784610748291,0.5636248588562012,0.788663387298584,0.5229349732398987,0.7318753004074097,0.531377911567688,0.6840254664421082,0.5612460374832153,0.6370387077331543,0.5117272138595581,0.5905419588088989,0.4859550893306732,0.4967443346977234,0.4723011255264282,0.43808454275131226,0.46123331785202026,0.38600555062294006,0.5462355613708496,0.5738334059715271,0.5193728804588318,0.4672079384326935,0.4992987811565399,0.3969498574733734,0.4823615849018097,0.33082255721092224,0.5857786536216736,0.5831165313720703,0.5734132528305054,0.5415614247322083,0.57211834192276,0.6220843195915222,0.5711256861686707,0.6771860122680664,0.6248514652252197,0.6034996509552002,0.6293283700942993,0.5276972055435181,0.6359229683876038,0.4780706465244293,0.6389588713645935,0.422139436006546,ㅒ
0.5954083800315857,0.7796999216079712,0.5322617292404175,0.7618756294250488,0.4923745393753052,0.7150362730026245,0.4901168942451477,0.6569719910621643,0.5267168879508972,0.6179786324501038,0.47148287296295166,0.5807394981384277,0.4363483190536499,0.48792120814323425,0.4220083951950073,0.4258064329624176,0.4107142984867096,0.37392663955688477,0.5071746706962585,0.558292031288147,0.4712168574333191,0.45151835680007935,0.4453088641166687,0.38213491439819336,0.4257102608680725,0.31650683283805847,0.5472592711448669,0.5630244016647339,0.5294727087020874,0.5139011144638062,0.5292053818702698,0.5944094061851501,0.5291206240653992,0.651427686214447,0.5891529321670532,0.5754004716873169,0.5928248167037964,0.5002928972244263,0.6063686609268188,0.4526900351047516,0.6128051280975342,0.40154576301574707,ㅒ
0.5804736614227295,0.773696780204773,0.5093344449996948,0.7492709159851074,0.4664103090763092,0.6922419667243958,0.47368380427360535,0.6263421773910522,0.5152023434638977,0.5790253281593323,0.44073784351348877,0.5356887578964233,0.40170803666114807,0.4229593276977539,0.3857865333557129,0.3481207489967346,0.3726690709590912,0.28392699360847473,0.48390400409698486,0.5128211379051208,0.44014260172843933,0.3930044174194336,0.4086875021457672,0.3108632564544678,0.38436955213546753,0.23123988509178162,0.5325185060501099,0.5199495553970337,0.5208495259284973,0.46496111154556274,0.5205938816070557,0.5561860799789429,0.5178333520889282,0.6212995052337646,0.5829799175262451,0.5369534492492676,0.5932101607322693,0.4507644772529602,0.612757682800293,0.39562636613845825,0.6246298551559448,0.33686649799346924,ㅒ
0.594499945640564,0.7575554251670837,0.5294610261917114,0.7143203020095825,0.495489239692688,0.6341871023178101,0.5127556324005127,0.5620259642601013,0.5609248876571655,0.5151832699775696,0.4948820173740387,0.4617816209793091,0.4827277958393097,0.3335031569004059,0.48187780380249023,0.2509365379810333,0.4824226498603821,0.1802678406238556,0.5417887568473816,0.4532543122768402,0.5295748114585876,0.3190741539001465,0.516789972782135,0.22358089685440063,0.5108001828193665,0.13325080275535583,0.5880879759788513,0.47700050473213196,0.5930637121200562,0.40930190682411194,0.5764848589897156,0.49878066778182983,0.5626271963119507,0.5605202913284302,0.635103702545166,0.5112541317939758,0.6557341814041138,0.417000412940979,0.679496169090271,0.36185145378112793,0.6971560716629028,0.2998502850532532,ㅒ
0.6089277267456055,0.7892599105834961,0.5441202521324158,0.7462642192840576,0.5080610513687134,0.6500850915908813,0.5376393795013428,0.578547477722168,0.5915127396583557,0.5294556021690369,0.5232189893722534,0.4681185185909271,0.518892228603363,0.33523285388946533,0.522832453250885,0.2524786591529846,0.5291703343391418,0.18029192090034485,0.5716033577919006,0.4633429944515228,0.5644911527633667,0.32208454608917236,0.5585289597511292,0.22507497668266296,0.5583992004394531,0.1352275013923645,0.6182411313056946,0.4891985058784485,0.6207383275032043,0.41593044996261597,0.6016301512718201,0.5147245526313782,0.5882612466812134,0.5847938656806946,0.6623972654342651,0.528358519077301,0.6744732856750488,0.42784470319747925,0.6846206784248352,0.3649866580963135,0.6930157542228699,0.29553261399269104,ㅒ
0.6326849460601807,0.8601376414299011,0.5733401775360107,0.8065309524536133,0.543224573135376,0.7020204067230225,0.5886480212211609,0.6382831335067749,0.6490911841392517,0.5985430479049683,0.5685361623764038,0.5103144645690918,0.5779318809509277,0.3682284355163574,0.5876333713531494,0.2808292806148529,0.5950399041175842,0.20518210530281067,0.6208138465881348,0.514315664768219,0.629543662071228,0.3603925108909607,0.6312868595123291,0.2568002939224243,0.6364439725875854,0.161494642496109,0.6686964631080627,0.5517657399177551,0.6797484755516052,0.4903198778629303,0.6527428030967712,0.5837063193321228,0.6334212422370911,0.6491384506225586,0.7132406234741211,0.6015992760658264,0.7319219708442688,0.4946364164352417,0.7407195568084717,0.4273635149002075,0.7493138909339905,0.35780686140060425,ㅒ
0.5998103618621826,0.8013339042663574,0.5502343773841858,0.7447805404663086,0.5297772884368896,0.6686259508132935,0.5479596853256226,0.6158405542373657,0.5871108770370483,0.5798718929290771,0.5514873266220093,0.5398344993591309,0.5571757555007935,0.43342578411102295,0.5653214454650879,0.3734631836414337,0.5731081962585449,0.31984376907348633,0.5870276093482971,0.5410452485084534,0.5937814116477966,0.4222179055213928,0.5967846512794495,0.35108792781829834,0.600300669670105,0.28561878204345703,0.6215673685073853,0.5650746822357178,0.6188620328903198,0.5090649724006653,0.5943843126296997,0.581100583076477,0.5776654481887817,0.6304314136505127,0.6542169451713562,0.5967724323272705,0.666685938835144,0.5178958177566528,0.676213264465332,0.4714958071708679,0.6868165135383606,0.4192790389060974,ㅒ
0.5887370705604553,0.7842728495597839,0.5474875569343567,0.7369074821472168,0.5308884978294373,0.6572946310043335,0.5530133843421936,0.6079123616218567,0.5889097452163696,0.5687683820724487,0.5632412433624268,0.5199773907661438,0.5759195685386658,0.4212377071380615,0.5868120789527893,0.3616258502006531,0.5978372097015381,0.3093620538711548,0.5994769334793091,0.5287483930587769,0.6149788498878479,0.4215390086174011,0.6215469837188721,0.3481959402561188,0.6307341456413269,0.2840089797973633,0.6317843794822693,0.5586803555488586,0.6393426060676575,0.5039409399032593,0.6105525493621826,0.5691174864768982,0.5909797549247742,0.6150512099266052,0.6599342823028564,0.5970904231071472,0.681302011013031,0.524181067943573,0.6959489583969116,0.48061954975128174,0.7110178470611572,0.4313223958015442,ㅒ
0.6436808109283447,0.7905417084693909,0.5958902835845947,0.7596241235733032,0.567229688167572,0.6931886672973633,0.5917287468910217,0.6443743705749512,0.6283118724822998,0.6034521460533142,0.5691455602645874,0.5440636277198792,0.5644206404685974,0.44027793407440186,0.5636171102523804,0.3758738040924072,0.5627498626708984,0.31982678174972534,0.6083918213844299,0.5391645431518555,0.6025888919830322,0.42711183428764343,0.594217836856842,0.3506033718585968,0.5881750583648682,0.2797802984714508,0.647172212600708,0.5591835975646973,0.6494096517562866,0.5182704329490662,0.6378092169761658,0.5946553945541382,0.6291584968566895,0.6469027996063232,0.6835031509399414,0.5890082716941833,0.694175124168396,0.5113868713378906,0.7015427947044373,0.46174493432044983,0.7072703838348389,0.40789586305618286,ㅒ
0.6853221654891968,0.7352142930030823,0.6349143385887146,0.7193490862846375,0.601371169090271,0.6663777232170105,0.6219452619552612,0.6132878065109253,0.6530430316925049,0.5680586099624634,0.5776559710502625,0.533747136592865,0.55352783203125,0.438982754945755,0.5401570200920105,0.3837975263595581,0.5290157198905945,0.33723366260528564,0.6139650940895081,0.5175173878669739,0.5883138179779053,0.41505271196365356,0.5690110325813293,0.3524908125400543,0.553437352180481,0.29384908080101013,0.6537536978721619,0.5250632762908936,0.652858316898346,0.48486942052841187,0.6543782949447632,0.5572097897529602,0.6537980437278748,0.6058555841445923,0.6930582523345947,0.5406204462051392,0.6918402910232544,0.4661240577697754,0.6922283172607422,0.4189591407775879,0.6906943917274475,0.36869609355926514,ㅒ
0.7090845108032227,0.7432503700256348,0.6577191352844238,0.7334374189376831,0.6186152100563049,0.6800581216812134,0.6353310346603394,0.6195350885391235,0.6656834483146667,0.5701414942741394,0.5845987796783447,0.5473979711532593,0.5551568865776062,0.452894389629364,0.5377271771430969,0.3942315876483917,0.5238991975784302,0.3445027470588684,0.6187258958816528,0.5253246426582336,0.5864094495773315,0.4232577085494995,0.5621254444122314,0.35596662759780884,0.5418142676353455,0.2904961407184601,0.6588935256004333,0.5259190201759338,0.6581786870956421,0.47925782203674316,0.6672517657279968,0.5526248812675476,0.671513020992279,0.6044530868530273,0.7005616426467896,0.5354487299919128,0.6893344521522522,0.457073837518692,0.6823837757110596,0.40708863735198975,0.6736260652542114,0.356494665145874,ㅒ
0.7232300043106079,0.7746980786323547,0.6717159152030945,0.7700179815292358,0.6275511980056763,0.7206658124923706,0.6470144987106323,0.6635803580284119,0.6792314052581787,0.6122375130653381,0.5895869731903076,0.5758373141288757,0.5598863363265991,0.4767633080482483,0.5431855916976929,0.41216444969177246,0.5293868184089661,0.3571562170982361,0.6267619729042053,0.5515501499176025,0.5915692448616028,0.4442345201969147,0.5646858215332031,0.37096479535102844,0.5417807102203369,0.3001493215560913,0.6691926717758179,0.5526444315910339,0.6684720516204834,0.517305314540863,0.6766520142555237,0.5949838757514954,0.6792411804199219,0.6469871401786804,0.7122141718864441,0.5626543164253235,0.6912891268730164,0.4873218238353729,0.6774855256080627,0.44184410572052,0.6635403633117676,0.3951716423034668,ㅒ
0.7277793884277344,0.7911814451217651,0.6755496859550476,0.7852032780647278,0.6298654079437256,0.7351913452148438,0.6501930356025696,0.6809975504875183,0.6853381395339966,0.6314811706542969,0.593917727470398,0.5886402130126953,0.5573991537094116,0.4920012950897217,0.5352658033370972,0.4308929443359375,0.5172589421272278,0.3794263005256653,0.6314720511436462,0.5631672143936157,0.5922985076904297,0.45507484674453735,0.563971221446991,0.3833051919937134,0.5402430295944214,0.3141300678253174,0.6752687692642212,0.5648725032806396,0.6739718317985535,0.5352500081062317,0.6831282377243042,0.613277018070221,0.6859559416770935,0.664713978767395,0.7191340923309326,0.5747319459915161,0.6979047060012817,0.498251348733902,0.6840217709541321,0.4513608515262604,0.6694121956825256,0.40338724851608276,ㅒ
0.7331688404083252,0.8036919236183167,0.6810566186904907,0.7991012930870056,0.6348552703857422,0.7496482133865356,0.6564129590988159,0.6975260972976685,0.6937816143035889,0.6531968712806702,0.5970821976661682,0.6108081340789795,0.5465752482414246,0.5286644697189331,0.5135920643806458,0.47619372606277466,0.4864799380302429,0.43021225929260254,0.634842574596405,0.5794810652732849,0.5958754420280457,0.46929988265037537,0.5689339637756348,0.3970852196216583,0.5466744303703308,0.3266223073005676,0.6786361336708069,0.579028844833374,0.6785564422607422,0.5538433194160461,0.6880346536636353,0.6316327452659607,0.6915693879127502,0.6832486987113953,0.7222396731376648,0.5877894163131714,0.701422393321991,0.5126587748527527,0.6880501508712769,0.468275785446167,0.6739601492881775,0.4242503046989441,ㅒ
0.73491370677948,0.8001434803009033,0.6825019121170044,0.7956634163856506,0.6366090774536133,0.7463952302932739,0.6589760184288025,0.6944498419761658,0.6963120698928833,0.6493682861328125,0.6001173257827759,0.6068685054779053,0.5499025583267212,0.5254116654396057,0.5162800550460815,0.4740738272666931,0.48888736963272095,0.4292149245738983,0.6381056904792786,0.575580358505249,0.5999650359153748,0.4671550393104553,0.5733417272567749,0.3930876851081848,0.5516771078109741,0.3202838599681854,0.6817636489868164,0.5752107501029968,0.6824785470962524,0.55120450258255,0.6920769214630127,0.63011634349823,0.6956470012664795,0.6820563673973083,0.7251437902450562,0.5842640995979309,0.7045537233352661,0.5087888836860657,0.6913584470748901,0.4635539650917053,0.677613377571106,0.41835224628448486,ㅒ
0.7264238595962524,0.8062073588371277,0.6750878691673279,0.7942540645599365,0.6317192316055298,0.7383008003234863,0.6572084426879883,0.6905716061592102,0.6975044012069702,0.6510922312736511,0.606890082359314,0.5881258845329285,0.5682623386383057,0.48970937728881836,0.5423065423965454,0.43093058466911316,0.520663857460022,0.3824668228626251,0.6489173173904419,0.5650147795677185,0.6173141002655029,0.44648319482803345,0.59569251537323,0.3711332380771637,0.5778337121009827,0.29665136337280273,0.6941221952438354,0.5737509727478027,0.7000988125801086,0.5450836420059204,0.703993022441864,0.6268194913864136,0.7017750144004822,0.6797282695770264,0.7382174134254456,0.5916522145271301,0.7242599129676819,0.5114464163780212,0.7153320908546448,0.46449536085128784,0.7054087519645691,0.4174122214317322,ㅒ
0.7011905908584595,0.8321284055709839,0.6493940949440002,0.811870813369751,0.6073830127716064,0.7506064176559448,0.6330167055130005,0.7034629583358765,0.6737576723098755,0.6637201309204102,0.5975503325462341,0.5891886353492737,0.580085039138794,0.4753139615058899,0.570867121219635,0.4045194983482361,0.5635856986045837,0.34345555305480957,0.6412190198898315,0.5771111249923706,0.6195657253265381,0.45473235845565796,0.6024025082588196,0.3734588623046875,0.5886309146881104,0.2935888469219208,0.686271607875824,0.5915539860725403,0.6872954368591309,0.5646575093269348,0.6808997988700867,0.6515485048294067,0.673712432384491,0.7080058455467224,0.7296397686004639,0.6137992739677429,0.7195268869400024,0.5288158655166626,0.711854100227356,0.4762924909591675,0.7044827938079834,0.422968327999115,ㅒ
0.7075642943382263,0.8354411125183105,0.6568349599838257,0.8097410798072815,0.619953989982605,0.7448054552078247,0.6506649851799011,0.7007948756217957,0.6924167275428772,0.6640284657478333,0.6155152320861816,0.5821582078933716,0.6039855480194092,0.46466439962387085,0.5995041131973267,0.38975971937179565,0.5954119563102722,0.32560616731643677,0.6607580780982971,0.5736528635025024,0.6457130312919617,0.4466346502304077,0.6335343718528748,0.36352336406707764,0.6240182518959045,0.282118558883667,0.7060419321060181,0.5944222211837769,0.714165449142456,0.5623354911804199,0.704395055770874,0.6445130705833435,0.6933138370513916,0.6972864866256714,0.749821126461029,0.6239651441574097,0.7482142448425293,0.5360925793647766,0.7470780611038208,0.47983673214912415,0.7453352212905884,0.4229370355606079,ㅒ
0.3396514356136322,0.692936897277832,0.38427701592445374,0.6695406436920166,0.4013110101222992,0.6048200130462646,0.3713540732860565,0.5513981580734253,0.34262990951538086,0.5045648217201233,0.41093796491622925,0.4863317310810089,0.41969212889671326,0.4012354612350464,0.4210333228111267,0.34568294882774353,0.4173052906990051,0.29812318086624146,0.3764800429344177,0.4745423197746277,0.3875854015350342,0.37849563360214233,0.39356526732444763,0.31731802225112915,0.39643120765686035,0.2644400894641876,0.3444473445415497,0.4853070080280304,0.345142126083374,0.4297574758529663,0.344277560710907,0.47906777262687683,0.34358349442481995,0.513861358165741,0.3153340518474579,0.5073936581611633,0.3118995130062103,0.44067510962486267,0.3117634952068329,0.4027995765209198,0.31510114669799805,0.3620750904083252,ㅒ
0.33371734619140625,0.6733145713806152,0.37866413593292236,0.6531467437744141,0.3954261839389801,0.586843729019165,0.3641517758369446,0.5334367156028748,0.3342144787311554,0.4836300313472748,0.40696385502815247,0.46532267332077026,0.41648074984550476,0.3777831792831421,0.4183778762817383,0.32103443145751953,0.41555631160736084,0.2730267643928528,0.3718864917755127,0.45182347297668457,0.3845043182373047,0.35554343461990356,0.39115485548973083,0.29340118169784546,0.39450404047966003,0.2400318831205368,0.339213103055954,0.4614068567752838,0.33895912766456604,0.40445712208747864,0.337284117937088,0.4576544761657715,0.33618003129959106,0.49470996856689453,0.30966758728027344,0.48244336247444153,0.304158478975296,0.41652077436447144,0.30306482315063477,0.3803645968437195,0.3057147264480591,0.3396330773830414,ㅒ
0.323839008808136,0.6872261166572571,0.36441105604171753,0.6639215350151062,0.3806861340999603,0.6025686264038086,0.346975177526474,0.5456975698471069,0.31258630752563477,0.5023684501647949,0.38918963074684143,0.4783383011817932,0.39957743883132935,0.38991716504096985,0.4001521170139313,0.3338313698768616,0.39724302291870117,0.28584548830986023,0.35339003801345825,0.46443474292755127,0.3651711344718933,0.36852791905403137,0.37018921971321106,0.3084879517555237,0.3734437823295593,0.251253604888916,0.3205258548259735,0.4751746356487274,0.3193328082561493,0.4101434350013733,0.32245123386383057,0.4657423198223114,0.3243958055973053,0.5085039734840393,0.2907390296459198,0.501823365688324,0.2685731053352356,0.44218212366104126,0.2534175217151642,0.4074360132217407,0.24131810665130615,0.3681258261203766,ㅒ
0.3083662986755371,0.687548041343689,0.3469797372817993,0.6623521447181702,0.3591783940792084,0.5957409739494324,0.32502874732017517,0.537257969379425,0.2920123338699341,0.4924996495246887,0.3691452145576477,0.47330835461616516,0.3790178894996643,0.3819592297077179,0.3798232972621918,0.3264712393283844,0.37678995728492737,0.27892354130744934,0.3339647650718689,0.4610031843185425,0.34606873989105225,0.36509478092193604,0.350820928812027,0.30678749084472656,0.3534857928752899,0.2508190870285034,0.3013310134410858,0.47394222021102905,0.2962125539779663,0.40367043018341064,0.29937881231307983,0.45803093910217285,0.30273008346557617,0.500670850276947,0.27144190669059753,0.5028364062309265,0.2454606145620346,0.44446122646331787,0.22719861567020416,0.41080063581466675,0.21275347471237183,0.3721708655357361,ㅒ
0.27822697162628174,0.6694847345352173,0.3222450017929077,0.6447908282279968,0.3376808166503906,0.5798495411872864,0.30654922127723694,0.5198508501052856,0.27479833364486694,0.4720534086227417,0.3513590693473816,0.45358020067214966,0.3668998181819916,0.3578783869743347,0.3701419234275818,0.2991495728492737,0.36807066202163696,0.2503693699836731,0.31562545895576477,0.43793126940727234,0.33303359150886536,0.3385586142539978,0.34100520610809326,0.2765769958496094,0.34693604707717896,0.21612343192100525,0.2815187871456146,0.4474778175354004,0.2801218330860138,0.37493231892585754,0.2805509567260742,0.4329150915145874,0.28178921341896057,0.47696104645729065,0.24886925518512726,0.4737826883792877,0.22458156943321228,0.41298267245292664,0.2079397588968277,0.3736739158630371,0.19628971815109253,0.3295888304710388,ㅒ
0.26422733068466187,0.6748561263084412,0.315233439207077,0.6671792268753052,0.3476637899875641,0.6088606119155884,0.3176007568836212,0.5497250556945801,0.282838374376297,0.4976135492324829,0.370805025100708,0.46141764521598816,0.3977852165699005,0.3625170588493347,0.4085119664669037,0.2966994047164917,0.4132028818130493,0.23993875086307526,0.3307129144668579,0.4371890425682068,0.35864901542663574,0.33012476563453674,0.3756257891654968,0.2567031979560852,0.3906412422657013,0.18841049075126648,0.2902202904224396,0.44218361377716064,0.3008664548397064,0.3800775408744812,0.2936111092567444,0.4495469033718109,0.28804442286491394,0.4984893798828125,0.2509337067604065,0.4653894305229187,0.23794063925743103,0.3901234269142151,0.23067599534988403,0.34053969383239746,0.22856193780899048,0.2865093946456909,ㅒ
0.2879018485546112,0.6794109344482422,0.3383176326751709,0.6839567422866821,0.3795561194419861,0.6452411413192749,0.35370275378227234,0.5888476371765137,0.32005438208580017,0.5326958298683167,0.41091006994247437,0.4852162301540375,0.4463217854499817,0.38664132356643677,0.4626302421092987,0.3197711408138275,0.47204166650772095,0.2611798644065857,0.37185633182525635,0.45808878540992737,0.4091273844242096,0.34555333852767944,0.43421998620033264,0.2712864279747009,0.4545332193374634,0.20350950956344604,0.3305632770061493,0.4591590464115143,0.3411872088909149,0.4078829288482666,0.33155903220176697,0.4829149842262268,0.32372161746025085,0.5328352451324463,0.2891594171524048,0.4749285578727722,0.28040406107902527,0.3966084122657776,0.2752365469932556,0.3465626835823059,0.27501511573791504,0.2888143062591553,ㅒ
0.30328169465065,0.6491331458091736,0.3521965444087982,0.6713102459907532,0.39691418409347534,0.6483885049819946,0.3807503581047058,0.5909460186958313,0.357185035943985,0.5303597450256348,0.4530254006385803,0.5085944533348083,0.5048656463623047,0.42613428831100464,0.5348529815673828,0.36705511808395386,0.5557631254196167,0.31561559438705444,0.4201202094554901,0.47028249502182007,0.4740869402885437,0.3754986524581909,0.5124291181564331,0.312469482421875,0.5455843210220337,0.2555176615715027,0.38000521063804626,0.45795655250549316,0.39659878611564636,0.4240877628326416,0.3743124008178711,0.49662524461746216,0.3601592779159546,0.5425831079483032,0.3368270695209503,0.457872211933136,0.34471574425697327,0.38652294874191284,0.35021764039993286,0.33983123302459717,0.36273902654647827,0.2868426442146301,ㅒ
0.304035484790802,0.6487374305725098,0.3499032258987427,0.6723710894584656,0.3931353688240051,0.6499632000923157,0.38087669014930725,0.5927658677101135,0.3582480251789093,0.5304232835769653,0.4554487466812134,0.5108233690261841,0.512154757976532,0.4282647967338562,0.5438547134399414,0.37197041511535645,0.5662226676940918,0.3208887577056885,0.42377516627311707,0.47145533561706543,0.4822496175765991,0.379150927066803,0.5216904282569885,0.3182034492492676,0.5568963289260864,0.2592935860157013,0.3838946521282196,0.45794907212257385,0.40383076667785645,0.4212411642074585,0.3774911165237427,0.49953529238700867,0.360842764377594,0.5491663217544556,0.3401525914669037,0.45720481872558594,0.34933051466941833,0.38313028216362,0.3562254011631012,0.3341936469078064,0.3713722825050354,0.2806878089904785,ㅒ
0.34629911184310913,0.7057563066482544,0.3991066515445709,0.7234221696853638,0.44717326760292053,0.6882190704345703,0.4231835603713989,0.626248300075531,0.3868672251701355,0.5593118667602539,0.4871838092803955,0.5131075382232666,0.5283157825469971,0.4095461368560791,0.5504700541496277,0.33711904287338257,0.5640783905982971,0.27327796816825867,0.4462701976299286,0.479488730430603,0.4889052212238312,0.3559039533138275,0.520751953125,0.2774066925048828,0.5469077825546265,0.20633217692375183,0.4011472761631012,0.47689715027809143,0.4131335914134979,0.4301909804344177,0.4017845690250397,0.5130950212478638,0.39401206374168396,0.5666242837905884,0.35354822874069214,0.4882657527923584,0.3609884977340698,0.40626001358032227,0.3670063316822052,0.3568468689918518,0.37755265831947327,0.3012310862541199,ㅒ
0.3825925290584564,0.7375783324241638,0.44425442814826965,0.7380046844482422,0.49214404821395874,0.6808610558509827,0.45723748207092285,0.6187461614608765,0.41161608695983887,0.5572919249534607,0.5076216459274292,0.4909980893135071,0.5329952836036682,0.37122997641563416,0.5430929660797119,0.29132068157196045,0.5453844666481018,0.22176510095596313,0.45938509702682495,0.4666510224342346,0.4852619767189026,0.32995277643203735,0.5038350820541382,0.24117890000343323,0.5178078413009644,0.16261273622512817,0.41318124532699585,0.4758915305137634,0.41959595680236816,0.4167781472206116,0.4173438251018524,0.5026447772979736,0.41457831859588623,0.5585007667541504,0.3680826425552368,0.5015279650688171,0.3691585659980774,0.41209208965301514,0.3729333281517029,0.36016762256622314,0.3801533281803131,0.3022996783256531,ㅒ
0.3916792571544647,0.7502037286758423,0.4516233503818512,0.7453214526176453,0.49524053931236267,0.6861833333969116,0.4585411846637726,0.6278409957885742,0.4141809344291687,0.5690358877182007,0.5057451725006104,0.499758243560791,0.5271374583244324,0.3831479251384735,0.5354517102241516,0.30566293001174927,0.5366208553314209,0.23789134621620178,0.45788711309432983,0.47923216223716736,0.47868913412094116,0.3452049493789673,0.49337610602378845,0.2574188709259033,0.5026606917381287,0.1802433729171753,0.412644624710083,0.48954999446868896,0.41651037335395813,0.4314531981945038,0.4192185699939728,0.5126197934150696,0.4191740155220032,0.565680742263794,0.36945343017578125,0.5149620175361633,0.36884886026382446,0.4266933500766754,0.37328821420669556,0.37752723693847656,0.3804866671562195,0.3218812346458435,ㅒ
0.371336966753006,0.7569042444229126,0.42629653215408325,0.7514388561248779,0.462043821811676,0.705223560333252,0.4286673665046692,0.6519432067871094,0.384905606508255,0.6009860634803772,0.4652491509914398,0.5435717105865479,0.48902884125709534,0.42483022809028625,0.5008898973464966,0.3548973798751831,0.5044347643852234,0.2920093834400177,0.42136865854263306,0.5247157216072083,0.4361568093299866,0.3970714807510376,0.4467822313308716,0.3172386884689331,0.45419222116470337,0.2436380684375763,0.3811156749725342,0.5356960296630859,0.3805452585220337,0.4824560284614563,0.3835759460926056,0.5610170960426331,0.3867122530937195,0.6111289262771606,0.34100234508514404,0.56028813123703,0.33542895317077637,0.4791092872619629,0.3384348750114441,0.43342748284339905,0.3472985625267029,0.3831559419631958,ㅒ
0.3668114244937897,0.7575604915618896,0.420870304107666,0.7494926452636719,0.45557546615600586,0.6973532438278198,0.4187298119068146,0.644102931022644,0.3734729290008545,0.5953445434570312,0.4578699469566345,0.5361838340759277,0.4868357479572296,0.42686256766319275,0.5004429221153259,0.3569783568382263,0.5045369863510132,0.2959153950214386,0.4116440713405609,0.5164263844490051,0.4232030510902405,0.39055395126342773,0.42915078997612,0.312471479177475,0.43164053559303284,0.24136999249458313,0.3702775239944458,0.5265892744064331,0.37261679768562317,0.4731927514076233,0.3774711489677429,0.5447874665260315,0.37831687927246094,0.5918185710906982,0.33238816261291504,0.552324652671814,0.327155739068985,0.47134968638420105,0.3291863203048706,0.4269179701805115,0.3351990282535553,0.3793855309486389,ㅒ
0.3878907561302185,0.7399905323982239,0.4411671757698059,0.725345253944397,0.47401800751686096,0.6592278480529785,0.43743109703063965,0.6037647724151611,0.3962641954421997,0.5555269122123718,0.47780054807662964,0.5099294185638428,0.5000379085540771,0.4073665738105774,0.5101271867752075,0.3405551314353943,0.5133557915687561,0.2835606336593628,0.4331287443637848,0.4919150173664093,0.4429517984390259,0.3746984302997589,0.44907230138778687,0.30124104022979736,0.4518558084964752,0.23651733994483948,0.39361682534217834,0.5020298957824707,0.39596086740493774,0.44284161925315857,0.40013858675956726,0.5107837319374084,0.4005027711391449,0.556621253490448,0.35871177911758423,0.5279656052589417,0.35491418838500977,0.4518555998802185,0.35696378350257874,0.41050487756729126,0.36172664165496826,0.3642176389694214,ㅒ
0.3905320167541504,0.7016758918762207,0.4418483078479767,0.6870542764663696,0.47354182600975037,0.6221230626106262,0.4461669325828552,0.5647869110107422,0.41501036286354065,0.5147187113761902,0.48498982191085815,0.49231207370758057,0.5094420313835144,0.40089502930641174,0.5218621492385864,0.3432137370109558,0.5279266834259033,0.2942882180213928,0.44661521911621094,0.47487738728523254,0.46127641201019287,0.3684857487678528,0.47146955132484436,0.3044435977935791,0.4767695963382721,0.24910518527030945,0.41039562225341797,0.48233935236930847,0.4196370542049408,0.42061564326286316,0.421225905418396,0.4837220311164856,0.4188491702079773,0.525253415107727,0.3772764801979065,0.5036945939064026,0.379099577665329,0.43250572681427,0.3833480179309845,0.39479851722717285,0.38916730880737305,0.35124874114990234,ㅒ
0.3723277151584625,0.7113304138183594,0.4168902337551117,0.699520468711853,0.44572189450263977,0.6447932124137878,0.4212374985218048,0.5903074145317078,0.392938494682312,0.5412989854812622,0.4641905128955841,0.5227477550506592,0.4907626509666443,0.44082188606262207,0.5054965615272522,0.3890295624732971,0.5146000385284424,0.3441011309623718,0.428396075963974,0.502739429473877,0.4452633261680603,0.40638893842697144,0.4560804069042206,0.3482261598110199,0.4636644423007965,0.29725247621536255,0.39381399750709534,0.5074974894523621,0.40165063738822937,0.45352596044540405,0.39938274025917053,0.507946252822876,0.39606398344039917,0.5441877841949463,0.3623164892196655,0.5253946781158447,0.3654634356498718,0.46010828018188477,0.3706725537776947,0.4237712621688843,0.37894052267074585,0.38278478384017944,ㅒ
0.356819212436676,0.6982439756393433,0.40057381987571716,0.6902466416358948,0.4287467896938324,0.6390992403030396,0.4019080400466919,0.584356427192688,0.3763037919998169,0.5338075757026672,0.4477638602256775,0.5212289094924927,0.468502402305603,0.44121602177619934,0.47910141944885254,0.38941487669944763,0.48505476117134094,0.3449009656906128,0.4139508306980133,0.5005167722702026,0.4351247549057007,0.40947988629341125,0.44649064540863037,0.35153406858444214,0.4557783603668213,0.2993960678577423,0.3810439705848694,0.5030472278594971,0.3862832486629486,0.4554632604122162,0.380172461271286,0.5081745386123657,0.3766862154006958,0.5439563989639282,0.3500703275203705,0.518308699131012,0.3564355671405792,0.4547646939754486,0.3645825684070587,0.4196891188621521,0.37654656171798706,0.382814884185791,ㅒ
0.3827349543571472,0.7071515321731567,0.425434947013855,0.698178231716156,0.45492619276046753,0.6455659866333008,0.4344153106212616,0.5906991958618164,0.41106629371643066,0.5414206385612488,0.47371596097946167,0.5351504683494568,0.4912179708480835,0.4592716693878174,0.49862992763519287,0.4082704186439514,0.5010963082313538,0.3638835847377777,0.44239184260368347,0.5157366394996643,0.4640164375305176,0.4284473657608032,0.47741714119911194,0.3714010715484619,0.4877135753631592,0.32190147042274475,0.41140681505203247,0.5184552073478699,0.4209999740123749,0.46960675716400146,0.41420215368270874,0.5190007090568542,0.4088042080402374,0.5536289215087891,0.3813059329986572,0.5327454209327698,0.38879692554473877,0.47211953997612,0.39509856700897217,0.4369518458843231,0.4040398597717285,0.3990725576877594,ㅒ
0.39492130279541016,0.7006528377532959,0.4349473714828491,0.6845402121543884,0.4599721133708954,0.6243060827255249,0.43753907084465027,0.5670343041419983,0.4071635603904724,0.5265756249427795,0.4746986925601959,0.5290236473083496,0.4884435832500458,0.4517739713191986,0.4927219748497009,0.40306973457336426,0.4926435649394989,0.36005282402038574,0.44433075189590454,0.5118274092674255,0.4603496789932251,0.42763739824295044,0.4706839323043823,0.3752378225326538,0.4797033369541168,0.32791414856910706,0.41469910740852356,0.516535222530365,0.42003047466278076,0.466918408870697,0.4172896444797516,0.5148332715034485,0.41451364755630493,0.5499686002731323,0.38644859194755554,0.5324012637138367,0.38538432121276855,0.47134101390838623,0.3851921260356903,0.4361538887023926,0.3874199688434601,0.4005127251148224,ㅒ
0.3850783407688141,0.6791462898254395,0.4207109212875366,0.6512262225151062,0.4400421977043152,0.5853063464164734,0.42259329557418823,0.5197172164916992,0.40423357486724854,0.46696770191192627,0.46757522225379944,0.508916974067688,0.4761326014995575,0.4350478947162628,0.476816326379776,0.3867892622947693,0.4732302725315094,0.3447272777557373,0.4384864568710327,0.49773240089416504,0.45074164867401123,0.41623353958129883,0.45488813519477844,0.3648284077644348,0.45706820487976074,0.3185606002807617,0.4091166853904724,0.5053813457489014,0.4032929539680481,0.4684329330921173,0.40362924337387085,0.5093282461166382,0.4065185487270355,0.5358269214630127,0.38301709294319153,0.5204222798347473,0.3906461298465729,0.46125054359436035,0.3991754651069641,0.43616145849227905,0.4103020131587982,0.4080234467983246,ㅒ
0.38128989934921265,0.6708593964576721,0.41568663716316223,0.6387232542037964,0.43349334597587585,0.576385498046875,0.411507785320282,0.5124428272247314,0.3855060636997223,0.4688001275062561,0.46016544103622437,0.49832889437675476,0.46837538480758667,0.4179704785346985,0.46890074014663696,0.36884966492652893,0.4653809368610382,0.3255757689476013,0.43152838945388794,0.4873788356781006,0.4423612058162689,0.40144622325897217,0.44535818696022034,0.3501046895980835,0.44835272431373596,0.30207958817481995,0.40202221274375916,0.4948181211948395,0.3949364125728607,0.46037667989730835,0.3961998522281647,0.5072040557861328,0.4002018868923187,0.536198079586029,0.37675368785858154,0.5126804113388062,0.3806058466434479,0.4443519115447998,0.3875635862350464,0.41524478793144226,0.39423954486846924,0.3900679647922516,ㅒ
0.3494799733161926,0.6674237251281738,0.3830946385860443,0.6300868391990662,0.3966115713119507,0.5596133470535278,0.36810559034347534,0.49678337574005127,0.3407735526561737,0.4488646388053894,0.42507535219192505,0.47272583842277527,0.4281451404094696,0.3888995945453644,0.42605239152908325,0.3327229917049408,0.4203256666660309,0.28762245178222656,0.3923763632774353,0.4639349579811096,0.39793652296066284,0.37609946727752686,0.40036046504974365,0.3157503008842468,0.40090471506118774,0.2634638547897339,0.36131349205970764,0.4754554331302643,0.3422286808490753,0.43676525354385376,0.3431714177131653,0.4819394648075104,0.34704622626304626,0.5118652582168579,0.33290818333625793,0.4938318431377411,0.3190295696258545,0.4258785545825958,0.3076973557472229,0.3907474875450134,0.3005223274230957,0.35260266065597534,ㅒ
0.3395291864871979,0.6983261108398438,0.3758506774902344,0.664186418056488,0.3866225481033325,0.5872138738632202,0.35351213812828064,0.5179797410964966,0.3214793801307678,0.46169722080230713,0.41291993856430054,0.4820347726345062,0.4156906008720398,0.38693052530288696,0.4136359393596649,0.3252754807472229,0.4073798656463623,0.27432912588119507,0.3761095404624939,0.47185027599334717,0.3812665641307831,0.369159460067749,0.3837049603462219,0.30313819646835327,0.38352155685424805,0.2465606927871704,0.3413486182689667,0.4871430993080139,0.3184637129306793,0.44506147503852844,0.31966981291770935,0.4950239062309265,0.3230307400226593,0.5295029878616333,0.3099099397659302,0.5106565952301025,0.28735607862472534,0.4379342496395111,0.27050039172172546,0.4002971947193146,0.2569710910320282,0.3609048128128052,ㅒ
0.27247440814971924,0.7192937135696411,0.31551313400268555,0.688249945640564,0.33446043729782104,0.6120923757553101,0.29875215888023376,0.5335953831672668,0.2646983861923218,0.4685531258583069,0.370845764875412,0.4878435730934143,0.3803277611732483,0.3804664611816406,0.3809729218482971,0.30855852365493774,0.3750239610671997,0.24734161794185638,0.3313377797603607,0.468778133392334,0.3418072462081909,0.3566838502883911,0.34785181283950806,0.2793805003166199,0.35051003098487854,0.21077606081962585,0.2924003303050995,0.47731873393058777,0.27614909410476685,0.4400855600833893,0.27421805262565613,0.49991193413734436,0.2749370038509369,0.5399019122123718,0.25699734687805176,0.49525365233421326,0.24711282551288605,0.4111044406890869,0.24452941119670868,0.36740100383758545,0.24720919132232666,0.3240149915218353,ㅒ
0.24041001498699188,0.7119119763374329,0.2878367602825165,0.680692195892334,0.3192346692085266,0.5917001962661743,0.2893770635128021,0.4919911026954651,0.25585246086120605,0.41484323143959045,0.36670857667922974,0.4698832929134369,0.3871867060661316,0.3514106571674347,0.3925310969352722,0.27046293020248413,0.39020848274230957,0.2009778618812561,0.3240584433078766,0.44135794043540955,0.3457321524620056,0.3142634332180023,0.35560256242752075,0.2297695279121399,0.3614077568054199,0.15505105257034302,0.2812552750110626,0.44437772035598755,0.2708337903022766,0.38996678590774536,0.2666860520839691,0.45961400866508484,0.266521155834198,0.5091943144798279,0.24194443225860596,0.4586659371852875,0.24507319927215576,0.3621644079685211,0.2515397071838379,0.3109937310218811,0.26335397362709045,0.26035118103027344,ㅒ
0.2662670910358429,0.7130012512207031,0.31983450055122375,0.6931954026222229,0.36127251386642456,0.6284300684928894,0.35244661569595337,0.5294257402420044,0.3287217617034912,0.4544937014579773,0.4118835926055908,0.5194214582443237,0.45328783988952637,0.4080929756164551,0.4713287651538849,0.34054654836654663,0.4814675450325012,0.2755555510520935,0.3775402903556824,0.48102250695228577,0.41938090324401855,0.36343348026275635,0.44119516015052795,0.2907490134239197,0.4622496962547302,0.22296971082687378,0.3383142948150635,0.47352883219718933,0.34591808915138245,0.426456481218338,0.33394673466682434,0.4933759570121765,0.3286721408367157,0.5373724699020386,0.2982586622238159,0.48494988679885864,0.32071441411972046,0.3914888799190521,0.337837278842926,0.34501469135284424,0.3523533344268799,0.3061124384403229,ㅒ
0.27555012702941895,0.7089404463768005,0.33246132731437683,0.7023215293884277,0.38127583265304565,0.6429082751274109,0.36797237396240234,0.5511419773101807,0.3492008149623871,0.4741690456867218,0.4307076632976532,0.5251771211624146,0.4720938801765442,0.42441266775131226,0.492519736289978,0.36006128787994385,0.504040002822876,0.3006656765937805,0.3950222432613373,0.4868869185447693,0.4361725449562073,0.37331435084342957,0.46220260858535767,0.3033298850059509,0.4840991199016571,0.24258235096931458,0.35349172353744507,0.479756623506546,0.3596455454826355,0.4437352418899536,0.34634795784950256,0.5149519443511963,0.33896124362945557,0.5613645911216736,0.3111814856529236,0.4848622977733612,0.33500587940216064,0.3997410237789154,0.35388702154159546,0.35564446449279785,0.3768695890903473,0.31212329864501953,ㅒ
0.25836414098739624,0.6980586647987366,0.3143710494041443,0.694078803062439,0.36838507652282715,0.6387631893157959,0.3704149127006531,0.5472158193588257,0.36078521609306335,0.46755310893058777,0.4261261820793152,0.5288841724395752,0.47357967495918274,0.4357517659664154,0.49756860733032227,0.37537264823913574,0.5122724175453186,0.3178759217262268,0.39517879486083984,0.4904918670654297,0.4450647830963135,0.38889774680137634,0.4774274230003357,0.32377859950065613,0.5025081634521484,0.26763391494750977,0.3552669882774353,0.4785119891166687,0.36412185430526733,0.4401470720767975,0.34606897830963135,0.5033990144729614,0.33429378271102905,0.545734703540802,0.31401801109313965,0.477198988199234,0.34567853808403015,0.3956093192100525,0.36807572841644287,0.3536537289619446,0.3934744894504547,0.31413280963897705,ㅒ
0.311726838350296,0.712878942489624,0.36118003726005554,0.6815042495727539,0.3900412619113922,0.6038942933082581,0.3687206208705902,0.5191714763641357,0.33769673109054565,0.4509824812412262,0.4111633002758026,0.49160605669021606,0.42982351779937744,0.381367564201355,0.43516355752944946,0.3113485872745514,0.4339463412761688,0.2510027289390564,0.3721858859062195,0.4716326594352722,0.38866275548934937,0.3544198274612427,0.39875686168670654,0.2785119414329529,0.4065980315208435,0.2107260525226593,0.33378341794013977,0.4798707664012909,0.32940447330474854,0.43430468440055847,0.33414286375045776,0.49915391206741333,0.338021844625473,0.5443252921104431,0.29693469405174255,0.49993181228637695,0.2887398898601532,0.411563903093338,0.28318479657173157,0.35876694321632385,0.2803484797477722,0.3062681555747986,ㅒ
0.33374544978141785,0.7093694806098938,0.38229647278785706,0.677682638168335,0.4103536307811737,0.6008821129798889,0.3879287540912628,0.5211812853813171,0.35833385586738586,0.45362409949302673,0.42787662148475647,0.49344074726104736,0.44635629653930664,0.3811383545398712,0.45092177391052246,0.31108713150024414,0.44941893219947815,0.2516924738883972,0.388713538646698,0.4742416739463806,0.40445178747177124,0.3544037938117981,0.4141765236854553,0.27801698446273804,0.42162802815437317,0.2092542052268982,0.3507417142391205,0.48262158036231995,0.3441762328147888,0.43485575914382935,0.348493754863739,0.4977859556674957,0.3514350950717926,0.5420452952384949,0.31441017985343933,0.5022480487823486,0.2970629334449768,0.41772931814193726,0.2868395745754242,0.36619919538497925,0.2788190543651581,0.31436821818351746,ㅒ
0.33307066559791565,0.7299590706825256,0.3795134425163269,0.6976615190505981,0.40549236536026,0.619964599609375,0.38288551568984985,0.5397007465362549,0.3505469858646393,0.4720258414745331,0.42151230573654175,0.505438506603241,0.4367183446884155,0.393103688955307,0.43938660621643066,0.32166799902915955,0.43665504455566406,0.2621035873889923,0.3824556767940521,0.4882025718688965,0.39459630846977234,0.36898621916770935,0.4019891619682312,0.29152044653892517,0.40731102228164673,0.22367778420448303,0.3437655568122864,0.4985024034976959,0.3364282250404358,0.4502848982810974,0.3423501253128052,0.5120604634284973,0.3462321162223816,0.5563164949417114,0.3066331446170807,0.520253598690033,0.2874448299407959,0.4367048740386963,0.2748912572860718,0.3858599364757538,0.2638989984989166,0.3347446918487549,ㅒ
0.3239537179470062,0.7267568707466125,0.37887072563171387,0.6969693899154663,0.4128319323062897,0.6125759482383728,0.38954973220825195,0.5291764140129089,0.3610767424106598,0.4606785178184509,0.4264431595802307,0.5041302442550659,0.44734060764312744,0.39269059896469116,0.45364004373550415,0.3214998245239258,0.45269620418548584,0.2605072259902954,0.38751426339149475,0.4848223626613617,0.40564870834350586,0.36136263608932495,0.4175569713115692,0.2834545075893402,0.42671164870262146,0.2149852216243744,0.3490939736366272,0.4924919009208679,0.3493194878101349,0.4423760175704956,0.353770911693573,0.5050021409988403,0.35565492510795593,0.5490085482597351,0.31228840351104736,0.5118580460548401,0.3090217709541321,0.4218183755874634,0.30599862337112427,0.3672541379928589,0.3034089505672455,0.313699871301651,ㅒ
0.33472463488578796,0.7078663110733032,0.3879004716873169,0.6802976727485657,0.42472946643829346,0.5954059362411499,0.4063129425048828,0.5082237124443054,0.37989112734794617,0.4342222809791565,0.4425883889198303,0.4704412519931793,0.4621396064758301,0.3655875325202942,0.4677119553089142,0.2987964153289795,0.46598032116889954,0.24034497141838074,0.40377727150917053,0.45217955112457275,0.4231574535369873,0.3369372487068176,0.43395864963531494,0.2635943293571472,0.4391266107559204,0.20062172412872314,0.36559295654296875,0.46096110343933105,0.368165522813797,0.4086528420448303,0.3695729672908783,0.4731059670448303,0.37054580450057983,0.5154359340667725,0.3288123905658722,0.4806326925754547,0.3386423587799072,0.3969164490699768,0.3483901917934418,0.3472665548324585,0.3598097860813141,0.29586899280548096,ㅒ
0.4100803732872009,0.6901123523712158,0.4539427161216736,0.670332133769989,0.4822990298271179,0.605891764163971,0.46659570932388306,0.5397531986236572,0.4414045512676239,0.48105549812316895,0.4948374330997467,0.49977907538414,0.5097235441207886,0.4108741879463196,0.5142043828964233,0.3557496964931488,0.511711597442627,0.3079915940761566,0.4636024534702301,0.4869011640548706,0.47845637798309326,0.3888779878616333,0.48826828598976135,0.3288493752479553,0.493228554725647,0.27840155363082886,0.43152257800102234,0.49556705355644226,0.4303540289402008,0.4612249732017517,0.4341006278991699,0.5153017640113831,0.43629518151283264,0.550593376159668,0.400666743516922,0.5113247036933899,0.403126984834671,0.44289249181747437,0.40685680508613586,0.4020163416862488,0.4120570421218872,0.3594439923763275,ㅒ
0.40445202589035034,0.6761152744293213,0.4485730528831482,0.6573047041893005,0.47526127099990845,0.5894337296485901,0.4620531499385834,0.5234054923057556,0.43766772747039795,0.46705153584480286,0.4916917383670807,0.48963892459869385,0.5071169137954712,0.4053146541118622,0.5122697949409485,0.3522096276283264,0.5111131072044373,0.30664703249931335,0.461186945438385,0.47645092010498047,0.47639477252960205,0.3842880129814148,0.4874338209629059,0.32549238204956055,0.49324774742126465,0.27729111909866333,0.4297804534435272,0.48386839032173157,0.4281350076198578,0.4482937455177307,0.4307847321033478,0.49946027994155884,0.43188852071762085,0.5338440537452698,0.3996889293193817,0.4978428781032562,0.40239039063453674,0.4308176338672638,0.4068722426891327,0.39069005846977234,0.4131356179714203,0.3497927784919739,ㅒ
0.3969181776046753,0.6760517358779907,0.43992772698402405,0.6566749215126038,0.464915931224823,0.5889558792114258,0.4498247802257538,0.5225286483764648,0.42461350560188293,0.46615684032440186,0.4791976809501648,0.4912606477737427,0.49505919218063354,0.4047151803970337,0.501854419708252,0.3508088290691376,0.5030696988105774,0.305444598197937,0.44759589433670044,0.4776192903518677,0.4593377113342285,0.3797414302825928,0.46921831369400024,0.3184257745742798,0.4751844108104706,0.2689603567123413,0.4161914587020874,0.48590201139450073,0.415226548910141,0.44912630319595337,0.41925889253616333,0.4976664185523987,0.42110732197761536,0.5295945405960083,0.38672539591789246,0.5007888674736023,0.3878180980682373,0.433372437953949,0.39105987548828125,0.3924078941345215,0.3958769738674164,0.3505600690841675,ㅒ
0.3826030492782593,0.6701532006263733,0.42428287863731384,0.646762490272522,0.4515097737312317,0.5778836607933044,0.4322795271873474,0.5079411268234253,0.40340331196784973,0.45323747396469116,0.4637138843536377,0.4769071340560913,0.48312920331954956,0.3859994411468506,0.49340638518333435,0.3310394883155823,0.4974539577960968,0.28555625677108765,0.4304274320602417,0.463066428899765,0.4394893944263458,0.36235135793685913,0.4484451711177826,0.30022192001342773,0.4531313180923462,0.2510243058204651,0.3984539210796356,0.47205302119255066,0.39726486802101135,0.43669363856315613,0.40027695894241333,0.48420533537864685,0.40056338906288147,0.5153895616531372,0.36875322461128235,0.48878565430641174,0.36697906255722046,0.417998343706131,0.3705253601074219,0.3759288787841797,0.3755311369895935,0.3342897295951843,ㅒ
0.3451675772666931,0.6690143346786499,0.3955169916152954,0.6432356238365173,0.42053651809692383,0.564914882183075,0.39437270164489746,0.4885963499546051,0.3629571199417114,0.42688021063804626,0.43750864267349243,0.44880691170692444,0.4568887948989868,0.3457474112510681,0.4661312699317932,0.2807759940624237,0.4682682156562805,0.22612671554088593,0.39723968505859375,0.43283089995384216,0.4025282859802246,0.31525248289108276,0.4088684916496277,0.24338647723197937,0.41280660033226013,0.18425852060317993,0.3591157793998718,0.44407424330711365,0.35278719663619995,0.40514013171195984,0.35953289270401,0.4635993242263794,0.3630680441856384,0.5018877983093262,0.32455167174339294,0.4640718996524811,0.31780558824539185,0.3842794597148895,0.31326133012771606,0.335060715675354,0.31003624200820923,0.2846059799194336,ㅒ
0.3368242084980011,0.6705106496810913,0.38638779520988464,0.6387403011322021,0.4124724864959717,0.5549725890159607,0.3862369656562805,0.4742591977119446,0.3539353907108307,0.4089924693107605,0.4310441315174103,0.4386039078235626,0.44751569628715515,0.3322843313217163,0.45613622665405273,0.26594969630241394,0.45830288529396057,0.21088120341300964,0.39035987854003906,0.42391130328178406,0.39697062969207764,0.303500235080719,0.40441200137138367,0.22937855124473572,0.40845784544944763,0.16978353261947632,0.35157787799835205,0.4366892874240875,0.34349048137664795,0.39742326736450195,0.3491172194480896,0.4577891230583191,0.35228073596954346,0.4952302575111389,0.316744863986969,0.45777666568756104,0.30795904994010925,0.3713610768318176,0.3043075501918793,0.32135048508644104,0.30331534147262573,0.26876717805862427,ㅒ
0.3425793945789337,0.6722137928009033,0.3934329152107239,0.6433994174003601,0.41910597681999207,0.5628718137741089,0.39128896594047546,0.48282167315483093,0.3627561628818512,0.4163261950016022,0.4364717900753021,0.44921186566352844,0.4573427736759186,0.3415972590446472,0.46662843227386475,0.2741299569606781,0.4690251350402832,0.21956484019756317,0.3949281573295593,0.43362700939178467,0.40138402581214905,0.3159042000770569,0.4081191420555115,0.23987151682376862,0.4116266965866089,0.1780768632888794,0.356749564409256,0.44509634375572205,0.34614840149879456,0.4040396809577942,0.35279858112335205,0.4638458490371704,0.3563903570175171,0.5040033459663391,0.32124781608581543,0.46599480509757996,0.3019004762172699,0.3847481608390808,0.28995877504348755,0.3342306911945343,0.27976471185684204,0.28115007281303406,ㅒ
0.35096868872642517,0.6776901483535767,0.39965781569480896,0.6490269899368286,0.4237285852432251,0.5665490627288818,0.4017975628376007,0.4863986074924469,0.37480634450912476,0.4183163046836853,0.4435083270072937,0.4541550874710083,0.4595211446285248,0.34760403633117676,0.4647790789604187,0.2794826030731201,0.46350812911987305,0.2236390858888626,0.4049452543258667,0.43823039531707764,0.41851335763931274,0.32258516550064087,0.4290226101875305,0.24876286089420319,0.43552064895629883,0.1874500811100006,0.36712339520454407,0.44862473011016846,0.3582037687301636,0.40295472741127014,0.3627704679965973,0.4623757004737854,0.36514872312545776,0.5036631226539612,0.3318461775779724,0.46861764788627625,0.31719428300857544,0.38550010323524475,0.3071952760219574,0.33551400899887085,0.2980828285217285,0.28386563062667847,ㅒ
0.3534442186355591,0.6760450601577759,0.40319547057151794,0.6489052176475525,0.4276094436645508,0.569650411605835,0.406371533870697,0.4910510778427124,0.3823254108428955,0.42208918929100037,0.44858184456825256,0.46062782406806946,0.466274619102478,0.35526615381240845,0.4726012051105499,0.28871220350265503,0.4724133610725403,0.23337812721729279,0.411059707403183,0.44385355710983276,0.42745789885520935,0.3313134014606476,0.43882253766059875,0.2594790458679199,0.44623062014579773,0.19942346215248108,0.37380361557006836,0.4524178206920624,0.36775097250938416,0.4062751531600952,0.37161198258399963,0.46407338976860046,0.3731999397277832,0.504906952381134,0.3390643298625946,0.4706384837627411,0.3271121084690094,0.38871338963508606,0.3186628818511963,0.33927226066589355,0.31089264154434204,0.28905847668647766,ㅒ
0.3574627637863159,0.6720403432846069,0.40679508447647095,0.6494485139846802,0.4343069791793823,0.5741153359413147,0.4140463173389435,0.4950818419456482,0.39054325222969055,0.42662474513053894,0.45538708567619324,0.4673983156681061,0.4759182929992676,0.3671099543571472,0.48337510228157043,0.30209407210350037,0.48457860946655273,0.2480883002281189,0.41845035552978516,0.4472486972808838,0.43690699338912964,0.3377723693847656,0.4498802125453949,0.26736724376678467,0.4589959681034088,0.2083088457584381,0.3813103139400482,0.4529753029346466,0.3749716579914093,0.4081166386604309,0.3778894245624542,0.46778813004493713,0.37901270389556885,0.5093497037887573,0.34572112560272217,0.46881982684135437,0.333618700504303,0.3905806541442871,0.32605695724487305,0.34230977296829224,0.31947991251945496,0.2917789816856384,ㅒ
0.3740924894809723,0.6732676029205322,0.4206576645374298,0.6535731554031372,0.44963347911834717,0.5890139937400818,0.4327138364315033,0.5203210115432739,0.41236990690231323,0.45983216166496277,0.4660133719444275,0.49320897459983826,0.49281299114227295,0.40745294094085693,0.5034739971160889,0.35568538308143616,0.5076524019241333,0.3111000657081604,0.4349113702774048,0.47525131702423096,0.4607745409011841,0.3827309310436249,0.47657129168510437,0.3236074447631836,0.4872291088104248,0.2730368971824646,0.4026646912097931,0.477803498506546,0.4030957818031311,0.4349769651889801,0.40373414754867554,0.4896203875541687,0.4021558165550232,0.5278751254081726,0.3712175488471985,0.4886477291584015,0.3626708984375,0.4200122356414795,0.35655853152275085,0.376661479473114,0.3507674038410187,0.3316524922847748,ㅒ
0.3665877878665924,0.6191452145576477,0.41211986541748047,0.6016365885734558,0.4369657635688782,0.5400422811508179,0.4156489074230194,0.4823421537876129,0.39074471592903137,0.433929443359375,0.4526241421699524,0.4430091083049774,0.47648391127586365,0.3667619824409485,0.48848333954811096,0.3157079219818115,0.494378000497818,0.2731930613517761,0.42155417799949646,0.4270578622817993,0.44513434171676636,0.3430369198322296,0.4628368616104126,0.28694844245910645,0.4760901927947998,0.23929397761821747,0.3895019590854645,0.4315665066242218,0.39371439814567566,0.3917042016983032,0.39252907037734985,0.4454578161239624,0.3898044526576996,0.48210978507995605,0.3578101098537445,0.4449068605899811,0.3481079041957855,0.38151559233665466,0.341410368680954,0.34101924300193787,0.3366098701953888,0.2967715859413147,ㅒ
0.37527456879615784,0.6027954816818237,0.42073798179626465,0.58940589427948,0.4492701292037964,0.5332933664321899,0.43022599816322327,0.4760572612285614,0.4072648584842682,0.4266912341117859,0.46843409538269043,0.4329872131347656,0.49739301204681396,0.3581450283527374,0.5118023157119751,0.30832648277282715,0.519939661026001,0.2657541334629059,0.43860572576522827,0.4140835106372833,0.46716880798339844,0.3310162425041199,0.48802676796913147,0.2745157778263092,0.5034499168395996,0.22698833048343658,0.4062998592853546,0.4160509705543518,0.41191452741622925,0.3772296905517578,0.41008973121643066,0.4338313341140747,0.40679579973220825,0.47309044003486633,0.37420570850372314,0.4268263876438141,0.3665146827697754,0.36243706941604614,0.36009132862091064,0.32030898332595825,0.35525161027908325,0.27392661571502686,ㅒ
0.3601206839084625,0.6177040934562683,0.4053642153739929,0.6160708665847778,0.44068196415901184,0.5686616897583008,0.424456387758255,0.5130693912506104,0.4011043310165405,0.466294527053833,0.4664582908153534,0.4631652534008026,0.5055650472640991,0.395580530166626,0.5266920328140259,0.3494304418563843,0.5405624508857727,0.3096969425678253,0.4365929067134857,0.43886449933052063,0.47491884231567383,0.35958483815193176,0.5023458003997803,0.3077091872692108,0.5244752168655396,0.2613997459411621,0.40315020084381104,0.4361826777458191,0.41417932510375977,0.40601104497909546,0.408166766166687,0.46906211972236633,0.40207546949386597,0.5099545121192932,0.3690102696418762,0.4443663954734802,0.3658040165901184,0.38025909662246704,0.3626408278942108,0.3357558846473694,0.36195454001426697,0.2851702570915222,ㅒ
0.3508387804031372,0.6552602052688599,0.3977580666542053,0.6353735327720642,0.4219873249530792,0.571573793888092,0.3948710858821869,0.5119255185127258,0.3615332245826721,0.4672592580318451,0.43211209774017334,0.455499529838562,0.45085906982421875,0.3605007231235504,0.45906567573547363,0.301307737827301,0.46179649233818054,0.25192612409591675,0.39532241225242615,0.43948814272880554,0.4119842052459717,0.338448166847229,0.42745059728622437,0.2721261978149414,0.43858641386032104,0.21189478039741516,0.35890743136405945,0.4488438665866852,0.3591582179069519,0.4050475060939789,0.36486437916755676,0.46909165382385254,0.36736559867858887,0.5131127834320068,0.32304322719573975,0.4727036952972412,0.3051048815250397,0.4068581759929657,0.29127758741378784,0.3628203272819519,0.27912893891334534,0.31329208612442017,ㅒ
0.34404870867729187,0.688171923160553,0.39333707094192505,0.6622872948646545,0.4155045449733734,0.5904316306114197,0.381489634513855,0.5320976972579956,0.34403789043426514,0.4834817945957184,0.41661471128463745,0.4620497226715088,0.4321345388889313,0.3604605495929718,0.4363197386264801,0.2950398325920105,0.435016930103302,0.24153432250022888,0.37673044204711914,0.45002108812332153,0.39043158292770386,0.34201034903526306,0.40124279260635376,0.26847758889198303,0.4080818295478821,0.2055724859237671,0.3398999571800232,0.4647371768951416,0.33416831493377686,0.4172004759311676,0.3447486162185669,0.4822988212108612,0.35098931193351746,0.5287436842918396,0.305217981338501,0.4925174415111542,0.27960196137428284,0.4250563681125641,0.260848730802536,0.3791676461696625,0.2436097115278244,0.32697099447250366,ㅒ
