0.3791271448135376,0.7046149373054504,0.3938290476799011,0.6120544075965881,0.4477102756500244,0.5402708649635315,0.5052852630615234,0.5018060207366943,0.5502939224243164,0.49612775444984436,0.4193732440471649,0.5113162398338318,0.43146762251853943,0.4628906846046448,0.4392562508583069,0.43348491191864014,0.43727266788482666,0.41263192892074585,0.4230233430862427,0.5426176190376282,0.5369902849197388,0.5077962279319763,0.5351150631904602,0.5452619791030884,0.5037546157836914,0.565100371837616,0.43894559144973755,0.5916026830673218,0.5447791814804077,0.5747644305229187,0.534772515296936,0.6052048206329346,0.5043883323669434,0.6134181022644043,0.45854946970939636,0.6461477875709534,0.5413256287574768,0.6336299777030945,0.5267258286476135,0.6515167355537415,0.4943256676197052,0.6561886668205261,ㅓ
0.23898500204086304,0.8838935494422913,0.2527112066745758,0.8075231909751892,0.2913281321525574,0.7386351823806763,0.33696267008781433,0.698165237903595,0.3705350458621979,0.6719597578048706,0.24376536905765533,0.711844265460968,0.2462756335735321,0.6627638339996338,0.2399199903011322,0.6259269118309021,0.23047059774398804,0.5895098447799683,0.2454831600189209,0.7437387108802795,0.3459542393684387,0.6940777897834778,0.3470609188079834,0.7241981029510498,0.3207263648509979,0.7445933818817139,0.2606843411922455,0.78822261095047,0.3558659851551056,0.7559834122657776,0.34822526574134827,0.7835396528244019,0.3188851475715637,0.7955232262611389,0.2811780571937561,0.8321430683135986,0.3517141342163086,0.8091984987258911,0.34145697951316833,0.8280758857727051,0.3127252757549286,0.8375892639160156,ㅓ
0.21735879778862,0.598751962184906,0.22454103827476501,0.49924492835998535,0.273898720741272,0.4206257164478302,0.3362804353237152,0.3847237527370453,0.38966211676597595,0.36862510442733765,0.24525435268878937,0.3778943419456482,0.25783228874206543,0.31251710653305054,0.26263946294784546,0.2677224278450012,0.262430340051651,0.23013897240161896,0.2556845247745514,0.4106515347957611,0.3646415174007416,0.35933154821395874,0.37497296929359436,0.389900803565979,0.35788875818252563,0.40526083111763,0.2767089605331421,0.4605998992919922,0.3853597044944763,0.42563948035240173,0.3762674629688263,0.4570777714252472,0.34667566418647766,0.4692498445510864,0.30124199390411377,0.5156612396240234,0.3858127295970917,0.48715001344680786,0.371829628944397,0.5082482695579529,0.3401854634284973,0.52051842212677,ㅓ
0.2710497975349426,0.640752911567688,0.2821788191795349,0.5292534232139587,0.34729060530662537,0.4438393712043762,0.4211885929107666,0.4082472324371338,0.4772527813911438,0.4199052155017853,0.30397483706474304,0.44855764508247375,0.31720930337905884,0.40219002962112427,0.3351714611053467,0.3803664445877075,0.34810227155685425,0.36799198389053345,0.3160948157310486,0.4936911165714264,0.43815892934799194,0.43834102153778076,0.44501426815986633,0.45426511764526367,0.4201395511627197,0.47205817699432373,0.3411705195903778,0.5500030517578125,0.4575105309486389,0.5036853551864624,0.44802388548851013,0.522910475730896,0.4161243736743927,0.5338749885559082,0.3673638105392456,0.6077279448509216,0.45616886019706726,0.5656713247299194,0.4395822286605835,0.5746899843215942,0.4055454134941101,0.5838658809661865,ㅓ
0.25029274821281433,0.7451014518737793,0.2505573034286499,0.6480658650398254,0.30247509479522705,0.5593645572662354,0.36431020498275757,0.5078773498535156,0.41479867696762085,0.5011794567108154,0.26402899622917175,0.5582144856452942,0.2708802819252014,0.5116345882415771,0.28094929456710815,0.4965282082557678,0.2814052104949951,0.4962503910064697,0.27716270089149475,0.5964460372924805,0.38362184166908264,0.5256229639053345,0.3900952935218811,0.5449687242507935,0.36619850993156433,0.5705702304840088,0.3042101562023163,0.6439122557640076,0.4094500243663788,0.5836768746376038,0.40343981981277466,0.6063247323036194,0.37504515051841736,0.6256301999092102,0.33329397439956665,0.6923865079879761,0.41393762826919556,0.6364051103591919,0.40199896693229675,0.646419882774353,0.37184083461761475,0.6584457159042358,ㅓ
0.26288902759552,0.6555779576301575,0.2702205181121826,0.5677703022956848,0.31520840525627136,0.4906517267227173,0.3707291781902313,0.449380099773407,0.4183683395385742,0.4273095428943634,0.2887028157711029,0.4534327983856201,0.29809704422950745,0.3979855179786682,0.29964905977249146,0.35964131355285645,0.2956119775772095,0.3265167772769928,0.2976395785808563,0.4820607304573059,0.396104097366333,0.43200239539146423,0.40377017855644226,0.464236319065094,0.3845359981060028,0.4823491871356964,0.3164217472076416,0.5262392163276672,0.41338756680488586,0.4901539385318756,0.40479621291160583,0.5221253037452698,0.3769584596157074,0.5344231724739075,0.33873292803764343,0.5756576657295227,0.41416823863983154,0.543776273727417,0.40152719616889954,0.5670273303985596,0.3726046681404114,0.5795974135398865,ㅓ
0.2512686848640442,0.7762622237205505,0.27723342180252075,0.6771178245544434,0.325889527797699,0.594201922416687,0.38512149453163147,0.5583633780479431,0.43149304389953613,0.5533929467201233,0.28485408425331116,0.5379104018211365,0.29846543073654175,0.4825637936592102,0.29854318499565125,0.43992191553115845,0.2950286865234375,0.40456491708755493,0.27889055013656616,0.5736956596374512,0.4008498787879944,0.5495294332504272,0.40859454870224,0.5914151072502136,0.3892062306404114,0.6094434857368469,0.2874741852283478,0.6312150955200195,0.4105597734451294,0.6174902319908142,0.4015023708343506,0.6537685990333557,0.37249529361724854,0.6658351421356201,0.30427366495132446,0.6930755972862244,0.403393030166626,0.6776928901672363,0.39371389150619507,0.7007919549942017,0.3645768165588379,0.711023211479187,ㅓ
0.2622787654399872,0.7584696412086487,0.3131774663925171,0.6663980484008789,0.34355416893959045,0.593172550201416,0.37972354888916016,0.5498393774032593,0.4088956117630005,0.5212775468826294,0.2693224549293518,0.49275997281074524,0.27030810713768005,0.4133642911911011,0.26007989048957825,0.35269439220428467,0.24753612279891968,0.3027610182762146,0.2504420876502991,0.5203433632850647,0.3696613013744354,0.5060430765151978,0.37217918038368225,0.5602030158042908,0.34228572249412537,0.5816450119018555,0.25161421298980713,0.5721160173416138,0.37279078364372253,0.5697246789932251,0.3642141819000244,0.6126089692115784,0.33200374245643616,0.623469889163971,0.2644762694835663,0.6291401386260986,0.36167898774147034,0.6284730434417725,0.3556896448135376,0.6597415208816528,0.3270750939846039,0.6696566343307495,ㅓ
0.22787681221961975,0.7927465438842773,0.24531370401382446,0.6922841668128967,0.28579020500183105,0.6045349836349487,0.3284299075603485,0.5578719973564148,0.36132583022117615,0.5347105264663696,0.26505839824676514,0.5453282594680786,0.29314175248146057,0.47541022300720215,0.305081844329834,0.4252357482910156,0.31192487478256226,0.3805713355541229,0.264121949672699,0.5825865864753723,0.3955167829990387,0.561105489730835,0.4005472660064697,0.5949828624725342,0.3766714036464691,0.6062528491020203,0.2753993272781372,0.6422606706619263,0.40359219908714294,0.6305909752845764,0.3959846496582031,0.6566811800003052,0.3662013113498688,0.6637189984321594,0.2923077642917633,0.7065954208374023,0.3919876515865326,0.6957672834396362,0.3881414830684662,0.7118239402770996,0.3651143014431,0.7150753736495972,ㅓ
0.2193482369184494,0.7145267724990845,0.25670039653778076,0.627162754535675,0.302702933549881,0.548477053642273,0.3516804575920105,0.5120969414710999,0.39518389105796814,0.4974455237388611,0.2610463500022888,0.4721834659576416,0.2792436480522156,0.40280747413635254,0.2831449806690216,0.35137301683425903,0.2844582498073578,0.30571022629737854,0.252439945936203,0.5026292204856873,0.3747079074382782,0.4950781464576721,0.37078380584716797,0.5390267372131348,0.3424677848815918,0.5486085414886475,0.2545408606529236,0.5571727156639099,0.37627673149108887,0.5613937973976135,0.36057406663894653,0.593127429485321,0.3282855749130249,0.592595100402832,0.2632370591163635,0.6196981072425842,0.36229681968688965,0.6179985404014587,0.3474824130535126,0.6413304209709167,0.31407228112220764,0.6450491547584534,ㅓ
0.20003405213356018,0.6227415800094604,0.22538410127162933,0.5233396887779236,0.27945676445961,0.45894232392311096,0.3360266089439392,0.44656693935394287,0.38119301199913025,0.45821547508239746,0.29835858941078186,0.42268723249435425,0.34303122758865356,0.36385470628738403,0.3696671724319458,0.32631611824035645,0.39222168922424316,0.2945687770843506,0.3035220503807068,0.46520721912384033,0.42415937781333923,0.47218403220176697,0.4155406653881073,0.4995245933532715,0.3891923427581787,0.5039451122283936,0.3095724880695343,0.5253357887268066,0.41808152198791504,0.5390883088111877,0.3918948769569397,0.5555053949356079,0.36033570766448975,0.5530904531478882,0.3138096332550049,0.5906285643577576,0.3970978558063507,0.5960703492164612,0.37269461154937744,0.6045891046524048,0.3403165936470032,0.6023858785629272,ㅓ
0.11709517240524292,0.6638977527618408,0.15185172855854034,0.5626103281974792,0.23380239307880402,0.5014989972114563,0.30990171432495117,0.4797418713569641,0.3651150166988373,0.494887113571167,0.1874997913837433,0.4771299958229065,0.20340868830680847,0.431851863861084,0.22490622103214264,0.4031333923339844,0.23892226815223694,0.3808554410934448,0.1811048835515976,0.5263605117797852,0.32452911138534546,0.5066594481468201,0.32579493522644043,0.5341487526893616,0.29040083289146423,0.5507839918136597,0.19018664956092834,0.5943834781646729,0.32773303985595703,0.5825167894363403,0.31282106041908264,0.6098625659942627,0.2731435298919678,0.6155022978782654,0.20393311977386475,0.6632190346717834,0.31503036618232727,0.6493600010871887,0.2957364618778229,0.6615128517150879,0.2556154429912567,0.6652967929840088,ㅓ
0.23203107714653015,0.6991787552833557,0.258888304233551,0.6063536405563354,0.3169441521167755,0.5339915752410889,0.37605997920036316,0.4996822476387024,0.4189835786819458,0.4874863624572754,0.278054803609848,0.5135371088981628,0.28101080656051636,0.46975594758987427,0.280324250459671,0.4312560260295868,0.2762829065322876,0.3961137533187866,0.2659793794155121,0.5645231604576111,0.3745233416557312,0.5315039753913879,0.41817450523376465,0.5247403383255005,0.43689873814582825,0.5269564986228943,0.2738092243671417,0.623742401599884,0.3904896378517151,0.6065662503242493,0.41931504011154175,0.5998736023902893,0.42528748512268066,0.5931932330131531,0.29079607129096985,0.6810605525970459,0.37922346591949463,0.6686232089996338,0.3974342346191406,0.655020534992218,0.4025726318359375,0.6427597403526306,ㅓ
0.2738521993160248,0.6803383231163025,0.30297034978866577,0.6120226979255676,0.3646932542324066,0.5511598587036133,0.41811004281044006,0.5190693736076355,0.4424439072608948,0.5230898261070251,0.31812480092048645,0.523256242275238,0.34571197628974915,0.49394816160202026,0.3416837751865387,0.4874778985977173,0.3247229754924774,0.47450438141822815,0.3070268929004669,0.5638885498046875,0.4224351942539215,0.549858808517456,0.41525790095329285,0.5756425857543945,0.38565564155578613,0.583870530128479,0.30882149934768677,0.6150457262992859,0.41747355461120605,0.6154613494873047,0.4025009870529175,0.6347550749778748,0.3727756440639496,0.6351714730262756,0.31770095229148865,0.6677138805389404,0.4045766294002533,0.6606889367103577,0.38793063163757324,0.6741359233856201,0.35646525025367737,0.6761698722839355,ㅓ
0.2575039267539978,0.6614102721214294,0.2946118712425232,0.5993531942367554,0.3480693995952606,0.54234379529953,0.39334043860435486,0.5104162096977234,0.4096817076206207,0.5070115923881531,0.2995966672897339,0.49303102493286133,0.30396807193756104,0.45303380489349365,0.2957841753959656,0.4234064817428589,0.2762002646923065,0.3980337381362915,0.2845859229564667,0.5209643840789795,0.38867661356925964,0.5157718658447266,0.38978511095046997,0.5552326440811157,0.36266183853149414,0.5691089630126953,0.2837153375148773,0.56972736120224,0.386424720287323,0.5739723443984985,0.3792673349380493,0.6042349934577942,0.3508455753326416,0.6086912155151367,0.2925270199775696,0.6218677163124084,0.3739650547504425,0.6229630708694458,0.3640514612197876,0.6418733596801758,0.33502885699272156,0.6474170088768005,ㅓ
0.28276127576828003,0.6255420446395874,0.3151695728302002,0.5613617300987244,0.3647496998310089,0.5068384408950806,0.41024327278137207,0.4818846583366394,0.4352678656578064,0.48287099599838257,0.3308100700378418,0.46278584003448486,0.33859676122665405,0.42377305030822754,0.3334468901157379,0.3886837363243103,0.32270944118499756,0.3600670099258423,0.3207108974456787,0.4888465404510498,0.4165760278701782,0.4874779284000397,0.41409626603126526,0.5203875303268433,0.39112570881843567,0.5327466726303101,0.3202444314956665,0.5334478616714478,0.41537898778915405,0.5390958786010742,0.40306556224823,0.5627590417861938,0.37688493728637695,0.5674050450325012,0.3259592056274414,0.5828663110733032,0.40132421255111694,0.5858527421951294,0.38823002576828003,0.6005020141601562,0.360561728477478,0.6045743227005005,ㅓ
0.29792025685310364,0.6093704700469971,0.32668694853782654,0.5425295829772949,0.3828746974468231,0.4901256561279297,0.438626766204834,0.4729495644569397,0.4797961115837097,0.4657662510871887,0.3545364439487457,0.444892019033432,0.37344759702682495,0.39753392338752747,0.3817727267742157,0.3600931167602539,0.3875799775123596,0.32629185914993286,0.3486212491989136,0.47478580474853516,0.4538651704788208,0.46462079882621765,0.45031362771987915,0.49262627959251404,0.42623794078826904,0.5035980343818665,0.3514593243598938,0.5216875076293945,0.45210376381874084,0.5256883502006531,0.4366808831691742,0.5471394658088684,0.40849733352661133,0.5486009120941162,0.3589496612548828,0.5739420652389526,0.4371725618839264,0.5744991898536682,0.42167457938194275,0.5861407518386841,0.39318448305130005,0.5864324569702148,ㅓ
0.2570412755012512,0.6729011535644531,0.28861987590789795,0.5985956788063049,0.3484327793121338,0.5445694327354431,0.4070751368999481,0.5239686965942383,0.45195966958999634,0.509827196598053,0.3116937279701233,0.5111043453216553,0.32850217819213867,0.47079986333847046,0.3397209644317627,0.43498319387435913,0.34848424792289734,0.40186792612075806,0.30623263120651245,0.5475671887397766,0.40393656492233276,0.524532675743103,0.43468615412712097,0.5258111953735352,0.44712331891059875,0.5242783427238464,0.3120914697647095,0.5983213782310486,0.41911500692367554,0.5893868803977966,0.41538530588150024,0.6023747324943542,0.3922770917415619,0.6037482023239136,0.32439547777175903,0.6547771692276001,0.40945714712142944,0.6465329527854919,0.4019721448421478,0.6483950614929199,0.379324346780777,0.6461540460586548,ㅓ
0.22175255417823792,0.7113033533096313,0.2517397105693817,0.6092284321784973,0.3251863121986389,0.5342971086502075,0.3949153423309326,0.5118955373764038,0.430960476398468,0.537432074546814,0.2673630118370056,0.5356093049049377,0.2765626013278961,0.49936920404434204,0.2766354978084564,0.4737536311149597,0.2671767771244049,0.4491336941719055,0.2535324990749359,0.5900945663452148,0.38895183801651,0.5562542080879211,0.3876155912876129,0.5778722167015076,0.3528924286365509,0.5958521962165833,0.25955474376678467,0.6538237929344177,0.390082985162735,0.6288905143737793,0.37745988368988037,0.6426041126251221,0.34299013018608093,0.6474410891532898,0.2754170894622803,0.714871883392334,0.37696242332458496,0.6913257837295532,0.3620877265930176,0.6932240724563599,0.32855093479156494,0.6950100660324097,ㅓ
0.32534530758857727,0.6563366055488586,0.34098881483078003,0.5830330848693848,0.3832530081272125,0.5320108532905579,0.4292597770690918,0.5157128572463989,0.465933620929718,0.5107935070991516,0.37660759687423706,0.5028998255729675,0.3959326148033142,0.46337026357650757,0.4122931659221649,0.43158015608787537,0.4261151850223541,0.4028286933898926,0.37519246339797974,0.5391564965248108,0.46153607964515686,0.5186274647712708,0.4922064542770386,0.5247313976287842,0.505378007888794,0.528779923915863,0.38305267691612244,0.5865791440010071,0.48143240809440613,0.5806074738502502,0.48377367854118347,0.5923430919647217,0.46807458996772766,0.5956558585166931,0.3967846930027008,0.6351526975631714,0.4728062152862549,0.6297370791435242,0.46464893221855164,0.634196400642395,0.44426584243774414,0.6331259608268738,ㅓ
0.3495316505432129,0.6124129891395569,0.3668745756149292,0.545545220375061,0.40885448455810547,0.5021504759788513,0.4539833962917328,0.48712238669395447,0.4911755621433258,0.4898642599582672,0.4007854759693146,0.47709494829177856,0.4228766858577728,0.43454861640930176,0.43802738189697266,0.4054717421531677,0.45009350776672363,0.38005948066711426,0.40826308727264404,0.5016453266143799,0.4913901388645172,0.4835481643676758,0.48488107323646545,0.5094088315963745,0.462595134973526,0.5200583338737488,0.4190625250339508,0.5377617478370667,0.49241504073143005,0.5322706699371338,0.47897136211395264,0.5521759390830994,0.45866456627845764,0.5561344623565674,0.4289582073688507,0.5779719948768616,0.4843175411224365,0.5729837417602539,0.47051411867141724,0.5863732099533081,0.4505425989627838,0.5886594653129578,ㅓ
0.2489439845085144,0.7120832204818726,0.2673666179180145,0.5961841940879822,0.3384072184562683,0.49304482340812683,0.41937950253486633,0.44649308919906616,0.4771144688129425,0.44882455468177795,0.2813567817211151,0.46587735414505005,0.2907811105251312,0.396617591381073,0.2966783344745636,0.34403347969055176,0.299122154712677,0.2997692823410034,0.2795596122741699,0.5214971899986267,0.4232385754585266,0.46424874663352966,0.42771631479263306,0.49694108963012695,0.396858274936676,0.518617570400238,0.2954486608505249,0.5906351208686829,0.442257285118103,0.5513884425163269,0.4243042469024658,0.5781651139259338,0.3806747496128082,0.5870291590690613,0.3215020000934601,0.6586235165596008,0.4320319890975952,0.6222720742225647,0.41219398379325867,0.6381672024726868,0.37000975012779236,0.6479310393333435,ㅓ
0.20730575919151306,0.7365072965621948,0.2407308667898178,0.611993134021759,0.3116089701652527,0.5041942596435547,0.373691201210022,0.45525243878364563,0.4046735167503357,0.49045267701148987,0.2356279194355011,0.4953138530254364,0.23020575940608978,0.44616347551345825,0.22009310126304626,0.40476733446121216,0.20366087555885315,0.36897438764572144,0.2165524959564209,0.5536665320396423,0.3645668625831604,0.5179581046104431,0.36825457215309143,0.5498378276824951,0.3323257863521576,0.5686811804771423,0.22668278217315674,0.6295680403709412,0.3783153295516968,0.6013295650482178,0.3658532500267029,0.6178678274154663,0.3215339183807373,0.6219103336334229,0.2500615417957306,0.6994582414627075,0.37121641635894775,0.6701925992965698,0.35490334033966064,0.6779990792274475,0.310480535030365,0.6873831748962402,ㅓ
0.2259516716003418,0.722970187664032,0.2751223146915436,0.6213401556015015,0.34044718742370605,0.5342491865158081,0.399608314037323,0.5013427138328552,0.4212900996208191,0.5272195339202881,0.2652515470981598,0.4881330728530884,0.2616557478904724,0.4359350800514221,0.24296507239341736,0.39258843660354614,0.21953967213630676,0.3535313308238983,0.23817303776741028,0.5340275168418884,0.37873634696006775,0.5334205031394958,0.3756943941116333,0.5687902569770813,0.3404008448123932,0.5831259489059448,0.2361288219690323,0.6072482466697693,0.379312664270401,0.6133742928504944,0.36078161001205444,0.6331844329833984,0.32080236077308655,0.6340606808662415,0.2472887933254242,0.6793411374092102,0.3607320487499237,0.6754111051559448,0.34183764457702637,0.6865360140800476,0.30092185735702515,0.6907001733779907,ㅓ
0.21795575320720673,0.7208186984062195,0.2796062231063843,0.6223698258399963,0.3536253571510315,0.5409395694732666,0.41044318675994873,0.5211600065231323,0.4225615859031677,0.5675711631774902,0.2714333236217499,0.4968988299369812,0.2762243151664734,0.4437273144721985,0.25732147693634033,0.39123642444610596,0.23372980952262878,0.34977811574935913,0.24153244495391846,0.5405532717704773,0.38030144572257996,0.5642789006233215,0.3710407018661499,0.6008520126342773,0.33419594168663025,0.6084206104278564,0.23231351375579834,0.611216127872467,0.37266188859939575,0.6434232592582703,0.3506720960140228,0.6605427265167236,0.31389662623405457,0.6553155779838562,0.23597218096256256,0.682452917098999,0.3508017361164093,0.6987704038619995,0.3303245007991791,0.7083215713500977,0.2914799153804779,0.7084397077560425,ㅓ
0.17550528049468994,0.7367420792579651,0.19073617458343506,0.6252018213272095,0.25349700450897217,0.5571277141571045,0.32007864117622375,0.5422194004058838,0.36157649755477905,0.5515658855438232,0.23502671718597412,0.5273430943489075,0.2628960907459259,0.4750954508781433,0.27595287561416626,0.42659473419189453,0.2804492712020874,0.3853236436843872,0.2340906858444214,0.5860213041305542,0.3632148504257202,0.5526561737060547,0.40189868211746216,0.5574262142181396,0.4121086299419403,0.5642820000648499,0.2491910457611084,0.6568455696105957,0.39126402139663696,0.6362229585647583,0.38637596368789673,0.6423304080963135,0.3539733290672302,0.6445586085319519,0.2712754011154175,0.7260803580284119,0.3783571422100067,0.7030566930770874,0.3636285662651062,0.698932945728302,0.32944995164871216,0.697789192199707,ㅓ
0.27075672149658203,0.7752642631530762,0.30935269594192505,0.656531035900116,0.3473769724369049,0.5733305215835571,0.394103467464447,0.5579741597175598,0.4224871098995209,0.594011664390564,0.2415391504764557,0.5194157361984253,0.221296489238739,0.45865923166275024,0.18894045054912567,0.4026264548301697,0.1626063585281372,0.35930824279785156,0.21100544929504395,0.5823474526405334,0.35321828722953796,0.5560043454170227,0.3692621886730194,0.58883136510849,0.35800546407699585,0.6042730212211609,0.21972474455833435,0.6625788807868958,0.37048637866973877,0.6397460699081421,0.3563292324542999,0.6631512641906738,0.3232152462005615,0.6735484004020691,0.2464246302843094,0.7353447079658508,0.36928972601890564,0.7084312438964844,0.35088467597961426,0.7182685136795044,0.3137856423854828,0.725852370262146,ㅓ
0.24848675727844238,0.7121734023094177,0.3004841208457947,0.6100209355354309,0.350918710231781,0.5266491770744324,0.4023973345756531,0.4967786371707916,0.41766357421875,0.5273358821868896,0.2630000412464142,0.46509289741516113,0.26141229271888733,0.3956677317619324,0.24948331713676453,0.334991455078125,0.23893624544143677,0.28892895579338074,0.2423267960548401,0.5057066082954407,0.3710455298423767,0.49748438596725464,0.3746732473373413,0.5436496138572693,0.35221245884895325,0.5616621375083923,0.24567317962646484,0.5698877573013306,0.37791013717651367,0.5729608535766602,0.3584425747394562,0.6031110882759094,0.32669758796691895,0.6095435619354248,0.2641560733318329,0.6357570886611938,0.3733147382736206,0.6334429383277893,0.35358721017837524,0.6522923707962036,0.3203674554824829,0.6598135232925415,ㅓ
0.21614444255828857,0.6822107434272766,0.26518017053604126,0.5814538598060608,0.3292946517467499,0.495685875415802,0.3875356912612915,0.47621986269950867,0.39987102150917053,0.5247628092765808,0.23434412479400635,0.47729429602622986,0.24098193645477295,0.435992956161499,0.22296711802482605,0.39208850264549255,0.20365265011787415,0.35944557189941406,0.2096163034439087,0.5316894054412842,0.34874024987220764,0.5232341885566711,0.35008466243743896,0.5481127500534058,0.32324495911598206,0.5618136525154114,0.21497386693954468,0.6020678281784058,0.35995471477508545,0.599615216255188,0.3427479863166809,0.6098779439926147,0.30296382308006287,0.6133607625961304,0.2322770059108734,0.6661062836647034,0.3523472845554352,0.6534175276756287,0.33531200885772705,0.656930685043335,0.29630592465400696,0.6601091623306274,ㅓ
0.15011407434940338,0.6973220705986023,0.1945958137512207,0.5735776424407959,0.27758657932281494,0.477412611246109,0.3453258275985718,0.4634585380554199,0.37272515892982483,0.5383511781692505,0.18637894093990326,0.4829905927181244,0.1998569220304489,0.44552889466285706,0.1889667958021164,0.44982513785362244,0.15742266178131104,0.47057628631591797,0.16532161831855774,0.5526733994483948,0.31962645053863525,0.549009382724762,0.33291420340538025,0.5597440004348755,0.29813751578330994,0.5722379684448242,0.17209726572036743,0.6316992044448853,0.32571035623550415,0.6289826035499573,0.3268270194530487,0.6218330264091492,0.2886199653148651,0.619155764579773,0.19269493222236633,0.7022780179977417,0.3133484721183777,0.6864010095596313,0.31304770708084106,0.670752227306366,0.2839255630970001,0.6613881587982178,ㅓ
0.1870371699333191,0.6372359395027161,0.22882333397865295,0.5419831275939941,0.30037081241607666,0.46415814757347107,0.3370378613471985,0.4393799304962158,0.33167433738708496,0.48253005743026733,0.23499943315982819,0.4519619941711426,0.2580007016658783,0.42599326372146606,0.2557061016559601,0.41158121824264526,0.23762163519859314,0.3956923186779022,0.21776646375656128,0.5080362558364868,0.3536956012248993,0.50588458776474,0.3549240827560425,0.5210259556770325,0.32408812642097473,0.5257642865180969,0.22106172144412994,0.5723932981491089,0.3576871156692505,0.5814979672431946,0.34487926959991455,0.5811730027198792,0.3100086450576782,0.5716694593429565,0.23512424528598785,0.6347532868385315,0.3423236310482025,0.6341354846954346,0.32617998123168945,0.6322935819625854,0.29093319177627563,0.6244558691978455,ㅓ
0.2156539112329483,0.6746518015861511,0.26563337445259094,0.5878173112869263,0.3381795287132263,0.521654486656189,0.39836761355400085,0.5056091547012329,0.41629502177238464,0.5391518473625183,0.2683999836444855,0.48171016573905945,0.2791106402873993,0.4305109977722168,0.27571338415145874,0.38209471106529236,0.266419380903244,0.3436283469200134,0.24504609405994415,0.5235944986343384,0.3781460225582123,0.5334153175354004,0.3756049871444702,0.5609687566757202,0.34260427951812744,0.5693061351776123,0.24359604716300964,0.5877712368965149,0.3779594600200653,0.6039212942123413,0.3633664548397064,0.6145166158676147,0.3247651755809784,0.6096926927566528,0.25449758768081665,0.6506208181381226,0.36215898394584656,0.6560238003730774,0.344892293214798,0.6600905656814575,0.30465203523635864,0.6595407724380493,ㅓ
0.7827766537666321,0.8299352526664734,0.7575624585151672,0.7224411368370056,0.6892344951629639,0.6439167857170105,0.6163305044174194,0.6253178715705872,0.5690542459487915,0.6229068040847778,0.7337462902069092,0.6314278841018677,0.7143696546554565,0.5913363695144653,0.7008230090141296,0.5519267320632935,0.6944915652275085,0.5111747980117798,0.7233878374099731,0.6745665073394775,0.6041396260261536,0.6525480151176453,0.6026506423950195,0.6845985054969788,0.631934404373169,0.7051047086715698,0.7059374451637268,0.7340325117111206,0.5880030393600464,0.7194206118583679,0.6055647134780884,0.7416888475418091,0.6445958614349365,0.751050591468811,0.6887019276618958,0.7942301034927368,0.5988878011703491,0.7823030948638916,0.6135349869728088,0.7944838404655457,0.6470856070518494,0.8019039630889893,ㅓ
0.7839462757110596,0.7955324053764343,0.7608886957168579,0.6894860863685608,0.6854163408279419,0.6117154955863953,0.59964519739151,0.5968782305717468,0.5422446131706238,0.59288489818573,0.7428833246231079,0.5855907201766968,0.7203757762908936,0.5438088178634644,0.7173570990562439,0.4901394844055176,0.7223156690597534,0.44157248735427856,0.7303946018218994,0.6429417133331299,0.6028827428817749,0.6086077690124512,0.5908516645431519,0.6175536513328552,0.611729621887207,0.6298586130142212,0.7074974179267883,0.7087650299072266,0.5710920095443726,0.6769558191299438,0.579081654548645,0.6814001798629761,0.6175897121429443,0.6905124187469482,0.6804894804954529,0.7738392353057861,0.5781649947166443,0.7402375340461731,0.5884771347045898,0.735438346862793,0.6241668462753296,0.7376259565353394,ㅓ
0.7810506820678711,0.6540213823318481,0.7457444667816162,0.5532703399658203,0.6738855242729187,0.4781224727630615,0.5986729860305786,0.4559163451194763,0.5463088154792786,0.433707058429718,0.7214629650115967,0.4424007833003998,0.7050139307975769,0.3901153802871704,0.7063897848129272,0.3385147154331207,0.7168433666229248,0.28380295634269714,0.7152389883995056,0.48285049200057983,0.5926826596260071,0.44745320081710815,0.5852102041244507,0.4749569892883301,0.6102800369262695,0.4917798340320587,0.6992653012275696,0.54227614402771,0.5766094923019409,0.5221326351165771,0.589539647102356,0.5460110902786255,0.6273703575134277,0.5572612285614014,0.6801326274871826,0.6044197082519531,0.5801716446876526,0.5878735184669495,0.5927364230155945,0.6031873226165771,0.6271409392356873,0.6124993562698364,ㅓ
0.7684661746025085,0.7344926595687866,0.7325143218040466,0.6353083252906799,0.6598989963531494,0.560190737247467,0.5849714279174805,0.5393953919410706,0.5321330428123474,0.5273244976997375,0.7141520380973816,0.5435689091682434,0.6968144774436951,0.5043975710868835,0.6933732628822327,0.45685040950775146,0.6993604898452759,0.4096306562423706,0.7067050337791443,0.5874476432800293,0.5834313035011292,0.5523292422294617,0.5827502012252808,0.5697887539863586,0.6134456396102905,0.588003396987915,0.6903206706047058,0.6489919424057007,0.5630689859390259,0.6270818710327148,0.5784784555435181,0.6403915286064148,0.6180956363677979,0.6523860692977905,0.6717103123664856,0.7133328318595886,0.5745789408683777,0.6912407279014587,0.5860451459884644,0.6982207894325256,0.620323657989502,0.7089094519615173,ㅓ
0.8287767767906189,0.828317403793335,0.7841494679450989,0.7268056273460388,0.68937748670578,0.6762356758117676,0.5998037457466125,0.7021057605743408,0.5501195192337036,0.7297402620315552,0.7451989054679871,0.6434931755065918,0.7087967991828918,0.6265859603881836,0.6931474208831787,0.5903367400169373,0.687313437461853,0.5508583784103394,0.741324782371521,0.7081798315048218,0.599137544631958,0.7109647989273071,0.6030628085136414,0.7220599055290222,0.6412259936332703,0.7240088582038879,0.7297223806381226,0.7836523652076721,0.5861929059028625,0.7905707359313965,0.6024919748306274,0.7916532754898071,0.6469424962997437,0.7875156402587891,0.716364860534668,0.8568392395973206,0.6038410067558289,0.8540701866149902,0.6145778894424438,0.8461202383041382,0.6524569392204285,0.8408513069152832,ㅓ
0.8088845610618591,0.7381253838539124,0.7675052881240845,0.6402798295021057,0.682811439037323,0.5792140960693359,0.6029763221740723,0.5803532004356384,0.5527384877204895,0.5924526453018188,0.7359917163848877,0.5480363368988037,0.7105288505554199,0.5039989352226257,0.705796480178833,0.45880576968193054,0.7115167379379272,0.40964820981025696,0.734527051448822,0.5989067554473877,0.6036092638969421,0.5885056257247925,0.5977684855461121,0.6135251522064209,0.6274012327194214,0.6223515272140503,0.7236944437026978,0.6668261289596558,0.5887476205825806,0.663654088973999,0.5969855189323425,0.6766147613525391,0.6365978121757507,0.6793131232261658,0.7102158069610596,0.734208345413208,0.602481484413147,0.727830171585083,0.6079935431480408,0.7284668684005737,0.6426292657852173,0.7291727066040039,ㅓ
0.7598792910575867,0.8517827987670898,0.7545813322067261,0.7477984428405762,0.7116921544075012,0.6732380986213684,0.6637767553329468,0.640822172164917,0.6282702088356018,0.6304230093955994,0.7316335439682007,0.6394633650779724,0.7163936495780945,0.5747679471969604,0.7211093902587891,0.5058210492134094,0.732803225517273,0.45245811343193054,0.730737030506134,0.696938157081604,0.5925776362419128,0.6432737112045288,0.5771065354347229,0.6470513343811035,0.5979275107383728,0.6648756861686707,0.7116327285766602,0.7665884494781494,0.5654388070106506,0.7175452709197998,0.5645949840545654,0.7075095176696777,0.6002683043479919,0.7171764969825745,0.6867104768753052,0.8327971696853638,0.5739006996154785,0.7834904789924622,0.5805714130401611,0.7701380848884583,0.6164489984512329,0.7707380056381226,ㅓ
0.7663759589195251,0.8640643358230591,0.7529635429382324,0.7671422958374023,0.7053512930870056,0.7023866772651672,0.6609582901000977,0.6794267892837524,0.6323967576026917,0.6743193864822388,0.7188833951950073,0.6737144589424133,0.6981312036514282,0.6336912512779236,0.7057365775108337,0.5713983178138733,0.7221431136131287,0.5204637050628662,0.7190909385681152,0.7335315942764282,0.5883695483207703,0.7026522159576416,0.574254035949707,0.6851928234100342,0.5936726331710815,0.6862495541572571,0.7051701545715332,0.805223286151886,0.5614330172538757,0.7746734023094177,0.5651484131813049,0.7519643902778625,0.6034804582595825,0.7514247298240662,0.6863235235214233,0.8775052428245544,0.5743597745895386,0.8386817574501038,0.5820606350898743,0.8164269328117371,0.6173895001411438,0.8100441098213196,ㅓ
0.7487651705741882,0.8432785868644714,0.7357964515686035,0.7428736090660095,0.6953344941139221,0.6609708070755005,0.6542677283287048,0.6225237250328064,0.6293801665306091,0.6195824146270752,0.7061384320259094,0.6448449492454529,0.6795217990875244,0.6295092105865479,0.6537383198738098,0.6034663915634155,0.6422322392463684,0.5966585874557495,0.702049732208252,0.7107931971549988,0.5792670845985413,0.6805577874183655,0.5493863821029663,0.6728049516677856,0.5585973262786865,0.6856928467750549,0.6881834268569946,0.7867207527160645,0.5551004409790039,0.7633011341094971,0.5468872785568237,0.7477539777755737,0.5771574378013611,0.744896411895752,0.6708444952964783,0.8637479543685913,0.5658971667289734,0.8310121893882751,0.5651693940162659,0.8075565099716187,0.597547173500061,0.7955597043037415,ㅓ
0.757361114025116,0.8425792455673218,0.7464075684547424,0.753150463104248,0.7022257447242737,0.6767150163650513,0.6602476239204407,0.6319537162780762,0.6615861058235168,0.6138181686401367,0.7166556119918823,0.6390591263771057,0.6860586404800415,0.6073184609413147,0.6800273656845093,0.5800104737281799,0.6955106258392334,0.5701321959495544,0.7110297083854675,0.6922829747200012,0.5852677226066589,0.6559762954711914,0.5584934949874878,0.6676036715507507,0.572157084941864,0.6879496574401855,0.6975809931755066,0.7603779435157776,0.5661696791648865,0.7362931966781616,0.5633845329284668,0.7435221076011658,0.5980263948440552,0.7532788515090942,0.6798825860023499,0.8328014016151428,0.5744419097900391,0.8052761554718018,0.5748969316482544,0.799416184425354,0.6078305840492249,0.8000380992889404,ㅓ
0.7515348196029663,0.7733626365661621,0.7107679843902588,0.6835637092590332,0.6347447037696838,0.6238790154457092,0.5568501353263855,0.6209701299667358,0.5108725428581238,0.6397281885147095,0.6891090869903564,0.5605584383010864,0.6685187816619873,0.5074476003646851,0.6758518815040588,0.4576646685600281,0.6953579187393188,0.4041200280189514,0.6894951462745667,0.6040002703666687,0.5641711354255676,0.5812352895736694,0.5594988465309143,0.6242590546607971,0.5898262858390808,0.6436017751693726,0.6773597598075867,0.6671096086502075,0.5498977303504944,0.6569851040840149,0.5598182678222656,0.6830087900161743,0.5977672934532166,0.6897351741790771,0.6607405543327332,0.732542097568512,0.5591394901275635,0.7217163443565369,0.5691591501235962,0.7353942394256592,0.6028107404708862,0.7392572164535522,ㅓ
0.7730084657669067,0.7652172446250916,0.7494648694992065,0.6667588353157043,0.6779600977897644,0.6039730906486511,0.6033811569213867,0.6059575080871582,0.5615081787109375,0.6399468183517456,0.730732798576355,0.6054973602294922,0.697446882724762,0.5739701986312866,0.6826220750808716,0.5679449439048767,0.6817157864570618,0.5778158903121948,0.7194865345954895,0.6581478714942932,0.6024224758148193,0.6337352395057678,0.6069831252098083,0.639514684677124,0.6402180790901184,0.650057852268219,0.7006295919418335,0.7155477404594421,0.5849283337593079,0.6964561939239502,0.6014103293418884,0.6963075995445251,0.6390788555145264,0.6981745362281799,0.6805428266525269,0.7691866159439087,0.5925433039665222,0.7470613718032837,0.6074007749557495,0.7391520738601685,0.6406640410423279,0.7389463782310486,ㅓ
0.771669328212738,0.873389720916748,0.7543414235115051,0.7935676574707031,0.7104406356811523,0.7358559966087341,0.6708421111106873,0.7031065821647644,0.6576316952705383,0.675565242767334,0.7087206840515137,0.7094306945800781,0.680533766746521,0.6646649241447449,0.6785699725151062,0.6247144937515259,0.6862483024597168,0.5849810242652893,0.7015264630317688,0.7455129623413086,0.5932665467262268,0.725824236869812,0.5982664227485657,0.7481052875518799,0.628046989440918,0.7603880167007446,0.6910054683685303,0.7974295020103455,0.5866498947143555,0.7918897867202759,0.6004006862640381,0.8009598851203918,0.6324209570884705,0.8010271787643433,0.6807893514633179,0.8516568541526794,0.5967154502868652,0.8408807516098022,0.6074617505073547,0.8438706994056702,0.6341018080711365,0.8443026542663574,ㅓ
0.8962753415107727,0.674228310585022,0.8646835684776306,0.5564097762107849,0.8086463809013367,0.4746593236923218,0.7517686486244202,0.43624937534332275,0.7168010473251343,0.40581968426704407,0.8048185110092163,0.46559467911720276,0.7645284533500671,0.4115503132343292,0.743943452835083,0.3637141287326813,0.7424926161766052,0.329665869474411,0.79281085729599,0.5303010940551758,0.6519410610198975,0.4996642470359802,0.6162311434745789,0.48898035287857056,0.624240517616272,0.4878504276275635,0.7756954431533813,0.6046721935272217,0.6364142894744873,0.5859225988388062,0.6086211204528809,0.5630615949630737,0.6184662580490112,0.5435069799423218,0.7619102001190186,0.6773678064346313,0.652691662311554,0.6540781259536743,0.632336437702179,0.6255338191986084,0.6410911679267883,0.6011189222335815,ㅓ
0.8140749931335449,0.7594525814056396,0.7826799154281616,0.652413010597229,0.7276416420936584,0.5818743705749512,0.6788305640220642,0.5447543859481812,0.6504560112953186,0.5116733312606812,0.7356417179107666,0.5679643154144287,0.6892179846763611,0.5316508412361145,0.6715732216835022,0.4947945475578308,0.6701751947402954,0.47281548380851746,0.717907726764679,0.6285411715507507,0.572799026966095,0.5979339480400085,0.5763782858848572,0.5960249900817871,0.613831102848053,0.6069161891937256,0.698915958404541,0.6976909637451172,0.5619869828224182,0.6729766130447388,0.5736550092697144,0.6620691418647766,0.6113295555114746,0.661005437374115,0.6839678287506104,0.7650129199028015,0.5783413052558899,0.7341121435165405,0.5805162191390991,0.7134994864463806,0.6064627170562744,0.7047827839851379,ㅓ
0.7793099284172058,0.8135825395584106,0.7525996565818787,0.7182127833366394,0.7034468650817871,0.6522220969200134,0.6611139178276062,0.6125826239585876,0.6438105702400208,0.5729949474334717,0.7091172933578491,0.6383672952651978,0.6558637022972107,0.6052579879760742,0.647400975227356,0.570300281047821,0.6531398296356201,0.5476608872413635,0.6927098631858826,0.6922453045845032,0.5582045316696167,0.6608136892318726,0.5654394030570984,0.6588486433029175,0.6007732152938843,0.6709096431732178,0.6759702563285828,0.7536243796348572,0.5512910485267639,0.7294778227806091,0.5661790370941162,0.7227875590324402,0.6006786823272705,0.7263262271881104,0.6621221899986267,0.8145866394042969,0.5668517351150513,0.7886718511581421,0.5768123269081116,0.7766718864440918,0.603868305683136,0.7753732204437256,ㅓ
0.787396252155304,0.8876967430114746,0.7525866031646729,0.7874775528907776,0.6738474369049072,0.7298126816749573,0.597903847694397,0.7399400472640991,0.5522555112838745,0.7707453966140747,0.7220334410667419,0.6994770765304565,0.6983841061592102,0.6633059978485107,0.7012017369270325,0.6195418834686279,0.7141023278236389,0.574948251247406,0.7193537950515747,0.7536042332649231,0.6036351919174194,0.741359531879425,0.5853883028030396,0.7592350244522095,0.6023135781288147,0.7705990076065063,0.7087064385414124,0.8209393620491028,0.5847793221473694,0.8132112622261047,0.5772741436958313,0.8165058493614197,0.6069003343582153,0.8199405074119568,0.6944032907485962,0.8873536586761475,0.5942254066467285,0.8694373369216919,0.5781587958335876,0.8538033962249756,0.5933716893196106,0.8433260917663574,ㅓ
0.7916290163993835,0.8053646087646484,0.7597547173500061,0.7123131155967712,0.7064095139503479,0.6519981622695923,0.6590673327445984,0.6157963871955872,0.6321841478347778,0.5789684653282166,0.7004266381263733,0.6348468065261841,0.6739920377731323,0.5854978561401367,0.658014178276062,0.5426933765411377,0.6546204686164856,0.5091748833656311,0.6927805542945862,0.6796995997428894,0.5715632438659668,0.6699177026748657,0.543377161026001,0.675897479057312,0.5502565503120422,0.6818987727165222,0.6851334571838379,0.7405868172645569,0.5644103288650513,0.7452161312103271,0.5494037866592407,0.740958571434021,0.5648465752601624,0.7341890931129456,0.6811177134513855,0.8051841259002686,0.5834437012672424,0.8079769611358643,0.5618497729301453,0.7950975894927979,0.5641564726829529,0.7784172296524048,ㅓ
0.7965195178985596,0.7135385274887085,0.763716995716095,0.6303660869598389,0.7124307751655579,0.5726725459098816,0.6730750799179077,0.532006025314331,0.6605082154273987,0.4875836968421936,0.7065069675445557,0.5683669447898865,0.6692855954170227,0.5318663120269775,0.6453131437301636,0.5115501880645752,0.6363047957420349,0.4972056746482849,0.6996391415596008,0.617385745048523,0.5903784036636353,0.6042777299880981,0.5403648614883423,0.6098251342773438,0.5199734568595886,0.6180633306503296,0.692279577255249,0.6770377159118652,0.5835115313529968,0.6828815340995789,0.5334604978561401,0.6812319159507751,0.505912721157074,0.6739468574523926,0.6880384087562561,0.7386824488639832,0.6031285524368286,0.7390404939651489,0.5653173327445984,0.7326069474220276,0.5400127172470093,0.7185095548629761,ㅓ
0.8144738674163818,0.6999611854553223,0.785717785358429,0.6173734068870544,0.72434401512146,0.5640007257461548,0.665844202041626,0.5500312447547913,0.6266265511512756,0.5575018525123596,0.7321352958679199,0.5640956163406372,0.6676425337791443,0.5553613901138306,0.6171573400497437,0.5549303293228149,0.5824621319770813,0.5591208338737488,0.7273008227348328,0.6240841746330261,0.6285969614982605,0.624809205532074,0.5770213603973389,0.6280474066734314,0.5486023426055908,0.6276248097419739,0.7203245162963867,0.6923176646232605,0.6210023760795593,0.7048019766807556,0.5755300521850586,0.7039512991905212,0.5507053732872009,0.694282591342926,0.7138489484786987,0.7610440254211426,0.6326213479042053,0.7798401713371277,0.5951128005981445,0.7799162864685059,0.5699983835220337,0.7699207067489624,ㅓ
0.7758625745773315,0.9489544034004211,0.7312215566635132,0.8469284176826477,0.6662991046905518,0.7644152641296387,0.6040434241294861,0.7429993748664856,0.5823482871055603,0.7578746676445007,0.728653609752655,0.721968412399292,0.715616762638092,0.6843915581703186,0.736607551574707,0.644571840763092,0.7652395367622375,0.6026527285575867,0.743171751499176,0.7683449387550354,0.6090403199195862,0.7841203808784485,0.6146450638771057,0.8230003118515015,0.647207498550415,0.8318130970001221,0.7398505806922913,0.8377062678337097,0.6116800904273987,0.8581371903419495,0.6337296962738037,0.8774289488792419,0.6751073598861694,0.8723240494728088,0.731487512588501,0.906635582447052,0.6283382773399353,0.9103970527648926,0.6455603241920471,0.92305988073349,0.6811424493789673,0.916938066482544,ㅓ
0.7739973664283752,0.8591345548629761,0.7366597652435303,0.7593660354614258,0.6700737476348877,0.6919683814048767,0.6049703359603882,0.669274628162384,0.562296450138092,0.6492974162101746,0.718662440776825,0.655837893486023,0.7000749707221985,0.6157484650611877,0.7121913433074951,0.5684912204742432,0.7317617535591125,0.5166580677032471,0.7285206913948059,0.6988726258277893,0.6004603505134583,0.7044011354446411,0.6076041460037231,0.735745906829834,0.6394411325454712,0.7424144148826599,0.7230834364891052,0.7649157047271729,0.5994080305099487,0.7751186490058899,0.6160581111907959,0.792363166809082,0.6528895497322083,0.7921409606933594,0.711722731590271,0.8314493894577026,0.6119289994239807,0.8316545486450195,0.61830735206604,0.8385140299797058,0.6440818309783936,0.8329076170921326,ㅓ
0.7946826219558716,0.7678884863853455,0.7734982967376709,0.6773775815963745,0.7234585881233215,0.6243577003479004,0.6743578314781189,0.6113565564155579,0.6348277926445007,0.615964412689209,0.7260422706604004,0.5821448564529419,0.7093149423599243,0.5329290628433228,0.7108278870582581,0.4855654239654541,0.7192521095275879,0.43837594985961914,0.7256230115890503,0.6227375268936157,0.6375652551651001,0.6043788194656372,0.5836493968963623,0.5983803272247314,0.5508227944374084,0.5914335250854492,0.7169679999351501,0.6846246719360352,0.6209851503372192,0.6763901710510254,0.5752202272415161,0.6719748973846436,0.5518431663513184,0.663771390914917,0.7065734267234802,0.7530117630958557,0.629935085773468,0.7507400512695312,0.5967900156974792,0.7451298832893372,0.5772956609725952,0.732029914855957,ㅓ
0.6598848104476929,0.7182525992393494,0.6211853623390198,0.6374029517173767,0.5540750026702881,0.5959465503692627,0.49621886014938354,0.5947360992431641,0.4530903995037079,0.6040295362472534,0.5731638073921204,0.5839662551879883,0.5364291667938232,0.5601438879966736,0.5213692784309387,0.5295524597167969,0.5145522356033325,0.501304030418396,0.5732190608978271,0.6367950439453125,0.4587354063987732,0.6453172564506531,0.4587704539299011,0.6516965627670288,0.48319336771965027,0.6546304821968079,0.5701721906661987,0.7019216418266296,0.45315295457839966,0.7213210463523865,0.46277523040771484,0.7215338349342346,0.49296560883522034,0.7173832654953003,0.5667225122451782,0.766054093837738,0.4766356647014618,0.7780708074569702,0.4800645411014557,0.7729036808013916,0.501656711101532,0.7660854458808899,ㅓ
0.6929150819778442,0.8125879168510437,0.6631093621253967,0.7210332155227661,0.6136380434036255,0.6671693921089172,0.5641536712646484,0.6418145298957825,0.5346329808235168,0.6095872521400452,0.6038260459899902,0.6666877865791321,0.5631778836250305,0.6372874975204468,0.5395923256874084,0.6074244379997253,0.5303527116775513,0.5850648880004883,0.588426947593689,0.7185038924217224,0.47258755564689636,0.7156932950019836,0.45274677872657776,0.7159838080406189,0.46678850054740906,0.7183558344841003,0.5771865248680115,0.7792260646820068,0.4668387770652771,0.7883250713348389,0.4563629627227783,0.777008056640625,0.4714532792568207,0.7632588744163513,0.5731329321861267,0.8395475149154663,0.48656725883483887,0.8398196697235107,0.4746696949005127,0.825759768486023,0.48239198327064514,0.8084167242050171,ㅓ
0.7194158434867859,0.7164779901504517,0.6781142950057983,0.6332098245620728,0.6082180738449097,0.5797693729400635,0.5475007891654968,0.5831737518310547,0.5290364027023315,0.6161455512046814,0.6712374687194824,0.5639863610267639,0.6577714681625366,0.5196772813796997,0.6691315174102783,0.4798053503036499,0.6902231574058533,0.4360671937465668,0.6753146648406982,0.6075431108474731,0.566941499710083,0.5952948927879333,0.5680531859397888,0.6109278202056885,0.5963106155395508,0.6163278818130493,0.6636448502540588,0.6616784334182739,0.5499212741851807,0.6526470184326172,0.5627851486206055,0.6569333076477051,0.597694993019104,0.655724287033081,0.6456266045570374,0.7132742404937744,0.5570408701896667,0.6975372433662415,0.5688148140907288,0.6983712911605835,0.5986461639404297,0.6990868449211121,ㅓ
0.7422539591789246,0.5077279806137085,0.715017557144165,0.43009352684020996,0.654757022857666,0.3852434754371643,0.5933831930160522,0.38769301772117615,0.5638152956962585,0.4005516767501831,0.6944154500961304,0.34643521904945374,0.6831291317939758,0.29924845695495605,0.6879978775978088,0.25755733251571655,0.7004202008247375,0.2137322574853897,0.6898998618125916,0.38089612126350403,0.6009480953216553,0.37096086144447327,0.6022754907608032,0.3999313414096832,0.6267465353012085,0.40930670499801636,0.676028311252594,0.4277093708515167,0.5866489410400391,0.42856431007385254,0.5983689427375793,0.44287893176078796,0.6270807981491089,0.44160014390945435,0.6595193147659302,0.47453707456588745,0.5867224335670471,0.47098034620285034,0.5980615615844727,0.48026368021965027,0.622291624546051,0.47988975048065186,ㅓ
0.733952522277832,0.4438716769218445,0.7080093622207642,0.35788771510124207,0.6458430290222168,0.30098259449005127,0.5811301469802856,0.3010442852973938,0.5481133460998535,0.3266699016094208,0.7005693912506104,0.2867845296859741,0.6835260391235352,0.23847568035125732,0.6927230954170227,0.19309554994106293,0.7105495929718018,0.15004192292690277,0.693156361579895,0.334505558013916,0.5877816677093506,0.31267207860946655,0.5844812393188477,0.3239198327064514,0.6068760752677917,0.3306559920310974,0.6735127568244934,0.38641446828842163,0.563277542591095,0.3599367141723633,0.5729230046272278,0.36346155405044556,0.6054350733757019,0.36914879083633423,0.6485103368759155,0.4348032772541046,0.5641189813613892,0.4043796956539154,0.573083758354187,0.4028516411781311,0.6008914113044739,0.4088622033596039,ㅓ
0.7294963002204895,0.43064379692077637,0.6938210725784302,0.34501543641090393,0.6283844113349915,0.28870245814323425,0.5620389580726624,0.29356199502944946,0.5380712151527405,0.31956276297569275,0.6944630742073059,0.28193023800849915,0.6872721910476685,0.2477727234363556,0.6934871077537537,0.20303091406822205,0.7093936204910278,0.1611478328704834,0.6908050775527954,0.3318448066711426,0.5948870182037354,0.30747905373573303,0.5716956853866577,0.301216185092926,0.578216552734375,0.30119141936302185,0.6711821556091309,0.3841280937194824,0.5563793778419495,0.3536575138568878,0.5606201887130737,0.3524768650531769,0.5916063785552979,0.3561434745788574,0.6450451612472534,0.4301052689552307,0.5571733713150024,0.4000495970249176,0.5616519451141357,0.3913784325122833,0.5887126922607422,0.3929685950279236,ㅓ
0.7868236303329468,0.5352693796157837,0.7533423900604248,0.45241063833236694,0.689709484577179,0.395346999168396,0.6280684471130371,0.38824811577796936,0.6192110180854797,0.4162527918815613,0.7550313472747803,0.40466752648353577,0.7468694448471069,0.364909291267395,0.7571985721588135,0.3267025351524353,0.7778885960578918,0.2960982322692871,0.7517595887184143,0.44939789175987244,0.6500964760780334,0.4211847186088562,0.6418349146842957,0.4156675934791565,0.6620782017707825,0.41835615038871765,0.7319545745849609,0.4961290955543518,0.6211259365081787,0.46408113837242126,0.6299070715904236,0.4547704756259918,0.6637777090072632,0.4578499495983124,0.7077296376228333,0.5371227860450745,0.6211085319519043,0.5070761442184448,0.6268670558929443,0.49516183137893677,0.6543048620223999,0.49649837613105774,ㅓ
0.8472289443016052,0.6829102635383606,0.8017301559448242,0.595531165599823,0.7260984778404236,0.5511520504951477,0.6549244523048401,0.5744665861129761,0.6267606019973755,0.6102110147476196,0.7869499921798706,0.536518931388855,0.767216682434082,0.5026463270187378,0.7635135650634766,0.464377760887146,0.7685956358909607,0.422768771648407,0.7861171960830688,0.586600661277771,0.6781497001647949,0.5692101120948792,0.676897406578064,0.5801865458488464,0.7043741941452026,0.584042489528656,0.7735973596572876,0.642707347869873,0.660981297492981,0.6326286792755127,0.6732276678085327,0.6312921643257141,0.7085264921188354,0.6276063919067383,0.7568696141242981,0.6943376660346985,0.6687893271446228,0.6807751655578613,0.6789429187774658,0.673011064529419,0.7099867463111877,0.6697229743003845,ㅓ
0.8478477597236633,0.641574501991272,0.8080049157142639,0.5513646602630615,0.7349655628204346,0.500474214553833,0.6656156182289124,0.5125714540481567,0.6288909316062927,0.5398640036582947,0.7880387902259827,0.4886338710784912,0.7687633633613586,0.4499310851097107,0.7681512236595154,0.40966594219207764,0.7755457758903503,0.3629153072834015,0.7843700051307678,0.5315539836883545,0.6794449090957642,0.5231097936630249,0.6804516911506653,0.5397682189941406,0.7069259881973267,0.5419500470161438,0.7725791931152344,0.5849500298500061,0.6672484278678894,0.5794117450714111,0.6846846342086792,0.5854470133781433,0.7203364372253418,0.5837003588676453,0.7577881813049316,0.638964056968689,0.6777186989784241,0.6226428747177124,0.692970871925354,0.6259236931800842,0.7248897552490234,0.6303547620773315,ㅓ
0.8341953158378601,0.5809358954429626,0.7917664051055908,0.5002202391624451,0.7262065410614014,0.44826117157936096,0.6641417145729065,0.4438117742538452,0.6255595684051514,0.45520666241645813,0.7794216275215149,0.43012261390686035,0.7713643312454224,0.39339420199394226,0.7731729745864868,0.3526148498058319,0.7841897010803223,0.30756527185440063,0.7803683280944824,0.4696374237537384,0.673776388168335,0.45840808749198914,0.6690212488174438,0.47348979115486145,0.694450855255127,0.47666919231414795,0.7696846723556519,0.5222707986831665,0.657441258430481,0.5198559165000916,0.6702243089675903,0.5268140435218811,0.706660270690918,0.5248963236808777,0.7557849287986755,0.5731874108314514,0.6695596575737,0.5669510960578918,0.6801577210426331,0.5680868625640869,0.7117225527763367,0.5677947402000427,ㅓ
0.8269171118736267,0.6179742217063904,0.7831209301948547,0.5237590670585632,0.7057847380638123,0.47035858035087585,0.640139639377594,0.47704601287841797,0.6101084351539612,0.5103939175605774,0.763897180557251,0.473959743976593,0.743980884552002,0.44949862360954285,0.7343787550926208,0.41883182525634766,0.7343475818634033,0.38266873359680176,0.7621891498565674,0.5206907987594604,0.6500846147537231,0.5104507207870483,0.6577289700508118,0.5260838866233826,0.695572018623352,0.5307478904724121,0.7496664524078369,0.5780118107795715,0.6394738554954529,0.5771328210830688,0.659475564956665,0.5806706547737122,0.7000721096992493,0.5769269466400146,0.7359033226966858,0.6326793432235718,0.6514368653297424,0.6253779530525208,0.6683081984519958,0.6234283447265625,0.7033451795578003,0.6236391067504883,ㅓ
0.8384121656417847,0.6604705452919006,0.7910065054893494,0.5656425952911377,0.7163832187652588,0.5042967796325684,0.6540873646736145,0.5074685215950012,0.6238630414009094,0.5473129153251648,0.7771536707878113,0.5160524845123291,0.762186586856842,0.4889000952243805,0.7563328146934509,0.46005937457084656,0.7592624425888062,0.41934269666671753,0.7776962518692017,0.5611797571182251,0.6672362089157104,0.5478078722953796,0.6762339472770691,0.5712950229644775,0.7145411968231201,0.5761318206787109,0.7658728957176208,0.6171917915344238,0.6559078097343445,0.6134653091430664,0.6783078908920288,0.6225411891937256,0.7196879386901855,0.6185730695724487,0.7511393427848816,0.6703537702560425,0.6692312359809875,0.6637614965438843,0.6874083876609802,0.6646149754524231,0.7220603227615356,0.6632746458053589,ㅓ
0.8354212641716003,0.6437467336654663,0.792935311794281,0.5552346110343933,0.7249836325645447,0.5033689737319946,0.6626412272453308,0.4983668923377991,0.617656946182251,0.49960795044898987,0.7707787752151489,0.48786461353302,0.7527509927749634,0.45412346720695496,0.7449854612350464,0.4159824550151825,0.7431509494781494,0.3753794729709625,0.7659770846366882,0.5251959562301636,0.6576077938079834,0.5118001699447632,0.668002724647522,0.5322867035865784,0.7016584873199463,0.541502058506012,0.7553752660751343,0.5769609212875366,0.649377703666687,0.5749512314796448,0.6699231863021851,0.5862075686454773,0.706192672252655,0.5885219573974609,0.7428950071334839,0.6311526298522949,0.6620931625366211,0.6238860487937927,0.6788707971572876,0.6318269968032837,0.7113062143325806,0.6372137665748596,ㅓ
0.8118224740028381,0.5832130908966064,0.772000253200531,0.4939940571784973,0.7003248929977417,0.4408344030380249,0.6350170373916626,0.4388379156589508,0.5915800929069519,0.43872371315956116,0.7460858821868896,0.4228813648223877,0.7266724705696106,0.3814077377319336,0.7169283032417297,0.34133002161979675,0.7149178981781006,0.2998846769332886,0.7439016103744507,0.46273741126060486,0.6317237019538879,0.45044881105422974,0.6324886083602905,0.47326430678367615,0.6627125144004822,0.4834670424461365,0.7339109182357788,0.5175114274024963,0.6212841272354126,0.5156330466270447,0.6352314352989197,0.5256903171539307,0.6716966032981873,0.5258485674858093,0.7226138114929199,0.5719873905181885,0.6373415589332581,0.5682734847068787,0.6492242813110352,0.5716836452484131,0.6809679865837097,0.5725630521774292,ㅓ
0.802528440952301,0.5021994709968567,0.7633144855499268,0.4085236191749573,0.6884012222290039,0.35373836755752563,0.6180214285850525,0.35093656182289124,0.5684385299682617,0.34572088718414307,0.7354245185852051,0.3259507417678833,0.716734766960144,0.282452791929245,0.7108050584793091,0.2349437028169632,0.7130234241485596,0.18746022880077362,0.7325266003608704,0.37239038944244385,0.6161688566207886,0.361156165599823,0.6098067164421082,0.37735798954963684,0.6336361765861511,0.3852790594100952,0.7210510969161987,0.4337046444416046,0.6020188927650452,0.43211108446121216,0.6158770322799683,0.4404151737689972,0.6531604528427124,0.4418441355228424,0.7074631452560425,0.4951906204223633,0.6133296489715576,0.4893835186958313,0.6258745193481445,0.4892127513885498,0.6596908569335938,0.4878982901573181,ㅓ
0.7161632776260376,0.5004621744155884,0.6871259212493896,0.40031698346138,0.6113014817237854,0.34406810998916626,0.5366709232330322,0.3416249752044678,0.48307865858078003,0.3371398448944092,0.6382748484611511,0.3320898115634918,0.6074481010437012,0.29069632291793823,0.5779122710227966,0.24732467532157898,0.5562841296195984,0.21143648028373718,0.6296446919441223,0.3850322663784027,0.5133933424949646,0.37552109360694885,0.48931390047073364,0.38220322132110596,0.4935733675956726,0.3877089023590088,0.6185479760169983,0.4516238868236542,0.4951767921447754,0.4511820673942566,0.5011298656463623,0.4536021649837494,0.5325632691383362,0.4538795053958893,0.6079372763633728,0.5176843404769897,0.5118101835250854,0.5112291574478149,0.5177905559539795,0.5054226517677307,0.5455406904220581,0.5028645396232605,ㅓ
0.5477006435394287,0.5404813289642334,0.5242668390274048,0.4518030881881714,0.46954384446144104,0.39046627283096313,0.42130255699157715,0.35679924488067627,0.38561370968818665,0.3388473391532898,0.4650019109249115,0.3757340908050537,0.42035040259361267,0.3217090368270874,0.380079984664917,0.28254544734954834,0.34705403447151184,0.2556896507740021,0.4492802321910858,0.4263818860054016,0.3481713533401489,0.40600189566612244,0.30035150051116943,0.411489874124527,0.2771891951560974,0.41924986243247986,0.4334189295768738,0.4912632405757904,0.32836586236953735,0.48325100541114807,0.31159326434135437,0.4837994873523712,0.32108980417251587,0.48474106192588806,0.4206528067588806,0.5608690977096558,0.34123170375823975,0.5506393909454346,0.3362189531326294,0.5471833944320679,0.3519309163093567,0.5418888926506042,ㅓ
0.5225427746772766,0.5601459741592407,0.4873596131801605,0.4639899432659149,0.415241539478302,0.40409350395202637,0.3358350694179535,0.39488956332206726,0.27625492215156555,0.406013160943985,0.4300121068954468,0.38206079602241516,0.36535388231277466,0.33265504240989685,0.3203972578048706,0.3008400797843933,0.2852059304714203,0.2730679512023926,0.4127544164657593,0.43925705552101135,0.29343628883361816,0.4319021999835968,0.26444271206855774,0.4466952681541443,0.2611718773841858,0.4540018141269684,0.39925000071525574,0.5065047740936279,0.2800997793674469,0.5045403242111206,0.2808302640914917,0.5222527384757996,0.30338725447654724,0.5317493677139282,0.3904920816421509,0.5733839273452759,0.30210211873054504,0.5733639597892761,0.30813533067703247,0.581476628780365,0.33119702339172363,0.5863896012306213,ㅓ
0.6534507274627686,0.587194561958313,0.6370724439620972,0.5044990181922913,0.5938959121704102,0.4428114891052246,0.5492757558822632,0.4147953391075134,0.5170493125915527,0.40345272421836853,0.5995428562164307,0.43707069754600525,0.5714766979217529,0.3889924883842468,0.549087643623352,0.3492249548435211,0.5316203832626343,0.3163837194442749,0.5911363363265991,0.47933194041252136,0.5120140314102173,0.45940425992012024,0.4608527421951294,0.44979792833328247,0.42774954438209534,0.44333112239837646,0.5753428936004639,0.531372606754303,0.4878687858581543,0.5120148658752441,0.46057963371276855,0.49711522459983826,0.45349550247192383,0.48420941829681396,0.5585156083106995,0.5845663547515869,0.48888248205184937,0.5640372633934021,0.47255077958106995,0.5487415790557861,0.4706248641014099,0.5327845811843872,ㅓ
0.7154220342636108,0.6310811042785645,0.6794772744178772,0.5565448999404907,0.6202760934829712,0.5126625299453735,0.5626044273376465,0.5148703455924988,0.5240107774734497,0.5214757919311523,0.6680834293365479,0.5009814500808716,0.6585426926612854,0.4772205948829651,0.6552194356918335,0.44525250792503357,0.6584891080856323,0.4093204736709595,0.666140079498291,0.5367138981819153,0.5722023844718933,0.527725338935852,0.5719497799873352,0.5405853390693665,0.5949527025222778,0.5443866848945618,0.6539013385772705,0.5809373259544373,0.5565739870071411,0.5784635543823242,0.5720958113670349,0.5863581299781799,0.6034881472587585,0.5858962535858154,0.6391444802284241,0.6240062713623047,0.5653848648071289,0.6216462254524231,0.5790518522262573,0.624204695224762,0.6059894561767578,0.6221686005592346,ㅓ
0.6902890205383301,0.7112231254577637,0.6594142913818359,0.651483416557312,0.6101404428482056,0.6141636967658997,0.5611478686332703,0.6097126603126526,0.5265138745307922,0.6085348129272461,0.6477368474006653,0.6050214171409607,0.6387386322021484,0.5751523375511169,0.6361912488937378,0.5495497584342957,0.6380476355552673,0.5236560106277466,0.64454185962677,0.6339954137802124,0.5655140280723572,0.6194644570350647,0.5694058537483215,0.6337795257568359,0.5929996371269226,0.6414133906364441,0.6330940127372742,0.6702320575714111,0.5546156167984009,0.6643897294998169,0.5697119235992432,0.6724933385848999,0.5961393713951111,0.6726945638656616,0.619947075843811,0.7062268853187561,0.5616132020950317,0.700613796710968,0.5749255418777466,0.7046025991439819,0.5980561375617981,0.7041482329368591,ㅓ
0.7238266468048096,0.6951058506965637,0.7065659761428833,0.6425825357437134,0.6723566055297852,0.5845342874526978,0.6428500413894653,0.5465232729911804,0.631036102771759,0.5253745317459106,0.68414306640625,0.5731998682022095,0.645098090171814,0.561429500579834,0.6241470575332642,0.543785810470581,0.6129656434059143,0.5277359485626221,0.6790056228637695,0.6037207245826721,0.6167206168174744,0.6007595062255859,0.5861954092979431,0.593478798866272,0.5686577558517456,0.5840629935264587,0.6686432361602783,0.638876736164093,0.6047821044921875,0.6413644552230835,0.5943557024002075,0.6397746801376343,0.5960468053817749,0.6317423582077026,0.6575392484664917,0.6736407279968262,0.6071435809135437,0.6710587739944458,0.6021541357040405,0.673080325126648,0.605635404586792,0.6671541333198547,ㅓ
0.7999087572097778,0.6537359952926636,0.7529598474502563,0.5839665532112122,0.702890932559967,0.5329376459121704,0.6573103070259094,0.5093892812728882,0.6277327537536621,0.48139166831970215,0.7568582892417908,0.48358872532844543,0.7549522519111633,0.4374943673610687,0.7645853161811829,0.3910031318664551,0.7814847230911255,0.3502761721611023,0.7713598608970642,0.5217447280883789,0.6739598512649536,0.49323633313179016,0.6427053213119507,0.5135597586631775,0.640343189239502,0.5300145745277405,0.7707358002662659,0.5736913681030273,0.6640446186065674,0.5607248544692993,0.6545289158821106,0.5725716352462769,0.6745150685310364,0.580391526222229,0.7603002786636353,0.6257907152175903,0.6739356517791748,0.6099681854248047,0.6668902635574341,0.6114399433135986,0.6859989166259766,0.6098877191543579,ㅓ
0.7956576347351074,0.821348249912262,0.770865261554718,0.7179973125457764,0.705318033695221,0.6502657532691956,0.6362550854682922,0.6206524968147278,0.5880685448646545,0.6081310510635376,0.7397229671478271,0.6446245312690735,0.7272773385047913,0.598243236541748,0.7160942554473877,0.5516071319580078,0.7120282649993896,0.5087106227874756,0.7304485440254211,0.6866334080696106,0.6344144940376282,0.6474059224128723,0.5883842706680298,0.6321622729301453,0.5727521777153015,0.6235126256942749,0.713438868522644,0.7395530939102173,0.6120148301124573,0.7077791690826416,0.583583414554596,0.6896705031394958,0.5855923891067505,0.6795463562011719,0.6947791576385498,0.7926337122917175,0.6112993359565735,0.7667367458343506,0.5888927578926086,0.7481091022491455,0.5883857011795044,0.7342538833618164,ㅓ
0.804264485836029,0.8154807090759277,0.7749064564704895,0.7082973718643188,0.7071169018745422,0.6399715542793274,0.6386455297470093,0.611158549785614,0.5891932845115662,0.5942345857620239,0.7405676245689392,0.6319089531898499,0.7246331572532654,0.5830091238021851,0.7168715000152588,0.5351595282554626,0.7163528800010681,0.4900597929954529,0.7342579364776611,0.6729453206062317,0.6411423087120056,0.6357810497283936,0.596346378326416,0.6199060082435608,0.57904052734375,0.610954761505127,0.7212645411491394,0.7259536385536194,0.6217708587646484,0.6962578892707825,0.5936183333396912,0.6803138256072998,0.5941169261932373,0.6717355847358704,0.7068334817886353,0.7812800407409668,0.6243137717247009,0.7584026455879211,0.6010160446166992,0.7418819069862366,0.5981579422950745,0.7295424938201904,ㅓ
0.7873864769935608,0.8021978139877319,0.7630763053894043,0.7034152746200562,0.7130307555198669,0.6420680284500122,0.6573495864868164,0.6197836399078369,0.6108986139297485,0.6202435493469238,0.7158685922622681,0.6052785515785217,0.6961401104927063,0.5298553705215454,0.6884447336196899,0.4715244472026825,0.690407395362854,0.4221794009208679,0.7122634649276733,0.6447128653526306,0.5979867577552795,0.6137306690216064,0.5605869293212891,0.6352763175964355,0.5584747791290283,0.6531904339790344,0.701961874961853,0.7013211846351624,0.5911850929260254,0.6778274178504944,0.5721971988677979,0.6891120672225952,0.5852209329605103,0.6979019045829773,0.6914117336273193,0.7590168118476868,0.6007164120674133,0.7311534285545349,0.5867584943771362,0.7297893762588501,0.5968167781829834,0.7310391664505005,ㅓ
0.7944873571395874,0.8210873007774353,0.7729300260543823,0.7233790755271912,0.7270157337188721,0.6600283980369568,0.6760901212692261,0.6306840181350708,0.6327321529388428,0.6242657899856567,0.7250272631645203,0.6189307570457458,0.7026761770248413,0.5535509586334229,0.6979584097862244,0.5008672475814819,0.7022796869277954,0.45473527908325195,0.718997061252594,0.6573268175125122,0.6043335199356079,0.623676061630249,0.5681843757629395,0.6384381055831909,0.5665255188941956,0.6520669460296631,0.7071310877799988,0.7137990593910217,0.5957029461860657,0.6897971630096436,0.5754605531692505,0.6968876719474792,0.5864620804786682,0.7018530368804932,0.695578932762146,0.7725709676742554,0.6056154370307922,0.7457108497619629,0.5889104604721069,0.7410330176353455,0.5953325033187866,0.7383430600166321,ㅓ
0.8016113638877869,0.815227746963501,0.7822373509407043,0.7217185497283936,0.7360101342201233,0.6590238809585571,0.6832284331321716,0.6301863789558411,0.6416009664535522,0.6210129857063293,0.7396556735038757,0.6209927201271057,0.7216505408287048,0.5645686984062195,0.7178852558135986,0.5167311429977417,0.723283588886261,0.47372791171073914,0.7352609038352966,0.6615280508995056,0.6307758688926697,0.6218783259391785,0.5825678706169128,0.6248615980148315,0.5673600435256958,0.6320578455924988,0.7219153642654419,0.7171948552131653,0.6165364384651184,0.6856446862220764,0.5848440527915955,0.6860049366950989,0.5850523114204407,0.6889108419418335,0.7073571085929871,0.7764620780944824,0.6224525570869446,0.7445682883262634,0.5984366536140442,0.7364534139633179,0.597244918346405,0.7332852482795715,ㅓ
0.7860488891601562,0.774390697479248,0.7636598944664001,0.6698612570762634,0.6937897205352783,0.6026603579521179,0.621596097946167,0.573630154132843,0.5705463886260986,0.5495591759681702,0.7330361008644104,0.5938104391098022,0.7140663266181946,0.5569705963134766,0.6932052373886108,0.524497926235199,0.6790904998779297,0.49850285053253174,0.7216901779174805,0.642595112323761,0.626118540763855,0.6021877527236938,0.575006365776062,0.5872568488121033,0.551375687122345,0.5818512439727783,0.7029077410697937,0.6998939514160156,0.6019299030303955,0.6663797497749329,0.5741980075836182,0.6507335901260376,0.5740267634391785,0.6425583958625793,0.6822630763053894,0.7589483261108398,0.5971129536628723,0.7302770614624023,0.5746901631355286,0.7106753587722778,0.5740938782691956,0.6961077451705933,ㅓ
0.7985983490943909,0.7718468904495239,0.7721423506736755,0.6632571220397949,0.703625500202179,0.5921660661697388,0.6322617530822754,0.5564770698547363,0.5818380117416382,0.536174476146698,0.7411180138587952,0.5885239839553833,0.714601457118988,0.5537084341049194,0.6960887312889099,0.5191306471824646,0.688249409198761,0.49430596828460693,0.7275539040565491,0.6402552127838135,0.6221015453338623,0.595763623714447,0.5719486474990845,0.580159604549408,0.5519439578056335,0.5770671367645264,0.7073894143104553,0.7008340358734131,0.6007875800132751,0.6642897129058838,0.5733853578567505,0.6465248465538025,0.5743118524551392,0.6376022100448608,0.6875305771827698,0.7619924545288086,0.6008921265602112,0.7337732911109924,0.5777125358581543,0.7120946645736694,0.5749708414077759,0.6932671666145325,ㅓ
0.8267722725868225,0.7645506858825684,0.7982774376869202,0.6508450508117676,0.7232382297515869,0.5702387690544128,0.6460881233215332,0.530604362487793,0.5914444923400879,0.5144322514533997,0.7820122241973877,0.5856269001960754,0.770486056804657,0.5513170957565308,0.7464162111282349,0.514930248260498,0.7318425178527832,0.4913988709449768,0.7724839448928833,0.6375531554222107,0.674911618232727,0.5861369967460632,0.6090500354766846,0.560452938079834,0.5781711935997009,0.5531477332115173,0.7490395903587341,0.6950494647026062,0.6398797035217285,0.648786723613739,0.6051504611968994,0.6262706518173218,0.6045924425125122,0.6152836084365845,0.7214411497116089,0.7525976896286011,0.6298117637634277,0.7163897156715393,0.6066224575042725,0.6926209926605225,0.6099896430969238,0.6774675846099854,ㅓ
0.8133850693702698,0.6872609257698059,0.7556488513946533,0.5852303504943848,0.6762123703956604,0.5198013782501221,0.6047273278236389,0.49653729796409607,0.559234082698822,0.4969300925731659,0.7548292279243469,0.5126185417175293,0.7493060231208801,0.4771752953529358,0.7572815418243408,0.43801456689834595,0.777874231338501,0.41141343116760254,0.7622084617614746,0.567060112953186,0.6414850950241089,0.5414465069770813,0.5882313847541809,0.546484649181366,0.5777674317359924,0.5630754232406616,0.7500557899475098,0.6283739805221558,0.6202165484428406,0.6092418432235718,0.5980163812637329,0.6065424680709839,0.6181058287620544,0.6091020107269287,0.7300872802734375,0.6855260133743286,0.622531533241272,0.6747025847434998,0.6059045195579529,0.6588208079338074,0.6248400211334229,0.6437715291976929,ㅓ
0.7779762744903564,0.6751424074172974,0.729392945766449,0.5848471522331238,0.6496894955635071,0.5420050621032715,0.5731425285339355,0.5311276316642761,0.525161862373352,0.536706805229187,0.702704668045044,0.5256544351577759,0.6807334423065186,0.5004429817199707,0.6660933494567871,0.4729456305503845,0.6669756770133972,0.4560927748680115,0.7078621983528137,0.579055666923523,0.5922485589981079,0.5725998282432556,0.5526411533355713,0.5770304799079895,0.5493977665901184,0.5828656554222107,0.6999049782752991,0.6410248279571533,0.5792847871780396,0.6443073749542236,0.5653146505355835,0.6397590637207031,0.5842328071594238,0.6340078115463257,0.6867847442626953,0.7002801895141602,0.5890511870384216,0.7080157399177551,0.574462890625,0.6939998865127563,0.5856719017028809,0.6756904721260071,ㅓ
0.758764386177063,0.6825884580612183,0.7164828777313232,0.605623722076416,0.6398895978927612,0.5693575739860535,0.5709872841835022,0.5665743947029114,0.5338324308395386,0.5470913052558899,0.677276611328125,0.5430218577384949,0.6506290435791016,0.5152425765991211,0.6411147713661194,0.4827827215194702,0.6445091962814331,0.4529011845588684,0.6777880787849426,0.5944716334342957,0.5583649277687073,0.5872765779495239,0.5261809229850769,0.590104877948761,0.528344988822937,0.5933552384376526,0.6714776754379272,0.6560482382774353,0.5450090765953064,0.6662833094596863,0.543822169303894,0.660300076007843,0.5714001655578613,0.6523923873901367,0.6631028652191162,0.717871904373169,0.562751054763794,0.7263452410697937,0.5594515800476074,0.7135178446769714,0.5805943608283997,0.6979418396949768,ㅓ
0.7634131908416748,0.6997137069702148,0.7304436564445496,0.6224059462547302,0.6694968938827515,0.5763095617294312,0.6224673390388489,0.5473318099975586,0.6133832335472107,0.5029653310775757,0.6856410503387451,0.5687621235847473,0.6472821831703186,0.5370760560035706,0.6403470039367676,0.5053184628486633,0.6521933078765869,0.47855809330940247,0.6857944130897522,0.6200491189956665,0.5658544898033142,0.6207441687583923,0.5359958410263062,0.614138662815094,0.5426080226898193,0.6077759265899658,0.6792298555374146,0.6793351173400879,0.5602076053619385,0.6908261775970459,0.5383082628250122,0.673230767250061,0.5478996634483337,0.6546391248703003,0.6712685823440552,0.7369716167449951,0.573218584060669,0.7520025968551636,0.5534337759017944,0.7336657047271729,0.5591443777084351,0.7100982069969177,ㅓ
0.7831804752349854,0.7163023948669434,0.7527809739112854,0.6396538615226746,0.7011874318122864,0.5825804471969604,0.6728652119636536,0.5420867204666138,0.6853474378585815,0.4986097812652588,0.7122614979743958,0.585616946220398,0.6739059090614319,0.547924816608429,0.6783475279808044,0.5059448480606079,0.7036461234092712,0.47866344451904297,0.7093949317932129,0.6342443823814392,0.5785703659057617,0.6201760768890381,0.5658295750617981,0.6083781719207764,0.5904592275619507,0.6101067066192627,0.698701798915863,0.689410924911499,0.5711525678634644,0.6886229515075684,0.5685020685195923,0.6688971519470215,0.5970396995544434,0.6597045063972473,0.6855049729347229,0.7430319786071777,0.5859557390213013,0.7413607835769653,0.5801286101341248,0.718383252620697,0.599560022354126,0.6998317837715149,ㅓ
0.7951784133911133,0.721437394618988,0.7642850875854492,0.6416111588478088,0.7139413356781006,0.5758357048034668,0.690595269203186,0.5326451659202576,0.7094801068305969,0.49419426918029785,0.7272464632987976,0.585683286190033,0.6938316226005554,0.5448894500732422,0.6968005299568176,0.505627453327179,0.7249168753623962,0.4829959273338318,0.728632390499115,0.6381073594093323,0.6005163788795471,0.6189208626747131,0.5774865746498108,0.6010982394218445,0.5997393131256104,0.6017537713050842,0.7188259363174438,0.6961984634399414,0.590045154094696,0.6928006410598755,0.5762515068054199,0.6662577390670776,0.6019237637519836,0.6537423729896545,0.7050626277923584,0.7501283884048462,0.6006320118904114,0.7451385259628296,0.586828887462616,0.7181854844093323,0.6046543121337891,0.6985065937042236,ㅓ
0.8109405636787415,0.694256067276001,0.7821406126022339,0.612182080745697,0.733201801776886,0.5441378355026245,0.7030926942825317,0.4990914463996887,0.7091326713562012,0.44628259539604187,0.7410474419593811,0.54136723279953,0.7286922335624695,0.49211519956588745,0.7341667413711548,0.4452635645866394,0.7581468820571899,0.40488433837890625,0.7486847639083862,0.5891950130462646,0.6334765553474426,0.5696492195129395,0.5949521660804749,0.5722700357437134,0.5985469222068787,0.5774375200271606,0.7429015636444092,0.6469081044197083,0.6186503767967224,0.6375976800918579,0.5953731536865234,0.6272350549697876,0.6131876111030579,0.6167864799499512,0.7307231426239014,0.7050393223762512,0.6288249492645264,0.6950006484985352,0.6128169298171997,0.6785072684288025,0.6296690702438354,0.6613845825195312,ㅓ
0.7896996140480042,0.677952229976654,0.7514429092407227,0.582410991191864,0.6721559762954712,0.5309733152389526,0.599772572517395,0.5549535751342773,0.5609503984451294,0.5934634804725647,0.7250352501869202,0.512260377407074,0.7033767104148865,0.47608205676078796,0.6977996230125427,0.4339074492454529,0.7027780413627625,0.3894141912460327,0.7214992046356201,0.5664963722229004,0.6077472567558289,0.5494376420974731,0.5993741750717163,0.5642614960670471,0.6228942275047302,0.5710493922233582,0.7071904540061951,0.6289592981338501,0.5854802131652832,0.620355486869812,0.5943222045898438,0.6221836805343628,0.6312839388847351,0.6191517114639282,0.6884817481040955,0.6897072196006775,0.5930127501487732,0.6746756434440613,0.6014217138290405,0.6648091077804565,0.6365547180175781,0.6593009233474731,ㅓ
0.30205607414245605,0.7188321352005005,0.3193969428539276,0.648323118686676,0.3640383780002594,0.5910865068435669,0.41299018263816833,0.5622763633728027,0.4498291611671448,0.5514284372329712,0.33881500363349915,0.556936502456665,0.3528158366680145,0.512903094291687,0.35834476351737976,0.47861215472221375,0.3619789779186249,0.44691354036331177,0.342351496219635,0.5812779068946838,0.4340210258960724,0.5674336552619934,0.42992645502090454,0.5998664498329163,0.4067606031894684,0.6119034886360168,0.3536650240421295,0.6206411123275757,0.43858078122138977,0.6221526861190796,0.42597079277038574,0.6474629044532776,0.4018855392932892,0.6492059826850891,0.3679235279560089,0.6645753979682922,0.43024009466171265,0.6701062917709351,0.41658830642700195,0.6858588457107544,0.39295655488967896,0.6843061447143555,ㅓ
0.2606898248195648,0.7382627129554749,0.2786250114440918,0.660338282585144,0.32882434129714966,0.6046254634857178,0.3799927830696106,0.5751844644546509,0.41818326711654663,0.5698547959327698,0.3085063099861145,0.5769535899162292,0.31985747814178467,0.538340151309967,0.3245127499103546,0.5135983228683472,0.32407960295677185,0.4903837740421295,0.3125598728656769,0.6039332747459412,0.4061018228530884,0.5916280150413513,0.4001486897468567,0.619631290435791,0.37321215867996216,0.6294450163841248,0.3230673372745514,0.647427499294281,0.4079802930355072,0.6436960697174072,0.3962533175945282,0.6673402190208435,0.3720203936100006,0.6708469986915588,0.335395485162735,0.6958057880401611,0.4022604823112488,0.6914368867874146,0.38843607902526855,0.7044130563735962,0.36232316493988037,0.7048842906951904,ㅓ
0.28074711561203003,0.6808143854141235,0.3010377585887909,0.6054078936576843,0.35692745447158813,0.5556461215019226,0.41348031163215637,0.5390790104866028,0.45657286047935486,0.5502240657806396,0.3312642574310303,0.5395177602767944,0.34478190541267395,0.5101936459541321,0.35803359746932983,0.5020571351051331,0.3653567135334015,0.4991328716278076,0.3372603952884674,0.5713446736335754,0.4329611659049988,0.5613073706626892,0.4290241599082947,0.5845025777816772,0.4013705551624298,0.594637393951416,0.3500600755214691,0.6156250834465027,0.4335183799266815,0.6159899830818176,0.4220445454120636,0.6352788209915161,0.39703986048698425,0.6369069814682007,0.3627072274684906,0.6617269515991211,0.4276829659938812,0.6584130525588989,0.41350093483924866,0.6705946922302246,0.3884804844856262,0.6698417067527771,ㅓ
0.2406233251094818,0.6358966827392578,0.2559131979942322,0.5577236413955688,0.31034931540489197,0.49595052003860474,0.3704700469970703,0.47180789709091187,0.4137779474258423,0.4837052822113037,0.27413737773895264,0.4918009042739868,0.28649160265922546,0.4610735774040222,0.29164695739746094,0.4507848620414734,0.28822872042655945,0.4447720944881439,0.2779518663883209,0.5269991159439087,0.3836935758590698,0.4955980181694031,0.38199666142463684,0.5175894498825073,0.35085222125053406,0.5331076979637146,0.29536616802215576,0.5729508996009827,0.3924639821052551,0.5474669933319092,0.38467028737068176,0.5682886838912964,0.35541003942489624,0.5759348273277283,0.3161480128765106,0.6165987253189087,0.39274129271507263,0.5959582924842834,0.3788953423500061,0.6114644408226013,0.3498172163963318,0.6182305812835693,ㅓ
0.2624545097351074,0.6853006482124329,0.29053738713264465,0.6133680939674377,0.3480318784713745,0.559560239315033,0.40121063590049744,0.5307421684265137,0.43511533737182617,0.5382061004638672,0.3232347369194031,0.530693769454956,0.3360159993171692,0.4942888021469116,0.3422037363052368,0.46603110432624817,0.34473374485969543,0.4379798173904419,0.3236212432384491,0.5564374923706055,0.41971898078918457,0.5576019287109375,0.41561299562454224,0.5865073204040527,0.39024150371551514,0.5895106196403503,0.33080360293388367,0.5997862219810486,0.4190109372138977,0.6076123714447021,0.407391220331192,0.6315878629684448,0.3809508681297302,0.6290862560272217,0.34099718928337097,0.6483699679374695,0.4073425531387329,0.654476523399353,0.3929677903652191,0.6707621216773987,0.36681994795799255,0.6691833138465881,ㅓ
0.25612974166870117,0.7362924218177795,0.2851431369781494,0.6670599579811096,0.3391769230365753,0.6186164021492004,0.3903293311595917,0.5948896408081055,0.4217934012413025,0.5980950593948364,0.3151310980319977,0.5836138725280762,0.3311607241630554,0.5429430603981018,0.33243057131767273,0.5098745226860046,0.33012083172798157,0.47637927532196045,0.3143123984336853,0.6091007590293884,0.40583300590515137,0.6155033707618713,0.3973289430141449,0.6459627151489258,0.3733727037906647,0.6512044668197632,0.3194078803062439,0.6514082551002502,0.4018169045448303,0.6683284044265747,0.38724485039711,0.6895723938941956,0.36442095041275024,0.6864490509033203,0.32760000228881836,0.6985129117965698,0.39287295937538147,0.7081588506698608,0.37933480739593506,0.7194809913635254,0.35540810227394104,0.7160410284996033,ㅓ
