0.8200574517250061,0.8190534710884094,0.8020743727684021,0.746822714805603,0.7563668489456177,0.6878808736801147,0.708575427532196,0.6609567999839783,0.6812415719032288,0.6497488021850586,0.7794184684753418,0.644229531288147,0.7452543377876282,0.6181515455245972,0.7239632606506348,0.5956748127937317,0.7137826681137085,0.572211503982544,0.7788050174713135,0.6855853199958801,0.6814574599266052,0.6620339155197144,0.6489146947860718,0.6843825578689575,0.6473261117935181,0.7022644281387329,0.7697222232818604,0.7414154410362244,0.6743626594543457,0.7287319302558899,0.6418548226356506,0.7344101071357727,0.6376725435256958,0.7327793836593628,0.7574287056922913,0.8005532622337341,0.6998090744018555,0.788196861743927,0.6815431714057922,0.7868161797523499,0.6794215440750122,0.7853463888168335,ㅔ
0.8180780410766602,0.8215563893318176,0.7960787415504456,0.7526064515113831,0.750558078289032,0.6812819838523865,0.7100020051002502,0.6374294757843018,0.689242959022522,0.6050153374671936,0.7671828269958496,0.6426900625228882,0.7171311974525452,0.6216621398925781,0.6976017355918884,0.6242302656173706,0.6913025379180908,0.6299511194229126,0.7678961157798767,0.6928921937942505,0.6649961471557617,0.6732203960418701,0.6330162286758423,0.704014778137207,0.6287420988082886,0.729218065738678,0.761486828327179,0.7561953067779541,0.662697970867157,0.7329259514808655,0.6306465864181519,0.7492464184761047,0.6251159310340881,0.7590653896331787,0.7498562335968018,0.8213189244270325,0.6950266361236572,0.7858197689056396,0.6653985381126404,0.7611070871353149,0.6493663787841797,0.7357155680656433,ㅔ
0.7646042108535767,0.7384179830551147,0.7430620789527893,0.6681182980537415,0.6987701654434204,0.6145856380462646,0.655690610408783,0.5895261168479919,0.6402308940887451,0.5741620063781738,0.7154258489608765,0.5730209946632385,0.6784096956253052,0.546570360660553,0.6605830192565918,0.5431006550788879,0.6559918522834778,0.5457517504692078,0.7183899879455566,0.6216114163398743,0.6173810958862305,0.6114130616188049,0.5856282711029053,0.6325212717056274,0.5823870301246643,0.6506773233413696,0.7123753428459167,0.6818236112594604,0.6138169765472412,0.6771674752235413,0.5793155431747437,0.6855044364929199,0.570030689239502,0.6910191178321838,0.7037102580070496,0.7413854598999023,0.6413990259170532,0.7505403757095337,0.6209518909454346,0.767967164516449,0.6144756078720093,0.7859615087509155,ㅔ
0.8072964549064636,0.7324625253677368,0.7798185348510742,0.666344404220581,0.7264158725738525,0.622651994228363,0.6770933270454407,0.6097939610481262,0.6601841449737549,0.6006322503089905,0.7427599430084229,0.5783042311668396,0.7060167193412781,0.561973512172699,0.6919049024581909,0.5520655512809753,0.6890929341316223,0.5434411764144897,0.748450517654419,0.6224067807197571,0.647139847278595,0.6257492899894714,0.6214890480041504,0.651596188545227,0.6236351132392883,0.670940637588501,0.7469019293785095,0.6826114654541016,0.6472764015197754,0.6936632990837097,0.6225959658622742,0.7055009007453918,0.6214479804039001,0.7098750472068787,0.7434729337692261,0.7431004047393799,0.684796154499054,0.7634109854698181,0.6681254506111145,0.7842896580696106,0.6649703979492188,0.8044005632400513,ㅔ
0.7455688714981079,0.7573143243789673,0.7103399038314819,0.6985052824020386,0.6617300510406494,0.6389186382293701,0.6265236735343933,0.6016831994056702,0.6215559244155884,0.5668084621429443,0.6913102269172668,0.5953028202056885,0.6612514853477478,0.5681847333908081,0.6530365943908691,0.5574414730072021,0.654370129108429,0.5502744913101196,0.7050169706344604,0.6385886073112488,0.5960646867752075,0.6396775245666504,0.5622263550758362,0.6798757314682007,0.557487964630127,0.705681562423706,0.7051360011100769,0.7014316320419312,0.5997235774993896,0.6956464648246765,0.5670939087867737,0.713529109954834,0.5632206201553345,0.7201441526412964,0.6964480876922607,0.7666168808937073,0.6390517354011536,0.7458403706550598,0.6096296310424805,0.7274327874183655,0.5963610410690308,0.7074136137962341,ㅔ
0.7768326997756958,0.7137540578842163,0.744839072227478,0.6502494215965271,0.7003228068351746,0.592269241809845,0.6683735847473145,0.5518822073936462,0.6678023934364319,0.5170400738716125,0.71701580286026,0.5552653670310974,0.6746886968612671,0.5359945893287659,0.6609490513801575,0.5409014821052551,0.6638764142990112,0.5501450300216675,0.7254611253738403,0.6028101444244385,0.6186020970344543,0.6043550372123718,0.5850334167480469,0.6326584219932556,0.5801200270652771,0.6516996622085571,0.7266496419906616,0.6650733351707458,0.6190966367721558,0.6705405116081238,0.5939099192619324,0.6839113235473633,0.5961500406265259,0.6857464909553528,0.722213864326477,0.7282810211181641,0.6529422402381897,0.7212085723876953,0.6340678930282593,0.7183678150177002,0.633021354675293,0.7108972072601318,ㅔ
0.7932020425796509,0.720793604850769,0.7668917179107666,0.6420997977256775,0.7148449420928955,0.5879421234130859,0.6670039892196655,0.5760872960090637,0.651358962059021,0.5922560691833496,0.7320976853370667,0.5520957708358765,0.6939718127250671,0.5376251339912415,0.6775608062744141,0.5312180519104004,0.6763628125190735,0.5296424031257629,0.7333798408508301,0.6056743264198303,0.6290342211723328,0.6055534482002258,0.593843400478363,0.6247215270996094,0.5886869430541992,0.6400416493415833,0.7284169793128967,0.6711704134941101,0.6284602880477905,0.6757330298423767,0.5992106199264526,0.6822603344917297,0.59605473279953,0.6837659478187561,0.722713828086853,0.7348418235778809,0.661293089389801,0.7535209655761719,0.6374221444129944,0.7741475105285645,0.6291085481643677,0.7931978702545166,ㅔ
0.830868124961853,0.7358036637306213,0.8048393726348877,0.6590830087661743,0.7501277327537537,0.6052373051643372,0.6976057291030884,0.5908679366111755,0.6854355931282043,0.5939712524414062,0.7789649367332458,0.5534307360649109,0.7410805225372314,0.5320035815238953,0.7276004552841187,0.5237523913383484,0.7263429164886475,0.5183806419372559,0.783790111541748,0.6073176860809326,0.6767427325248718,0.6086784601211548,0.637538492679596,0.6233906149864197,0.6257458925247192,0.6337798237800598,0.7787032723426819,0.6742755770683289,0.6728379130363464,0.6777262091636658,0.6369351744651794,0.6784675121307373,0.6251212358474731,0.6727120876312256,0.7720657587051392,0.7371642589569092,0.7077913284301758,0.7548023462295532,0.6891764402389526,0.7836324572563171,0.684053897857666,0.8078560829162598,ㅔ
0.8077446222305298,0.7701794505119324,0.7923882603645325,0.693124532699585,0.7509812712669373,0.628531813621521,0.7118563652038574,0.5926477909088135,0.6825770735740662,0.5737695097923279,0.7553873658180237,0.5941108465194702,0.7225677371025085,0.5674778819084167,0.7041589021682739,0.5421876311302185,0.6928637027740479,0.5167686939239502,0.7534126043319702,0.6348326206207275,0.6586560606956482,0.6251744627952576,0.6341444849967957,0.6497628092765808,0.6352790594100952,0.6650105118751526,0.7454522252082825,0.6897785663604736,0.6562923192977905,0.6852521896362305,0.6300091743469238,0.6934528946876526,0.6272350549697876,0.6927540302276611,0.7368823289871216,0.7468665838241577,0.6770220398902893,0.7323327660560608,0.6535478830337524,0.7247198224067688,0.6435362696647644,0.7164064645767212,ㅔ
0.8106285929679871,0.8357646465301514,0.7962350249290466,0.7564994096755981,0.7575173377990723,0.6883998513221741,0.7191329598426819,0.6540989875793457,0.6866018772125244,0.6395171284675598,0.7610853910446167,0.6507036685943604,0.7254907488822937,0.6078930497169495,0.7082579731941223,0.5732080340385437,0.6962276101112366,0.5403573513031006,0.756643533706665,0.6886793375015259,0.6656473278999329,0.6667699217796326,0.643250048160553,0.6877642273902893,0.6426384449005127,0.7014622688293457,0.745492696762085,0.741716742515564,0.6593367457389832,0.7236201167106628,0.6337143182754517,0.7308254837989807,0.6295214295387268,0.7339373826980591,0.7332732081413269,0.7973922491073608,0.6758089661598206,0.7663288116455078,0.649619996547699,0.7486571073532104,0.6346184611320496,0.7338345050811768,ㅔ
0.8159341216087341,0.8237465620040894,0.7968949675559998,0.7339473962783813,0.7468801736831665,0.668101966381073,0.6973525285720825,0.6465325951576233,0.6612755656242371,0.6478883028030396,0.7555599212646484,0.6277945041656494,0.7114130854606628,0.5896478295326233,0.6883214116096497,0.5546772480010986,0.6725468635559082,0.5201647877693176,0.7504433989524841,0.6722533106803894,0.6365970969200134,0.655586838722229,0.6307499408721924,0.6832877397537231,0.6512209177017212,0.6939051151275635,0.7392760515213013,0.7334068417549133,0.6308927536010742,0.7166327238082886,0.6265784502029419,0.7324799299240112,0.6486608386039734,0.7380610704421997,0.7293575406074524,0.7959962487220764,0.6490681171417236,0.7724460363388062,0.6380717754364014,0.7711653709411621,0.6466594934463501,0.7721885442733765,ㅔ
0.8329989314079285,0.7501154541969299,0.8070664405822754,0.662269651889801,0.7557230591773987,0.5996685028076172,0.7088338136672974,0.5773836970329285,0.6703060865402222,0.5835923552513123,0.7535873055458069,0.5642504096031189,0.6975299119949341,0.5267004370689392,0.6630811095237732,0.5002422332763672,0.6365640759468079,0.4784190356731415,0.7430633306503296,0.6064592003822327,0.6312174797058105,0.605563759803772,0.6362046003341675,0.6341832876205444,0.6617101430892944,0.6442344188690186,0.7343629598617554,0.666409432888031,0.6326350569725037,0.665039598941803,0.6337227821350098,0.6837062835693359,0.6541283130645752,0.6885880827903748,0.7302277088165283,0.7277515530586243,0.6592336297035217,0.7189260721206665,0.6293854117393494,0.716411292552948,0.6120880842208862,0.7133667469024658,ㅔ
0.8607417345046997,0.7352151274681091,0.8347275257110596,0.6455362439155579,0.7811446189880371,0.5844545960426331,0.7294173836708069,0.5682163834571838,0.6909471750259399,0.5788453817367554,0.7771396040916443,0.543957531452179,0.7143152952194214,0.5089044570922852,0.675902247428894,0.4825727939605713,0.6461942791938782,0.46395403146743774,0.7642866969108582,0.5907973051071167,0.6489859223365784,0.5910068154335022,0.6630387902259827,0.621232807636261,0.6929792761802673,0.6293060779571533,0.7543481588363647,0.6531005501747131,0.6509175896644592,0.6489406824111938,0.660464882850647,0.6694732904434204,0.6858912110328674,0.6733355522155762,0.7488725185394287,0.7143679857254028,0.6779333353042603,0.7038808465003967,0.6467819213867188,0.7038683891296387,0.6264719367027283,0.7021089792251587,ㅔ
0.8596163392066956,0.7262834310531616,0.8345574140548706,0.6347375512123108,0.7813700437545776,0.5712863802909851,0.7318779230117798,0.5426121950149536,0.6929808855056763,0.5399249792098999,0.7868242263793945,0.5385904312133789,0.7380617260932922,0.506080150604248,0.7053155303001404,0.47995448112487793,0.6797001361846924,0.4586891531944275,0.7781471610069275,0.5817229151725769,0.6643088459968567,0.581555962562561,0.6646510362625122,0.6107931137084961,0.6889631748199463,0.6223534941673279,0.7687307596206665,0.6428269743919373,0.6640762686729431,0.642332911491394,0.6637293696403503,0.6591874957084656,0.6851462721824646,0.6606816053390503,0.7633134126663208,0.7048041820526123,0.6948585510253906,0.7024262547492981,0.6704981923103333,0.7039356827735901,0.6598432064056396,0.7026921510696411,ㅔ
0.7962644696235657,0.7711888551712036,0.7669594883918762,0.6992037296295166,0.7169574499130249,0.6544204354286194,0.6707844138145447,0.6484819054603577,0.6429809927940369,0.6530638337135315,0.7337161302566528,0.6152063012123108,0.7077080011367798,0.5917155146598816,0.6895590424537659,0.5680282115936279,0.6792582273483276,0.5466817617416382,0.740088164806366,0.6599099636077881,0.643936276435852,0.6594235301017761,0.6163310408592224,0.6817368865013123,0.616526186466217,0.698043167591095,0.7383739352226257,0.722316324710846,0.6420270204544067,0.7259500026702881,0.6174887418746948,0.7345982193946838,0.6177699565887451,0.7351208925247192,0.7332895994186401,0.7859832048416138,0.6733500361442566,0.7872821688652039,0.6552013754844666,0.7947246432304382,0.6523184776306152,0.8034673929214478,ㅔ
0.7348324060440063,0.7833030223846436,0.7178154587745667,0.7104843854904175,0.6797801852226257,0.6572067141532898,0.6421083807945251,0.6347343921661377,0.6105798482894897,0.6302919387817383,0.6857612729072571,0.6240992546081543,0.6568841338157654,0.5912741422653198,0.6442185640335083,0.558951735496521,0.6361036896705627,0.5273653268814087,0.686761736869812,0.6598193645477295,0.5967066287994385,0.6485508680343628,0.5753847360610962,0.6723430156707764,0.5776810646057129,0.6872063279151917,0.6796075105667114,0.7106450796127319,0.5887280106544495,0.705799400806427,0.570049524307251,0.719662070274353,0.5765353441238403,0.7270612716674805,0.6695942878723145,0.7642313838005066,0.608866274356842,0.748955488204956,0.5980314612388611,0.7438884377479553,0.6030384302139282,0.738068699836731,ㅔ
0.7258820533752441,0.8429127931594849,0.7100852727890015,0.7679039835929871,0.6752445101737976,0.7151031494140625,0.6347947716712952,0.700751006603241,0.6011092662811279,0.7049211859703064,0.6782069802284241,0.6722151041030884,0.6451640725135803,0.619360089302063,0.6373648047447205,0.5794646739959717,0.6335213780403137,0.5426864624023438,0.6739358305931091,0.7016327977180481,0.5794798731803894,0.6789138913154602,0.5813811421394348,0.7107354402542114,0.5994849801063538,0.7229485511779785,0.6635196208953857,0.7498522400856018,0.5786382555961609,0.7279112339019775,0.5783833861351013,0.7482321262359619,0.5949491262435913,0.7602314352989197,0.651421308517456,0.8003306984901428,0.6001093983650208,0.7630642056465149,0.5766299366950989,0.7423276901245117,0.5613696575164795,0.725758969783783,ㅔ
0.7284193634986877,0.8783093690872192,0.7123368978500366,0.800775408744812,0.6770141124725342,0.7440223693847656,0.6307246685028076,0.7289623618125916,0.5906996726989746,0.7312113642692566,0.6936309933662415,0.6870660781860352,0.664739191532135,0.6202723979949951,0.6598402857780457,0.5781563520431519,0.6573092937469482,0.5377913117408752,0.6903128623962402,0.7161534428596497,0.5981605052947998,0.679593563079834,0.5862342715263367,0.719329833984375,0.5942609906196594,0.7426819801330566,0.678494393825531,0.763249933719635,0.5948209166526794,0.7291054725646973,0.5872485041618347,0.7539768218994141,0.5986664295196533,0.7732592821121216,0.6623410582542419,0.8112365007400513,0.6147933602333069,0.7622858285903931,0.5978894233703613,0.7404370903968811,0.5913397073745728,0.723060131072998,ㅔ
0.765782356262207,0.8314706683158875,0.7490347623825073,0.7525625228881836,0.7138229012489319,0.6968460083007812,0.6696625351905823,0.6803309321403503,0.6313760280609131,0.6850762367248535,0.7256459593772888,0.6470828652381897,0.6948590278625488,0.5886025428771973,0.687107503414154,0.5467472076416016,0.6835339069366455,0.5081443190574646,0.7229858636856079,0.6782386898994446,0.6229100227355957,0.6456863284111023,0.6160140037536621,0.6804947257041931,0.631455659866333,0.6969572901725769,0.7101365327835083,0.7281965017318726,0.6185586452484131,0.7000483870506287,0.6114574670791626,0.719571590423584,0.6251547336578369,0.7321970462799072,0.6937564015388489,0.7797837257385254,0.6390026807785034,0.742011547088623,0.616427481174469,0.7208757996559143,0.6034898161888123,0.7036200165748596,ㅔ
0.7829518914222717,0.7153016328811646,0.7490106821060181,0.6426029801368713,0.6881507039070129,0.5894488096237183,0.6279101371765137,0.5900847315788269,0.5947839021682739,0.6135550141334534,0.734776496887207,0.5331703424453735,0.709603488445282,0.49448809027671814,0.7033256888389587,0.4572709798812866,0.7034737467765808,0.41894403100013733,0.7392037510871887,0.5714175701141357,0.6282532811164856,0.5584439039230347,0.6126426458358765,0.5968560576438904,0.6285301446914673,0.6175681948661804,0.7325725555419922,0.6279274821281433,0.6218016147613525,0.617783784866333,0.6137557625770569,0.6378660202026367,0.6344600915908813,0.6453607082366943,0.7205021381378174,0.6849105358123779,0.6455655694007874,0.6613643765449524,0.6460632681846619,0.6644730567932129,0.6672049760818481,0.6664942502975464,ㅔ
0.8101475238800049,0.723314642906189,0.7768933176994324,0.6492592692375183,0.7146613001823425,0.5996852517127991,0.6541333198547363,0.6013109683990479,0.6184897422790527,0.6179137825965881,0.7607806921005249,0.5448125004768372,0.7356624603271484,0.5217227935791016,0.726352870464325,0.48942792415618896,0.7251549959182739,0.45810654759407043,0.7681183815002441,0.5904027223587036,0.662195086479187,0.5827224254608154,0.6320052742958069,0.6073896884918213,0.6304692029953003,0.6169661283493042,0.7629457116127014,0.653104305267334,0.6539379358291626,0.648082435131073,0.6268795728683472,0.6534715294837952,0.6275354027748108,0.6488004922866821,0.7507729530334473,0.7162789106369019,0.6858757734298706,0.7127084136009216,0.6685738563537598,0.714946448802948,0.6687890291213989,0.716471254825592,ㅔ
0.8262016773223877,0.7459257245063782,0.8054765462875366,0.6693941950798035,0.7578026652336121,0.6102046966552734,0.7145271301269531,0.5871985554695129,0.7061001658439636,0.5890577435493469,0.7787694931030273,0.5694947242736816,0.7407910227775574,0.5472398996353149,0.7314524054527283,0.5363709926605225,0.7339422702789307,0.526971697807312,0.7827029824256897,0.6276649236679077,0.6821644306182861,0.6192517280578613,0.6376256942749023,0.6241733431816101,0.6189946532249451,0.6284260153770447,0.7764484882354736,0.6956685781478882,0.6754149794578552,0.6909130811691284,0.6361901760101318,0.6865876317024231,0.6236618757247925,0.682237982749939,0.7659121751785278,0.7590461373329163,0.693519115447998,0.7518259882926941,0.6732764840126038,0.7662256956100464,0.671211838722229,0.7857713103294373,ㅔ
0.8019533157348633,0.7328587770462036,0.7845495939254761,0.6605583429336548,0.7364856600761414,0.6006989479064941,0.6946802139282227,0.5719985365867615,0.6751166582107544,0.5559362173080444,0.748877227306366,0.5688152313232422,0.7227581143379211,0.5550855994224548,0.7050070762634277,0.5313275456428528,0.6924278736114502,0.5099494457244873,0.7475019693374634,0.6170722246170044,0.6600631475448608,0.6147825717926025,0.619742751121521,0.6259251832962036,0.601975679397583,0.6364231109619141,0.740196168422699,0.6791549921035767,0.6576551198959351,0.6809684038162231,0.624295175075531,0.6801438331604004,0.6107379794120789,0.6776933073997498,0.7315717935562134,0.7420592904090881,0.6760135293006897,0.743122935295105,0.6463742256164551,0.7510441541671753,0.6289666891098022,0.7625597715377808,ㅔ
0.7461811304092407,0.8205194473266602,0.7228100299835205,0.7420271635055542,0.6797675490379333,0.6925827860832214,0.6401247978210449,0.6706790328025818,0.6111850738525391,0.6585918068885803,0.6799136400222778,0.672113835811615,0.6459800601005554,0.6490268111228943,0.6264808773994446,0.6262750029563904,0.6140115857124329,0.6086864471435547,0.671859085559845,0.7098101377487183,0.5770492553710938,0.7081737518310547,0.5793816447257996,0.7222665548324585,0.602388858795166,0.7274729013442993,0.6643497347831726,0.7600985169410706,0.5741404294967651,0.7578262686729431,0.5753145813941956,0.7631019353866577,0.5962010622024536,0.7615582942962646,0.6606121063232422,0.8106207251548767,0.5946654677391052,0.8094595074653625,0.5800900459289551,0.8097948431968689,0.5809930562973022,0.8114072680473328,ㅔ
0.7608759999275208,0.8541938066482544,0.7432925701141357,0.7800745964050293,0.704902172088623,0.7306180596351624,0.6697626113891602,0.7148370742797852,0.6391639113426208,0.7173329591751099,0.7028676271438599,0.6984295845031738,0.6693254113197327,0.6620407700538635,0.6506620049476624,0.631403386592865,0.6381179690361023,0.6032133102416992,0.6942121386528015,0.7297564148902893,0.6135827302932739,0.7166023850440979,0.6003230810165405,0.7335823774337769,0.6066014766693115,0.7411549091339111,0.6845998167991638,0.774918258190155,0.6095666289329529,0.7679850459098816,0.5917139649391174,0.7735028266906738,0.5926992893218994,0.7715855240821838,0.6783171892166138,0.822056770324707,0.6218053102493286,0.8071930408477783,0.5991839170455933,0.8006555438041687,0.5884382128715515,0.7949965596199036,ㅔ
0.7929030656814575,0.8803802728652954,0.7763282060623169,0.7997626066207886,0.7403061985969543,0.7410706281661987,0.7018203139305115,0.7227352857589722,0.6688754558563232,0.7270739078521729,0.7370853424072266,0.701874315738678,0.7016822695732117,0.6419845819473267,0.6867632865905762,0.5992352366447449,0.6760340332984924,0.5626497268676758,0.7294488549232483,0.7332695126533508,0.6385588645935059,0.7088901400566101,0.6360173225402832,0.7349043488502502,0.6494420766830444,0.7460095882415771,0.7187281250953674,0.7814163565635681,0.6375166177749634,0.7591682076454163,0.6347677111625671,0.7726139426231384,0.6479978561401367,0.7810778617858887,0.7089394927024841,0.8319154381752014,0.654672384262085,0.7961509227752686,0.630416750907898,0.7783585786819458,0.6152209043502808,0.7645558714866638,ㅔ
0.8139868378639221,0.8892221450805664,0.7963575124740601,0.7956961393356323,0.7538873553276062,0.7316693663597107,0.7107250094413757,0.7099753022193909,0.6738578677177429,0.712973415851593,0.7470521330833435,0.6897681951522827,0.7005932331085205,0.6250219345092773,0.6798707246780396,0.5805571675300598,0.6644634008407593,0.5412024259567261,0.7322755455970764,0.7260782718658447,0.6307458281517029,0.6978842616081238,0.6343601942062378,0.7304571866989136,0.6558623909950256,0.743230402469635,0.7178940176963806,0.7796542048454285,0.6259220242500305,0.7491253614425659,0.6238269805908203,0.7684535980224609,0.640602707862854,0.7792303562164307,0.7074663043022156,0.8351985216140747,0.6462429761886597,0.7953264713287354,0.6206889748573303,0.7781272530555725,0.6065719127655029,0.7646085023880005,ㅔ
0.8066970705986023,0.7139189839363098,0.7710894346237183,0.6312760710716248,0.700309693813324,0.5945696830749512,0.6367920637130737,0.6146823167800903,0.5983011722564697,0.6416109204292297,0.736011803150177,0.5534139275550842,0.7053295969963074,0.520648181438446,0.6859236359596252,0.4880247712135315,0.6719799637794495,0.456074059009552,0.734650731086731,0.5960893034934998,0.6292560696601868,0.5947670340538025,0.6262038350105286,0.6254209280014038,0.6464670300483704,0.6359217762947083,0.728233814239502,0.6540310978889465,0.6267687082290649,0.6532260775566101,0.6282015442848206,0.6657929420471191,0.6492858529090881,0.6651727557182312,0.723052442073822,0.712178647518158,0.655674397945404,0.7084440588951111,0.6388766169548035,0.7141196131706238,0.6365798115730286,0.7199633121490479,ㅔ
0.8092703819274902,0.6859132647514343,0.7827813625335693,0.6081156134605408,0.7114989757537842,0.5593935251235962,0.6440784931182861,0.5633463263511658,0.6049004197120667,0.5834761261940002,0.7559952735900879,0.5079137086868286,0.7153515219688416,0.48682451248168945,0.7013561129570007,0.4736258387565613,0.6998946666717529,0.46593648195266724,0.7592941522598267,0.5670462250709534,0.6527289748191833,0.5618738532066345,0.6087027788162231,0.5695552229881287,0.589890718460083,0.5758452415466309,0.7539610266685486,0.6379550099372864,0.6454207897186279,0.638442873954773,0.6081562638282776,0.6347314119338989,0.5951557159423828,0.6316323280334473,0.7443159818649292,0.7063422203063965,0.6718612313270569,0.7071004509925842,0.6468057036399841,0.7230136394500732,0.6388081908226013,0.7446799874305725,ㅔ
0.7700777649879456,0.6651489734649658,0.7418612837791443,0.5901939868927002,0.6923037171363831,0.5427355766296387,0.6477224230766296,0.5266547203063965,0.6123750805854797,0.5304887294769287,0.6934191584587097,0.5160351395606995,0.6541092395782471,0.49615561962127686,0.6259313225746155,0.47654032707214355,0.6051388382911682,0.46186894178390503,0.6940538883209229,0.560001015663147,0.6009179949760437,0.5692355632781982,0.5789570808410645,0.5915674567222595,0.581579327583313,0.6050463318824768,0.6919656991958618,0.6169110536575317,0.6057484745979309,0.6278823018074036,0.5792595148086548,0.636477530002594,0.5752473473548889,0.6354737281799316,0.6901552081108093,0.6745566129684448,0.6236937046051025,0.6663072109222412,0.5943410992622375,0.6598822474479675,0.5795783996582031,0.6522939205169678,ㅔ
0.8137183785438538,0.5943187475204468,0.7867498397827148,0.5007182359695435,0.7345380187034607,0.45218271017074585,0.6868559718132019,0.4453977048397064,0.6493512392044067,0.4605167508125305,0.7386078238487244,0.4306122958660126,0.6980947852134705,0.39400142431259155,0.6725596189498901,0.3601583242416382,0.6535947918891907,0.33201712369918823,0.7379931807518005,0.47643253207206726,0.6239622831344604,0.47551602125167847,0.6176910400390625,0.49802863597869873,0.6361995935440063,0.5086920857429504,0.7311504483222961,0.5394801497459412,0.6248347759246826,0.54175865650177,0.6207519769668579,0.5509592294692993,0.6398622989654541,0.551569938659668,0.7259108424186707,0.6002206206321716,0.660820484161377,0.6154000163078308,0.6354492902755737,0.6311115026473999,0.6236644983291626,0.6469939947128296,ㅔ
0.82993084192276,0.5885447263717651,0.8053772449493408,0.4931914508342743,0.7550399899482727,0.4398270547389984,0.7084231376647949,0.42802783846855164,0.6707116961479187,0.4390662610530853,0.7520238757133484,0.40884870290756226,0.705496072769165,0.36713480949401855,0.6805387139320374,0.32848799228668213,0.662107527256012,0.29674455523490906,0.7455825805664062,0.4578486382961273,0.6355881690979004,0.45397689938545227,0.6234444379806519,0.47674673795700073,0.6353790163993835,0.4896852672100067,0.7353727221488953,0.5249382257461548,0.6327396631240845,0.5267705321311951,0.6165279746055603,0.5352597832679749,0.6220764517784119,0.5349469184875488,0.7291380167007446,0.5895481109619141,0.6644644737243652,0.601915717124939,0.6342309713363647,0.614296555519104,0.6157965660095215,0.6256621479988098,ㅔ
0.7679740786552429,0.6255347728729248,0.7420179843902588,0.5397382378578186,0.6909902691841125,0.48974570631980896,0.6425276398658752,0.4811747968196869,0.605090320110321,0.49221912026405334,0.6896215081214905,0.4571944773197174,0.6440852880477905,0.41202694177627563,0.618791401386261,0.37521135807037354,0.5985882878303528,0.3446728587150574,0.6806971430778503,0.4940756559371948,0.5758950710296631,0.4963153600692749,0.5815081000328064,0.5230156183242798,0.604182779788971,0.5311403274536133,0.6724187135696411,0.5506425499916077,0.5751610398292542,0.557799220085144,0.5807241201400757,0.5744128227233887,0.6022548079490662,0.5766087174415588,0.6687037944793701,0.6082820892333984,0.6018468141555786,0.617594301700592,0.5742104649543762,0.6297640204429626,0.5575308799743652,0.6387766599655151,ㅔ
0.725117564201355,0.6961276531219482,0.7024890184402466,0.6143578886985779,0.6544050574302673,0.5576231479644775,0.605687141418457,0.5422599911689758,0.5693045258522034,0.5519148111343384,0.647056519985199,0.5125144124031067,0.5847853422164917,0.4763719439506531,0.5470049381256104,0.45455533266067505,0.5182009339332581,0.4414101541042328,0.632182776927948,0.5534393191337585,0.5330488085746765,0.5585307478904724,0.544442355632782,0.5925194621086121,0.568471372127533,0.6044965386390686,0.6212797164916992,0.6108093857765198,0.5315876007080078,0.6100994944572449,0.5447419881820679,0.6374720931053162,0.5686994194984436,0.6474272608757019,0.6140686869621277,0.6682192087173462,0.5507388114929199,0.6698390245437622,0.5185642242431641,0.6783543229103088,0.4938632547855377,0.681216835975647,ㅔ
0.7314134836196899,0.7264024615287781,0.7101688385009766,0.6421458125114441,0.6622962951660156,0.583643913269043,0.6143282055854797,0.567171037197113,0.575178325176239,0.5781968235969543,0.6566023826599121,0.5391197204589844,0.5974065065383911,0.4949403405189514,0.5634375810623169,0.46466612815856934,0.535473108291626,0.44122791290283203,0.644555926322937,0.577745795249939,0.5407179594039917,0.581632137298584,0.552518367767334,0.6171276569366455,0.5772413611412048,0.62693852186203,0.63359135389328,0.6350783705711365,0.5387949347496033,0.6328758597373962,0.5490883588790894,0.6593707203865051,0.5726667642593384,0.6691123247146606,0.6255411505699158,0.6926382780075073,0.5585356950759888,0.6894553899765015,0.528897762298584,0.6955299973487854,0.5081703066825867,0.6974238753318787,ㅔ
0.7213827967643738,0.6854596734046936,0.6967660784721375,0.6111184358596802,0.6439439058303833,0.5669957399368286,0.5911938548088074,0.5627482533454895,0.5548862814903259,0.5706395506858826,0.6555519700050354,0.5078246593475342,0.6187252998352051,0.4819706976413727,0.6095151901245117,0.45025473833084106,0.6059148907661438,0.41485726833343506,0.6594706177711487,0.5445190072059631,0.5457494854927063,0.5501530766487122,0.5458862781524658,0.586875319480896,0.5701460242271423,0.5968849658966064,0.655373215675354,0.6025422811508179,0.5457034111022949,0.6175990700721741,0.5531416535377502,0.6431564092636108,0.5815221071243286,0.6441105604171753,0.6497379541397095,0.6641079783439636,0.5750099420547485,0.6745886206626892,0.5755288600921631,0.6864316463470459,0.5908519625663757,0.6864168643951416,ㅔ
0.7276504635810852,0.6680993437767029,0.7050106525421143,0.5850342512130737,0.6575872302055359,0.5344645380973816,0.6082940101623535,0.5250669717788696,0.5719075202941895,0.5347394347190857,0.6667393445968628,0.47512203454971313,0.6353070735931396,0.43871453404426575,0.6274412274360657,0.4014148712158203,0.6261594295501709,0.364990234375,0.6754544377326965,0.5190375447273254,0.5575353503227234,0.5160133242607117,0.5307875275611877,0.5465834140777588,0.5341865420341492,0.5680025815963745,0.6728888750076294,0.5840145349502563,0.5568413138389587,0.5892602801322937,0.5284569263458252,0.6031671762466431,0.5277928709983826,0.6072813868522644,0.6669091582298279,0.6496182084083557,0.5942777395248413,0.6629858016967773,0.5787563323974609,0.6824577450752258,0.5779533982276917,0.6965427994728088,ㅔ
0.7624451518058777,0.6550248861312866,0.7157973647117615,0.5795892477035522,0.6497787833213806,0.536840558052063,0.588009774684906,0.5443776845932007,0.5673674941062927,0.5618407130241394,0.7154826521873474,0.4715743362903595,0.7002026438713074,0.44506385922431946,0.6922494173049927,0.41353821754455566,0.6923320293426514,0.38005566596984863,0.730355978012085,0.5183365345001221,0.6172195672988892,0.5172223448753357,0.5849545001983643,0.5430363416671753,0.5837162137031555,0.555044949054718,0.7289804816246033,0.5823457837104797,0.6082782745361328,0.5922476649284363,0.5782201886177063,0.5975286364555359,0.5756841897964478,0.58922278881073,0.7194064855575562,0.6457133889198303,0.6419327259063721,0.6703161597251892,0.6262274980545044,0.6993216276168823,0.6291217803955078,0.7175901532173157,ㅔ
0.7818591594696045,0.6088870167732239,0.7462098598480225,0.5430994033813477,0.6839954257011414,0.49934065341949463,0.6279782056808472,0.5063357949256897,0.6045215129852295,0.5317399501800537,0.7375749349594116,0.4488987624645233,0.7185937762260437,0.41670289635658264,0.7051750421524048,0.39846599102020264,0.7026572227478027,0.3926137089729309,0.7487689256668091,0.49476510286331177,0.6398400068283081,0.4885248839855194,0.6010237336158752,0.5168858766555786,0.594127893447876,0.5382798910140991,0.7473828792572021,0.5588536262512207,0.6318438649177551,0.5627522468566895,0.5986911654472351,0.5714614987373352,0.5953759551048279,0.5718472599983215,0.7372094392776489,0.6241981387138367,0.6631567478179932,0.6235288977622986,0.6346525549888611,0.624809205532074,0.6272358894348145,0.6265119910240173,ㅔ
0.7822287678718567,0.5922313928604126,0.755452573299408,0.524019181728363,0.6928231120109558,0.4766351580619812,0.6320128440856934,0.49140870571136475,0.6052653193473816,0.5204743146896362,0.7327361702919006,0.424378365278244,0.7079070210456848,0.40609046816825867,0.6928674578666687,0.3823857307434082,0.6843448877334595,0.3652998208999634,0.7389661073684692,0.47297579050064087,0.6253659129142761,0.4755920469760895,0.5977036356925964,0.497240275144577,0.5980638861656189,0.5124828219413757,0.734706461429596,0.5359067916870117,0.6150645017623901,0.5450719594955444,0.5930336713790894,0.5544854998588562,0.5951618552207947,0.5558016300201416,0.7243019342422485,0.6012586355209351,0.6487036347389221,0.6120342016220093,0.634070098400116,0.6308663487434387,0.636776328086853,0.6494036912918091,ㅔ
0.7645362019538879,0.6327378749847412,0.7348551154136658,0.5581479668617249,0.6697744131088257,0.5179486870765686,0.6089652180671692,0.5364323258399963,0.5710222721099854,0.5670250058174133,0.7113410234451294,0.4697153866291046,0.6787077784538269,0.4522601068019867,0.6582245230674744,0.4278184175491333,0.6444091200828552,0.40737277269363403,0.7127809524536133,0.5148071050643921,0.6074453592300415,0.5162684321403503,0.5949812531471252,0.5451908707618713,0.6076075434684753,0.560312807559967,0.7060916423797607,0.5769157409667969,0.6034722328186035,0.5815016627311707,0.5971437692642212,0.5937404036521912,0.6122086048126221,0.5970353484153748,0.6968788504600525,0.6388952136039734,0.6284061074256897,0.6458597779273987,0.6055431365966797,0.6585548520088196,0.5982586145401001,0.672672688961029,ㅔ
0.729698896408081,0.6762185096740723,0.70601487159729,0.6058915853500366,0.6542454957962036,0.5642679333686829,0.6040915846824646,0.5647750496864319,0.5681887269020081,0.5783262252807617,0.6675325632095337,0.5223795771598816,0.6304477453231812,0.49795371294021606,0.6067320108413696,0.4704250693321228,0.5887793302536011,0.4469601511955261,0.6607825756072998,0.5592349171638489,0.5651236772537231,0.5602361559867859,0.5583505034446716,0.5907856822013855,0.5733057856559753,0.6101589202880859,0.6526632308959961,0.614838719367981,0.5625752210617065,0.6205825209617615,0.5565894842147827,0.6369649767875671,0.5686249136924744,0.6426173448562622,0.64697265625,0.673481285572052,0.588322103023529,0.6817628741264343,0.5632752180099487,0.6916556358337402,0.549994170665741,0.7006298303604126,ㅔ
0.7696797847747803,0.6727148294448853,0.7256826162338257,0.6045054793357849,0.6632004976272583,0.5573378205299377,0.6076618432998657,0.5660775899887085,0.5807656645774841,0.591075599193573,0.7181914448738098,0.49930211901664734,0.696900486946106,0.47040945291519165,0.6912954449653625,0.4400123953819275,0.6914466619491577,0.4087028205394745,0.7285465002059937,0.5355104804039001,0.6212328672409058,0.5337560176849365,0.6035600900650024,0.57436203956604,0.6154765486717224,0.5991492867469788,0.7264780402183533,0.5919511318206787,0.6184381246566772,0.5983797907829285,0.614844024181366,0.6241930723190308,0.6366028785705566,0.6336559057235718,0.719582200050354,0.6500117778778076,0.6479179263114929,0.6529519557952881,0.6375382542610168,0.6669129133224487,0.6448192596435547,0.6755270957946777,ㅔ
0.7202979326248169,0.7026946544647217,0.6810925602912903,0.6322377920150757,0.620621383190155,0.5841059684753418,0.5672742128372192,0.5910648107528687,0.542333722114563,0.6186796426773071,0.6724959015846252,0.5385251045227051,0.650987982749939,0.5023351907730103,0.647357702255249,0.47015106678009033,0.6495800614356995,0.43608564138412476,0.6795638799667358,0.5728675127029419,0.5786668062210083,0.5693477392196655,0.5666329264640808,0.6047022342681885,0.58102947473526,0.6254657506942749,0.6754832863807678,0.6272145509719849,0.576362669467926,0.6272607445716858,0.5738753080368042,0.6450473666191101,0.5917252898216248,0.6495488286018372,0.6688199043273926,0.6823699474334717,0.6072663068771362,0.6850829720497131,0.5904431939125061,0.6927654147148132,0.585542619228363,0.696904182434082,ㅔ
0.7014915347099304,0.6633161306381226,0.6679657697677612,0.590226411819458,0.6066903471946716,0.5457196831703186,0.5535323619842529,0.5568869709968567,0.5253725647926331,0.5795612335205078,0.654461145401001,0.4988611042499542,0.6349879503250122,0.4831160306930542,0.629252552986145,0.453544020652771,0.6280233263969421,0.42046427726745605,0.6619616150856018,0.5488218069076538,0.572925865650177,0.5502406358718872,0.5324082374572754,0.5617103576660156,0.5116308331489563,0.5647643804550171,0.6586169600486755,0.6105779409408569,0.5668348670005798,0.6195222735404968,0.532429575920105,0.6198858022689819,0.5182471871376038,0.615027904510498,0.649127721786499,0.6711268424987793,0.5802782773971558,0.6830641031265259,0.5558608770370483,0.7025754451751709,0.5471050143241882,0.7207921147346497,ㅔ
0.6676158308982849,0.6374496817588806,0.6336161494255066,0.559894323348999,0.5666841864585876,0.5137614607810974,0.5074443817138672,0.5267166495323181,0.47314199805259705,0.5606491565704346,0.6188377737998962,0.4664875864982605,0.5941237807273865,0.44783222675323486,0.5909423232078552,0.412100225687027,0.5918259024620056,0.38262781500816345,0.6284081339836121,0.5162093043327332,0.5174945592880249,0.5224040746688843,0.4977368116378784,0.5399799346923828,0.500907838344574,0.5487603545188904,0.6250355839729309,0.583095908164978,0.5098991394042969,0.5959757566452026,0.4936741590499878,0.5942146182060242,0.5011492371559143,0.5898693203926086,0.6138753890991211,0.6499677300453186,0.5275493264198303,0.6695516705513,0.503793478012085,0.6934818029403687,0.5004633665084839,0.7151550650596619,ㅔ
0.7152414321899414,0.6607452034950256,0.685090959072113,0.5691986680030823,0.6265014410018921,0.5160278081893921,0.567014217376709,0.5228595733642578,0.5351399183273315,0.5637077689170837,0.6679210662841797,0.4764552414417267,0.6420714259147644,0.45728516578674316,0.6389122009277344,0.43100810050964355,0.6435801982879639,0.4115009009838104,0.6744378209114075,0.5396174192428589,0.5588191747665405,0.5339720249176025,0.5147969126701355,0.5427589416503906,0.4993813931941986,0.548507809638977,0.6702438592910767,0.6160931587219238,0.5485715866088867,0.6212652921676636,0.5231585502624512,0.6174565553665161,0.5260025262832642,0.6118490099906921,0.6605889201164246,0.6881118416786194,0.5750480890274048,0.7061352729797363,0.5565096139907837,0.7327402830123901,0.561869740486145,0.7565549612045288,ㅔ
0.7364683151245117,0.7095610499382019,0.6939038038253784,0.6349924206733704,0.6356317400932312,0.5859221816062927,0.5817103385925293,0.5881878137588501,0.5554971694946289,0.6081306338310242,0.6905838847160339,0.5221637487411499,0.6718118786811829,0.4894404113292694,0.66339510679245,0.4561987519264221,0.6599521636962891,0.4219527244567871,0.7023639678955078,0.5666664242744446,0.6018861532211304,0.5639501810073853,0.5631437301635742,0.590026319026947,0.553477942943573,0.6080734729766846,0.6999112367630005,0.627880334854126,0.5970973372459412,0.6328641772270203,0.5667579770088196,0.6379972100257874,0.5624536275863647,0.6352507472038269,0.6917198896408081,0.68836909532547,0.620229959487915,0.701494574546814,0.6031659245491028,0.7186747193336487,0.6032402515411377,0.7304763197898865,ㅔ
0.7886356711387634,0.7316794991493225,0.7527287602424622,0.6540959477424622,0.6875870227813721,0.6015792489051819,0.6272649168968201,0.6057206392288208,0.5965738296508789,0.6330780386924744,0.743384838104248,0.5428788065910339,0.7113416194915771,0.4996963441371918,0.7003208994865417,0.46211326122283936,0.6941243410110474,0.4261561632156372,0.7497009038925171,0.5818610191345215,0.634609580039978,0.5734965801239014,0.6225460171699524,0.6125082969665527,0.6389468312263489,0.6334668397903442,0.7418592572212219,0.6408374309539795,0.6314505338668823,0.6393042206764221,0.6283212900161743,0.6628193259239197,0.6493020057678223,0.6747788786888123,0.7298312783241272,0.7010553479194641,0.6587865948677063,0.7043085098266602,0.643774688243866,0.7193853855133057,0.643328070640564,0.7313358187675476,ㅔ
0.8694139122962952,0.6711170673370361,0.8565871119499207,0.5682405233383179,0.8059480786323547,0.4978650212287903,0.7522547841072083,0.47118890285491943,0.7076154351234436,0.47949787974357605,0.8124745488166809,0.457316517829895,0.7535327076911926,0.3957599401473999,0.7206363677978516,0.3492431938648224,0.6919106245040894,0.3073665499687195,0.8047888875007629,0.5053834319114685,0.6771695017814636,0.4883330762386322,0.6714248657226562,0.5224701762199402,0.691472053527832,0.5371611714363098,0.7889685034751892,0.5716223120689392,0.6745139956474304,0.5527235269546509,0.6639664173126221,0.568764865398407,0.6777729392051697,0.5734243392944336,0.7751650214195251,0.6366766095161438,0.7034664750099182,0.6322117447853088,0.6751272678375244,0.6408846378326416,0.6596481800079346,0.6476565599441528,ㅔ
0.7648518085479736,0.6549465656280518,0.7351980805397034,0.5811249017715454,0.6809545159339905,0.5385909676551819,0.6296449899673462,0.5447227358818054,0.6014289855957031,0.5697702169418335,0.7099553346633911,0.4847731590270996,0.6925627589225769,0.4637467861175537,0.678619384765625,0.4351651072502136,0.6691944003105164,0.41129207611083984,0.7209751605987549,0.5351860523223877,0.6144990921020508,0.5322369337081909,0.5644707083702087,0.5475346446037292,0.5389581918716431,0.5608670711517334,0.7206787467002869,0.6022719740867615,0.610122799873352,0.610306441783905,0.5708032846450806,0.6138279438018799,0.5538558959960938,0.614592432975769,0.7127914428710938,0.668850839138031,0.6414748430252075,0.6869104504585266,0.6266323328018188,0.7141265273094177,0.6264952421188354,0.7391002178192139,ㅔ
0.7920002937316895,0.6563724875450134,0.7669012546539307,0.5718725919723511,0.7267497181892395,0.4945235848426819,0.6970481276512146,0.45952269434928894,0.6866085529327393,0.4528818726539612,0.7561236619949341,0.4851471185684204,0.7359193563461304,0.4311237335205078,0.7197443246841431,0.4147822856903076,0.7120715975761414,0.41324618458747864,0.7633878588676453,0.5410475730895996,0.6585472226142883,0.5183289051055908,0.5961472988128662,0.5348507761955261,0.5628427267074585,0.5598011612892151,0.7541580200195312,0.610994815826416,0.651054859161377,0.580568790435791,0.6091248989105225,0.5801966786384583,0.5958158373832703,0.5877249240875244,0.7349429130554199,0.6792868375778198,0.670189380645752,0.6393067240715027,0.6402084231376648,0.6097291707992554,0.6253371238708496,0.5842783451080322,ㅔ
0.7008723616600037,0.6864524483680725,0.6792243123054504,0.6150294542312622,0.6399297714233398,0.5601307153701782,0.6079254746437073,0.5261093974113464,0.5995306968688965,0.49854859709739685,0.6500188112258911,0.5310595631599426,0.6139576435089111,0.5138744711875916,0.6007357239723206,0.5076732635498047,0.5989280343055725,0.5077155828475952,0.6545611619949341,0.5788201689720154,0.5575188994407654,0.5803985595703125,0.5237165689468384,0.5979284644126892,0.5126581788063049,0.6102551817893982,0.6501920223236084,0.6393378376960754,0.5525794625282288,0.6411119699478149,0.5287972092628479,0.6485745310783386,0.5281473398208618,0.6510315537452698,0.6420540809631348,0.699909508228302,0.5745707154273987,0.6921122670173645,0.5492107272148132,0.6930145025253296,0.5392721891403198,0.6948235630989075,ㅔ
0.7690556645393372,0.7171441912651062,0.7386773228645325,0.6580471992492676,0.6866519451141357,0.6155450344085693,0.6422430872917175,0.6068006157875061,0.6317934989929199,0.6129487156867981,0.7194749712944031,0.5681025385856628,0.6962390542030334,0.5544674396514893,0.6890509128570557,0.5403212308883667,0.6897754073143005,0.5261743664741516,0.7273129820823669,0.6054626107215881,0.6423272490501404,0.6113829612731934,0.6097476482391357,0.6358256936073303,0.6008481383323669,0.6516122221946716,0.7257120609283447,0.6582441329956055,0.6385509967803955,0.6673609614372253,0.611425518989563,0.6788800358772278,0.6064358949661255,0.6816758513450623,0.7191113829612732,0.7124545574188232,0.6603306531906128,0.722878634929657,0.641315221786499,0.7368189692497253,0.6367570161819458,0.7482801675796509,ㅔ
0.8334938883781433,0.5981191396713257,0.7905725240707397,0.5270208716392517,0.7241089940071106,0.48727351427078247,0.6680861711502075,0.5002155900001526,0.6425434350967407,0.5410481691360474,0.7794021964073181,0.439993292093277,0.7502263188362122,0.4236416816711426,0.7415117025375366,0.409025102853775,0.7444877028465271,0.396356463432312,0.7920570373535156,0.4987025558948517,0.6879561543464661,0.5089532732963562,0.6541632413864136,0.5254924297332764,0.6474220156669617,0.5360209941864014,0.7946564555168152,0.5661998391151428,0.6851205229759216,0.5826855897903442,0.6518716812133789,0.579082190990448,0.6449577808380127,0.5692395567893982,0.7891303300857544,0.6293129920959473,0.7114275693893433,0.655101478099823,0.6902791261672974,0.6858417987823486,0.6924136877059937,0.7102633714675903,ㅔ
0.2137916088104248,0.5258625149726868,0.2541639804840088,0.4679487645626068,0.30916106700897217,0.4271795451641083,0.352680504322052,0.4320748448371887,0.3702961802482605,0.4709407389163971,0.24548959732055664,0.39667874574661255,0.25771182775497437,0.35327568650245667,0.25489991903305054,0.31658077239990234,0.2502163052558899,0.28399658203125,0.22584429383277893,0.4305478036403656,0.31432977318763733,0.41888126730918884,0.33014023303985596,0.43906933069229126,0.32369548082351685,0.45926398038864136,0.22550377249717712,0.4749721884727478,0.32445451617240906,0.4735962450504303,0.3361719846725464,0.4815107583999634,0.32575246691703796,0.48400965332984924,0.23582403361797333,0.5166391134262085,0.30548155307769775,0.5195069909095764,0.3006627559661865,0.5296065211296082,0.28219717741012573,0.5324170589447021,ㅔ
0.23633137345314026,0.5245862007141113,0.2790953516960144,0.4633866250514984,0.33728843927383423,0.4204918146133423,0.3815844655036926,0.42621031403541565,0.3974304795265198,0.47090840339660645,0.27626392245292664,0.386443555355072,0.2838888168334961,0.34705042839050293,0.28517547249794006,0.31310227513313293,0.28342291712760925,0.28200608491897583,0.2557057738304138,0.41832876205444336,0.3531080484390259,0.41277649998664856,0.3596692383289337,0.44261860847473145,0.34217190742492676,0.46572577953338623,0.25413429737091064,0.464306116104126,0.3538580536842346,0.4711304008960724,0.3515586853027344,0.4821643531322479,0.33013126254081726,0.48381417989730835,0.26360663771629333,0.5084810256958008,0.33559781312942505,0.5142558813095093,0.32586127519607544,0.5203592777252197,0.30349448323249817,0.5195406079292297,ㅔ
0.2752697169780731,0.5121115446090698,0.31311801075935364,0.4446682929992676,0.3593252897262573,0.4169441759586334,0.3910503685474396,0.43230539560317993,0.41032201051712036,0.4677686393260956,0.30629855394363403,0.38477030396461487,0.3116428852081299,0.36268654465675354,0.3112310469150543,0.33483362197875977,0.3059808313846588,0.3096281886100769,0.28543099761009216,0.4263661503791809,0.3680415153503418,0.42644932866096497,0.4006096422672272,0.4472350478172302,0.40775057673454285,0.4737222194671631,0.28356143832206726,0.4789513945579529,0.3708862364292145,0.47346633672714233,0.39937901496887207,0.4755392372608185,0.4006480574607849,0.48208314180374146,0.29056504368782043,0.5264254212379456,0.34113675355911255,0.5161880254745483,0.358692467212677,0.49601101875305176,0.364632248878479,0.4790974259376526,ㅔ
0.28135305643081665,0.4949370324611664,0.3155967891216278,0.4615613520145416,0.3589015603065491,0.44139549136161804,0.389574259519577,0.44133836030960083,0.41257357597351074,0.45660749077796936,0.313924103975296,0.3793538212776184,0.32428744435310364,0.35516300797462463,0.3311205804347992,0.32663729786872864,0.3340672254562378,0.30150488018989563,0.3056909441947937,0.4026586413383484,0.3877308666706085,0.4074573516845703,0.41457054018974304,0.4388010501861572,0.41864365339279175,0.46704623103141785,0.31237006187438965,0.4408130347728729,0.3969137668609619,0.4420435130596161,0.41704025864601135,0.46354758739471436,0.4152314066886902,0.48084601759910583,0.3247761130332947,0.47912541031837463,0.37782084941864014,0.47106099128723145,0.3938426077365875,0.47351735830307007,0.3999805152416229,0.4735047221183777,ㅔ
0.2824275493621826,0.4769730567932129,0.32503053545951843,0.4113261103630066,0.36950141191482544,0.37770265340805054,0.39294642210006714,0.3786262571811676,0.4040791392326355,0.3968573808670044,0.33079537749290466,0.3472277820110321,0.3381696343421936,0.3307287096977234,0.33997872471809387,0.30671435594558716,0.3344080448150635,0.2850029468536377,0.3096867799758911,0.39011305570602417,0.3999730944633484,0.4053550064563751,0.4307733178138733,0.42677465081214905,0.433745414018631,0.4501515030860901,0.3079421818256378,0.44524097442626953,0.4010232985019684,0.45157957077026367,0.42045459151268005,0.4568360447883606,0.41410183906555176,0.4638209939002991,0.3162517249584198,0.4962509870529175,0.37546253204345703,0.48514652252197266,0.4008569121360779,0.4670405685901642,0.41550779342651367,0.4547601342201233,ㅔ
0.3239237666130066,0.4992072582244873,0.3463972508907318,0.44147026538848877,0.3865188658237457,0.4136180877685547,0.42837831377983093,0.4164365530014038,0.45813146233558655,0.4332175850868225,0.37749236822128296,0.3987414538860321,0.39588767290115356,0.37412261962890625,0.4134427607059479,0.34951645135879517,0.428992360830307,0.3262272775173187,0.37713295221328735,0.43636077642440796,0.4427749514579773,0.4337647557258606,0.4721846580505371,0.4461716413497925,0.4873555898666382,0.4589616358280182,0.3824577331542969,0.48210975527763367,0.45117390155792236,0.4839005768299103,0.486585795879364,0.48525720834732056,0.5065160393714905,0.4860423803329468,0.39191222190856934,0.5261493921279907,0.436739057302475,0.5143742561340332,0.45942914485931396,0.503055214881897,0.47851288318634033,0.4939958155155182,ㅔ
0.2946326732635498,0.5075911283493042,0.32325565814971924,0.4580407440662384,0.3728499114513397,0.43922510743141174,0.41753578186035156,0.4575091600418091,0.4430297017097473,0.49460867047309875,0.35587838292121887,0.3958708345890045,0.3808734118938446,0.3545420169830322,0.39464959502220154,0.3231518864631653,0.40578800439834595,0.2931590676307678,0.34618499875068665,0.423808753490448,0.42590630054473877,0.4325000047683716,0.4330579936504364,0.45622751116752625,0.42541155219078064,0.4698773920536041,0.34407946467399597,0.465213418006897,0.4199351668357849,0.4733390808105469,0.43518704175949097,0.4836958348751068,0.43744122982025146,0.48684269189834595,0.34812435507774353,0.506377637386322,0.3945091962814331,0.5011573433876038,0.41686058044433594,0.49566736817359924,0.43543630838394165,0.48595377802848816,ㅔ
0.2903597354888916,0.5135413408279419,0.314727246761322,0.45779138803482056,0.3551309406757355,0.43222466111183167,0.38813942670822144,0.4298149645328522,0.40725719928741455,0.4471547305583954,0.3497846722602844,0.40277108550071716,0.3735239803791046,0.3608725965023041,0.38594937324523926,0.32840868830680847,0.3951753079891205,0.2980309724807739,0.33867546916007996,0.42970260977745056,0.4141368865966797,0.4398076832294464,0.42539575695991516,0.4585484564304352,0.42175495624542236,0.47099336981773376,0.33780309557914734,0.47052010893821716,0.4087076187133789,0.4847358763217926,0.43129962682724,0.49117934703826904,0.44107845425605774,0.49391859769821167,0.34366774559020996,0.5108697414398193,0.3906666338443756,0.5168363451957703,0.4066389203071594,0.5168739557266235,0.419594407081604,0.5117152333259583,ㅔ
0.278865784406662,0.5213150978088379,0.31615883111953735,0.47687187790870667,0.37322238087654114,0.4685663878917694,0.419048011302948,0.49061381816864014,0.4355566203594208,0.5256924033164978,0.34715643525123596,0.42482757568359375,0.36237600445747375,0.3960123062133789,0.36731523275375366,0.36672618985176086,0.3682832717895508,0.3364541232585907,0.3318970799446106,0.45167672634124756,0.39895546436309814,0.46573832631111145,0.4172983467578888,0.48140621185302734,0.4183766841888428,0.4941645860671997,0.32570135593414307,0.4921487867832184,0.39277300238609314,0.51467365026474,0.41023799777030945,0.5205880999565125,0.41347160935401917,0.5211771130561829,0.32774725556373596,0.5334715247154236,0.3733554780483246,0.5637178421020508,0.384123295545578,0.5806914567947388,0.3897859454154968,0.5937081575393677,ㅔ
0.29313603043556213,0.49694493412971497,0.32891127467155457,0.45609229803085327,0.3781043589115143,0.4440978169441223,0.41614246368408203,0.45140185952186584,0.43338531255722046,0.4732418358325958,0.3547046482563019,0.4111105799674988,0.3578024208545685,0.37462323904037476,0.35796868801116943,0.34325873851776123,0.353292316198349,0.31485265493392944,0.33624041080474854,0.43734654784202576,0.3885856568813324,0.44433948397636414,0.42873722314834595,0.4657687246799469,0.4500475823879242,0.4902488887310028,0.327566534280777,0.47865355014801025,0.3806743919849396,0.49295955896377563,0.4122948944568634,0.5050329566001892,0.4290494918823242,0.5147837996482849,0.3278804123401642,0.521240770816803,0.36240431666374207,0.5495164394378662,0.3766609728336334,0.5677260756492615,0.3863794803619385,0.58442223072052,ㅔ
0.29261380434036255,0.4811972677707672,0.32836082577705383,0.42874518036842346,0.37353798747062683,0.41198208928108215,0.4058784246444702,0.4196397364139557,0.42216816544532776,0.4441746175289154,0.3516961932182312,0.38735952973365784,0.34893158078193665,0.3434860408306122,0.3423105478286743,0.31110769510269165,0.3311019837856293,0.2843570411205292,0.3290771245956421,0.4207704961299896,0.383670449256897,0.4238627552986145,0.4271725118160248,0.44705668091773987,0.4459022879600525,0.4755319654941559,0.31958532333374023,0.4696647524833679,0.3782239854335785,0.4841727614402771,0.4171336889266968,0.4950268864631653,0.4345991313457489,0.5039280652999878,0.31849271059036255,0.5132792592048645,0.3554714322090149,0.5384434461593628,0.3709961175918579,0.5530154705047607,0.3789628744125366,0.5676558613777161,ㅔ
0.2862505316734314,0.48412662744522095,0.3220408260822296,0.44086527824401855,0.37472400069236755,0.4283466935157776,0.41772162914276123,0.43675321340560913,0.4432885944843292,0.45964232087135315,0.3505932092666626,0.39162299036979675,0.36245834827423096,0.3622768819332123,0.3667634427547455,0.3334093391895294,0.365384578704834,0.3046591579914093,0.33294978737831116,0.41855496168136597,0.3975323736667633,0.42863547801971436,0.436130166053772,0.4458107352256775,0.45815449953079224,0.46292388439178467,0.32762566208839417,0.4628337025642395,0.39482465386390686,0.48040086030960083,0.4247238039970398,0.4936710000038147,0.43837589025497437,0.5017145276069641,0.3306068480014801,0.5089948177337646,0.3787647485733032,0.5143561363220215,0.40545645356178284,0.5124773383140564,0.42670968174934387,0.5113018155097961,ㅔ
0.27452659606933594,0.4893137514591217,0.30791589617729187,0.4478532075881958,0.3560434579849243,0.4274387061595917,0.39357972145080566,0.42808330059051514,0.41333281993865967,0.44388699531555176,0.33504974842071533,0.3935469388961792,0.34998226165771484,0.3683134913444519,0.3551480770111084,0.34322333335876465,0.35372194647789,0.3180171847343445,0.31798937916755676,0.4231095314025879,0.37702304124832153,0.42899221181869507,0.4084002673625946,0.44685637950897217,0.4261479079723358,0.4638843536376953,0.3135460615158081,0.4659295976161957,0.37494784593582153,0.4745640456676483,0.41315728425979614,0.4834974408149719,0.43798136711120605,0.48875758051872253,0.31811267137527466,0.5089909434318542,0.36252376437187195,0.5051384568214417,0.3899734318256378,0.4985651969909668,0.41444242000579834,0.49031490087509155,ㅔ
0.27306994795799255,0.49390023946762085,0.3038967251777649,0.4501689076423645,0.3464679718017578,0.41390886902809143,0.36774715781211853,0.3830760717391968,0.36859703063964844,0.3604651689529419,0.3282981514930725,0.39310404658317566,0.3520977199077606,0.3992929756641388,0.35338935256004333,0.4034655690193176,0.3456310033798218,0.395214319229126,0.3115420341491699,0.4297301173210144,0.38157224655151367,0.4481810927391052,0.40426284074783325,0.47983068227767944,0.41003885865211487,0.5022134184837341,0.3062622845172882,0.4745418429374695,0.3756968677043915,0.47833016514778137,0.4141397774219513,0.4854757785797119,0.43674612045288086,0.4871315658092499,0.30791446566581726,0.5184078216552734,0.3520864248275757,0.5087212324142456,0.38079002499580383,0.5032113790512085,0.40460720658302307,0.4939819872379303,ㅔ
0.25641733407974243,0.5128932595252991,0.2918663024902344,0.4659741520881653,0.33830398321151733,0.44876450300216675,0.36619195342063904,0.4528912901878357,0.3768005669116974,0.4641481637954712,0.3167903423309326,0.4226829409599304,0.32994499802589417,0.41299518942832947,0.33529001474380493,0.4066902995109558,0.3315538167953491,0.3999776244163513,0.2961680591106415,0.4543166756629944,0.3700828552246094,0.46882304549217224,0.40579721331596375,0.4937840402126312,0.42031118273735046,0.5174611210823059,0.2893546223640442,0.49999698996543884,0.36781299114227295,0.5089457035064697,0.3859141170978546,0.518937885761261,0.38294586539268494,0.5266790986061096,0.29126644134521484,0.5462258458137512,0.3409842848777771,0.5389822125434875,0.3650439977645874,0.528735876083374,0.3801645338535309,0.5216957926750183,ㅔ
0.24949802458286285,0.5030580759048462,0.28712198138237,0.5398067235946655,0.3290981948375702,0.5137651562690735,0.35553351044654846,0.4664285182952881,0.3554935157299042,0.41491812467575073,0.28980645537376404,0.4573436677455902,0.35251274704933167,0.48849451541900635,0.36438071727752686,0.5071510672569275,0.3651573359966278,0.5041463971138,0.2863593101501465,0.4391677975654602,0.35691019892692566,0.4639207124710083,0.37027931213378906,0.4877573549747467,0.3727492690086365,0.4968539774417877,0.2922039031982422,0.43711593747138977,0.3598296642303467,0.46569588780403137,0.3563574552536011,0.49004092812538147,0.3449997007846832,0.49819642305374146,0.30265098810195923,0.44517573714256287,0.35311833024024963,0.46417221426963806,0.34854990243911743,0.4824787974357605,0.3383386731147766,0.4897155165672302,ㅔ
0.2974472641944885,0.5265647768974304,0.32935914397239685,0.5491704344749451,0.3526899516582489,0.5393441915512085,0.36961591243743896,0.5021762251853943,0.36880096793174744,0.4598150849342346,0.29928913712501526,0.4941597282886505,0.3468180000782013,0.46686187386512756,0.36451923847198486,0.45683491230010986,0.3688104450702667,0.4485510289669037,0.2902567982673645,0.45592784881591797,0.3521081805229187,0.4309788644313812,0.3819694221019745,0.4285756051540375,0.39931225776672363,0.4301050901412964,0.29329913854599,0.43103331327438354,0.35668331384658813,0.41601917147636414,0.3768342137336731,0.4255269169807434,0.3865857422351837,0.43568313121795654,0.304301381111145,0.4154370129108429,0.3509027659893036,0.4123800992965698,0.3606426417827606,0.42799893021583557,0.3633982837200165,0.4405245780944824,ㅔ
0.3127595782279968,0.5319391489028931,0.3449001908302307,0.555638313293457,0.3703118860721588,0.5373513698577881,0.3899838924407959,0.49354714155197144,0.39130091667175293,0.45228683948516846,0.3164403438568115,0.48946067690849304,0.3743743598461151,0.46516159176826477,0.39419475197792053,0.4745984673500061,0.39713141322135925,0.4809821546077728,0.3112029731273651,0.455057293176651,0.37648504972457886,0.44015687704086304,0.3954165279865265,0.45773109793663025,0.4010738730430603,0.4683431386947632,0.3168582618236542,0.4324275553226471,0.3785943388938904,0.4260220527648926,0.39026451110839844,0.44645455479621887,0.39143216609954834,0.4580678641796112,0.32707449793815613,0.4179241359233856,0.373256653547287,0.41926437616348267,0.3808169662952423,0.4410819411277771,0.3807356059551239,0.4541998505592346,ㅔ
0.3203132450580597,0.5313025116920471,0.33752769231796265,0.4767684042453766,0.34417247772216797,0.43007126450538635,0.33698222041130066,0.4026317894458771,0.31736671924591064,0.3721870183944702,0.31451037526130676,0.4269535541534424,0.3332395553588867,0.4052533805370331,0.33238959312438965,0.38869571685791016,0.32693758606910706,0.3775310516357422,0.3073885142803192,0.4644312858581543,0.3654954731464386,0.46162059903144836,0.4033989906311035,0.46209245920181274,0.4329003691673279,0.4634217619895935,0.3129756450653076,0.5089762806892395,0.3716176152229309,0.5011256337165833,0.3936295211315155,0.4913843870162964,0.4039335548877716,0.4815942943096161,0.3257702589035034,0.5499500036239624,0.3621958792209625,0.5439766645431519,0.3738642930984497,0.5214037299156189,0.37715885043144226,0.4968615472316742,ㅔ
0.3040974736213684,0.5543662905693054,0.3465130627155304,0.516478419303894,0.39038747549057007,0.4933933913707733,0.421253502368927,0.4938187599182129,0.4383184313774109,0.5095834136009216,0.34359291195869446,0.4382070302963257,0.37669992446899414,0.43506383895874023,0.37967580556869507,0.4331824779510498,0.3650704622268677,0.4306446313858032,0.3305782079696655,0.46726173162460327,0.41124510765075684,0.47316211462020874,0.42367440462112427,0.5127687454223633,0.413418173789978,0.5413116216659546,0.3275211751461029,0.5098626017570496,0.4003227651119232,0.5042099356651306,0.4210001528263092,0.5161139369010925,0.422481894493103,0.5205520987510681,0.33182111382484436,0.5536536574363708,0.36702343821525574,0.546790599822998,0.3816909193992615,0.5309357643127441,0.3876785337924957,0.5084869265556335,ㅔ
0.29414695501327515,0.5673576593399048,0.33697250485420227,0.5298861861228943,0.3733721375465393,0.49218830466270447,0.39510899782180786,0.4722793996334076,0.3995729386806488,0.4680609703063965,0.3267808258533478,0.44419553875923157,0.3719964623451233,0.44334760308265686,0.3756464719772339,0.45660170912742615,0.3607383370399475,0.4677509665489197,0.3173626661300659,0.47094640135765076,0.39474451541900635,0.4818946421146393,0.4081858992576599,0.5209329724311829,0.4027281701564789,0.5499466061592102,0.3169097602367401,0.5103833079338074,0.3874940872192383,0.5087795257568359,0.4025133550167084,0.5212192535400391,0.40192633867263794,0.5265604257583618,0.32372337579727173,0.5511454343795776,0.35718899965286255,0.5427924990653992,0.36686715483665466,0.5253391265869141,0.37018969655036926,0.5019324421882629,ㅔ
0.304190069437027,0.548263669013977,0.3402954638004303,0.515569269657135,0.3843947649002075,0.497016042470932,0.41539591550827026,0.4938627779483795,0.4345322251319885,0.49948468804359436,0.3507367670536041,0.4370734989643097,0.3669414520263672,0.4126788377761841,0.3704249858856201,0.39134708046913147,0.366494357585907,0.37336865067481995,0.3423022925853729,0.459412157535553,0.42085370421409607,0.45926254987716675,0.4314972162246704,0.4988459646701813,0.4223388433456421,0.5281077027320862,0.3409103751182556,0.49455222487449646,0.41220206022262573,0.4897637665271759,0.42972084879875183,0.5050662755966187,0.4290997385978699,0.5121181011199951,0.3434150815010071,0.5321437120437622,0.3795260787010193,0.521885097026825,0.39608708024024963,0.5134310722351074,0.4047706723213196,0.4987020194530487,ㅔ
0.2638430595397949,0.4816371202468872,0.30219554901123047,0.4255979061126709,0.349545955657959,0.39538252353668213,0.3720826506614685,0.38544243574142456,0.3856949210166931,0.3964122235774994,0.31771036982536316,0.37480252981185913,0.32346054911613464,0.3592469096183777,0.32428234815597534,0.33271288871765137,0.318575918674469,0.3042658865451813,0.2941339313983917,0.41143798828125,0.365238219499588,0.4177750051021576,0.40734735131263733,0.4355211853981018,0.42787787318229675,0.4529007077217102,0.2883981168270111,0.45965710282325745,0.3652455806732178,0.459288090467453,0.40104225277900696,0.4619513750076294,0.4160834550857544,0.4630909264087677,0.2916882336139679,0.5041815042495728,0.34153828024864197,0.4981297254562378,0.3666463792324066,0.4855005443096161,0.3847309350967407,0.47225749492645264,ㅔ
0.2697674632072449,0.4947855472564697,0.29672175645828247,0.43641000986099243,0.33636435866355896,0.40105465054512024,0.37607541680336,0.3906657099723816,0.4055977463722229,0.3853906989097595,0.32848647236824036,0.3936571478843689,0.348134845495224,0.37549471855163574,0.37029552459716797,0.35722386837005615,0.38908398151397705,0.33861470222473145,0.32595595717430115,0.436573326587677,0.39562663435935974,0.4401467740535736,0.44044700264930725,0.4527112543582916,0.4719557762145996,0.46566280722618103,0.3289918005466461,0.4887940287590027,0.40226858854293823,0.4936879873275757,0.44089260697364807,0.5032016038894653,0.46492132544517517,0.5097272396087646,0.3365403711795807,0.5406625270843506,0.38660967350006104,0.5355470180511475,0.41553133726119995,0.5283657908439636,0.4402528703212738,0.523669958114624,ㅔ
0.2919943332672119,0.5060622692108154,0.32475340366363525,0.4382093548774719,0.3666911721229553,0.39696264266967773,0.4068570137023926,0.3842626214027405,0.431624174118042,0.3772813677787781,0.35196733474731445,0.3908761739730835,0.376859188079834,0.36818280816078186,0.4016595780849457,0.3432748317718506,0.4226667881011963,0.31701135635375977,0.34399688243865967,0.44138655066490173,0.42600932717323303,0.44760072231292725,0.4775307774543762,0.4603945314884186,0.5141531229019165,0.47133922576904297,0.34520596265792847,0.501465380191803,0.43264877796173096,0.5091555714607239,0.47463810443878174,0.5160149931907654,0.4991196393966675,0.5200507640838623,0.3547986149787903,0.5592837929725647,0.41292932629585266,0.5526335835456848,0.444812536239624,0.5409541726112366,0.4722177982330322,0.5339512825012207,ㅔ
0.28115135431289673,0.5016012191772461,0.3071056604385376,0.43452829122543335,0.35207241773605347,0.394072562456131,0.3974217474460602,0.38809648156166077,0.4320719242095947,0.39410850405693054,0.3564613163471222,0.382189005613327,0.3986031711101532,0.35190701484680176,0.4309121072292328,0.3312284052371979,0.4585074782371521,0.3104379177093506,0.3577386140823364,0.4305367171764374,0.43106478452682495,0.4360937178134918,0.46229255199432373,0.44626203179359436,0.48305192589759827,0.44826290011405945,0.3592011034488678,0.4870137572288513,0.43014517426490784,0.49248644709587097,0.46383556723594666,0.4951694905757904,0.4849434792995453,0.49456101655960083,0.36167237162590027,0.5408386588096619,0.41706106066703796,0.5299749374389648,0.4483330547809601,0.5197259187698364,0.47615838050842285,0.5101938247680664,ㅔ
0.3027975559234619,0.5433104038238525,0.32991889119148254,0.48498302698135376,0.3746674060821533,0.4544353783130646,0.41895052790641785,0.456256628036499,0.45029911398887634,0.46774712204933167,0.37287095189094543,0.4326736330986023,0.4114846885204315,0.39846092462539673,0.4375379979610443,0.37583568692207336,0.45977431535720825,0.35417622327804565,0.3728845417499542,0.47048667073249817,0.4382557272911072,0.47036147117614746,0.4687500596046448,0.4793860912322998,0.4890844523906708,0.48681560158729553,0.3746488392353058,0.517650842666626,0.4409269690513611,0.5175061225891113,0.46215713024139404,0.5215005278587341,0.4715275764465332,0.5243929028511047,0.37909090518951416,0.5636757016181946,0.42639756202697754,0.5477064847946167,0.4542827010154724,0.5359838604927063,0.47850289940834045,0.5278617143630981,ㅔ
0.33736759424209595,0.5931978821754456,0.3636845350265503,0.5378463268280029,0.40756699442863464,0.5121930837631226,0.45031362771987915,0.518515944480896,0.47832781076431274,0.5391210317611694,0.3985627591609955,0.49169686436653137,0.4307050108909607,0.4652034044265747,0.45246317982673645,0.44192391633987427,0.4717981219291687,0.4191471040248871,0.3971799910068512,0.5258269309997559,0.465556800365448,0.5260693430900574,0.4911140203475952,0.5353900790214539,0.5050748586654663,0.5449777245521545,0.39764702320098877,0.5702790021896362,0.46260127425193787,0.5726717114448547,0.48678043484687805,0.5720728635787964,0.49956125020980835,0.5706382989883423,0.40147557854652405,0.6155688762664795,0.44507378339767456,0.601242184638977,0.47233226895332336,0.5868601202964783,0.4963681995868683,0.57590252161026,ㅔ
0.2752669155597687,0.5407119393348694,0.3116178512573242,0.49170294404029846,0.35800662636756897,0.4601764976978302,0.3806619644165039,0.4470326900482178,0.3860601782798767,0.45917588472366333,0.32622042298316956,0.4373922646045685,0.3467235565185547,0.4280639886856079,0.347041517496109,0.4148798882961273,0.33511918783187866,0.3974417448043823,0.30776670575141907,0.4738374650478363,0.38062581419944763,0.47917184233665466,0.41495805978775024,0.501281201839447,0.4276685118675232,0.5213676691055298,0.30177268385887146,0.5200358033180237,0.3742637634277344,0.5137105584144592,0.4076393246650696,0.5193011164665222,0.42211970686912537,0.5220938324928284,0.30428656935691833,0.5662238597869873,0.3455814719200134,0.5521225333213806,0.3690436780452728,0.5388039946556091,0.38553285598754883,0.524712860584259,ㅔ
0.2772110402584076,0.5381587743759155,0.310062050819397,0.48746615648269653,0.35000112652778625,0.47717931866645813,0.3815678358078003,0.49484869837760925,0.4008759558200836,0.5122761726379395,0.3258447051048279,0.45016273856163025,0.32615265250205994,0.4405450224876404,0.33043372631073,0.43580031394958496,0.3284362554550171,0.4336242377758026,0.30794665217399597,0.48226478695869446,0.37814828753471375,0.5021446943283081,0.41893696784973145,0.5199452042579651,0.4368496537208557,0.5373866558074951,0.30404579639434814,0.529603123664856,0.3792523741722107,0.5503121614456177,0.3970600366592407,0.5617713332176208,0.3900066018104553,0.5692169666290283,0.30792689323425293,0.5742557048797607,0.35642871260643005,0.5870813131332397,0.37217220664024353,0.5844168663024902,0.3764403760433197,0.5815114974975586,ㅔ
0.2857165038585663,0.5069808959960938,0.3100196123123169,0.5460864305496216,0.3434089124202728,0.5633822083473206,0.3753218948841095,0.5585030913352966,0.3987792730331421,0.5418506264686584,0.32427290081977844,0.5066042542457581,0.3598710596561432,0.48558545112609863,0.39270251989364624,0.4795414209365845,0.41804030537605286,0.4797597825527191,0.3216334283351898,0.4757896065711975,0.37049832940101624,0.47363361716270447,0.40865278244018555,0.4791980981826782,0.4353925287723541,0.4902292490005493,0.3239506483078003,0.4597005248069763,0.3681631088256836,0.46028533577919006,0.3998984694480896,0.4625431299209595,0.4220270812511444,0.4713306725025177,0.32891106605529785,0.45332077145576477,0.3635435104370117,0.4562714695930481,0.3858797252178192,0.45842719078063965,0.40161576867103577,0.4657214283943176,ㅔ
0.2898270785808563,0.5467634201049805,0.31700944900512695,0.4957525432109833,0.3542523682117462,0.46843910217285156,0.38999927043914795,0.4648004174232483,0.41715168952941895,0.4680574834346771,0.3536098003387451,0.45829713344573975,0.3743278980255127,0.44653186202049255,0.39408430457115173,0.4346301555633545,0.41199642419815063,0.42081302404403687,0.35111692547798157,0.49634602665901184,0.403563529253006,0.5021476745605469,0.4387742877006531,0.5108997821807861,0.4669683277606964,0.5157633423805237,0.3514717221260071,0.5427226424217224,0.4080018401145935,0.5502516627311707,0.43872934579849243,0.5556536912918091,0.45828306674957275,0.5564659833908081,0.3557668924331665,0.5888712406158447,0.39848676323890686,0.5830280780792236,0.42233729362487793,0.5741547346115112,0.44268733263015747,0.5661395192146301,ㅔ
0.2628573179244995,0.4999982714653015,0.2880021929740906,0.44279658794403076,0.32872968912124634,0.4121996760368347,0.36903002858161926,0.4087570309638977,0.3975638449192047,0.41829127073287964,0.3371566832065582,0.3966852128505707,0.36721035838127136,0.3782414197921753,0.3921675980091095,0.364847332239151,0.4148116707801819,0.3532882332801819,0.3424549698829651,0.43778789043426514,0.39207297563552856,0.4403442144393921,0.42267894744873047,0.44528329372406006,0.44710999727249146,0.4472660720348358,0.34691399335861206,0.4859406352043152,0.3998231887817383,0.4890355169773102,0.428132563829422,0.4907725751399994,0.4477022588253021,0.4900968372821808,0.35113659501075745,0.5325724482536316,0.3976436257362366,0.5222226977348328,0.4243863821029663,0.5135012865066528,0.44795575737953186,0.5077115297317505,ㅔ
0.2026570737361908,0.5064006447792053,0.2327037751674652,0.4378301501274109,0.28090348839759827,0.4059778153896332,0.32610824704170227,0.4038018584251404,0.3576354682445526,0.41260063648223877,0.285331666469574,0.3938885033130646,0.32185855507850647,0.37004387378692627,0.3480664789676666,0.354661226272583,0.36441221833229065,0.34124571084976196,0.2893122136592865,0.4410124719142914,0.3769174814224243,0.4497118592262268,0.39211341738700867,0.454135924577713,0.3849693238735199,0.45624640583992004,0.2925659716129303,0.49237674474716187,0.3709683418273926,0.49778640270233154,0.3882129192352295,0.4951801598072052,0.38856709003448486,0.49090778827667236,0.2927907109260559,0.5392234325408936,0.35246938467025757,0.5289987921714783,0.3781692683696747,0.5191735029220581,0.3947809934616089,0.5107246041297913,ㅔ
0.2575218379497528,0.4964524805545807,0.28272727131843567,0.44117629528045654,0.3185274600982666,0.40922242403030396,0.35103341937065125,0.39926838874816895,0.37436822056770325,0.392429918050766,0.31045880913734436,0.39548447728157043,0.3280256390571594,0.363765686750412,0.33333560824394226,0.33770325779914856,0.33265697956085205,0.31460702419281006,0.3026260733604431,0.43050631880760193,0.36928248405456543,0.42523330450057983,0.41341933608055115,0.43380841612815857,0.44271042943000793,0.4485960304737091,0.30519595742225647,0.47732555866241455,0.3776293098926544,0.4811093211174011,0.41513940691947937,0.481685608625412,0.4366047978401184,0.48467588424682617,0.3142777979373932,0.5243479013442993,0.36278626322746277,0.5163515210151672,0.38862624764442444,0.5034850835800171,0.4087805449962616,0.49750685691833496,ㅔ
0.30733582377433777,0.47248393297195435,0.33978796005249023,0.42487406730651855,0.382041335105896,0.40117719769477844,0.41040149331092834,0.40236955881118774,0.42510631680488586,0.39797043800354004,0.36379435658454895,0.38141530752182007,0.3772681951522827,0.35110795497894287,0.3769955039024353,0.32692229747772217,0.37187814712524414,0.30591297149658203,0.35043445229530334,0.41652712225914,0.4175373315811157,0.43056267499923706,0.46772998571395874,0.4420892894268036,0.49820321798324585,0.455863356590271,0.34751027822494507,0.46532928943634033,0.42809057235717773,0.4867829978466034,0.4534624218940735,0.48903733491897583,0.4562831223011017,0.4885709285736084,0.3541477620601654,0.5120810866355896,0.40859246253967285,0.5185912847518921,0.42526957392692566,0.5081090331077576,0.4316081404685974,0.5020425915718079,ㅔ
0.3224610984325409,0.5064751505851746,0.358993262052536,0.4540294408798218,0.39689362049102783,0.4306357204914093,0.4259719252586365,0.42904865741729736,0.4436453878879547,0.423768550157547,0.37700802087783813,0.4074159562587738,0.36506104469299316,0.36944079399108887,0.3476189374923706,0.35076141357421875,0.32958900928497314,0.33733850717544556,0.35815295577049255,0.44532841444015503,0.4170893132686615,0.4406965970993042,0.4633004665374756,0.44205334782600403,0.49259310960769653,0.45258620381355286,0.3515680432319641,0.4958473742008209,0.4269695281982422,0.5081736445426941,0.4685923755168915,0.507409930229187,0.4939711093902588,0.5086891055107117,0.35419347882270813,0.5448421835899353,0.40652647614479065,0.558774471282959,0.4298049509525299,0.5502395629882812,0.44902127981185913,0.5434495210647583,ㅔ
0.30800870060920715,0.4977481961250305,0.34506335854530334,0.5341206789016724,0.383512943983078,0.549984335899353,0.4119032919406891,0.5389913320541382,0.42136162519454956,0.5116961598396301,0.34055107831954956,0.4850963056087494,0.3870437443256378,0.4693373739719391,0.42365533113479614,0.45696255564689636,0.4515765309333801,0.45009154081344604,0.32901453971862793,0.4497086703777313,0.396260529756546,0.4446476995944977,0.4406172037124634,0.44283977150917053,0.47287696599960327,0.44514989852905273,0.32953619956970215,0.4264432191848755,0.3928408920764923,0.4258093535900116,0.42857885360717773,0.42365795373916626,0.4560508728027344,0.4242905378341675,0.3366316854953766,0.41162270307540894,0.38389238715171814,0.41272294521331787,0.40694424510002136,0.4132353365421295,0.4261013865470886,0.4159702956676483,ㅔ
0.3119041919708252,0.4985438287258148,0.34459489583969116,0.44235658645629883,0.3846570551395416,0.4156849980354309,0.41621366143226624,0.4192650318145752,0.4405858814716339,0.4239654541015625,0.3695932924747467,0.39228901267051697,0.37796470522880554,0.3574504852294922,0.3755260109901428,0.3328671455383301,0.3653770685195923,0.3111995458602905,0.3510158061981201,0.42973023653030396,0.4239378273487091,0.4328663647174835,0.4725998044013977,0.45306095480918884,0.4971064627170563,0.47444242238998413,0.3485773801803589,0.48354804515838623,0.4309973120689392,0.490664005279541,0.46251195669174194,0.5025915503501892,0.46967899799346924,0.5107382535934448,0.3562726378440857,0.5331274271011353,0.4111476540565491,0.5296551585197449,0.43053099513053894,0.518459141254425,0.4408230781555176,0.5117341876029968,ㅔ
0.29634618759155273,0.5061841011047363,0.32557493448257446,0.4562372863292694,0.3628496527671814,0.42422041296958923,0.3945987820625305,0.40941697359085083,0.4166983366012573,0.392449289560318,0.3629135191440582,0.41381198167800903,0.38432082533836365,0.39504408836364746,0.3989415168762207,0.37470683455467224,0.41017359495162964,0.35251426696777344,0.35778605937957764,0.4481019973754883,0.4150584638118744,0.45733338594436646,0.45166775584220886,0.47018271684646606,0.47945868968963623,0.48083803057670593,0.3551575839519501,0.4939432442188263,0.4167960584163666,0.5050430297851562,0.4502051770687103,0.516478419303894,0.4719211161136627,0.5239037871360779,0.356496125459671,0.5419886708259583,0.3998241424560547,0.5385223627090454,0.4252103865146637,0.53249591588974,0.4457697570323944,0.5279254913330078,ㅔ
0.30086129903793335,0.5231814980506897,0.32582294940948486,0.4752781093120575,0.3650099039077759,0.4517087936401367,0.40227964520454407,0.45321810245513916,0.43043169379234314,0.4581504464149475,0.3669913709163666,0.4346145689487457,0.39126285910606384,0.41443052887916565,0.40736961364746094,0.3941284716129303,0.42039233446121216,0.37037116289138794,0.36415600776672363,0.465551495552063,0.42522990703582764,0.4760570824146271,0.4494994580745697,0.4868911802768707,0.4636576771736145,0.49272170662879944,0.36322036385536194,0.5062684416770935,0.4242265224456787,0.5157978534698486,0.4480030834674835,0.5215161442756653,0.46145105361938477,0.522844135761261,0.36400869488716125,0.5478143692016602,0.40619176626205444,0.5437585115432739,0.43031394481658936,0.5391687750816345,0.4511401057243347,0.5350762009620667,ㅔ
0.27763858437538147,0.4877842664718628,0.3011907637119293,0.4393547475337982,0.33461782336235046,0.4107188284397125,0.36766013503074646,0.4022602438926697,0.3906954228878021,0.40428781509399414,0.3365875482559204,0.39127206802368164,0.35613369941711426,0.3697941303253174,0.36944225430488586,0.3501633405685425,0.3799453377723694,0.33048367500305176,0.33920636773109436,0.4168524146080017,0.3829347491264343,0.41768595576286316,0.40922054648399353,0.42616742849349976,0.42915207147598267,0.43400973081588745,0.3435216546058655,0.4524994194507599,0.38858336210250854,0.4558039605617523,0.41161954402923584,0.463576078414917,0.42782795429229736,0.46892017126083374,0.34960687160491943,0.49073323607444763,0.3854340612888336,0.48303887248039246,0.4060443043708801,0.4773331582546234,0.4247945249080658,0.4724573791027069,ㅔ
0.2879108190536499,0.4005994200706482,0.3086928427219391,0.35377317667007446,0.3427638113498688,0.32458704710006714,0.3728622794151306,0.31265443563461304,0.39040133357048035,0.30196765065193176,0.3449561595916748,0.30919426679611206,0.36254048347473145,0.2934923768043518,0.37072324752807617,0.27816805243492126,0.3757391571998596,0.2621590793132782,0.344500869512558,0.3389381468296051,0.38965776562690735,0.3420916497707367,0.4203955829143524,0.3517373502254486,0.44402992725372314,0.36137592792510986,0.34692874550819397,0.3783123791217804,0.39454925060272217,0.38675567507743835,0.4241686165332794,0.3934314250946045,0.4455046057701111,0.39781203866004944,0.3520298898220062,0.41937878727912903,0.390630304813385,0.4157234728336334,0.4119022786617279,0.41071975231170654,0.4310043156147003,0.4064748287200928,ㅔ
0.287997841835022,0.4359177052974701,0.31081023812294006,0.39184436202049255,0.3436121642589569,0.36380255222320557,0.37305259704589844,0.3511258661746979,0.3928198218345642,0.34487536549568176,0.3459607660770416,0.3528224229812622,0.36154359579086304,0.3351326286792755,0.3735324442386627,0.31911852955818176,0.38268527388572693,0.30199217796325684,0.34521692991256714,0.3815229535102844,0.3919804096221924,0.3850691318511963,0.4232865869998932,0.3961811661720276,0.4478130340576172,0.4073040187358856,0.3457753658294678,0.42015036940574646,0.3928990364074707,0.42670154571533203,0.4214513301849365,0.4363541901111603,0.4428228437900543,0.44278496503829956,0.34802764654159546,0.46144649386405945,0.3861043453216553,0.459060400724411,0.4083554744720459,0.4560298025608063,0.4281938970088959,0.4537591338157654,ㅔ
0.2909298539161682,0.5538569688796997,0.3147396743297577,0.5121486186981201,0.34841829538345337,0.48423582315444946,0.3777397871017456,0.4699491262435913,0.39711982011795044,0.4560287296772003,0.35384485125541687,0.47784000635147095,0.3727456033229828,0.4607011675834656,0.3888048827648163,0.44478437304496765,0.40327581763267517,0.4278661608695984,0.352972149848938,0.5068474411964417,0.3980846405029297,0.514153003692627,0.42652812600135803,0.5250314474105835,0.44908154010772705,0.5341674089431763,0.35195332765579224,0.5449358820915222,0.4000585675239563,0.5529342889785767,0.42646047472953796,0.5605982542037964,0.44540488719940186,0.5656260251998901,0.3523849546909332,0.5845610499382019,0.3888620436191559,0.5819520354270935,0.41020455956459045,0.5785490870475769,0.4293159246444702,0.5759289860725403,ㅔ
