0.8260953426361084,0.6528832912445068,0.78057861328125,0.5899249315261841,0.712376594543457,0.561258852481842,0.6595662832260132,0.5816630721092224,0.6368147730827332,0.6177411675453186,0.7488027215003967,0.5174593925476074,0.7166707515716553,0.45516717433929443,0.7096527814865112,0.4079471230506897,0.7130930423736572,0.36349546909332275,0.7583732008934021,0.5538280606269836,0.7097207903862,0.5439739227294922,0.6882070302963257,0.5469298362731934,0.6874501705169678,0.550642728805542,0.7587559819221497,0.6084691286087036,0.6799660921096802,0.6045802235603333,0.6437057852745056,0.6020523309707642,0.6300069689750671,0.6028777360916138,0.7556955218315125,0.6636746525764465,0.6894662976264954,0.659669041633606,0.6547920107841492,0.6499276757240295,0.635894775390625,0.6428089141845703,ㅕ
0.83086097240448,0.6340924501419067,0.7941942811012268,0.5614975690841675,0.737713098526001,0.503576397895813,0.6938702464103699,0.4691253900527954,0.6810054183006287,0.4343852996826172,0.7642457485198975,0.4912392795085907,0.7269489765167236,0.447737455368042,0.714467465877533,0.414483904838562,0.7061258554458618,0.37626251578330994,0.7679561376571655,0.5236409306526184,0.7323784232139587,0.5053021311759949,0.7119379639625549,0.4830237627029419,0.6972640156745911,0.4638025164604187,0.7643831372261047,0.5726813673973083,0.6943132281303406,0.5709662437438965,0.6535487174987793,0.5748049020767212,0.6263511180877686,0.5841295123100281,0.7569108009338379,0.6291429996490479,0.6949083805084229,0.6191822290420532,0.6574817895889282,0.6155049800872803,0.6293580532073975,0.620143711566925,ㅕ
0.8522727489471436,0.6227557063102722,0.8189416527748108,0.5494112372398376,0.7646234631538391,0.47916847467422485,0.7229125499725342,0.4290589690208435,0.7110677361488342,0.3773213028907776,0.7820873260498047,0.4784550368785858,0.7409747838973999,0.4287468194961548,0.7290822267532349,0.3923943042755127,0.7226863503456116,0.35142791271209717,0.7835713028907776,0.5126350522041321,0.7461467385292053,0.49232977628707886,0.7284188270568848,0.47327208518981934,0.7176485061645508,0.4559451639652252,0.7802883386611938,0.5626604557037354,0.7132344841957092,0.5618433356285095,0.6737196445465088,0.56775963306427,0.6481743454933167,0.5783252120018005,0.773883044719696,0.6180371046066284,0.7116156816482544,0.6081926226615906,0.6736730337142944,0.6072699427604675,0.64466392993927,0.6136196851730347,ㅕ
0.7900022268295288,0.6391972303390503,0.751854419708252,0.5817449688911438,0.7118296027183533,0.5284249782562256,0.7061590552330017,0.4804539382457733,0.7136286497116089,0.4387642741203308,0.7118556499481201,0.5438501834869385,0.6971266269683838,0.5077179670333862,0.7116086483001709,0.46637725830078125,0.734910786151886,0.42742645740509033,0.7206109166145325,0.5876662731170654,0.6702104806900024,0.5949913263320923,0.6797114014625549,0.5786395072937012,0.7043758034706116,0.5650203227996826,0.7290967106819153,0.6352830529212952,0.6641782522201538,0.6454524993896484,0.6647566556930542,0.6298542618751526,0.6811403036117554,0.6189157962799072,0.7378641963005066,0.6788077354431152,0.6819533109664917,0.6874848008155823,0.6662859320640564,0.6732872128486633,0.6659267544746399,0.6600446701049805,ㅕ
0.785630464553833,0.5894557237625122,0.7505438327789307,0.5462239384651184,0.6975877285003662,0.5243278741836548,0.658239483833313,0.5232108235359192,0.6498644948005676,0.5119762420654297,0.713579535484314,0.4919535219669342,0.6751875281333923,0.44727906584739685,0.6653818488121033,0.4113435745239258,0.6605340242385864,0.3721248507499695,0.7206658720970154,0.5188724994659424,0.6836385726928711,0.5051663517951965,0.6671227812767029,0.49392274022102356,0.6578112840652466,0.47992753982543945,0.7246900200843811,0.5620982050895691,0.6553010940551758,0.5691910982131958,0.6347945928573608,0.5835747718811035,0.6289663314819336,0.5928761959075928,0.7270948886871338,0.6120666861534119,0.6731815934181213,0.6164718270301819,0.650059700012207,0.6213580965995789,0.6384592056274414,0.6250462532043457,ㅕ
0.7985970377922058,0.6671620011329651,0.7597557306289673,0.6041543483734131,0.7102693319320679,0.578995943069458,0.6716217994689941,0.6035739183425903,0.65851891040802,0.6404114365577698,0.71783047914505,0.5299004912376404,0.6796744465827942,0.46728599071502686,0.6708753108978271,0.4238468408584595,0.6667462587356567,0.3804107904434204,0.7282905578613281,0.5534482598304749,0.6870431303977966,0.5282115936279297,0.6678048968315125,0.5000349879264832,0.6569244861602783,0.4734911322593689,0.7334784269332886,0.5962498188018799,0.6564328670501709,0.6026059985160828,0.6406030058860779,0.6306963562965393,0.6412481069564819,0.6489893198013306,0.7349408268928528,0.6436033248901367,0.6749983429908752,0.6554294228553772,0.6593922972679138,0.6665511131286621,0.6554028391838074,0.6729018092155457,ㅕ
0.8349875211715698,0.748144268989563,0.7903230786323547,0.68245530128479,0.7341435551643372,0.6507832407951355,0.6902458667755127,0.6724482774734497,0.6738241314888,0.7130557894706726,0.756397008895874,0.5982925295829773,0.7180208563804626,0.5230528116226196,0.7121598720550537,0.4725415110588074,0.7125107049942017,0.42503654956817627,0.7687955498695374,0.6262604594230652,0.7275663018226624,0.592654824256897,0.7096474170684814,0.5643951892852783,0.7003675103187561,0.5401811599731445,0.7713341116905212,0.673941969871521,0.690940260887146,0.6705633997917175,0.6651703119277954,0.6851205825805664,0.6570377945899963,0.6938084959983826,0.7702532410621643,0.7270323634147644,0.7017278075218201,0.7260544896125793,0.6752335429191589,0.730721652507782,0.6622846126556396,0.7345145344734192,ㅕ
0.8680571913719177,0.7003040909767151,0.8273940086364746,0.6197280287742615,0.7644956111907959,0.5844252109527588,0.7123696208000183,0.6102650761604309,0.6865102052688599,0.6484276652336121,0.7831404805183411,0.5399177074432373,0.7396138906478882,0.46550750732421875,0.7288974523544312,0.4141201376914978,0.7249077558517456,0.3650166988372803,0.7869170308113098,0.5746556520462036,0.7392787933349609,0.543951153755188,0.7143154740333557,0.5132907629013062,0.6972068548202515,0.4854848384857178,0.7866086363792419,0.6232094764709473,0.7056685090065002,0.6151943802833557,0.6800655126571655,0.6271848082542419,0.6739423274993896,0.6378536820411682,0.7850481271743774,0.6752187013626099,0.7152042984962463,0.6710141897201538,0.6931866407394409,0.6740787625312805,0.686726450920105,0.6776370406150818,ㅕ
0.8721033930778503,0.6596750617027283,0.8276351690292358,0.5804002285003662,0.76031494140625,0.5487474203109741,0.7060400247573853,0.5772287249565125,0.6764512658119202,0.6134297847747803,0.7812593579292297,0.5091554522514343,0.7348456978797913,0.4403589069843292,0.7260167598724365,0.3896991014480591,0.7229373455047607,0.33918496966362,0.7849814295768738,0.547485888004303,0.7353812456130981,0.525174081325531,0.7106814384460449,0.5023843050003052,0.6948311924934387,0.4811912477016449,0.7849482297897339,0.6017366051673889,0.6979900002479553,0.5974640250205994,0.6736319065093994,0.6116151213645935,0.6689810156822205,0.6262038350105286,0.7843194603919983,0.6591352224349976,0.7131024599075317,0.6536164879798889,0.6869779825210571,0.6512079238891602,0.6762629747390747,0.6524844169616699,ㅕ
0.9042399525642395,0.6583619713783264,0.8658491373062134,0.575097382068634,0.8007947206497192,0.5388755202293396,0.7502840757369995,0.5530698299407959,0.7139810919761658,0.5717467069625854,0.7953621745109558,0.5147396922111511,0.7453001737594604,0.45346635580062866,0.7199219465255737,0.40986713767051697,0.6991643905639648,0.37068280577659607,0.7909855246543884,0.5632054209709167,0.725564181804657,0.5387060046195984,0.6869595646858215,0.5188618898391724,0.6582415699958801,0.5041876435279846,0.7888834476470947,0.6198275089263916,0.7044079899787903,0.603822648525238,0.6829872131347656,0.5940375328063965,0.6815128922462463,0.5917303562164307,0.7897945642471313,0.6742763519287109,0.7201419472694397,0.6601875424385071,0.7023767232894897,0.6461465954780579,0.7017115354537964,0.6363984942436218,ㅕ
0.9111994504928589,0.652992844581604,0.8709659576416016,0.5687164068222046,0.8017882704734802,0.5324857234954834,0.7441176176071167,0.5540554523468018,0.7047228813171387,0.5753865242004395,0.7965142726898193,0.4988252818584442,0.7476632595062256,0.4328923225402832,0.7220895886421204,0.38099247217178345,0.701878011226654,0.337175190448761,0.7884870767593384,0.5384454131126404,0.7240375876426697,0.5006492733955383,0.6850971579551697,0.4748959243297577,0.6548953652381897,0.45654478669166565,0.7838947176933289,0.5906919240951538,0.6916471719741821,0.5701181888580322,0.6936332583427429,0.5778008699417114,0.7125040292739868,0.5880430936813354,0.7832547426223755,0.644453763961792,0.7166540622711182,0.6310319900512695,0.7176192402839661,0.6240977644920349,0.7338641881942749,0.621052622795105,ㅕ
0.923479437828064,0.6714637279510498,0.8892978429794312,0.5840181112289429,0.8307605385780334,0.5384243726730347,0.7799139618873596,0.5452398657798767,0.7433706521987915,0.5637401342391968,0.8153987526893616,0.5031752586364746,0.768337607383728,0.43449944257736206,0.7441417574882507,0.3812192678451538,0.7256735563278198,0.3366507887840271,0.8093346357345581,0.5437700152397156,0.7446631193161011,0.5018596053123474,0.7095957398414612,0.4721065163612366,0.6838374137878418,0.4505033493041992,0.8029364347457886,0.5964057445526123,0.7110555768013,0.5735503435134888,0.7025094032287598,0.5797060132026672,0.713248610496521,0.5870026350021362,0.7993484735488892,0.6497004628181458,0.7279216647148132,0.6352258324623108,0.719709038734436,0.6287172436714172,0.7281458377838135,0.6225671768188477,ㅕ
0.9044997096061707,0.6621791124343872,0.8668525218963623,0.5772408246994019,0.7992655634880066,0.541843831539154,0.7438974976539612,0.569237232208252,0.7194403409957886,0.6053722500801086,0.816706657409668,0.504636287689209,0.7689248919487,0.4408901333808899,0.7567685842514038,0.3929230868816376,0.7485108971595764,0.34334424138069153,0.8210073113441467,0.5438269376754761,0.7711557745933533,0.5126892328262329,0.7458503246307373,0.47934257984161377,0.7277780175209045,0.4487435817718506,0.8200296759605408,0.5982681512832642,0.7298790216445923,0.5866175889968872,0.6997636556625366,0.5949304103851318,0.6898674964904785,0.6050756573677063,0.8169154524803162,0.6546628475189209,0.7426079511642456,0.6405584812164307,0.718654990196228,0.6363880634307861,0.7102562785148621,0.6367826461791992,ㅕ
0.8878530859947205,0.6376633644104004,0.829568088054657,0.5703995227813721,0.7501393556594849,0.531224250793457,0.700487494468689,0.5374667644500732,0.6981195211410522,0.5541532039642334,0.8057637214660645,0.4943230152130127,0.7718955874443054,0.42988085746765137,0.7636566758155823,0.3807520270347595,0.7623072862625122,0.32596492767333984,0.8137201070785522,0.5298686027526855,0.7781832814216614,0.5083854794502258,0.7640537023544312,0.4942197799682617,0.7643141746520996,0.47666236758232117,0.8136974573135376,0.5887219309806824,0.7300439476966858,0.583855152130127,0.6897550821304321,0.593858003616333,0.6684620976448059,0.6023075580596924,0.8110459446907043,0.6523585319519043,0.7455201745033264,0.6445764899253845,0.7053698897361755,0.6412155628204346,0.6795764565467834,0.6434053182601929,ㅕ
0.7935910820960999,0.6597532033920288,0.7377687096595764,0.5979505777359009,0.6767890453338623,0.5689745545387268,0.6355116367340088,0.5747390985488892,0.6125053763389587,0.5870432257652283,0.7086369395256042,0.5185919404029846,0.694115936756134,0.4353872537612915,0.7035371661186218,0.383648157119751,0.7165636420249939,0.33028358221054077,0.7248234748840332,0.5471023321151733,0.7152503728866577,0.4945353865623474,0.7181181907653809,0.4537108540534973,0.7261410355567932,0.42080485820770264,0.7319566607475281,0.5971770882606506,0.6645435094833374,0.5910947322845459,0.6197727918624878,0.6083376407623291,0.5897550582885742,0.627834677696228,0.7301455140113831,0.6618296504020691,0.6693995594978333,0.6582574844360352,0.6252006888389587,0.6602839231491089,0.5903321504592896,0.6668788194656372,ㅕ
0.7833518385887146,0.8049699068069458,0.7249088287353516,0.7532774806022644,0.6728515028953552,0.7206910848617554,0.6357197761535645,0.7289403080940247,0.6128409504890442,0.7505691647529602,0.7097234725952148,0.6566047668457031,0.6842889785766602,0.5671639442443848,0.6896545886993408,0.5219573378562927,0.7003516554832458,0.4778018593788147,0.7235352396965027,0.6766509413719177,0.7053104639053345,0.6304758787155151,0.7043602466583252,0.6051142811775208,0.7103570103645325,0.5811437964439392,0.7272539138793945,0.7182620763778687,0.6611339449882507,0.7069581747055054,0.6304134130477905,0.7228369116783142,0.6143094897270203,0.7358965873718262,0.7244248986244202,0.7725601196289062,0.6705238819122314,0.7705865502357483,0.6342084407806396,0.7744171023368835,0.6080777049064636,0.7760423421859741,ㅕ
0.7976313233375549,0.8406789898872375,0.744805634021759,0.7766760587692261,0.6957289576530457,0.7438082695007324,0.6558072566986084,0.7518833875656128,0.6278475522994995,0.7693948149681091,0.7257199883460999,0.6766630411148071,0.7033412456512451,0.5786056518554688,0.710436999797821,0.5284236669540405,0.7212682962417603,0.48007476329803467,0.7381040453910828,0.6942775845527649,0.723152220249176,0.639153778553009,0.7278737425804138,0.6058999300003052,0.7356352210044861,0.5784354209899902,0.7424480319023132,0.7345606684684753,0.6755512952804565,0.7202523350715637,0.642419695854187,0.7343515157699585,0.6237878203392029,0.7484227418899536,0.738263726234436,0.788103461265564,0.680094301700592,0.7846747040748596,0.6432577967643738,0.7906023859977722,0.6182291507720947,0.7970655560493469,ㅕ
0.8271603584289551,0.7739872932434082,0.7774564027786255,0.7004305720329285,0.7154105305671692,0.6747182607650757,0.6657030582427979,0.7000117897987366,0.6351135969161987,0.728647768497467,0.7458694577217102,0.6169326901435852,0.7155616283416748,0.5286389589309692,0.7175763845443726,0.47917187213897705,0.7251676321029663,0.4272081255912781,0.754170298576355,0.641425371170044,0.7302906513214111,0.5914283990859985,0.7281087040901184,0.5618981719017029,0.7336007356643677,0.5320557951927185,0.755435585975647,0.6911008954048157,0.6780575513839722,0.6829968690872192,0.6448308825492859,0.7003220319747925,0.6291134357452393,0.7127307653427124,0.7519769668579102,0.7505813241004944,0.6903655529022217,0.7435592412948608,0.6531091332435608,0.7464905381202698,0.6285762190818787,0.7494818568229675,ㅕ
0.8304260969161987,0.6169386506080627,0.7723215818405151,0.5378702282905579,0.6919306516647339,0.5115498304367065,0.644839882850647,0.5375023484230042,0.6249881982803345,0.5748448967933655,0.7483354806900024,0.47867152094841003,0.718304455280304,0.4063955545425415,0.7196637988090515,0.3537755608558655,0.7250978946685791,0.2951769530773163,0.7554660439491272,0.5185700058937073,0.7298882603645325,0.4910646378993988,0.7208845615386963,0.47784340381622314,0.7212851047515869,0.45884406566619873,0.7547536492347717,0.5756973624229431,0.6807981133460999,0.5702832937240601,0.6390069723129272,0.5737348794937134,0.6124868988990784,0.5711055397987366,0.750244140625,0.6360201239585876,0.6905942559242249,0.6296050548553467,0.6512205600738525,0.621385931968689,0.6258434057235718,0.6138073205947876,ㅕ
0.7841407060623169,0.5416666865348816,0.7364338636398315,0.46776053309440613,0.6670423150062561,0.4480043053627014,0.6141233444213867,0.4774518311023712,0.5810598134994507,0.5158435106277466,0.6915106177330017,0.43985089659690857,0.6625465154647827,0.3869205117225647,0.6490322947502136,0.34649306535720825,0.6407273411750793,0.3093520402908325,0.6965817809104919,0.49300405383110046,0.6345539689064026,0.4957790672779083,0.5971699953079224,0.5025070905685425,0.5782315731048584,0.5057259798049927,0.6988250613212585,0.5479377508163452,0.6262068152427673,0.5606375932693481,0.5914412140846252,0.5566096901893616,0.5771644115447998,0.5507757067680359,0.6983959078788757,0.5931782722473145,0.6354993581771851,0.5925779938697815,0.6051163673400879,0.5850903987884521,0.5884267091751099,0.5755642056465149,ㅕ
0.6781057119369507,0.5404313206672668,0.6286681890487671,0.45901650190353394,0.5550423264503479,0.4451083540916443,0.5005695223808289,0.4796861708164215,0.4686213433742523,0.5263656973838806,0.5677485466003418,0.45124420523643494,0.5244096517562866,0.41836225986480713,0.49932101368904114,0.38525155186653137,0.4766741096973419,0.35121387243270874,0.5744436979293823,0.514764666557312,0.5142824649810791,0.5378626585006714,0.4762950539588928,0.5439713597297668,0.45415616035461426,0.5451099872589111,0.5805851221084595,0.5734508633613586,0.5102532505989075,0.5933858156204224,0.4726632833480835,0.5847190618515015,0.45349186658859253,0.5748890042304993,0.5839572548866272,0.6177520751953125,0.5224977135658264,0.6215720772743225,0.49601370096206665,0.6087327003479004,0.4811524748802185,0.5968965291976929,ㅕ
0.7042049765586853,0.5513710975646973,0.6620689630508423,0.47641000151634216,0.592011034488678,0.45838701725006104,0.5359467267990112,0.47948166728019714,0.5048841834068298,0.5116230249404907,0.6010875105857849,0.5009920001029968,0.546166718006134,0.5067103505134583,0.5180331468582153,0.4989717900753021,0.49518024921417236,0.48817014694213867,0.6048896312713623,0.5587176084518433,0.5413203835487366,0.5535761117935181,0.5073124170303345,0.5339783430099487,0.48523712158203125,0.5152558088302612,0.6089794039726257,0.6067603826522827,0.5459633469581604,0.6143818497657776,0.5136470198631287,0.5975445508956909,0.494802325963974,0.5810989737510681,0.6114240884780884,0.6398197412490845,0.5589214563369751,0.6431816816329956,0.5346952080726624,0.6295210123062134,0.5158602595329285,0.6152198314666748,ㅕ
0.6974042057991028,0.5430104732513428,0.6554083228111267,0.46317341923713684,0.5881035923957825,0.43325185775756836,0.5306887626647949,0.4292835295200348,0.4950350821018219,0.42377203702926636,0.5936917066574097,0.47609347105026245,0.5267831087112427,0.4687368869781494,0.4974578022956848,0.43900635838508606,0.47743305563926697,0.4114994704723358,0.5949346423149109,0.5388747453689575,0.5149849653244019,0.5323970317840576,0.48894137144088745,0.5031077861785889,0.4806063771247864,0.4823647141456604,0.5973631143569946,0.5918077230453491,0.5181821584701538,0.6040810942649841,0.49827852845191956,0.5726338624954224,0.4992828965187073,0.5494881272315979,0.5997589230537415,0.6275118589401245,0.5377278327941895,0.6293858885765076,0.5232176184654236,0.6027247905731201,0.5228205919265747,0.5813088417053223,ㅕ
0.756202757358551,0.5728455781936646,0.7228882908821106,0.49407958984375,0.659406840801239,0.46244266629219055,0.6023341417312622,0.4676739275455475,0.5697969198226929,0.4810071587562561,0.6757476925849915,0.4951326549053192,0.618434727191925,0.46974897384643555,0.5890811681747437,0.4647883176803589,0.5663481950759888,0.4595550298690796,0.6733618974685669,0.5567232370376587,0.5864017009735107,0.5526676774024963,0.5451397895812988,0.5550909638404846,0.5241592526435852,0.5566022992134094,0.670226514339447,0.6106934547424316,0.5768300294876099,0.6069315075874329,0.5512182712554932,0.5897902846336365,0.5485478639602661,0.5781111121177673,0.6649883985519409,0.6462008357048035,0.5984807014465332,0.6402644515037537,0.5768347978591919,0.6198434233665466,0.570669949054718,0.6025107502937317,ㅕ
0.7788479328155518,0.6007059812545776,0.746537983417511,0.5261909365653992,0.692584216594696,0.4834144115447998,0.652816116809845,0.4714156985282898,0.6353021264076233,0.4738093912601471,0.7207155227661133,0.5418643951416016,0.6936210989952087,0.5204786658287048,0.6734911203384399,0.49748411774635315,0.6585432291030884,0.476938933134079,0.7201145887374878,0.5966028571128845,0.6506168246269226,0.6015294194221497,0.6052327156066895,0.5920578837394714,0.5807383060455322,0.5848271250724792,0.7135868072509766,0.640677273273468,0.6365452408790588,0.6454846262931824,0.6034521460533142,0.6210165023803711,0.5892139673233032,0.6008409261703491,0.7068471312522888,0.6630836129188538,0.6441344618797302,0.6580631136894226,0.6159446239471436,0.6360167264938354,0.6021601557731628,0.6160240769386292,ㅕ
0.7863451242446899,0.592446506023407,0.759116530418396,0.5130081176757812,0.7113447189331055,0.46408987045288086,0.6784673929214478,0.4512140452861786,0.6743882298469543,0.4407443404197693,0.740913987159729,0.5072493553161621,0.7170791625976562,0.48214274644851685,0.7006641030311584,0.4429948031902313,0.6930631399154663,0.40990740060806274,0.7381554841995239,0.5658575892448425,0.675988495349884,0.5474790930747986,0.6554116010665894,0.5068032145500183,0.6626875400543213,0.48485279083251953,0.726587176322937,0.6162453293800354,0.6402010917663574,0.6070125102996826,0.6189963817596436,0.5657878518104553,0.6259863376617432,0.5412542223930359,0.712333083152771,0.6494472026824951,0.6413194537162781,0.6343700289726257,0.618211567401886,0.6001484990119934,0.6154494881629944,0.5744901895523071,ㅕ
0.8091866374015808,0.5872154235839844,0.7713143825531006,0.5058467388153076,0.7011215686798096,0.47286131978034973,0.6488672494888306,0.5017201900482178,0.619448184967041,0.5373521447181702,0.7496684789657593,0.4675437808036804,0.7265931367874146,0.41673213243484497,0.7209943532943726,0.3727130889892578,0.720551609992981,0.32840368151664734,0.748746395111084,0.5160538554191589,0.7155012488365173,0.48613911867141724,0.701113224029541,0.4572405219078064,0.7042679786682129,0.43744322657585144,0.7429026961326599,0.5678882598876953,0.6690025925636292,0.5561854243278503,0.6348767876625061,0.5493716597557068,0.6256815195083618,0.5516194105148315,0.7330434322357178,0.6167218089103699,0.6705633401870728,0.5958275198936462,0.6412692070007324,0.5828191041946411,0.6328192353248596,0.5807525515556335,ㅕ
0.8236328959465027,0.6212348341941833,0.7841528058052063,0.5513807535171509,0.7258090972900391,0.5002884268760681,0.6896973848342896,0.47636598348617554,0.6876451373100281,0.46037912368774414,0.7643128037452698,0.5012242794036865,0.7396159172058105,0.44531765580177307,0.7295433878898621,0.40434497594833374,0.7244755625724792,0.360340416431427,0.7571596503257751,0.5378397703170776,0.7210700511932373,0.5036126971244812,0.7069852352142334,0.4848198890686035,0.7075347900390625,0.46959543228149414,0.7464696168899536,0.5871695876121521,0.6773852109909058,0.5685571432113647,0.6440006494522095,0.5690155029296875,0.6293984651565552,0.5731069445610046,0.7366488575935364,0.6383313536643982,0.6812870502471924,0.6231456398963928,0.6511686444282532,0.6177418231964111,0.6345881819725037,0.6186072826385498,ㅕ
0.8398566246032715,0.5562324523925781,0.7879220247268677,0.4790624678134918,0.7113549709320068,0.4348955750465393,0.6560107469558716,0.4409635365009308,0.6252485513687134,0.46756231784820557,0.7787612676620483,0.432475209236145,0.7558895945549011,0.3857387900352478,0.7512429356575012,0.3350743055343628,0.748444139957428,0.28292107582092285,0.7730432152748108,0.47194910049438477,0.743755578994751,0.41680386662483215,0.7327673435211182,0.38269874453544617,0.7343915700912476,0.35541683435440063,0.7611303329467773,0.5221125483512878,0.6899145245552063,0.4918881058692932,0.6660786867141724,0.4807196259498596,0.6619260907173157,0.47410327196121216,0.744393527507782,0.574181318283081,0.6786589622497559,0.5620372891426086,0.6463392972946167,0.5477301478385925,0.6308934688568115,0.5331732630729675,ㅕ
0.8737469911575317,0.47492715716362,0.8374123573303223,0.3778451979160309,0.7667718529701233,0.334243506193161,0.706841766834259,0.3425845503807068,0.6650855541229248,0.3611040711402893,0.8092895746231079,0.3109286427497864,0.7822487354278564,0.25140824913978577,0.7806699872016907,0.2034492790699005,0.7850943207740784,0.15065141022205353,0.8066229224205017,0.3593132197856903,0.7851638197898865,0.284750372171402,0.7736679315567017,0.22091788053512573,0.7767179608345032,0.16676276922225952,0.7987737655639648,0.42586690187454224,0.7187105417251587,0.40261009335517883,0.6723703145980835,0.4051879942417145,0.6507077813148499,0.4111264944076538,0.7868514657020569,0.4987500309944153,0.7115001678466797,0.4784129858016968,0.6688286066055298,0.46450451016426086,0.6390748620033264,0.4578946828842163,ㅕ
0.8359475135803223,0.4942331612110138,0.7626303434371948,0.430152952671051,0.6851258277893066,0.3912392258644104,0.6462042927742004,0.3883921504020691,0.6280058026313782,0.39495447278022766,0.751895010471344,0.338309109210968,0.7306246757507324,0.2706761360168457,0.7455865740776062,0.22363035380840302,0.7647972106933594,0.17089954018592834,0.7671747803688049,0.38205134868621826,0.749323844909668,0.3319351375102997,0.747995138168335,0.28333812952041626,0.7578545212745667,0.2360842525959015,0.7697508335113525,0.45113715529441833,0.6916577816009521,0.45576211810112,0.657832682132721,0.46748068928718567,0.6441249251365662,0.47017329931259155,0.7645495533943176,0.5252721905708313,0.6921347975730896,0.5250005125999451,0.6489522457122803,0.5155953168869019,0.6220767498016357,0.5075837969779968,ㅕ
0.8338810205459595,0.5149253606796265,0.7788822650909424,0.43117469549179077,0.7107278108596802,0.3929688334465027,0.6725820302963257,0.4052979052066803,0.6726071834564209,0.42779529094696045,0.7542170882225037,0.3836374878883362,0.7364723682403564,0.34174054861068726,0.7184402346611023,0.31136074662208557,0.7144992351531982,0.2837756276130676,0.7713706493377686,0.44660115242004395,0.7265836000442505,0.4509514570236206,0.6846931576728821,0.4529796540737152,0.6709820628166199,0.4510400593280792,0.7738713026046753,0.516128420829773,0.6952483057975769,0.5320674777030945,0.6362149119377136,0.526302695274353,0.607052743434906,0.5141583681106567,0.7687012553215027,0.5778917670249939,0.691780686378479,0.5844630599021912,0.6435698866844177,0.5709352493286133,0.6167116165161133,0.5490198731422424,ㅕ
0.8187412023544312,0.66480952501297,0.7780569791793823,0.6035500168800354,0.7219637036323547,0.5565181970596313,0.6905912160873413,0.5149565935134888,0.6869093775749207,0.46953272819519043,0.7467356324195862,0.5833565592765808,0.7054406404495239,0.6049546003341675,0.6831425428390503,0.6058704853057861,0.6705394387245178,0.6044166088104248,0.7513806819915771,0.6407248377799988,0.671085774898529,0.6650683879852295,0.636669397354126,0.6539549827575684,0.6275590062141418,0.6432099342346191,0.7516043782234192,0.6869819164276123,0.6700964570045471,0.7052762508392334,0.6415716409683228,0.6867541074752808,0.6364866495132446,0.6700735092163086,0.7511340975761414,0.7185194492340088,0.6818645000457764,0.7211121916770935,0.6581441760063171,0.7041497826576233,0.6515709757804871,0.6893656253814697,ㅕ
0.8069239258766174,0.6388011574745178,0.7822735905647278,0.5825110673904419,0.7351582646369934,0.539645791053772,0.7026793360710144,0.5120083689689636,0.6975839734077454,0.485233873128891,0.7498564720153809,0.5602020025253296,0.7225514054298401,0.544045090675354,0.7016071081161499,0.5292409062385559,0.6925033926963806,0.5170290470123291,0.7459201812744141,0.6053663492202759,0.6783291697502136,0.6088935732841492,0.6496798396110535,0.6058135628700256,0.6530484557151794,0.6076971292495728,0.7423378229141235,0.6477372646331787,0.6699709892272949,0.6505069732666016,0.6403201818466187,0.6401575207710266,0.6398270726203918,0.6372269988059998,0.7413158416748047,0.6804893016815186,0.6818316578865051,0.6788279414176941,0.6597275733947754,0.6667312979698181,0.658993661403656,0.6601259708404541,ㅕ
0.8166125416755676,0.6195414662361145,0.7920571565628052,0.555177628993988,0.7427364587783813,0.5168139338493347,0.7051349878311157,0.5054726600646973,0.6967012882232666,0.49882060289382935,0.7601902484893799,0.5460749268531799,0.7378363609313965,0.5279169678688049,0.7177965044975281,0.508131206035614,0.7068334817886353,0.49078309535980225,0.7584622502326965,0.592073917388916,0.6897470355033875,0.5975831747055054,0.659327507019043,0.5919014811515808,0.6600261330604553,0.590806245803833,0.7548140287399292,0.6351346373558044,0.6771377921104431,0.6434664130210876,0.6498576998710632,0.63158118724823,0.6534433364868164,0.6264463663101196,0.7524362206459045,0.6662744879722595,0.6898303031921387,0.6611243486404419,0.6692900061607361,0.6446774005889893,0.6719533205032349,0.6347653269767761,ㅕ
0.825935959815979,0.5363720059394836,0.7966470718383789,0.4782816171646118,0.7544079422950745,0.4467567801475525,0.7190093398094177,0.43746262788772583,0.7024339437484741,0.43094271421432495,0.7662714123725891,0.4577295780181885,0.736889123916626,0.448681116104126,0.7142196893692017,0.4410313367843628,0.7026733160018921,0.4340471029281616,0.7712455987930298,0.5109850764274597,0.7060039043426514,0.5409986972808838,0.6591304540634155,0.5504381060600281,0.6367244720458984,0.5535330176353455,0.7706904411315918,0.5590513348579407,0.7015656232833862,0.5820643305778503,0.6613771915435791,0.5764009952545166,0.6436430811882019,0.5675358772277832,0.767818033695221,0.5915796756744385,0.7090262174606323,0.6029302477836609,0.6778445839881897,0.5949209928512573,0.6614178419113159,0.5843263268470764,ㅕ
0.8156073689460754,0.5246105790138245,0.781790554523468,0.46880266070365906,0.7400593757629395,0.43840262293815613,0.7097423076629639,0.42384493350982666,0.6997318863868713,0.39434632658958435,0.7567903995513916,0.4516390562057495,0.7239091992378235,0.45587366819381714,0.7043731808662415,0.45762181282043457,0.7006173133850098,0.46041807532310486,0.7622191905975342,0.5010481476783752,0.6932262182235718,0.5295917391777039,0.6501502990722656,0.5311265587806702,0.6375062465667725,0.5303547978401184,0.7609378695487976,0.5474341511726379,0.6866353750228882,0.5672149658203125,0.6506003737449646,0.555405855178833,0.6392450332641602,0.5436422824859619,0.7575439214706421,0.581754744052887,0.6958622932434082,0.5890005230903625,0.6664056777954102,0.5763088464736938,0.6550230383872986,0.5640367865562439,ㅕ
0.8164955377578735,0.5562929511070251,0.7812056541442871,0.492064893245697,0.7301450371742249,0.4725770056247711,0.6948696970939636,0.5048105716705322,0.6788976788520813,0.5489766001701355,0.7439131140708923,0.48429661989212036,0.7135764360427856,0.504393994808197,0.7016458511352539,0.5244406461715698,0.7116445899009705,0.5443367958068848,0.7602073550224304,0.5418556928634644,0.6899614930152893,0.5854613780975342,0.6494301557540894,0.5651047229766846,0.6447238922119141,0.5411880612373352,0.7660307884216309,0.594634473323822,0.6858975291252136,0.6251814365386963,0.6746712327003479,0.5895923972129822,0.6913126707077026,0.5586050152778625,0.7665367126464844,0.6301609873771667,0.6993637681007385,0.6381027102470398,0.6872428059577942,0.6026039719581604,0.6980099678039551,0.5762428045272827,ㅕ
0.8196796774864197,0.6911479830741882,0.8020035624504089,0.6250650882720947,0.7677785754203796,0.5958319306373596,0.7394394874572754,0.589676558971405,0.7191871404647827,0.5908820033073425,0.777514636516571,0.6425750255584717,0.7560921311378479,0.6756532192230225,0.7338911294937134,0.6807165145874023,0.7252435088157654,0.6897246837615967,0.7797001004219055,0.6948062777519226,0.7096385359764099,0.7204877138137817,0.668107271194458,0.69050532579422,0.6557624936103821,0.6675658822059631,0.7761476635932922,0.7327134013175964,0.6987645626068115,0.7331207394599915,0.6741869449615479,0.6953833103179932,0.6749615669250488,0.6715311408042908,0.7684344053268433,0.7545500993728638,0.7075509428977966,0.7410703301429749,0.6887673139572144,0.705459475517273,0.6880119442939758,0.682801365852356,ㅕ
0.8199859261512756,0.6814858913421631,0.7908409237861633,0.6261952519416809,0.7398741245269775,0.5994061231613159,0.7010573148727417,0.5936318635940552,0.6907335519790649,0.5885917544364929,0.7609000205993652,0.6175842881202698,0.7304878234863281,0.6091715097427368,0.7041335701942444,0.6025667190551758,0.6897664070129395,0.5995773077011108,0.7615436911582947,0.6665855050086975,0.6973978877067566,0.6811291575431824,0.66465163230896,0.6756516098976135,0.659468948841095,0.6732354760169983,0.7608601450920105,0.7110365033149719,0.6931995153427124,0.7251156568527222,0.6663273572921753,0.7097842693328857,0.6647435426712036,0.6990079283714294,0.7592369318008423,0.7427026629447937,0.70229172706604,0.7460538744926453,0.6797184348106384,0.730493426322937,0.6753264665603638,0.7175584435462952,ㅕ
0.8179687857627869,0.6803894639015198,0.7844301462173462,0.6249422430992126,0.7365773320198059,0.5974640250205994,0.6987825632095337,0.5959976315498352,0.6821171045303345,0.5936998128890991,0.754380464553833,0.6137101054191589,0.7253900766372681,0.605905294418335,0.6999571323394775,0.5981329679489136,0.6856193542480469,0.5934582948684692,0.7577581405639648,0.6626575589179993,0.6920201778411865,0.6792513728141785,0.6576405167579651,0.6794583201408386,0.6475252509117126,0.6801220774650574,0.7577270269393921,0.7070907354354858,0.6899442672729492,0.7221239805221558,0.6631910800933838,0.709130048751831,0.6585824489593506,0.6984204053878784,0.7580118775367737,0.739324152469635,0.70000159740448,0.7415201663970947,0.6776672005653381,0.727862536907196,0.671557605266571,0.7166752219200134,ㅕ
0.8104819059371948,0.6306741237640381,0.7806070446968079,0.576594352722168,0.7341561317443848,0.5408499240875244,0.6964607834815979,0.5231541395187378,0.6808134317398071,0.48842954635620117,0.7457326054573059,0.5628369450569153,0.7018542289733887,0.572592556476593,0.671622097492218,0.5747767090797424,0.6584959030151367,0.5795598030090332,0.7485895752906799,0.6102950572967529,0.6778491735458374,0.6285989284515381,0.6418304443359375,0.6246161460876465,0.6354100704193115,0.6213957667350769,0.749165952205658,0.6531122326850891,0.6787214279174805,0.6677496433258057,0.6490689516067505,0.6554847955703735,0.6435089707374573,0.6437014937400818,0.7490149140357971,0.685074508190155,0.6892756819725037,0.6868144869804382,0.6652604937553406,0.6730761528015137,0.6572133898735046,0.6616732478141785,ㅕ
0.796271562576294,0.5902313590049744,0.7676715850830078,0.5373983979225159,0.7240903377532959,0.5005888938903809,0.6881677508354187,0.47607842087745667,0.6712557077407837,0.43973320722579956,0.7380838990211487,0.5274124145507812,0.7075494527816772,0.5333257913589478,0.6838331818580627,0.5359150171279907,0.6644818186759949,0.5359035134315491,0.7383012771606445,0.5781891345977783,0.6803269982337952,0.5938020348548889,0.6381816267967224,0.5973790287971497,0.6121476888656616,0.5976666808128357,0.7370645403862,0.6196248531341553,0.6773065328598022,0.6315871477127075,0.6408810019493103,0.6248514652252197,0.6196826696395874,0.6151387691497803,0.7380595207214355,0.6464184522628784,0.685559093952179,0.649933934211731,0.6557802557945251,0.6433457732200623,0.6369401812553406,0.6350876092910767,ㅕ
0.8007065057754517,0.5398179888725281,0.7701703310012817,0.48116981983184814,0.7209107279777527,0.4449400007724762,0.6812291741371155,0.4279848337173462,0.6614862680435181,0.3979630470275879,0.7366964221000671,0.45639801025390625,0.7048162221908569,0.46085166931152344,0.6831074357032776,0.4710472822189331,0.664669930934906,0.4819517433643341,0.7389978170394897,0.5087041854858398,0.6876116991043091,0.5119339227676392,0.6584645509719849,0.5117214322090149,0.6434141993522644,0.510444700717926,0.7369999885559082,0.5594111680984497,0.6737960577011108,0.5729511380195618,0.63557368516922,0.5722898244857788,0.6129224300384521,0.5692660808563232,0.7339420318603516,0.6012646555900574,0.6790167689323425,0.6088785529136658,0.6464952826499939,0.603096067905426,0.6231380105018616,0.593105137348175,ㅕ
0.77993243932724,0.5233634114265442,0.7470388412475586,0.45731380581855774,0.6912671327590942,0.41283905506134033,0.6484959125518799,0.3866293430328369,0.626976490020752,0.3459397256374359,0.7096502780914307,0.4557938575744629,0.6736460328102112,0.45398280024528503,0.6456557512283325,0.4593387544155121,0.6186901330947876,0.46248960494995117,0.707939863204956,0.5153414607048035,0.6437410712242126,0.5272010564804077,0.6000807285308838,0.5345496535301208,0.5682827234268188,0.5375651121139526,0.705167829990387,0.5616928339004517,0.636238694190979,0.5691593885421753,0.5967560410499573,0.5614728331565857,0.5707182884216309,0.5524667501449585,0.7037448287010193,0.5893955826759338,0.645490288734436,0.5894106030464172,0.6130557060241699,0.5817424058914185,0.589993417263031,0.5729597210884094,ㅕ
0.8056364059448242,0.507831871509552,0.7663071751594543,0.43075594305992126,0.6989149451255798,0.393344908952713,0.6440536379814148,0.3883071541786194,0.6245005130767822,0.3674711287021637,0.7295860052108765,0.3954859972000122,0.6959183216094971,0.3730729818344116,0.6671900749206543,0.34856855869293213,0.6457487344741821,0.325300395488739,0.7288814187049866,0.445697158575058,0.6599662899971008,0.4354601204395294,0.6329407691955566,0.4175751805305481,0.6268240213394165,0.40371468663215637,0.7253183126449585,0.5036673545837402,0.6365736126899719,0.5059556365013123,0.6064902544021606,0.4924650490283966,0.6005427837371826,0.48401376605033875,0.7218429446220398,0.557548463344574,0.6507971286773682,0.548241913318634,0.6215386986732483,0.5333429574966431,0.6094792485237122,0.525839626789093,ㅕ
0.8072519898414612,0.6080626249313354,0.7655529975891113,0.5422603487968445,0.7070044279098511,0.5066704750061035,0.6632400751113892,0.5140780210494995,0.6450868844985962,0.533462405204773,0.7524853348731995,0.4852072298526764,0.726581871509552,0.4349069595336914,0.7226930260658264,0.39955735206604004,0.722622811794281,0.364454448223114,0.7494091987609863,0.5145593285560608,0.7238747477531433,0.4849168658256531,0.7136222720146179,0.4618997871875763,0.7157554030418396,0.445011705160141,0.7397980690002441,0.5608944296836853,0.6729454398155212,0.542902946472168,0.6425477266311646,0.5432156920433044,0.6302132606506348,0.546542763710022,0.7287111878395081,0.6119071841239929,0.674487292766571,0.5956078171730042,0.6428918242454529,0.5888562202453613,0.626953125,0.5902782678604126,ㅕ
0.7590282559394836,0.6226497888565063,0.7159610390663147,0.5979214310646057,0.6758230924606323,0.5714482069015503,0.647627592086792,0.5642340779304504,0.6372328996658325,0.5599151849746704,0.7106936573982239,0.545479416847229,0.7094110250473022,0.49626240134239197,0.7178070545196533,0.46402809023857117,0.7315732836723328,0.4335959851741791,0.7241324782371521,0.5622066259384155,0.7022616863250732,0.5110881924629211,0.6902412176132202,0.4717627167701721,0.6934792995452881,0.44438159465789795,0.7281481027603149,0.5960515141487122,0.6717093586921692,0.5821092128753662,0.633815586566925,0.5878077149391174,0.6161566376686096,0.5962986946105957,0.7213500738143921,0.6397657990455627,0.6729285717010498,0.6359444260597229,0.6356260180473328,0.6291099786758423,0.6127952933311462,0.6251311898231506,ㅕ
0.7385870814323425,0.5998597741127014,0.7258845567703247,0.5620066523551941,0.6919406056404114,0.5439707040786743,0.6587135791778564,0.5420616269111633,0.6382979154586792,0.539273202419281,0.7033829689025879,0.5332532525062561,0.6883140802383423,0.49681931734085083,0.6825552582740784,0.47336944937705994,0.6807696223258972,0.4497988224029541,0.7067458033561707,0.5597987174987793,0.6601898074150085,0.5490053296089172,0.6285750269889832,0.547096848487854,0.6075567603111267,0.5437372922897339,0.7050777077674866,0.5936694741249084,0.6509159803390503,0.5977463722229004,0.6158949136734009,0.601233720779419,0.5928613543510437,0.6040498614311218,0.6989863514900208,0.6285457611083984,0.6574031114578247,0.6253836750984192,0.6305638551712036,0.6202714443206787,0.609002947807312,0.6151822805404663,ㅕ
0.73115074634552,0.5774191617965698,0.7127696871757507,0.5416929721832275,0.6817911863327026,0.5280981063842773,0.6531351804733276,0.5286878347396851,0.6302870512008667,0.5290992259979248,0.683441698551178,0.5232389569282532,0.6476132869720459,0.504885196685791,0.6214718222618103,0.49616724252700806,0.5999280214309692,0.48983338475227356,0.6881083846092224,0.5523025393486023,0.6360806822776794,0.5545675754547119,0.6000416278839111,0.5594666004180908,0.5731400847434998,0.5608323812484741,0.6903851628303528,0.5847800970077515,0.6395120620727539,0.594981849193573,0.6060810685157776,0.5990358591079712,0.5835365653038025,0.599317193031311,0.6902778148651123,0.6159165501594543,0.6503946185112,0.6187689304351807,0.6257685422897339,0.6176174283027649,0.6066088676452637,0.6141160726547241,ㅕ
0.7959432005882263,0.5506698489189148,0.7523442506790161,0.4829011559486389,0.6911180019378662,0.4518088698387146,0.6443092226982117,0.44446834921836853,0.6136600971221924,0.4291948080062866,0.6995363235473633,0.4549283981323242,0.6545524001121521,0.42118382453918457,0.6279862523078918,0.39437633752822876,0.6044601202011108,0.3670192360877991,0.7015838027000427,0.49449336528778076,0.6510180234909058,0.47675788402557373,0.6144853234291077,0.45583897829055786,0.5855223536491394,0.43667834997177124,0.7051115036010742,0.5447400808334351,0.6385664343833923,0.5493297576904297,0.612856388092041,0.5481269359588623,0.6053643822669983,0.5473102331161499,0.7096476554870605,0.5960079431533813,0.6523142457008362,0.5918139815330505,0.6310065388679504,0.5822431445121765,0.6237223744392395,0.5746269226074219,ㅕ
0.7936379313468933,0.5586076378822327,0.7510693669319153,0.49665507674217224,0.6859862208366394,0.48756641149520874,0.644666314125061,0.5278592109680176,0.620471179485321,0.5651792883872986,0.6831255555152893,0.46097636222839355,0.6270918250083923,0.43049418926239014,0.5955609679222107,0.4065055847167969,0.5681318640708923,0.3860677480697632,0.6815662384033203,0.502977728843689,0.6201404929161072,0.48371821641921997,0.5834132432937622,0.464832603931427,0.5538846850395203,0.451361745595932,0.6842883229255676,0.553360641002655,0.6021819114685059,0.5560615062713623,0.6004934906959534,0.5510329604148865,0.6150821447372437,0.5499173402786255,0.6907171010971069,0.6055493950843811,0.625583291053772,0.6019486784934998,0.6295887231826782,0.5879675149917603,0.6514036655426025,0.5809693336486816,ㅕ
0.811308741569519,0.6186119914054871,0.771385908126831,0.5510011911392212,0.71457839012146,0.5284685492515564,0.6718334555625916,0.545508861541748,0.6397148370742798,0.5664066672325134,0.6982325315475464,0.5133969783782959,0.6449887156486511,0.4839402735233307,0.6144003868103027,0.4588361978530884,0.5879468321800232,0.43708670139312744,0.6953597068786621,0.5612111687660217,0.628014862537384,0.546008825302124,0.5905494093894958,0.5301072001457214,0.5625299215316772,0.523235023021698,0.6967037916183472,0.6122915744781494,0.6142399311065674,0.6121540665626526,0.6123830080032349,0.5974307656288147,0.627561628818512,0.5905236005783081,0.7024561166763306,0.6592833995819092,0.6364347338676453,0.6565889716148376,0.6331745386123657,0.63907390832901,0.6459317803382874,0.6266873478889465,ㅕ
0.8150380849838257,0.6747626066207886,0.7744081020355225,0.6118990778923035,0.7124002575874329,0.5879107713699341,0.6637686491012573,0.5925943851470947,0.6264998912811279,0.6026597023010254,0.7075189352035522,0.5906080007553101,0.6593462824821472,0.5788779258728027,0.6279218196868896,0.5709601640701294,0.6008815765380859,0.5651994347572327,0.7091201543807983,0.6428183913230896,0.6483315229415894,0.6536785960197449,0.6094139218330383,0.6566439867019653,0.5834140181541443,0.6607583165168762,0.7142676115036011,0.6940325498580933,0.6476904153823853,0.7040392160415649,0.6209031343460083,0.6957486271858215,0.6112608313560486,0.6898637413978577,0.7215588688850403,0.7373500466346741,0.6646751165390015,0.736861526966095,0.6486380100250244,0.7234998345375061,0.6478603482246399,0.7119958400726318,ㅕ
0.7995029091835022,0.5372823476791382,0.7593771815299988,0.4743638038635254,0.7020351886749268,0.46728166937828064,0.6627063155174255,0.5007337331771851,0.6371609568595886,0.5346351861953735,0.6919874548912048,0.4444885849952698,0.6391397714614868,0.41912412643432617,0.6070029735565186,0.3984476923942566,0.5795780420303345,0.3814309239387512,0.6916998624801636,0.4868045449256897,0.6291986107826233,0.4779808819293976,0.5892080664634705,0.46615707874298096,0.5591262578964233,0.4587833881378174,0.6952268481254578,0.53554767370224,0.6180670261383057,0.5480779409408569,0.6097087264060974,0.5435787439346313,0.6198700666427612,0.5390923619270325,0.7019922733306885,0.5833224058151245,0.6409537196159363,0.587186336517334,0.6357769966125488,0.5763352513313293,0.6467034220695496,0.566942036151886,ㅕ
0.2721467614173889,0.5998109579086304,0.30066224932670593,0.5301536917686462,0.34959813952445984,0.49347132444381714,0.3920751214027405,0.4854210615158081,0.4152531921863556,0.47426432371139526,0.3478420078754425,0.4565517008304596,0.384886234998703,0.422851026058197,0.40263208746910095,0.397907018661499,0.4120294451713562,0.37640658020973206,0.3408590257167816,0.4904436469078064,0.4023074507713318,0.4824105203151703,0.4333883821964264,0.48418834805488586,0.44940927624702454,0.490717351436615,0.3392072021961212,0.5380222201347351,0.42022114992141724,0.5549119114875793,0.44352635741233826,0.5605850219726562,0.4444526135921478,0.5629559755325317,0.341023713350296,0.5882527232170105,0.4068303406238556,0.6095448732376099,0.43183672428131104,0.6110733151435852,0.44488245248794556,0.6063344478607178,ㅕ
0.31282955408096313,0.5483736395835876,0.36259323358535767,0.4849468767642975,0.42127084732055664,0.44085800647735596,0.45898306369781494,0.4410340189933777,0.45416373014450073,0.47312575578689575,0.3803808391094208,0.41449612379074097,0.3953794240951538,0.3648534119129181,0.3927285373210907,0.330933153629303,0.3806537091732025,0.3022945821285248,0.35623466968536377,0.44084665179252625,0.3759264349937439,0.4212672710418701,0.38726046681404114,0.39744067192077637,0.38976630568504333,0.3856131434440613,0.34202149510383606,0.480302095413208,0.4055495262145996,0.4978659152984619,0.4364812970161438,0.5134319067001343,0.4518430829048157,0.5215483903884888,0.34127604961395264,0.5249351859092712,0.4031883478164673,0.5458864569664001,0.4352521300315857,0.5593953132629395,0.45902249217033386,0.5660041570663452,ㅕ
0.3420429825782776,0.5850651860237122,0.3968581557273865,0.544819712638855,0.4470904469490051,0.5155266523361206,0.4841492772102356,0.526789128780365,0.47221019864082336,0.558570384979248,0.4019273817539215,0.44573912024497986,0.4095444679260254,0.37388521432876587,0.40302106738090515,0.32863903045654297,0.3952660858631134,0.288399875164032,0.36937248706817627,0.4670080840587616,0.38010668754577637,0.4421707093715668,0.3925035893917084,0.43100419640541077,0.399316668510437,0.42376571893692017,0.3541546165943146,0.5063847899436951,0.4205371141433716,0.51667320728302,0.449317067861557,0.5351963043212891,0.4581124186515808,0.545814037322998,0.3554331064224243,0.5531108975410461,0.42738857865333557,0.5711951851844788,0.45267462730407715,0.5823092460632324,0.4652411639690399,0.5841225385665894,ㅕ
0.3406478464603424,0.5719943046569824,0.3897241950035095,0.5162633061408997,0.45150846242904663,0.47963911294937134,0.49746081233024597,0.4970424473285675,0.48656919598579407,0.5381727814674377,0.4007136821746826,0.4372064471244812,0.4191775619983673,0.38555529713630676,0.41657963395118713,0.35182368755340576,0.40709275007247925,0.31922584772109985,0.37306731939315796,0.4622935354709625,0.3986734449863434,0.4328601062297821,0.4143632650375366,0.4133557975292206,0.4204537272453308,0.4026988446712494,0.36267879605293274,0.5022475719451904,0.434796541929245,0.5087366700172424,0.4667060673236847,0.5251882076263428,0.47687315940856934,0.53694087266922,0.36774739623069763,0.547412633895874,0.4411400854587555,0.5625618696212769,0.46650680899620056,0.5707776546478271,0.48089176416397095,0.5734442472457886,ㅕ
0.34111201763153076,0.5582631826400757,0.3850107491016388,0.506279468536377,0.43851280212402344,0.4721052050590515,0.4796077013015747,0.48417824506759644,0.48288124799728394,0.5120765566825867,0.39936164021492004,0.42069390416145325,0.42537543177604675,0.3702794909477234,0.4280593693256378,0.33518198132514954,0.42476847767829895,0.30308836698532104,0.37704211473464966,0.4471043348312378,0.4084213078022003,0.42829835414886475,0.423467218875885,0.41283276677131653,0.43263089656829834,0.4024091362953186,0.36993080377578735,0.4890408515930176,0.4379710555076599,0.5008864998817444,0.47085124254226685,0.5154283046722412,0.487973690032959,0.5268409252166748,0.3755013942718506,0.5355582237243652,0.4422016441822052,0.5521642565727234,0.469941645860672,0.5648216009140015,0.4911177456378937,0.5726391077041626,ㅕ
0.3831009268760681,0.5753434300422668,0.425465852022171,0.5309008955955505,0.47856593132019043,0.49725279211997986,0.5223464965820312,0.5072159171104431,0.5279571413993835,0.5360327363014221,0.44410714507102966,0.43355053663253784,0.4644773602485657,0.37075597047805786,0.4673956632614136,0.33059418201446533,0.4648948013782501,0.29222387075424194,0.4193345010280609,0.4527411162853241,0.44200530648231506,0.42212337255477905,0.4579855501651764,0.4063287377357483,0.4669575095176697,0.39648860692977905,0.4082404673099518,0.4903795123100281,0.47290703654289246,0.4959443509578705,0.5020617246627808,0.5124658346176147,0.5148013234138489,0.5251699090003967,0.4108404815196991,0.5368056893348694,0.478481650352478,0.5540485382080078,0.5068711042404175,0.5696389675140381,0.5269839763641357,0.5803512334823608,ㅕ
0.36494866013526917,0.5744746923446655,0.41080018877983093,0.5170168876647949,0.4663419723510742,0.4778763949871063,0.5095872282981873,0.4866190552711487,0.512619137763977,0.5217260122299194,0.42451220750808716,0.4311092793941498,0.44609808921813965,0.37506839632987976,0.4470151662826538,0.3365619480609894,0.44202226400375366,0.3014461100101471,0.4019876718521118,0.45589542388916016,0.4300174117088318,0.43062669038772583,0.4466741979122162,0.41355177760124207,0.4563405215740204,0.4040437340736389,0.39338117837905884,0.4959520101547241,0.4606599509716034,0.504647433757782,0.493407279253006,0.5188164710998535,0.5118749737739563,0.5304410457611084,0.3992116153240204,0.5430091619491577,0.46891817450523376,0.5584611892700195,0.49873751401901245,0.5708533525466919,0.5221158862113953,0.5798361301422119,ㅕ
0.32404613494873047,0.5774708986282349,0.3670083284378052,0.5040552616119385,0.40915799140930176,0.45240461826324463,0.4358455538749695,0.44135427474975586,0.4314455986022949,0.4532397389411926,0.3684348165988922,0.4229397773742676,0.38473740220069885,0.373313844203949,0.38186463713645935,0.3435383439064026,0.36834171414375305,0.31983691453933716,0.34763726592063904,0.4605872929096222,0.390044629573822,0.45110300183296204,0.4136430025100708,0.45514532923698425,0.42770859599113464,0.4565020203590393,0.3418280780315399,0.5086621046066284,0.4052532911300659,0.5205100178718567,0.4460347294807434,0.5271434187889099,0.4751126170158386,0.5251343250274658,0.3512008786201477,0.5589280128479004,0.41884148120880127,0.5670782923698425,0.45956283807754517,0.5738250613212585,0.4924096465110779,0.5726627111434937,ㅕ
0.3252033591270447,0.5726383328437805,0.3725738525390625,0.5119742751121521,0.4267498552799225,0.4801962077617645,0.46853768825531006,0.4979130029678345,0.4774005115032196,0.5390276312828064,0.3761168122291565,0.42912065982818604,0.3895598351955414,0.3758411407470703,0.3819383680820465,0.34413766860961914,0.3653947114944458,0.3186463713645935,0.3493202030658722,0.4637052118778229,0.38588154315948486,0.4454091489315033,0.4018544554710388,0.43902507424354553,0.40849798917770386,0.4330138564109802,0.3410944938659668,0.5099917054176331,0.41008496284484863,0.5166051983833313,0.4501487910747528,0.5213674306869507,0.4749356508255005,0.5209641456604004,0.35072359442710876,0.558306097984314,0.42396339774131775,0.5635368824005127,0.46083712577819824,0.5699843764305115,0.4875268042087555,0.5710514783859253,ㅕ
0.332740843296051,0.5495941042900085,0.3819921314716339,0.4695202112197876,0.42877092957496643,0.4012886881828308,0.453660786151886,0.3740166425704956,0.44182300567626953,0.3848249316215515,0.38327595591545105,0.3921718895435333,0.4007706642150879,0.3611021339893341,0.4091559648513794,0.33791399002075195,0.41536274552345276,0.3176446259021759,0.36254653334617615,0.429129421710968,0.3908740282058716,0.4085843861103058,0.4173886179924011,0.3892671763896942,0.4394846558570862,0.3807414770126343,0.3557858467102051,0.47478780150413513,0.42770740389823914,0.4789136052131653,0.4652745723724365,0.48738041520118713,0.4892846643924713,0.49676814675331116,0.3630807101726532,0.5234436988830566,0.431135356426239,0.5261152386665344,0.4606455862522125,0.5316181182861328,0.4844222366809845,0.5342353582382202,ㅕ
0.33844926953315735,0.5492822527885437,0.3868853449821472,0.47053292393684387,0.4300087094306946,0.4038485288619995,0.4478679299354553,0.3637915849685669,0.43624168634414673,0.35074299573898315,0.38813138008117676,0.39826613664627075,0.40851035714149475,0.356314480304718,0.420332670211792,0.32336845993995667,0.428210973739624,0.2978373169898987,0.3684995770454407,0.4361187219619751,0.398150235414505,0.4194718599319458,0.4263787269592285,0.4092373847961426,0.4487931430339813,0.4070962071418762,0.3632180690765381,0.4825068712234497,0.42605718970298767,0.49190300703048706,0.4691295921802521,0.49818456172943115,0.49898913502693176,0.5046380162239075,0.371340274810791,0.5321698784828186,0.4341888725757599,0.5368685126304626,0.4677266478538513,0.5419668555259705,0.49452465772628784,0.5441994667053223,ㅕ
0.3147580027580261,0.5885596871376038,0.36260536313056946,0.5265791416168213,0.41813376545906067,0.4916122555732727,0.46525949239730835,0.5087085962295532,0.4836571514606476,0.5375375747680664,0.3749370276927948,0.42760714888572693,0.3909270167350769,0.35767218470573425,0.3905563950538635,0.3114480972290039,0.3865199685096741,0.2692873477935791,0.354370653629303,0.46228134632110596,0.3862951397895813,0.43676578998565674,0.4155283570289612,0.4247308373451233,0.43874216079711914,0.4164090156555176,0.3483617901802063,0.5092041492462158,0.41864949464797974,0.5077111124992371,0.4591476619243622,0.5173237323760986,0.4839625954627991,0.5245233774185181,0.35722076892852783,0.56075519323349,0.4276500642299652,0.5601192116737366,0.46332284808158875,0.5630860924720764,0.4918542504310608,0.5618416666984558,ㅕ
0.3074985444545746,0.5654640793800354,0.34800291061401367,0.49089258909225464,0.40062424540519714,0.44081687927246094,0.4354953467845917,0.4384746253490448,0.4360678493976593,0.4563683867454529,0.3645113408565521,0.4132220447063446,0.3808515667915344,0.35439425706863403,0.3771907687187195,0.3122495412826538,0.3677193522453308,0.2756917476654053,0.3465449810028076,0.45087477564811707,0.3827006220817566,0.43855974078178406,0.4026973247528076,0.43155547976493835,0.41629424691200256,0.4288598895072937,0.342288613319397,0.49987319111824036,0.4130665361881256,0.5087632536888123,0.44673052430152893,0.5153737664222717,0.4679795205593109,0.5190014839172363,0.35052990913391113,0.5516799092292786,0.4223768413066864,0.5608854293823242,0.4581123888492584,0.5645468235015869,0.487571120262146,0.564682126045227,ㅕ
0.3087003529071808,0.5479310154914856,0.34639328718185425,0.4782482087612152,0.3979508876800537,0.430824875831604,0.4359590411186218,0.4256112575531006,0.44245412945747375,0.4341733157634735,0.367403507232666,0.40441808104515076,0.39558643102645874,0.35967448353767395,0.3958723545074463,0.3235948085784912,0.38784968852996826,0.29415905475616455,0.34889721870422363,0.4390053451061249,0.38796859979629517,0.4203190505504608,0.40347665548324585,0.41031357645988464,0.41184496879577637,0.40659019351005554,0.344055712223053,0.48611924052238464,0.4201405644416809,0.49689003825187683,0.45071008801460266,0.5041021704673767,0.4654671847820282,0.5084763765335083,0.35103607177734375,0.5381789207458496,0.42657583951950073,0.5512153506278992,0.4623299837112427,0.5563476085662842,0.4887388348579407,0.5573431849479675,ㅕ
0.3215327560901642,0.5565705299377441,0.36357906460762024,0.5025251507759094,0.41917702555656433,0.46965861320495605,0.4651240110397339,0.48832401633262634,0.48033419251441956,0.5192660689353943,0.3815595805644989,0.4144575297832489,0.41005587577819824,0.36506593227386475,0.41146135330200195,0.32613247632980347,0.4075835049152374,0.29095205664634705,0.35776761174201965,0.4426010549068451,0.3952575623989105,0.42169302701950073,0.40847456455230713,0.40945154428482056,0.4156397879123688,0.4012504816055298,0.3498559594154358,0.4901539981365204,0.4306463599205017,0.5068396329879761,0.45792844891548157,0.5173564553260803,0.4665701389312744,0.5223291516304016,0.35547906160354614,0.5437263250350952,0.43371888995170593,0.5605683922767639,0.471283882856369,0.5678024888038635,0.49727243185043335,0.5711380243301392,ㅕ
0.3528624176979065,0.5960742831230164,0.4004473090171814,0.5419726371765137,0.4580334424972534,0.5086451768875122,0.503194272518158,0.5342878103256226,0.5144937038421631,0.5781559944152832,0.42006921768188477,0.451229453086853,0.450509637594223,0.38498789072036743,0.4590655565261841,0.3444063365459442,0.4636109173297882,0.30301353335380554,0.3946574926376343,0.47422900795936584,0.4229578375816345,0.4483555853366852,0.4372156858444214,0.41944676637649536,0.44587260484695435,0.39449161291122437,0.3829529285430908,0.5172964930534363,0.4648955762386322,0.5283645391464233,0.4938669800758362,0.5475381016731262,0.5025067329406738,0.5581493973731995,0.3868851959705353,0.5673241019248962,0.4638495147228241,0.5860497951507568,0.5018018484115601,0.5997886061668396,0.527830183506012,0.6065492033958435,ㅕ
0.3518871068954468,0.5902155637741089,0.40682822465896606,0.5282192826271057,0.4623992443084717,0.48523634672164917,0.5019840002059937,0.4907225966453552,0.5009199380874634,0.5235356092453003,0.4246499538421631,0.4224637448787689,0.44616639614105225,0.34796422719955444,0.44561767578125,0.3019642233848572,0.43918052315711975,0.2578595280647278,0.3941528797149658,0.4412529766559601,0.41724535822868347,0.41017043590545654,0.42806604504585266,0.39130985736846924,0.43088531494140625,0.37565910816192627,0.37792012095451355,0.4831692576408386,0.45952725410461426,0.4985722303390503,0.4827791154384613,0.5208342671394348,0.4848852753639221,0.5306620001792908,0.37799572944641113,0.5364508032798767,0.46002697944641113,0.5598986148834229,0.4987519085407257,0.5746650695800781,0.5236999988555908,0.5828489065170288,ㅕ
0.30275195837020874,0.5844329595565796,0.35934656858444214,0.5129319429397583,0.40049803256988525,0.467238187789917,0.4298093318939209,0.47753873467445374,0.4189833104610443,0.522890031337738,0.35346177220344543,0.3947686553001404,0.3352550268173218,0.31976497173309326,0.3090659976005554,0.27502766251564026,0.28026729822158813,0.2408321499824524,0.3179563283920288,0.4291330575942993,0.28928864002227783,0.40494146943092346,0.2586432695388794,0.38632795214653015,0.2323349118232727,0.3764449954032898,0.30058324337005615,0.48262494802474976,0.35898488759994507,0.5069097876548767,0.3905143439769745,0.5185142159461975,0.402729868888855,0.5233867168426514,0.29931801557540894,0.5391438603401184,0.37395206093788147,0.5632707476615906,0.417033851146698,0.5710515379905701,0.4502984881401062,0.5730474591255188,ㅕ
0.31460556387901306,0.6053709983825684,0.37033459544181824,0.5328713059425354,0.4081360399723053,0.48661109805107117,0.43488311767578125,0.4952876567840576,0.4252501428127289,0.5384837985038757,0.3635191023349762,0.4118207097053528,0.34635061025619507,0.3363794684410095,0.3215958774089813,0.29177024960517883,0.29327040910720825,0.256540447473526,0.32747453451156616,0.44654080271720886,0.29999151825904846,0.4200679659843445,0.27005863189697266,0.40102797746658325,0.24298132956027985,0.39107441902160645,0.309181809425354,0.49998739361763,0.36621618270874023,0.5206077098846436,0.39902645349502563,0.5333731770515442,0.4126145839691162,0.5393390655517578,0.30827704071998596,0.5576686263084412,0.3799629509449005,0.5773887038230896,0.42240339517593384,0.5849974751472473,0.45531195402145386,0.58794766664505,ㅕ
0.28304532170295715,0.5607466697692871,0.327006459236145,0.49763044714927673,0.37686336040496826,0.4597063362598419,0.414364755153656,0.4697314202785492,0.41957882046699524,0.49460023641586304,0.34208980202674866,0.40109342336654663,0.3533388376235962,0.32617223262786865,0.3446166217327118,0.2803382873535156,0.3309996426105499,0.23982024192810059,0.31300365924835205,0.42849668860435486,0.3286163806915283,0.3973800539970398,0.32841986417770386,0.3708063066005707,0.32414525747299194,0.3530882000923157,0.29848575592041016,0.4736141860485077,0.36891990900039673,0.479176789522171,0.39213961362838745,0.49014660716056824,0.39682963490486145,0.49678152799606323,0.29976147413253784,0.5242235660552979,0.37814202904701233,0.5373919606208801,0.4179057776927948,0.5424766540527344,0.4448067843914032,0.5457730293273926,ㅕ
0.2032713145017624,0.5432124137878418,0.2509007155895233,0.47808700799942017,0.316300630569458,0.43569061160087585,0.3674399256706238,0.446347713470459,0.3891095519065857,0.45480796694755554,0.28111356496810913,0.39455723762512207,0.3207828104496002,0.33899667859077454,0.331992506980896,0.29679203033447266,0.33910033106803894,0.25765109062194824,0.2606186866760254,0.4247969686985016,0.303506076335907,0.4204096496105194,0.32704323530197144,0.40840965509414673,0.3457806408405304,0.4023008346557617,0.25157418847084045,0.47099950909614563,0.33401763439178467,0.49735674262046814,0.3546971380710602,0.5048744082450867,0.35916122794151306,0.5083650946617126,0.254211962223053,0.5240586996078491,0.33481621742248535,0.5480871200561523,0.3762301802635193,0.5578560829162598,0.40827465057373047,0.5648258924484253,ㅕ
0.21896176040172577,0.5211986899375916,0.26974913477897644,0.4596872627735138,0.3308295011520386,0.4448561668395996,0.3823031187057495,0.4797323942184448,0.4220816493034363,0.49982649087905884,0.301880419254303,0.3793783187866211,0.3509974777698517,0.3411990702152252,0.3778837323188782,0.3147561550140381,0.4003680348396301,0.28355538845062256,0.2846974730491638,0.41185522079467773,0.33221274614334106,0.40345990657806396,0.3656550943851471,0.38824161887168884,0.3914215862751007,0.37361934781074524,0.2748457193374634,0.4591963589191437,0.34951019287109375,0.48291444778442383,0.3784075081348419,0.4964456260204315,0.388910174369812,0.5052475333213806,0.2755383253097534,0.5114831924438477,0.34083205461502075,0.5381947755813599,0.3767561912536621,0.5533688068389893,0.4018700122833252,0.558246910572052,ㅕ
0.24769333004951477,0.5328910946846008,0.2936844825744629,0.47552376985549927,0.353562593460083,0.45534059405326843,0.4056747853755951,0.4828929305076599,0.4413141906261444,0.5095257759094238,0.3338959813117981,0.3859895169734955,0.3830849826335907,0.3547026515007019,0.40990471839904785,0.33387643098831177,0.4338624179363251,0.31060725450515747,0.31745588779449463,0.41417092084884644,0.3661973178386688,0.39564162492752075,0.40093883872032166,0.3716233968734741,0.43006259202957153,0.3550593852996826,0.3063819110393524,0.45941707491874695,0.38315993547439575,0.4857997000217438,0.4127610921859741,0.503622829914093,0.4242863953113556,0.5147531628608704,0.3046327829360962,0.5124346017837524,0.3740391135215759,0.5405864715576172,0.41164860129356384,0.5605154037475586,0.43755000829696655,0.5709288120269775,ㅕ
0.2753029465675354,0.5393181443214417,0.3237284719944,0.4812517762184143,0.3820396959781647,0.46203333139419556,0.43160292506217957,0.4900044798851013,0.4671337604522705,0.5167323350906372,0.36759933829307556,0.3919820785522461,0.4199342131614685,0.3624502420425415,0.44950276613235474,0.3452228903770447,0.4761090576648712,0.3232836127281189,0.3529297411441803,0.420926034450531,0.40425142645835876,0.40400636196136475,0.4417557716369629,0.3838793635368347,0.47314614057540894,0.37000563740730286,0.3409285545349121,0.46579355001449585,0.4188685715198517,0.4933423697948456,0.44125643372535706,0.51674485206604,0.4469110369682312,0.5310867428779602,0.338563472032547,0.516106903553009,0.40441498160362244,0.5463939309120178,0.43877655267715454,0.5687187314033508,0.462589293718338,0.5787888169288635,ㅕ
0.2871907651424408,0.5500000715255737,0.33011719584465027,0.48970478773117065,0.39289551973342896,0.46727922558784485,0.45018815994262695,0.49863192439079285,0.48771795630455017,0.5253108143806458,0.3791857957839966,0.4026350975036621,0.4337159991264343,0.3712465763092041,0.46366235613822937,0.3483079969882965,0.49031102657318115,0.32477086782455444,0.3636341989040375,0.4311578571796417,0.41821151971817017,0.41886231303215027,0.4572773277759552,0.40588465332984924,0.4886118769645691,0.3978295922279358,0.3549404740333557,0.4771929979324341,0.4351446032524109,0.5052624344825745,0.46416109800338745,0.5243768692016602,0.475268691778183,0.5382443070411682,0.3534681499004364,0.5303454399108887,0.4228927493095398,0.5589104890823364,0.4533116817474365,0.5771142840385437,0.47518613934516907,0.5881226062774658,ㅕ
0.2850402593612671,0.5784784555435181,0.32928040623664856,0.5119260549545288,0.37628260254859924,0.47988349199295044,0.42462867498397827,0.49162986874580383,0.45470982789993286,0.5044863820075989,0.36525988578796387,0.40686169266700745,0.41979560256004333,0.36828553676605225,0.451497882604599,0.3390144109725952,0.48045599460601807,0.311556339263916,0.3483651578426361,0.43959298729896545,0.4082412123680115,0.42288917303085327,0.45552974939346313,0.4100061058998108,0.49545398354530334,0.40328317880630493,0.3404267430305481,0.4874342679977417,0.4167500138282776,0.5089725852012634,0.4449537992477417,0.5248087644577026,0.4583476483821869,0.5364774465560913,0.34025222063064575,0.5406320095062256,0.4010699689388275,0.5584844350814819,0.4209737181663513,0.5702498555183411,0.4327176809310913,0.5711781978607178,ㅕ
0.2879973351955414,0.5764055252075195,0.3345257043838501,0.5188007950782776,0.3907508850097656,0.4845917224884033,0.44302764534950256,0.4871314764022827,0.4692710041999817,0.4946627914905548,0.36848413944244385,0.41382190585136414,0.42200374603271484,0.37811872363090515,0.452506959438324,0.3499104380607605,0.47848284244537354,0.3229016065597534,0.3503972291946411,0.44104596972465515,0.40179914236068726,0.433771550655365,0.4442189335823059,0.4279560446739197,0.47771990299224854,0.42733314633369446,0.3415842354297638,0.4873044788837433,0.4171527624130249,0.5191546678543091,0.44324272871017456,0.5359405875205994,0.45208069682121277,0.545510470867157,0.34152376651763916,0.542259693145752,0.4064728617668152,0.5696870684623718,0.42070701718330383,0.5796643495559692,0.4263192117214203,0.5779878497123718,ㅕ
0.3023468255996704,0.5889036655426025,0.3495756983757019,0.5217783451080322,0.4003586173057556,0.4659002423286438,0.4360090494155884,0.4255669414997101,0.4421354830265045,0.39670586585998535,0.3741673231124878,0.43817418813705444,0.4145112633705139,0.3900984525680542,0.4318907558917999,0.3526468276977539,0.44279715418815613,0.3154216408729553,0.3546900153160095,0.4664851129055023,0.3904782831668854,0.45465797185897827,0.4165041744709015,0.4419563412666321,0.43496173620224,0.4332801103591919,0.3444646894931793,0.5104554891586304,0.4069388508796692,0.5289891958236694,0.4434095621109009,0.5467541813850403,0.46689465641975403,0.5614568591117859,0.3440490961074829,0.5634008646011353,0.40370991826057434,0.5810654163360596,0.4315033257007599,0.597579836845398,0.4530388116836548,0.6103581786155701,ㅕ
0.3278709650039673,0.5554559826850891,0.38090869784355164,0.48562660813331604,0.446210652589798,0.45466044545173645,0.4894614815711975,0.48400765657424927,0.4941072463989258,0.5319957137107849,0.40591296553611755,0.40968769788742065,0.43769827485084534,0.3517724871635437,0.4398321509361267,0.30696290731430054,0.43518495559692383,0.26811492443084717,0.38004085421562195,0.44228994846343994,0.42311105132102966,0.4456876814365387,0.4440169334411621,0.4537286162376404,0.4565880298614502,0.4627593159675598,0.36715608835220337,0.49143826961517334,0.44242069125175476,0.5220164060592651,0.47707024216651917,0.5373640656471252,0.49724411964416504,0.5462126731872559,0.3684267997741699,0.5462970733642578,0.44179466366767883,0.5697121620178223,0.47862422466278076,0.5829333662986755,0.5078164935112,0.591658353805542,ㅕ
0.3291567862033844,0.48006343841552734,0.3799375891685486,0.4138636887073517,0.43452635407447815,0.3914291560649872,0.4740689992904663,0.4316597580909729,0.48609206080436707,0.4748152494430542,0.40217480063438416,0.31351056694984436,0.4128190875053406,0.24936974048614502,0.3970814645290375,0.2096102386713028,0.3755272924900055,0.1781282126903534,0.37355178594589233,0.34839075803756714,0.4121171534061432,0.3554328680038452,0.4361110031604767,0.37856394052505493,0.4542807936668396,0.3948761820793152,0.35540714859962463,0.3997846245765686,0.4222188889980316,0.4278722405433655,0.455443412065506,0.446094810962677,0.47905629873275757,0.44973376393318176,0.3540404438972473,0.4574905335903168,0.4245453178882599,0.4782062768936157,0.46509620547294617,0.4891965985298157,0.4960572123527527,0.48976510763168335,ㅕ
0.31747105717658997,0.6641814112663269,0.363172709941864,0.6140964031219482,0.4131740629673004,0.5952451825141907,0.4519008696079254,0.6290367841720581,0.4585415720939636,0.6735146641731262,0.37062254548072815,0.5543655753135681,0.40178680419921875,0.5266929268836975,0.4132896363735199,0.50148606300354,0.41967570781707764,0.46802574396133423,0.3483915328979492,0.5822940468788147,0.3920387327671051,0.5391756296157837,0.4153580963611603,0.4883792996406555,0.4329748749732971,0.44017359614372253,0.33573293685913086,0.62868332862854,0.4084320068359375,0.6428787112236023,0.4424879252910614,0.6337190866470337,0.46413499116897583,0.6143604516983032,0.33540135622024536,0.6849673986434937,0.40004175901412964,0.7050781846046448,0.43568626046180725,0.7115918397903442,0.45982447266578674,0.7072466611862183,ㅕ
0.3255118727684021,0.7430343627929688,0.3673771619796753,0.6848481297492981,0.40927720069885254,0.6463813185691833,0.4420982897281647,0.6453571915626526,0.45765331387519836,0.6628968119621277,0.3899810314178467,0.5720577239990234,0.4211944341659546,0.49010664224624634,0.43337482213974,0.4417494535446167,0.44000664353370667,0.39762407541275024,0.36853814125061035,0.5923410058021545,0.39850255846977234,0.5407971143722534,0.416952908039093,0.49297866225242615,0.42891496419906616,0.45595115423202515,0.35396838188171387,0.6324852705001831,0.42288464307785034,0.6358339786529541,0.44404110312461853,0.6591049432754517,0.4478750228881836,0.6732633113861084,0.35361233353614807,0.683016836643219,0.41825249791145325,0.6914318799972534,0.4520835280418396,0.7057491540908813,0.4714762568473816,0.7112473845481873,ㅕ
0.31993764638900757,0.7112869620323181,0.36134904623031616,0.6464483737945557,0.40207386016845703,0.6050740480422974,0.4359356462955475,0.6024291515350342,0.4531749486923218,0.6229063868522644,0.38079094886779785,0.5299583673477173,0.41100916266441345,0.4423343241214752,0.4233400523662567,0.3907690644264221,0.4303198754787445,0.3432637155056,0.36043745279312134,0.551173210144043,0.3909189999103546,0.4959605932235718,0.4086882770061493,0.44605517387390137,0.4201023578643799,0.40684589743614197,0.347597599029541,0.5927512049674988,0.42117348313331604,0.596830427646637,0.4432113766670227,0.6243244409561157,0.4472030997276306,0.6409125924110413,0.3497208058834076,0.6442928910255432,0.41436395049095154,0.6463058590888977,0.4470668137073517,0.6610416173934937,0.46522560715675354,0.667911946773529,ㅕ
0.31977859139442444,0.5640389919281006,0.36652541160583496,0.5054320096969604,0.4105164110660553,0.4685756266117096,0.44602271914482117,0.47370344400405884,0.4615391492843628,0.49256467819213867,0.37670445442199707,0.3988187611103058,0.3991480767726898,0.31810736656188965,0.40479815006256104,0.2720690369606018,0.40579649806022644,0.22635047137737274,0.3541403114795685,0.427407443523407,0.38206204771995544,0.3921065330505371,0.3964335024356842,0.3646467924118042,0.40354466438293457,0.3376554846763611,0.3447519540786743,0.47171375155448914,0.4152602553367615,0.47192156314849854,0.44468897581100464,0.49100232124328613,0.45478805899620056,0.5037797093391418,0.3502260744571686,0.5201503038406372,0.41505134105682373,0.5260237455368042,0.4511301815509796,0.5378991365432739,0.4733574390411377,0.5433149337768555,ㅕ
0.27987027168273926,0.5995337963104248,0.32248803973197937,0.5117493867874146,0.36757197976112366,0.4405424892902374,0.39182013273239136,0.39513149857521057,0.382595032453537,0.37142303586006165,0.32441356778144836,0.4357607364654541,0.3546740412712097,0.40663591027259827,0.3672489523887634,0.38237419724464417,0.37270379066467285,0.3619632124900818,0.3082025349140167,0.4799332916736603,0.3526780307292938,0.47411492466926575,0.3836515545845032,0.47139179706573486,0.4056442379951477,0.4712962210178375,0.30562257766723633,0.5320092439651489,0.3743935227394104,0.5404564142227173,0.40952572226524353,0.5421500205993652,0.43119141459465027,0.541316032409668,0.31375911831855774,0.5835273861885071,0.38600578904151917,0.5927160382270813,0.4225620627403259,0.5953783988952637,0.4515071511268616,0.5929750204086304,ㅕ
0.32949376106262207,0.48149827122688293,0.3747718632221222,0.4294731318950653,0.4462488889694214,0.43703708052635193,0.4918534457683563,0.49428287148475647,0.4980151653289795,0.5503738522529602,0.39502280950546265,0.4066314101219177,0.43216124176979065,0.4009324312210083,0.4553295075893402,0.3986460566520691,0.47869858145713806,0.39812028408050537,0.38561826944351196,0.44704851508140564,0.4251117706298828,0.45579272508621216,0.45241251587867737,0.4505773186683655,0.47315964102745056,0.44580209255218506,0.38306909799575806,0.49570903182029724,0.44312962889671326,0.5414552092552185,0.48039865493774414,0.5569481253623962,0.5054841041564941,0.563406229019165,0.38796335458755493,0.5443916320800781,0.4406784176826477,0.5794427990913391,0.4671357274055481,0.5754600763320923,0.4907580614089966,0.5653331875801086,ㅕ
0.35990723967552185,0.46885257959365845,0.40205779671669006,0.41794702410697937,0.45974546670913696,0.4205067753791809,0.4956531226634979,0.4734591543674469,0.5018606185913086,0.5274800658226013,0.4212169647216797,0.3999752998352051,0.45460575819015503,0.3889787793159485,0.47692611813545227,0.3904913067817688,0.4978978633880615,0.3946305215358734,0.40214264392852783,0.43667155504226685,0.4421565532684326,0.4423378109931946,0.47285810112953186,0.4401528239250183,0.4934996962547302,0.4390459954738617,0.39098215103149414,0.47998523712158203,0.45575347542762756,0.5292343497276306,0.4928574562072754,0.5467715263366699,0.5113558173179626,0.5571613907814026,0.38874173164367676,0.5241511464118958,0.4466545283794403,0.5594184398651123,0.4722227454185486,0.5674509406089783,0.48764294385910034,0.5706267952919006,ㅕ
0.37233948707580566,0.525133490562439,0.4248165786266327,0.4720258116722107,0.4891422688961029,0.4920092821121216,0.5287150144577026,0.5472539067268372,0.5426812171936035,0.5987241268157959,0.45304593443870544,0.48041409254074097,0.4789918065071106,0.4891136884689331,0.4992227852344513,0.4843721091747284,0.5169897079467773,0.47550949454307556,0.43298807740211487,0.5312398076057434,0.4785471558570862,0.5798729658126831,0.5091742277145386,0.5922289490699768,0.5270383358001709,0.5957449674606323,0.4223191738128662,0.577774703502655,0.47979068756103516,0.6429704427719116,0.5190404057502747,0.6523171067237854,0.5407595634460449,0.6470710039138794,0.4203699231147766,0.614988386631012,0.47434771060943604,0.6580111980438232,0.5055126547813416,0.6564720869064331,0.5263921022415161,0.6459681987762451,ㅕ
0.23665305972099304,0.5978980660438538,0.273820698261261,0.5223230719566345,0.33584004640579224,0.47101444005966187,0.3792673349380493,0.44387000799179077,0.3979891836643219,0.42211058735847473,0.30473899841308594,0.47878098487854004,0.34047889709472656,0.4669876992702484,0.3610944449901581,0.45836445689201355,0.37759289145469666,0.4470981955528259,0.29561883211135864,0.5243566036224365,0.3440571129322052,0.5324181318283081,0.3761567771434784,0.5386212468147278,0.3997878432273865,0.544609785079956,0.2959325611591339,0.5721850395202637,0.36069822311401367,0.5965044498443604,0.3951922655105591,0.6057955026626587,0.41810786724090576,0.6095010042190552,0.30180633068084717,0.6157084703445435,0.3662537634372711,0.6323543190956116,0.4006751775741577,0.6394113302230835,0.43038409948349,0.6412647366523743,ㅕ
0.25892120599746704,0.5438582301139832,0.2892238199710846,0.4842884838581085,0.3348781168460846,0.42811211943626404,0.368686318397522,0.39263540506362915,0.38395556807518005,0.36398082971572876,0.3198504149913788,0.43892619013786316,0.3542514145374298,0.43667078018188477,0.3811296224594116,0.4392673075199127,0.40334010124206543,0.43896228075027466,0.3127342760562897,0.48477286100387573,0.3677081763744354,0.500140368938446,0.40571898221969604,0.5098457932472229,0.4327594041824341,0.514943540096283,0.31294557452201843,0.5304431319236755,0.37179887294769287,0.5464983582496643,0.410470187664032,0.5499902367591858,0.43501922488212585,0.5484113693237305,0.31825166940689087,0.5697445273399353,0.37427306175231934,0.5744478702545166,0.4058014750480652,0.5727059245109558,0.4300024211406708,0.5673525333404541,ㅕ
0.26744544506073,0.4902690052986145,0.2980077266693115,0.4365136921405792,0.34541645646095276,0.39623022079467773,0.380384624004364,0.3750641345977783,0.4001350700855255,0.3562949001789093,0.33933985233306885,0.39203986525535583,0.3631506860256195,0.3777989149093628,0.3822537362575531,0.3619357943534851,0.39840996265411377,0.3442736268043518,0.329286128282547,0.4318125247955322,0.38420385122299194,0.4543282389640808,0.4189383387565613,0.47335222363471985,0.44307947158813477,0.48515141010284424,0.32660114765167236,0.4780194163322449,0.38767802715301514,0.5081530809402466,0.4249594211578369,0.5190432071685791,0.44851550459861755,0.5200408101081848,0.32965531945228577,0.5213428139686584,0.3859170973300934,0.5391389727592468,0.41608190536499023,0.5425912737846375,0.43951380252838135,0.5382461547851562,ㅕ
0.27225303649902344,0.4677199423313141,0.2991805076599121,0.4139120578765869,0.3463563323020935,0.3817572295665741,0.3847474753856659,0.3747418224811554,0.4114673137664795,0.37659215927124023,0.34437742829322815,0.3808653950691223,0.36703938245773315,0.3672051429748535,0.38988083600997925,0.3579135537147522,0.41064512729644775,0.35055509209632874,0.3354582190513611,0.4219701290130615,0.38975194096565247,0.4477261006832123,0.42334166169166565,0.4717385172843933,0.44814229011535645,0.4882184863090515,0.33092227578163147,0.4676470458507538,0.38618093729019165,0.4969300627708435,0.41876813769340515,0.5132110118865967,0.439117431640625,0.5197482705116272,0.33014115691185,0.5084312558174133,0.3786366581916809,0.5259647369384766,0.40275904536247253,0.5312321782112122,0.4205895960330963,0.5303831100463867,ㅕ
0.27256426215171814,0.4876408576965332,0.30888763070106506,0.42896348237991333,0.3673054575920105,0.42257389426231384,0.41415247321128845,0.458518922328949,0.4364824891090393,0.49455970525741577,0.35149577260017395,0.39248406887054443,0.3940839171409607,0.3995417356491089,0.4182814359664917,0.4078485667705536,0.43570324778556824,0.4155583381652832,0.33902856707572937,0.4360039234161377,0.3911210298538208,0.4515107274055481,0.42409253120422363,0.45319053530693054,0.44399335980415344,0.45710161328315735,0.33333921432495117,0.48587819933891296,0.4011493921279907,0.5224516987800598,0.4337617754936218,0.5244951248168945,0.4461808502674103,0.5257719159126282,0.3329799473285675,0.5346653461456299,0.3947645425796509,0.5568942427635193,0.423091858625412,0.5516600608825684,0.4398418366909027,0.5462546348571777,ㅕ
0.279233455657959,0.5226316452026367,0.31118351221084595,0.4674433469772339,0.37220409512519836,0.4516749680042267,0.42075929045677185,0.47534796595573425,0.4375832974910736,0.502615213394165,0.34501391649246216,0.42392560839653015,0.3786771595478058,0.4007343649864197,0.39492708444595337,0.38161590695381165,0.40855127573013306,0.363028347492218,0.3434370160102844,0.4599761962890625,0.3810189664363861,0.4504566192626953,0.4062533974647522,0.437494695186615,0.42405930161476135,0.42889294028282166,0.34436091780662537,0.5055928230285645,0.40613025426864624,0.5284135937690735,0.43973225355148315,0.5316164493560791,0.45877811312675476,0.5325741171836853,0.34952807426452637,0.5511091947555542,0.4057231545448303,0.565220832824707,0.4309111535549164,0.5644124746322632,0.45249250531196594,0.5605320930480957,ㅕ
0.2782282829284668,0.544481635093689,0.3042496144771576,0.4866029620170593,0.3516674339771271,0.44991207122802734,0.3888005316257477,0.42938417196273804,0.39745408296585083,0.41681933403015137,0.3438267707824707,0.4448893666267395,0.37792298197746277,0.4203541874885559,0.3946574032306671,0.39926689863204956,0.40337231755256653,0.3812378942966461,0.3411974012851715,0.4823080897331238,0.38718560338020325,0.4815880060195923,0.4112635850906372,0.47547513246536255,0.42284637689590454,0.4742510914802551,0.3430580198764801,0.5276105403900146,0.4060741066932678,0.5471149682998657,0.43799617886543274,0.543879508972168,0.4530182182788849,0.5423086881637573,0.34927383065223694,0.5713592171669006,0.40716853737831116,0.5831961631774902,0.4367053806781769,0.5801706314086914,0.4589506685733795,0.5755858421325684,ㅕ
0.2512952387332916,0.6726297736167908,0.29679208993911743,0.6149061322212219,0.3469586968421936,0.5981488823890686,0.38478198647499084,0.631602942943573,0.3961382806301117,0.6701856255531311,0.31088632345199585,0.5536283254623413,0.3288840651512146,0.5124896764755249,0.3283100426197052,0.4851534366607666,0.3170924186706543,0.4652368426322937,0.283633828163147,0.5829535126686096,0.304776132106781,0.5663790702819824,0.3190401494503021,0.557961106300354,0.32693731784820557,0.5526179671287537,0.2719828188419342,0.6250430941581726,0.32894086837768555,0.637952446937561,0.364285409450531,0.6467200517654419,0.38495564460754395,0.6492775678634644,0.27533385157585144,0.6724143624305725,0.3369721472263336,0.6861516833305359,0.37145471572875977,0.6953384876251221,0.39633554220199585,0.6967340111732483,ㅕ
0.25042709708213806,0.6685786843299866,0.28516170382499695,0.6024590730667114,0.320555716753006,0.555548906326294,0.34103137254714966,0.5274012684822083,0.3401016891002655,0.5097845792770386,0.30397695302963257,0.5447899699211121,0.3222368061542511,0.5349380970001221,0.3250439763069153,0.526291012763977,0.3147816061973572,0.5160106420516968,0.28338128328323364,0.5806338787078857,0.3086840510368347,0.5697888135910034,0.3270318806171417,0.5667917132377625,0.3365759551525116,0.5688623189926147,0.2759725749492645,0.6250686049461365,0.32809215784072876,0.637144148349762,0.3636476695537567,0.6440954208374023,0.38574182987213135,0.6489969491958618,0.2801380455493927,0.6728262901306152,0.34027183055877686,0.6836934685707092,0.37530380487442017,0.6938940286636353,0.40116608142852783,0.6989561319351196,ㅕ
0.2619718313217163,0.6544366478919983,0.31010332703590393,0.6017921566963196,0.36031073331832886,0.5755407810211182,0.3960907757282257,0.5987941026687622,0.4012378752231598,0.632154643535614,0.3235701620578766,0.531920313835144,0.3405473530292511,0.49473196268081665,0.33941900730133057,0.46437105536460876,0.33035582304000854,0.440803587436676,0.295804500579834,0.558393657207489,0.31264528632164,0.5395419001579285,0.3249654769897461,0.5186956524848938,0.331897497177124,0.5065802931785583,0.2826240062713623,0.6006244421005249,0.34320834279060364,0.6166597008705139,0.3726111948490143,0.6269489526748657,0.3841724991798401,0.6342178583145142,0.2845308780670166,0.647000253200531,0.35093292593955994,0.6623443365097046,0.38552775979042053,0.6719279289245605,0.40770357847213745,0.6774710416793823,ㅕ
0.24868905544281006,0.5645264983177185,0.2920946776866913,0.49871307611465454,0.34118273854255676,0.46168214082717896,0.3779370188713074,0.4711886942386627,0.38192883133888245,0.4995981454849243,0.30319494009017944,0.43666359782218933,0.32117241621017456,0.41801244020462036,0.3260978162288666,0.40683016180992126,0.3187952935695648,0.39794954657554626,0.2786574065685272,0.4714537262916565,0.30483341217041016,0.46028265357017517,0.3230349123477936,0.45068544149398804,0.3319419324398041,0.4478248953819275,0.2718753218650818,0.5169560313224792,0.3358309268951416,0.5357760190963745,0.36823537945747375,0.5413180589675903,0.3844339847564697,0.5418720841407776,0.2791118025779724,0.5662084817886353,0.3457799553871155,0.578851044178009,0.3809695541858673,0.5836149454116821,0.40651604533195496,0.5840108394622803,ㅕ
0.26127368211746216,0.48847755789756775,0.31718680262565613,0.41288360953330994,0.3760910928249359,0.36860719323158264,0.42154669761657715,0.3911484181880951,0.4354483187198639,0.432494580745697,0.3216901123523712,0.33710533380508423,0.3469597399234772,0.2926265001296997,0.35221147537231445,0.2557043731212616,0.34852996468544006,0.22699645161628723,0.29621249437332153,0.3794120252132416,0.32477355003356934,0.3568481206893921,0.3453400433063507,0.3348265588283539,0.36046043038368225,0.31989845633506775,0.28978589177131653,0.4336458444595337,0.3599448502063751,0.44657114148139954,0.40386274456977844,0.44970178604125977,0.4319532513618469,0.4523969292640686,0.2989322543144226,0.4918403625488281,0.37373465299606323,0.49978238344192505,0.41896364092826843,0.5067325830459595,0.45428943634033203,0.5117664337158203,ㅕ
