0.24493183195590973,0.8348351120948792,0.2055036425590515,0.7213413715362549,0.22156918048858643,0.6194136142730713,0.25804972648620605,0.5786458253860474,0.2987155318260193,0.5829187035560608,0.2521756589412689,0.5319967269897461,0.26658761501312256,0.4197903871536255,0.2765215039253235,0.3493477702140808,0.286058247089386,0.29691794514656067,0.3088968098163605,0.5440273880958557,0.3054298162460327,0.5494152903556824,0.2902211844921112,0.5855107307434082,0.2823328971862793,0.6092178225517273,0.3530486822128296,0.586073100566864,0.3326897919178009,0.5926730036735535,0.31579750776290894,0.6190239787101746,0.3048597276210785,0.6405278444290161,0.38336074352264404,0.6281189918518066,0.36779114603996277,0.6265908479690552,0.35347551107406616,0.650553822517395,0.3414073884487152,0.676261842250824,ㅗ
0.3455807566642761,0.8724123239517212,0.3136851489543915,0.7840288877487183,0.3260100781917572,0.7017305493354797,0.35402366518974304,0.6691256761550903,0.38344141840934753,0.6703726053237915,0.3479501008987427,0.6329810619354248,0.3524005711078644,0.5405948758125305,0.3576255440711975,0.482083797454834,0.3631536364555359,0.436889111995697,0.3912346065044403,0.6451311111450195,0.3765965402126312,0.6343653798103333,0.3599027693271637,0.6573291420936584,0.3517490029335022,0.6767745018005371,0.4215429127216339,0.6790511608123779,0.39884865283966064,0.6716999411582947,0.3837176561355591,0.6919503211975098,0.3767394721508026,0.7126561999320984,0.4376487731933594,0.7122931480407715,0.42014482617378235,0.7023525834083557,0.40776097774505615,0.7206332683563232,0.4017341136932373,0.7436221241950989,ㅗ
0.3701094090938568,0.7224527597427368,0.3426642119884491,0.6558871865272522,0.35141798853874207,0.5953971147537231,0.3800356984138489,0.5724420547485352,0.40765678882598877,0.5787467360496521,0.366100013256073,0.5430276989936829,0.37465861439704895,0.46486032009124756,0.38103920221328735,0.4168016314506531,0.38646021485328674,0.3811916410923004,0.4012089967727661,0.5491670966148376,0.4048983156681061,0.5515745282173157,0.3969138264656067,0.5746830105781555,0.39039117097854614,0.587755560874939,0.43033960461616516,0.573140025138855,0.4216421842575073,0.5795444846153259,0.413590669631958,0.5994367003440857,0.4072384536266327,0.6124447584152222,0.45337724685668945,0.5991010665893555,0.4443317949771881,0.602558970451355,0.43560314178466797,0.6206524968147278,0.4290519058704376,0.6347901821136475,ㅗ
0.278219610452652,0.9066158533096313,0.2843519151210785,0.836205780506134,0.30826881527900696,0.7823762893676758,0.33709216117858887,0.7655977010726929,0.36069369316101074,0.7745940089225769,0.3155994713306427,0.7387647032737732,0.34726619720458984,0.6689176559448242,0.3682984411716461,0.6269978284835815,0.3841072618961334,0.5936287641525269,0.33388805389404297,0.7516640424728394,0.37993159890174866,0.7562334537506104,0.3737223148345947,0.7836899757385254,0.3583177924156189,0.7933703064918518,0.3538002371788025,0.7789501547813416,0.38725975155830383,0.7914823293685913,0.3761849105358124,0.813886821269989,0.3613130450248718,0.820311963558197,0.3723069727420807,0.8094573616981506,0.39572447538375854,0.8186577558517456,0.38258668780326843,0.8405434489250183,0.3688611686229706,0.849505603313446,ㅗ
0.2948415279388428,0.8878695368766785,0.2914115786552429,0.8048748970031738,0.3128614127635956,0.7408568263053894,0.3464564085006714,0.7184924483299255,0.37728747725486755,0.7268179059028625,0.3177782893180847,0.6923938989639282,0.35029393434524536,0.6079686880111694,0.37041184306144714,0.5583041906356812,0.3862209916114807,0.5196367502212524,0.34604090452194214,0.7101365327835083,0.3916158676147461,0.6997882723808289,0.38129952549934387,0.7320849299430847,0.3623257577419281,0.748546302318573,0.3738989531993866,0.741837203502655,0.4062827229499817,0.739155650138855,0.39494869112968445,0.7661722302436829,0.37876129150390625,0.7788841724395752,0.39814767241477966,0.7750489711761475,0.42120277881622314,0.771538257598877,0.40987664461135864,0.7954403162002563,0.39632272720336914,0.8087290525436401,ㅗ
0.26620522141456604,0.8669213652610779,0.26549094915390015,0.7893774509429932,0.28674283623695374,0.7268543839454651,0.32146501541137695,0.705005407333374,0.3520917594432831,0.7162954807281494,0.29673582315444946,0.6762824654579163,0.3345097303390503,0.593726396560669,0.3582959473133087,0.5431577563285828,0.3763139843940735,0.5045010447502136,0.3205547332763672,0.6902251839637756,0.37530893087387085,0.6846362948417664,0.36645299196243286,0.718789279460907,0.3470188081264496,0.7332804799079895,0.3470609188079834,0.7208662033081055,0.38792502880096436,0.7254535555839539,0.37612760066986084,0.7529164552688599,0.35848262906074524,0.7639783024787903,0.37061914801597595,0.7545837163925171,0.3977060914039612,0.7591704726219177,0.38378340005874634,0.7846460342407227,0.36825719475746155,0.7964556813240051,ㅗ
0.2569301128387451,0.89341139793396,0.25750184059143066,0.8145586252212524,0.27981480956077576,0.7486286163330078,0.3155248761177063,0.7267755270004272,0.34714916348457336,0.7373405694961548,0.2880907356739044,0.6969196200370789,0.32416895031929016,0.6114552021026611,0.34692415595054626,0.5598969459533691,0.36431077122688293,0.5197620391845703,0.3138694763183594,0.7140238881111145,0.36604413390159607,0.701467752456665,0.3566714823246002,0.7355303168296814,0.33746644854545593,0.7513872385025024,0.34067004919052124,0.746018648147583,0.3799159526824951,0.7425658702850342,0.3675175607204437,0.7699242830276489,0.3500032126903534,0.7817569971084595,0.36327075958251953,0.7811266183853149,0.3891785740852356,0.779263973236084,0.37531742453575134,0.8042599558830261,0.3603196442127228,0.8165557384490967,ㅗ
0.2880704700946808,0.92387455701828,0.27629753947257996,0.8343474864959717,0.2969679832458496,0.7589939832687378,0.3320995569229126,0.729853093624115,0.36315590143203735,0.7357730269432068,0.30302202701568604,0.7011697888374329,0.3342595100402832,0.6068164110183716,0.3549293875694275,0.5505048632621765,0.37043946981430054,0.5073847770690918,0.33855873346328735,0.7162610292434692,0.3787815272808075,0.7049218416213989,0.36901700496673584,0.7372568845748901,0.34995007514953613,0.7562243938446045,0.3716045022010803,0.7498556971549988,0.39608868956565857,0.7446253299713135,0.38537347316741943,0.7713817358016968,0.36864781379699707,0.7864983677864075,0.39807599782943726,0.7864522337913513,0.4137302041053772,0.7827128171920776,0.4031572937965393,0.8066665530204773,0.3894948661327362,0.8231393098831177,ㅗ
0.3045021593570709,0.9215084910392761,0.2851719856262207,0.8327889442443848,0.30191898345947266,0.7573552131652832,0.33450064063072205,0.7277766466140747,0.364511102437973,0.7304977178573608,0.3104571998119354,0.6903181076049805,0.3341858983039856,0.590785026550293,0.35111862421035767,0.5312084555625916,0.36341410875320435,0.48633551597595215,0.349305123090744,0.7024074196815491,0.3748326003551483,0.6818925142288208,0.36488252878189087,0.7129625678062439,0.3496570885181427,0.7354905009269714,0.38396263122558594,0.732984721660614,0.3945152163505554,0.720765233039856,0.383847713470459,0.7468724846839905,0.370341956615448,0.7651147246360779,0.41096386313438416,0.7663536667823792,0.41547146439552307,0.7546785473823547,0.40531060099601746,0.7786135077476501,0.394250750541687,0.7981184720993042,ㅗ
0.32428833842277527,0.8925260305404663,0.3019905984401703,0.8099222183227539,0.3169189393520355,0.7380238175392151,0.3447438180446625,0.7052384614944458,0.3713207244873047,0.7020068168640137,0.32562118768692017,0.6725732684135437,0.3488682806491852,0.5797660946846008,0.36427566409111023,0.5242480039596558,0.37580162286758423,0.48264893889427185,0.3644065260887146,0.6819724440574646,0.3835918605327606,0.6735220551490784,0.37471938133239746,0.7004390954971313,0.3627066910266876,0.7183334231376648,0.3982979655265808,0.7123595476150513,0.398837149143219,0.7115188837051392,0.3895757794380188,0.7352766394615173,0.37923717498779297,0.7507481575012207,0.42412859201431274,0.745247483253479,0.42330706119537354,0.7436872720718384,0.4130556583404541,0.7660953402519226,0.40268024802207947,0.7834601998329163,ㅗ
0.34103864431381226,0.8737987875938416,0.31070661544799805,0.7995766401290894,0.3198748826980591,0.7300358414649963,0.34424230456352234,0.6976078152656555,0.3690771460533142,0.6950544714927673,0.32894739508628845,0.6671891212463379,0.34664401412010193,0.5779935717582703,0.35930633544921875,0.523026168346405,0.3700396418571472,0.482588529586792,0.3688506484031677,0.6731125116348267,0.37670478224754333,0.672107994556427,0.36720994114875793,0.6957197785377502,0.3591170310974121,0.7117891907691956,0.4024295210838318,0.7005703449249268,0.3946723937988281,0.703023374080658,0.3854776918888092,0.723596453666687,0.37777161598205566,0.7395176291465759,0.42675259709358215,0.7295701503753662,0.41864651441574097,0.7307406067848206,0.4090307652950287,0.7514428496360779,0.4009742736816406,0.7695373892784119,ㅗ
0.22041688859462738,0.8534261584281921,0.23007136583328247,0.7710054516792297,0.26022040843963623,0.7133103609085083,0.2972765862941742,0.6993113160133362,0.3264392018318176,0.7163864374160767,0.2720548212528229,0.662539541721344,0.3164372742176056,0.5854100584983826,0.3434229791164398,0.5394325852394104,0.36318036913871765,0.5034303665161133,0.29761865735054016,0.6854591369628906,0.34573641419410706,0.6830022931098938,0.33367231488227844,0.7151508331298828,0.3135967552661896,0.7287313938140869,0.3216022849082947,0.7245215177536011,0.3574255406856537,0.7226956486701965,0.3441254496574402,0.7476643919944763,0.32603344321250916,0.7583514451980591,0.3412996828556061,0.7655981779098511,0.36352792382240295,0.7607771754264832,0.34855350852012634,0.7826043367385864,0.3327122926712036,0.7947567701339722,ㅗ
0.23946425318717957,0.8708184361457825,0.23417261242866516,0.7862184047698975,0.2596818208694458,0.7257135510444641,0.29418036341667175,0.702118456363678,0.3226988613605499,0.7079762816429138,0.27353909611701965,0.6727671027183533,0.3244645297527313,0.5960221886634827,0.35636401176452637,0.5521994829177856,0.3811420202255249,0.5180902481079102,0.3033483028411865,0.7006092071533203,0.3381651043891907,0.678479015827179,0.3241950273513794,0.7012028098106384,0.3077985644340515,0.7177887558937073,0.32918161153793335,0.7387972474098206,0.3480103611946106,0.7193584442138672,0.3353322148323059,0.7371661067008972,0.321357399225235,0.7511686682701111,0.34992000460624695,0.7752111554145813,0.3580186665058136,0.7566149234771729,0.3453058898448944,0.7734477519989014,0.3346159756183624,0.7877256274223328,ㅗ
0.2410053014755249,0.9077800512313843,0.2192477285861969,0.8325830101966858,0.23447288572788239,0.7627734541893005,0.26104265451431274,0.7262629866600037,0.2791108191013336,0.7181565761566162,0.2803139388561249,0.6819446086883545,0.32554715871810913,0.6000242233276367,0.3567773103713989,0.5522892475128174,0.38190823793411255,0.5188670754432678,0.3174384534358978,0.704508900642395,0.3277176320552826,0.7012214064598083,0.3096558153629303,0.7226030230522156,0.29641902446746826,0.7378783226013184,0.34161698818206787,0.7438782453536987,0.3333892226219177,0.7397593259811401,0.31902027130126953,0.7570350766181946,0.30693042278289795,0.772059977054596,0.3561566174030304,0.7787710428237915,0.34808775782585144,0.7722362279891968,0.3345639109611511,0.7900843024253845,0.3229734003543854,0.8059049844741821,ㅗ
0.2440231740474701,0.9119727611541748,0.22017711400985718,0.8320357203483582,0.22972425818443298,0.7619753479957581,0.25420573353767395,0.721523642539978,0.279889851808548,0.7180929183959961,0.27275294065475464,0.6809999942779541,0.3164762556552887,0.5992928147315979,0.34436020255088806,0.5517169237136841,0.3661032021045685,0.516653299331665,0.3119882345199585,0.7000969648361206,0.3269273638725281,0.6918355226516724,0.30998867750167847,0.7160835266113281,0.2964235246181488,0.7352505922317505,0.34030255675315857,0.738243818283081,0.33754560351371765,0.732170045375824,0.322908490896225,0.751043438911438,0.31022924184799194,0.7694616317749023,0.35975557565689087,0.7733563780784607,0.35600918531417847,0.7658774256706238,0.34314197301864624,0.7852228283882141,0.3320547640323639,0.8041688203811646,ㅗ
0.25041913986206055,0.904354989528656,0.21817725896835327,0.8274545669555664,0.21181809902191162,0.7433971762657166,0.2373274266719818,0.6952015161514282,0.2688792645931244,0.6989035606384277,0.2798774242401123,0.683272659778595,0.321224570274353,0.6012687087059021,0.348361611366272,0.5544997453689575,0.36754199862480164,0.5195079445838928,0.31752753257751465,0.7008236646652222,0.3352116644382477,0.6981837749481201,0.319171667098999,0.7248044013977051,0.30300939083099365,0.7443517446517944,0.3439989686012268,0.7387760281562805,0.3461805582046509,0.7387402653694153,0.33292239904403687,0.7570199966430664,0.3192698061466217,0.774644136428833,0.36371850967407227,0.7754669189453125,0.364802747964859,0.7689590454101562,0.35125693678855896,0.7875905632972717,0.3389321267604828,0.8062714338302612,ㅗ
0.2687135636806488,0.9149506092071533,0.236118346452713,0.8490206003189087,0.22308872640132904,0.7836229801177979,0.2414156198501587,0.7428224682807922,0.2727891504764557,0.7358218431472778,0.27334848046302795,0.6997823715209961,0.3103990852832794,0.6100205779075623,0.33482712507247925,0.5602126717567444,0.35345572233200073,0.522625207901001,0.3139524757862091,0.7126368880271912,0.3453714847564697,0.7020463943481445,0.3344263732433319,0.7337819933891296,0.3189146816730499,0.7560367584228516,0.346661239862442,0.745659351348877,0.3603355586528778,0.7419728636741638,0.34973862767219543,0.7656075358390808,0.33573102951049805,0.7851545214653015,0.3721061646938324,0.7789143323898315,0.38036638498306274,0.7720752954483032,0.36851781606674194,0.7949700951576233,0.3550967872142792,0.815714418888092,ㅗ
0.2749587297439575,0.9083942174911499,0.23950661718845367,0.8420262932777405,0.2286330759525299,0.7651602029800415,0.2570754885673523,0.7188134789466858,0.29156002402305603,0.7107001543045044,0.2834751605987549,0.6914740800857544,0.31376132369041443,0.5999940633773804,0.33606773614883423,0.5491487979888916,0.35319623351097107,0.5119922161102295,0.325762003660202,0.7036666870117188,0.3477723300457001,0.6943219304084778,0.33530890941619873,0.7236748337745667,0.321132630109787,0.7460163831710815,0.35778409242630005,0.7361894249916077,0.3630860149860382,0.7334733605384827,0.35095274448394775,0.7540569305419922,0.3382360637187958,0.7736226916313171,0.3816661238670349,0.7686306238174438,0.3855334222316742,0.7589113116264343,0.3731223940849304,0.7804269790649414,0.36122602224349976,0.8011835813522339,ㅗ
0.2978174388408661,0.9228920936584473,0.2559509873390198,0.8546729683876038,0.23872068524360657,0.7758293747901917,0.26215749979019165,0.7262400388717651,0.2958753705024719,0.7123411893844604,0.28603726625442505,0.6915211081504822,0.31414440274238586,0.5928124785423279,0.33510980010032654,0.5351458787918091,0.35107868909835815,0.4924714267253876,0.325588583946228,0.6961019039154053,0.3599983751773834,0.6893231272697449,0.3495962619781494,0.7244395017623901,0.33293747901916504,0.7483570575714111,0.3609282374382019,0.7244395017623901,0.378710001707077,0.7266601920127869,0.36840006709098816,0.7539684176445007,0.35467004776000977,0.7741968631744385,0.390752375125885,0.7555652856826782,0.40589791536331177,0.7494925856590271,0.3941408395767212,0.7774780988693237,0.3808283805847168,0.8000730276107788,ㅗ
0.3311164975166321,0.9159492254257202,0.292227566242218,0.8620821237564087,0.27705031633377075,0.7947781682014465,0.29109084606170654,0.7526163458824158,0.31295302510261536,0.7412557005882263,0.30987074971199036,0.6933660507202148,0.33350005745887756,0.5957720875740051,0.3508932292461395,0.5371621251106262,0.36344391107559204,0.49365249276161194,0.3469996750354767,0.692017138004303,0.38096925616264343,0.6907402276992798,0.37410950660705566,0.7266568541526794,0.3593248426914215,0.7483382821083069,0.383453369140625,0.7154797315597534,0.40191543102264404,0.7238726019859314,0.39410507678985596,0.7534980773925781,0.3811614513397217,0.7732105255126953,0.4146975576877594,0.7422852516174316,0.43252891302108765,0.7448354363441467,0.4243392050266266,0.774874210357666,0.41273486614227295,0.7972123026847839,ㅗ
0.3443906009197235,0.9086976051330566,0.3018312454223633,0.8493178486824036,0.2905895709991455,0.7781544327735901,0.3093148171901703,0.7294289469718933,0.3364056646823883,0.7146636247634888,0.31697940826416016,0.6932191848754883,0.3406623303890228,0.5948162078857422,0.3583204448223114,0.5372505784034729,0.3724075257778168,0.495153546333313,0.3564912974834442,0.6917535662651062,0.3859921395778656,0.6909053921699524,0.3778087794780731,0.7239252328872681,0.36430880427360535,0.7462823390960693,0.39418357610702515,0.7149618268013,0.40464070439338684,0.7269348502159119,0.39620205760002136,0.7542065382003784,0.385026216506958,0.7748407125473022,0.4245099425315857,0.7414741516113281,0.43241092562675476,0.7506991028785706,0.42309296131134033,0.7782007455825806,0.41301146149635315,0.800125002861023,ㅗ
0.3421851098537445,0.9171375036239624,0.30544912815093994,0.8488648533821106,0.30558159947395325,0.7753862142562866,0.3312765657901764,0.7309610247612,0.35772836208343506,0.7227298617362976,0.3164084851741791,0.6996381878852844,0.32499951124191284,0.5986192226409912,0.329687237739563,0.5364001989364624,0.33286333084106445,0.48876774311065674,0.35284003615379333,0.6958176493644714,0.38117218017578125,0.6898767352104187,0.3756246268749237,0.723749577999115,0.3630329668521881,0.7441476583480835,0.39037710428237915,0.7155777215957642,0.4020319879055023,0.7182484865188599,0.39644306898117065,0.7476388216018677,0.386298269033432,0.765381395816803,0.4230746328830719,0.7405909895896912,0.43371498584747314,0.7429301142692566,0.4268035888671875,0.7725822925567627,0.41785019636154175,0.7928540110588074,ㅗ
0.35421860218048096,0.8804009556770325,0.3064947724342346,0.8159522414207458,0.2955557703971863,0.73936527967453,0.3218900263309479,0.6952073574066162,0.35540422797203064,0.688650906085968,0.32640498876571655,0.6615175604820251,0.3336936831474304,0.5610480308532715,0.34016671776771545,0.4992273449897766,0.3449244797229767,0.4526822566986084,0.3684445023536682,0.6603474020957947,0.38201022148132324,0.6678280830383301,0.37565523386001587,0.6997404098510742,0.36690229177474976,0.7195532917976379,0.40671226382255554,0.6860435605049133,0.4043656885623932,0.696828305721283,0.3987725079059601,0.721056342124939,0.39134326577186584,0.7395925521850586,0.43733564019203186,0.7148998975753784,0.4390268921852112,0.7144001722335815,0.4301580786705017,0.7371025085449219,0.4212847650051117,0.7571976780891418,ㅗ
0.380499005317688,0.8608391284942627,0.33390671014785767,0.7916881442070007,0.3228961229324341,0.7106418609619141,0.35164958238601685,0.6666523218154907,0.38521236181259155,0.66423100233078,0.3656788170337677,0.6351185441017151,0.37805503606796265,0.5402640104293823,0.3874497413635254,0.48100975155830383,0.3940376341342926,0.4385719895362854,0.409810334444046,0.6380537748336792,0.4171695411205292,0.6427285671234131,0.4059273302555084,0.6743904948234558,0.3975354731082916,0.697210431098938,0.4454803168773651,0.6638039946556091,0.44128841161727905,0.6742892265319824,0.42961883544921875,0.6959859132766724,0.42053765058517456,0.717042088508606,0.47095146775245667,0.6919406056404114,0.46762481331825256,0.694926381111145,0.4564424455165863,0.7136955857276917,0.44890040159225464,0.7325990200042725,ㅗ
0.2697301506996155,0.768994152545929,0.2313138246536255,0.6988359689712524,0.23104365170001984,0.6261919736862183,0.2622378468513489,0.5909735560417175,0.2948189675807953,0.5930891633033752,0.27069300413131714,0.5629196166992188,0.29215413331985474,0.47585439682006836,0.3063504993915558,0.42125752568244934,0.3177322745323181,0.38157570362091064,0.3109995424747467,0.572299063205719,0.31167933344841003,0.580450713634491,0.3006788194179535,0.6051403284072876,0.294291615486145,0.6226952075958252,0.34203222393989563,0.6033245325088501,0.32946962118148804,0.6115664839744568,0.32035067677497864,0.6306222677230835,0.31351137161254883,0.6475833058357239,0.36564046144485474,0.6349170207977295,0.3558897376060486,0.6387477517127991,0.3455126881599426,0.656345784664154,0.3378329277038574,0.6729975938796997,ㅗ
0.4136413335800171,0.7504414916038513,0.36440950632095337,0.6957558393478394,0.35173630714416504,0.6220736503601074,0.37692055106163025,0.5791780352592468,0.4048536419868469,0.5714041590690613,0.3883925676345825,0.5443538427352905,0.4063437879085541,0.4518667757511139,0.4207458198070526,0.39449435472488403,0.4324014484882355,0.3534165620803833,0.42918679118156433,0.5440542101860046,0.4401783049106598,0.5544542074203491,0.4329315423965454,0.5808643102645874,0.42662715911865234,0.5986267924308777,0.4634757339954376,0.5706546306610107,0.458475798368454,0.5848390460014343,0.45118191838264465,0.6047293543815613,0.4445234537124634,0.621354877948761,0.48968133330345154,0.5992985963821411,0.4869735538959503,0.605389416217804,0.4786245822906494,0.6242398619651794,0.4706352949142456,0.6407477855682373,ㅗ
0.4131191074848175,0.7478387951850891,0.36159926652908325,0.6937026977539062,0.3481166958808899,0.6201411485671997,0.37316587567329407,0.5755033493041992,0.40166375041007996,0.5651252269744873,0.3838622272014618,0.540737509727478,0.4018675684928894,0.44715818762779236,0.4161800146102905,0.38871675729751587,0.4278087913990021,0.34664928913116455,0.4253470003604889,0.5391772389411926,0.4340713620185852,0.547332227230072,0.42745161056518555,0.5742558240890503,0.42223578691482544,0.5929376482963562,0.4602983295917511,0.5649710893630981,0.45306363701820374,0.5776180028915405,0.4462786614894867,0.5976496934890747,0.44041499495506287,0.615410566329956,0.4870961308479309,0.5932192206382751,0.4822215735912323,0.597048819065094,0.47461986541748047,0.6166562438011169,0.4675946831703186,0.6348331570625305,ㅗ
0.42029717564582825,0.7446632981300354,0.3696220815181732,0.6874246597290039,0.3571971654891968,0.6110745072364807,0.3839278519153595,0.5642246603965759,0.413442462682724,0.5532823801040649,0.3929218351840973,0.5315581560134888,0.4101577401161194,0.4344854950904846,0.4241267144680023,0.3756730556488037,0.4353085458278656,0.33360207080841064,0.4346434473991394,0.5307731032371521,0.4445396065711975,0.5355362892150879,0.43707117438316345,0.5632261633872986,0.4313777685165405,0.5824201107025146,0.46976175904273987,0.5578488707542419,0.4619567394256592,0.5688156485557556,0.45493748784065247,0.5893593430519104,0.44926372170448303,0.6067439913749695,0.4967472553253174,0.5869539380073547,0.4906776547431946,0.5894344449043274,0.4829084873199463,0.6090039014816284,0.4761925935745239,0.6264415979385376,ㅗ
0.41758057475090027,0.7898853421211243,0.36443668603897095,0.72374027967453,0.34854018688201904,0.6345683932304382,0.3829536736011505,0.5829809904098511,0.4250815212726593,0.5740890502929688,0.38545873761177063,0.5527920126914978,0.404803603887558,0.4430485963821411,0.4211144745349884,0.3756304979324341,0.43188872933387756,0.324368953704834,0.43240296840667725,0.5534785985946655,0.45526519417762756,0.5389055609703064,0.446980357170105,0.5752658843994141,0.4349913001060486,0.6023439764976501,0.47304707765579224,0.5797096490859985,0.47995489835739136,0.5779053568840027,0.4712689220905304,0.6061422228813171,0.46063536405563354,0.6298511624336243,0.5044296979904175,0.6094328165054321,0.5072173476219177,0.6058889627456665,0.4964447617530823,0.6322786808013916,0.48610931634902954,0.6537693738937378,ㅗ
0.4496517479419708,0.8964589834213257,0.35930007696151733,0.7874220013618469,0.330949604511261,0.639424204826355,0.3808373212814331,0.5524647831916809,0.4448971748352051,0.5383510589599609,0.4029196798801422,0.5203061699867249,0.4387528598308563,0.34290993213653564,0.46321484446525574,0.24330222606658936,0.4806152582168579,0.16874009370803833,0.4810117185115814,0.5249263048171997,0.478682279586792,0.5028154850006104,0.45538192987442017,0.5567544102668762,0.4456610083580017,0.5971105694770813,0.5416761040687561,0.5705028772354126,0.5138525366783142,0.5674392580986023,0.49471741914749146,0.6103990077972412,0.4857895076274872,0.6478561758995056,0.5864251852035522,0.6158522367477417,0.5637911558151245,0.599301278591156,0.5487613677978516,0.6401333808898926,0.5431681871414185,0.6770371198654175,ㅗ
0.2535981833934784,0.8308860063552856,0.22085312008857727,0.7562375068664551,0.2281269133090973,0.6851475238800049,0.2587275803089142,0.6505471467971802,0.2880399525165558,0.6470845341682434,0.259997695684433,0.6139206886291504,0.2824975550174713,0.5240744948387146,0.29714590311050415,0.46654218435287476,0.30924177169799805,0.4238858222961426,0.30051806569099426,0.6276149749755859,0.30289533734321594,0.6239312887191772,0.28956905007362366,0.6477378010749817,0.2830975353717804,0.6653810739517212,0.3305884599685669,0.6601152420043945,0.3195355236530304,0.6603236794471741,0.3080439567565918,0.679593563079834,0.30109965801239014,0.6970483660697937,0.3515589237213135,0.6915386915206909,0.3425869345664978,0.6855356097221375,0.3311573565006256,0.7040294408798218,0.32381880283355713,0.7223812937736511,ㅗ
0.23254713416099548,0.8462194204330444,0.19678157567977905,0.7581101655960083,0.20416194200515747,0.6757742762565613,0.23807314038276672,0.6337952613830566,0.27393367886543274,0.633051335811615,0.2277706265449524,0.6003342270851135,0.25632092356681824,0.4933619499206543,0.2750175893306732,0.4274851679801941,0.2895907461643219,0.3778190314769745,0.2715948224067688,0.611858606338501,0.29982468485832214,0.5964111089706421,0.2894156277179718,0.628562867641449,0.27726322412490845,0.6519652009010315,0.3110051155090332,0.6473854780197144,0.31978410482406616,0.6404075622558594,0.3096204102039337,0.6657986640930176,0.2986680269241333,0.68629390001297,0.34249258041381836,0.684934675693512,0.34580597281455994,0.6749334931373596,0.33446380496025085,0.6980620622634888,0.32426533102989197,0.7171174883842468,ㅗ
0.21888798475265503,0.844525933265686,0.17714855074882507,0.7426737546920776,0.1881302297115326,0.6524917483329773,0.22547200322151184,0.6069320440292358,0.26369351148605347,0.6071532368659973,0.21521984040737152,0.5625889301300049,0.2507052719593048,0.4488150179386139,0.27211007475852966,0.38090217113494873,0.28868716955184937,0.32838141918182373,0.26555413007736206,0.5740479230880737,0.29478758573532104,0.5753296613693237,0.28247931599617004,0.6162413954734802,0.2686590254306793,0.6395393013954163,0.3093110918998718,0.6144436001777649,0.3145473301410675,0.6225364208221436,0.3017140030860901,0.6537407636642456,0.2883343994617462,0.6731922626495361,0.3436528444290161,0.6548324227333069,0.3452112078666687,0.6599428653717041,0.3326718807220459,0.6883224844932556,0.3194604516029358,0.7081639766693115,ㅗ
0.32642677426338196,0.7965493202209473,0.26386111974716187,0.7163602113723755,0.25713956356048584,0.6216081976890564,0.28929880261421204,0.5682951807975769,0.32772108912467957,0.5609312057495117,0.29884105920791626,0.5172334909439087,0.30734920501708984,0.40428879857063293,0.3129931092262268,0.33383458852767944,0.3186188042163849,0.2820286154747009,0.35872241854667664,0.5216003656387329,0.35103633999824524,0.5202856063842773,0.33558404445648193,0.5571876764297485,0.3320830464363098,0.5855745673179626,0.40385302901268005,0.5597459077835083,0.38112300634384155,0.5657873153686523,0.36412960290908813,0.5924555659294128,0.3587057292461395,0.6190654635429382,0.433957576751709,0.5984429121017456,0.41875872015953064,0.5970295667648315,0.4042694568634033,0.6231995820999146,0.3981119692325592,0.6508901715278625,ㅗ
0.7098847031593323,0.7449185848236084,0.7215303778648376,0.6439955234527588,0.6955969929695129,0.5718734860420227,0.6577403545379639,0.5433943271636963,0.6231127381324768,0.5388613939285278,0.689594566822052,0.508594810962677,0.6880179643630981,0.41162019968032837,0.6840126514434814,0.3527427911758423,0.6823040246963501,0.3077331781387329,0.6504219770431519,0.5230923295021057,0.6068710088729858,0.48850852251052856,0.6109140515327454,0.5243490934371948,0.6277372241020203,0.5460566878318787,0.6159743666648865,0.5572530031204224,0.5833943486213684,0.5478960871696472,0.5954057574272156,0.5786305665969849,0.6127844452857971,0.5951843857765198,0.5886808037757874,0.5978136658668518,0.5711186528205872,0.6086204648017883,0.5846387147903442,0.6344286203384399,0.5988713502883911,0.6478801369667053,ㅗ
0.6933847665786743,0.7635953426361084,0.7239561676979065,0.6621832847595215,0.7075673937797546,0.5806613564491272,0.6749690771102905,0.5407308340072632,0.6420419216156006,0.5340922474861145,0.6897556185722351,0.5039027333259583,0.6840636730194092,0.3885273337364197,0.6794708371162415,0.3214464783668518,0.6747666597366333,0.2724665701389313,0.642906129360199,0.5117011666297913,0.6357564926147461,0.48557764291763306,0.6441282629966736,0.5200873613357544,0.6556576490402222,0.5492997765541077,0.607113778591156,0.5442407727241516,0.6113614439964294,0.544179379940033,0.6248674988746643,0.5710471868515015,0.635687530040741,0.5965635776519775,0.577572226524353,0.5827045440673828,0.586937665939331,0.5834580659866333,0.6019203662872314,0.606863260269165,0.612570583820343,0.6278376579284668,ㅗ
0.7119790315628052,0.7693328857421875,0.7446131706237793,0.6712222099304199,0.7294149398803711,0.588316798210144,0.692284107208252,0.5461211800575256,0.6557118892669678,0.5401372313499451,0.7075821757316589,0.514007031917572,0.685814380645752,0.3969000279903412,0.6720369458198547,0.3303927183151245,0.6611354947090149,0.2816009521484375,0.6592333912849426,0.5233035087585449,0.6486697793006897,0.5018686652183533,0.6572358012199402,0.5353342294692993,0.6706847548484802,0.5637038350105286,0.6231731176376343,0.5563088059425354,0.6257894039154053,0.560485303401947,0.6396162509918213,0.5850069522857666,0.652033269405365,0.6080483198165894,0.5928314328193665,0.5947656035423279,0.6052731275558472,0.5984971523284912,0.6202458739280701,0.6228333115577698,0.6298839449882507,0.642784595489502,ㅗ
0.6811933517456055,0.7832568883895874,0.6937828063964844,0.6680817008018494,0.6602356433868408,0.5845457911491394,0.6185855865478516,0.5551623702049255,0.5823015570640564,0.5572398900985718,0.6520957946777344,0.5192786455154419,0.634202778339386,0.40021759271621704,0.6233605146408081,0.33083122968673706,0.6166564226150513,0.2792331576347351,0.605780303478241,0.5402920246124268,0.5728292465209961,0.4965437054634094,0.5823712348937988,0.5333409905433655,0.600674033164978,0.5641716718673706,0.5706079602241516,0.5794419646263123,0.5551371574401855,0.5647966265678406,0.5712523460388184,0.5924208760261536,0.5872485041618347,0.6171709299087524,0.5435532927513123,0.6239674687385559,0.5439025163650513,0.6156838536262512,0.5610418319702148,0.6414843797683716,0.5745733380317688,0.6634284853935242,ㅗ
0.6912084817886353,0.7616015076637268,0.7206161022186279,0.6192280650138855,0.6895828247070312,0.5253559947013855,0.6412684321403503,0.4736174941062927,0.5987059473991394,0.46015721559524536,0.6688064336776733,0.42454034090042114,0.6545177698135376,0.28263339400291443,0.6462137699127197,0.20094844698905945,0.6389842629432678,0.13957011699676514,0.6046313643455505,0.4430980384349823,0.5621763467788696,0.3889583647251129,0.5731281042098999,0.4314626455307007,0.5926204323768616,0.4682947099208832,0.5577542781829834,0.4921131134033203,0.538703978061676,0.47570258378982544,0.5606724619865417,0.5089333653450012,0.5793020129203796,0.5416669845581055,0.5217305421829224,0.5491436123847961,0.5231793522834778,0.5385611057281494,0.545533299446106,0.5682239532470703,0.5636605620384216,0.5957149863243103,ㅗ
0.6363579034805298,0.8089969158172607,0.6867784261703491,0.6532721519470215,0.6584261059761047,0.5362921357154846,0.611579179763794,0.46810823678970337,0.5628491044044495,0.44541770219802856,0.6216513514518738,0.419283002614975,0.615268349647522,0.2592196464538574,0.6150997281074524,0.17023462057113647,0.6121348142623901,0.1029272973537445,0.5487186312675476,0.4377928078174591,0.5283910036087036,0.35092902183532715,0.547473132610321,0.39451754093170166,0.5661609768867493,0.4418519139289856,0.499296098947525,0.49019259214401245,0.4984051287174225,0.4365009665489197,0.5229794383049011,0.4718640148639679,0.5378386378288269,0.5164778232574463,0.46640250086784363,0.5507928133010864,0.47861212491989136,0.5117260217666626,0.5041771531105042,0.5407940745353699,0.5205076932907104,0.5780532360076904,ㅗ
0.5994037389755249,0.8661898374557495,0.6526094079017639,0.7343491315841675,0.6472899317741394,0.6272836923599243,0.6057231426239014,0.5647072792053223,0.5627716183662415,0.5455561876296997,0.6043341159820557,0.5223036408424377,0.5970684885978699,0.3713008165359497,0.595161497592926,0.2850606441497803,0.5922403931617737,0.21942216157913208,0.5340220332145691,0.5333195924758911,0.5324476957321167,0.4578166604042053,0.5468389987945557,0.49705877900123596,0.559111475944519,0.5396078824996948,0.48741409182548523,0.5726488828659058,0.5006656646728516,0.5220673084259033,0.5194099545478821,0.5523484349250793,0.5307865142822266,0.5936630964279175,0.454825222492218,0.6170393228530884,0.4744303226470947,0.5852911472320557,0.4960826337337494,0.6113937497138977,0.5085700154304504,0.644425094127655,ㅗ
0.5886730551719666,0.9282755255699158,0.6177400946617126,0.8037253022193909,0.5966496467590332,0.7104247212409973,0.5601135492324829,0.6725478172302246,0.520352840423584,0.6750224828720093,0.5957061648368835,0.6459543704986572,0.5926564335823059,0.5150671005249023,0.5905631184577942,0.4410335421562195,0.5857918858528137,0.3796520233154297,0.541997492313385,0.6540262699127197,0.5276317000389099,0.5814979076385498,0.5370504260063171,0.6216431856155396,0.5480031967163086,0.658334493637085,0.4993927776813507,0.6844655275344849,0.4956487715244293,0.634195864200592,0.5067659020423889,0.6666122674942017,0.5128116011619568,0.7016803026199341,0.4661286771297455,0.7211228013038635,0.47087669372558594,0.6894435882568359,0.4841182231903076,0.7151671051979065,0.4914802014827728,0.743507444858551,ㅗ
0.572708010673523,0.9327571392059326,0.5907013416290283,0.8245034217834473,0.5705450773239136,0.7402021884918213,0.5369350910186768,0.7092215418815613,0.5002274513244629,0.711538553237915,0.5594114065170288,0.6703817844390869,0.5460919141769409,0.5603665113449097,0.5396552681922913,0.49456775188446045,0.5334489345550537,0.44482290744781494,0.5174474120140076,0.6758634448051453,0.5029965043067932,0.6494576930999756,0.5091568231582642,0.6847443580627441,0.5190027356147766,0.7158371806144714,0.4826847016811371,0.7059080004692078,0.4803873896598816,0.6887722611427307,0.4923159182071686,0.7152193784713745,0.5028493404388428,0.7417144179344177,0.45506229996681213,0.7400092482566833,0.4594859182834625,0.7241007685661316,0.47335854172706604,0.743405282497406,0.48318666219711304,0.765121340751648,ㅗ
0.5882033705711365,0.8930986523628235,0.6096946001052856,0.8021235466003418,0.5892226696014404,0.7272813320159912,0.5554420351982117,0.7026853561401367,0.521314263343811,0.7091755867004395,0.5697469711303711,0.6654837727546692,0.5411456823348999,0.5742359757423401,0.5278097987174988,0.5176938772201538,0.518580973148346,0.4732995331287384,0.5317115187644958,0.6712461113929749,0.5049517154693604,0.6497563123703003,0.5111743211746216,0.6789148449897766,0.5244652628898621,0.7051809430122375,0.4999614357948303,0.6986531615257263,0.48300352692604065,0.6879034638404846,0.4937992990016937,0.7099591493606567,0.5084896683692932,0.7303698062896729,0.47582435607910156,0.7334542274475098,0.4733973443508148,0.7356854677200317,0.4869113564491272,0.7545786499977112,0.49994513392448425,0.7729631066322327,ㅗ
0.6351231336593628,0.8857263326644897,0.6416934728622437,0.7984344959259033,0.6147800087928772,0.7293170690536499,0.5814533233642578,0.7079559564590454,0.5498760938644409,0.7136008143424988,0.608773410320282,0.680083155632019,0.5855918526649475,0.5916253328323364,0.5717166662216187,0.5414059162139893,0.5606950521469116,0.5005683302879333,0.5771179795265198,0.6941401958465576,0.5364916920661926,0.6547199487686157,0.541388750076294,0.6850833296775818,0.5556224584579468,0.7048932313919067,0.5495511293411255,0.7227935194969177,0.5169383883476257,0.687198281288147,0.5266508460044861,0.7133216261863708,0.5401561856269836,0.7327325344085693,0.5278025269508362,0.7578237056732178,0.5100253224372864,0.7323777079582214,0.5198469161987305,0.7500134110450745,0.5304231643676758,0.7674909234046936,ㅗ
0.7601063251495361,0.8571428060531616,0.7681868076324463,0.767245352268219,0.7443280220031738,0.7034586071968079,0.7106451392173767,0.6838619112968445,0.6797990202903748,0.6884350776672363,0.7327123284339905,0.6515238881111145,0.7235037684440613,0.5751731395721436,0.7182630896568298,0.524040699005127,0.7150935530662537,0.48690956830978394,0.6977385878562927,0.660615086555481,0.6814064383506775,0.6698660850524902,0.6873082518577576,0.6959974765777588,0.6990705132484436,0.7107313871383667,0.6690797805786133,0.6906538605690002,0.6600635647773743,0.7010306715965271,0.670910656452179,0.7209628224372864,0.6836024522781372,0.7348672747612,0.6462212204933167,0.7252449989318848,0.6426739692687988,0.7315189242362976,0.6546570658683777,0.749916672706604,0.6651211380958557,0.7645381689071655,ㅗ
0.7444584369659424,0.9097099900245667,0.7560381293296814,0.8038986921310425,0.7266664505004883,0.7260491847991943,0.6877880096435547,0.7033665180206299,0.6519724726676941,0.709385097026825,0.7240290641784668,0.6680620312690735,0.7117027640342712,0.5641975402832031,0.7048423290252686,0.5019441246986389,0.6979280710220337,0.4520742893218994,0.6843953132629395,0.6783429980278015,0.6517235636711121,0.638213574886322,0.6584838032722473,0.6754288673400879,0.6730635762214661,0.7011377215385437,0.6504767537117004,0.7072789072990417,0.628971517086029,0.6776983141899109,0.6385924220085144,0.7081131339073181,0.651068925857544,0.7318708300590515,0.6247662305831909,0.7418153285980225,0.6189776659011841,0.7308616638183594,0.6303244233131409,0.7539400458335876,0.640573263168335,0.7738916277885437,ㅗ
0.638655960559845,0.866410493850708,0.6808573603630066,0.7745378017425537,0.6751753091812134,0.6978746056556702,0.6394042372703552,0.6556405425071716,0.6056765913963318,0.6429353356361389,0.6458821296691895,0.6291776895523071,0.6478832960128784,0.5245671272277832,0.6465038061141968,0.46160244941711426,0.6427738070487976,0.41405707597732544,0.5977274775505066,0.6367053389549255,0.5894259214401245,0.5880640745162964,0.5960094332695007,0.6113527417182922,0.6022832989692688,0.6370965838432312,0.5647364854812622,0.664247453212738,0.5682626366615295,0.6351436972618103,0.5830835103988647,0.6561235189437866,0.592639148235321,0.6823244094848633,0.5406306982040405,0.6957610845565796,0.5496222972869873,0.6748343110084534,0.5649101138114929,0.6941754817962646,0.5737399458885193,0.7163053750991821,ㅗ
0.5484728813171387,0.8675658702850342,0.5873855352401733,0.7757712006568909,0.5870174169540405,0.6967191696166992,0.5564209222793579,0.6506145000457764,0.5192176699638367,0.6377251744270325,0.5611344575881958,0.6232444643974304,0.5523822903633118,0.5214546918869019,0.546126663684845,0.45808741450309753,0.5382973551750183,0.40855300426483154,0.510804295539856,0.6313048005104065,0.5042517185211182,0.5799002647399902,0.5148263573646545,0.6071922183036804,0.5236294865608215,0.6360772848129272,0.46553167700767517,0.6647060513496399,0.46682578325271606,0.648047685623169,0.4785507619380951,0.6808111667633057,0.48789915442466736,0.7107679843902588,0.4262128472328186,0.7059277892112732,0.42323923110961914,0.6856807470321655,0.43672454357147217,0.7094613313674927,0.4449079930782318,0.734900951385498,ㅗ
0.5363612174987793,0.9003816843032837,0.5788816213607788,0.8281477093696594,0.594654381275177,0.7576596140861511,0.5923399925231934,0.7154018878936768,0.5888350009918213,0.6964622735977173,0.5364980697631836,0.6733155250549316,0.5293945074081421,0.5833438634872437,0.5255429744720459,0.5328777432441711,0.5214647054672241,0.498298704624176,0.4948205351829529,0.6803779006004333,0.49951672554016113,0.6181931495666504,0.5091478228569031,0.6110817193984985,0.5126799941062927,0.6144400835037231,0.46177080273628235,0.7065842151641846,0.4809959828853607,0.676449179649353,0.4966435432434082,0.6950459480285645,0.5058035254478455,0.718636155128479,0.4364623427391052,0.7403527498245239,0.4553994834423065,0.7179438471794128,0.4709407091140747,0.7306485176086426,0.47882792353630066,0.7503717541694641,ㅗ
0.49257320165634155,0.8373162746429443,0.5424464344978333,0.7310716509819031,0.565068781375885,0.6413324475288391,0.5639523267745972,0.578814685344696,0.5570110082626343,0.5453975796699524,0.4750101864337921,0.5818163156509399,0.471210777759552,0.4613073468208313,0.46756795048713684,0.4010438621044159,0.463739812374115,0.35317471623420715,0.42298582196235657,0.6011564135551453,0.44320234656333923,0.500494122505188,0.47252291440963745,0.49417373538017273,0.49471309781074524,0.510701596736908,0.3934794068336487,0.6382459998130798,0.4182906448841095,0.555148184299469,0.4457605481147766,0.5456972122192383,0.4670679569244385,0.5630273818969727,0.37713170051574707,0.6810388565063477,0.39860615134239197,0.6240950226783752,0.4212970733642578,0.6164340972900391,0.43887558579444885,0.6293246746063232,ㅗ
0.5040438175201416,0.8352481126785278,0.567714273929596,0.7321558594703674,0.5895000696182251,0.6205665469169617,0.5722998976707458,0.535976231098175,0.5421692728996277,0.49272727966308594,0.5028424859046936,0.5564802289009094,0.4933636784553528,0.4268496632575989,0.490566611289978,0.3543003797531128,0.48720183968544006,0.29833370447158813,0.4435189664363861,0.5770586729049683,0.46821555495262146,0.4830693006515503,0.5007176995277405,0.502031683921814,0.5170431733131409,0.5436120629310608,0.4059447646141052,0.6196861267089844,0.42844676971435547,0.5363352298736572,0.45623430609703064,0.5477350354194641,0.4715522229671478,0.5859662890434265,0.3827213943004608,0.6677128672599792,0.4015832245349884,0.6028565168380737,0.4260258972644806,0.607841968536377,0.43908974528312683,0.6351710557937622,ㅗ
0.4585398733615875,0.898633599281311,0.5039879083633423,0.8022875785827637,0.5001847743988037,0.7120206356048584,0.4706036448478699,0.6645012497901917,0.44123971462249756,0.651425838470459,0.466657817363739,0.6369337439537048,0.4741690754890442,0.5173551440238953,0.4774889051914215,0.44566622376441956,0.4770278334617615,0.3906348943710327,0.4138798415660858,0.6421231627464294,0.425936758518219,0.5816329717636108,0.4398954212665558,0.6122421622276306,0.44576042890548706,0.6463232636451721,0.3784779906272888,0.6708225011825562,0.3875618577003479,0.6160631775856018,0.40344589948654175,0.6379254460334778,0.4095536172389984,0.6709126830101013,0.35371851921081543,0.7070596218109131,0.35960566997528076,0.6626230478286743,0.3756332993507385,0.6778447031974792,0.3825102746486664,0.7025183439254761,ㅗ
0.5475935935974121,0.8381892442703247,0.5954015254974365,0.7470468282699585,0.5988351106643677,0.6665283441543579,0.5776301026344299,0.6158290505409241,0.5498324632644653,0.5943394303321838,0.5753127336502075,0.5895507335662842,0.5896928310394287,0.46958059072494507,0.5969157218933105,0.40077704191207886,0.5997400879859924,0.3469877541065216,0.5230826735496521,0.5902504324913025,0.5351316928863525,0.5261867642402649,0.5452703833580017,0.5614029169082642,0.5491446256637573,0.5924755334854126,0.4866015315055847,0.6142730712890625,0.498492956161499,0.5640276670455933,0.5107021331787109,0.5895622968673706,0.5142037868499756,0.6198586821556091,0.45963484048843384,0.645014762878418,0.469784677028656,0.6074903011322021,0.48330268263816833,0.627018392086029,0.4874195456504822,0.6503326296806335,ㅗ
0.8640021085739136,0.8066519498825073,0.8843571543693542,0.6850679516792297,0.8518288731575012,0.5969428420066833,0.8099585175514221,0.5581058263778687,0.7717269062995911,0.5558938384056091,0.8291645050048828,0.5252188444137573,0.8083164691925049,0.39665865898132324,0.7958228588104248,0.3203754127025604,0.7843542695045471,0.2620607912540436,0.77518230676651,0.5484063625335693,0.7413973808288574,0.48348480463027954,0.7544518709182739,0.5234112739562988,0.7705720067024231,0.558253288269043,0.7369223237037659,0.5902725458145142,0.7115369439125061,0.5360557436943054,0.7291815876960754,0.565060019493103,0.7444812655448914,0.5954508185386658,0.7112728953361511,0.6373345255851746,0.6934563517570496,0.5932349562644958,0.7119320034980774,0.6137637495994568,0.7271909117698669,0.6381499767303467,ㅗ
0.8424416780471802,0.8895804286003113,0.8642299175262451,0.7628176808357239,0.8297491073608398,0.6682878136634827,0.7822661995887756,0.6309749484062195,0.7398878335952759,0.6336307525634766,0.8057440519332886,0.5964134335517883,0.7759212255477905,0.46509987115859985,0.7604811787605286,0.3867131471633911,0.7461756467819214,0.3255198001861572,0.7524113059043884,0.6191970109939575,0.7130820751190186,0.546058714389801,0.7277312278747559,0.5868830680847168,0.7451426386833191,0.6222705841064453,0.7124812006950378,0.6624312400817871,0.6817006468772888,0.596377432346344,0.6995990872383118,0.6266596913337708,0.7160011529922485,0.6587005257606506,0.6837424635887146,0.7121734023094177,0.659218430519104,0.6500003933906555,0.6776309013366699,0.6690461039543152,0.6933673620223999,0.6960365176200867,ㅗ
0.8563678860664368,0.8068387508392334,0.8665892481803894,0.6876446008682251,0.8290321826934814,0.6000834107398987,0.7807378172874451,0.5762302875518799,0.7386829853057861,0.5906748175621033,0.8126261234283447,0.5442678928375244,0.7762503623962402,0.4193182587623596,0.7562547326087952,0.34538671374320984,0.7397979497909546,0.28651735186576843,0.7632766366004944,0.5736726522445679,0.716052770614624,0.5091741681098938,0.7309017777442932,0.5497012138366699,0.7517791986465454,0.5817875862121582,0.7263655662536621,0.6192278861999512,0.6866244077682495,0.5603676438331604,0.7057263255119324,0.5904030799865723,0.7263113260269165,0.6184667944908142,0.70006263256073,0.6684074997901917,0.6691503524780273,0.6125767230987549,0.6885796785354614,0.6299367547035217,0.7078660726547241,0.6538417935371399,ㅗ
0.8369323015213013,0.8091580867767334,0.8442541360855103,0.6896035671234131,0.8035991191864014,0.6020399332046509,0.7544135451316833,0.5756611824035645,0.7131432294845581,0.589270293712616,0.7806665301322937,0.5431486368179321,0.7331826090812683,0.4289902448654175,0.7043346166610718,0.3597658574581146,0.6799933910369873,0.30626338720321655,0.734012246131897,0.5732669234275818,0.6880695223808289,0.5169498920440674,0.7047358155250549,0.5527540445327759,0.7259470224380493,0.5819831490516663,0.6996674537658691,0.620460569858551,0.6623175144195557,0.5697653293609619,0.681037187576294,0.5969193577766418,0.7011347413063049,0.6235384941101074,0.6755074858665466,0.6723038554191589,0.6472026705741882,0.6283538341522217,0.6665034890174866,0.6460347175598145,0.6850830912590027,0.6675227880477905,ㅗ
0.8231135606765747,0.8314226269721985,0.8339707851409912,0.697943389415741,0.7911112904548645,0.6081371307373047,0.7402241826057434,0.5706601738929749,0.6956559419631958,0.5766571760177612,0.7603827118873596,0.5484989881515503,0.6987359523773193,0.4300115704536438,0.6636338233947754,0.35818445682525635,0.6328400373458862,0.30276376008987427,0.7092238068580627,0.5840985178947449,0.6563488841056824,0.5102649331092834,0.679593026638031,0.5421758890151978,0.7043406963348389,0.5746275782585144,0.6741312742233276,0.6362424492835999,0.6311944127082825,0.5691995024681091,0.6550913453102112,0.5900762677192688,0.6793920397758484,0.6190887689590454,0.6518508791923523,0.6913528442382812,0.619992196559906,0.6310608386993408,0.6414978504180908,0.645989179611206,0.6621631383895874,0.6698782444000244,ㅗ
0.8397918343544006,0.7856413125991821,0.8385639190673828,0.6571674346923828,0.7956468462944031,0.5731215476989746,0.7418926954269409,0.5422306656837463,0.697881817817688,0.5552700161933899,0.770554780960083,0.5183983445167542,0.7121549248695374,0.4050910472869873,0.6784881353378296,0.33878499269485474,0.6506916880607605,0.2867819666862488,0.7214021682739258,0.5539780259132385,0.6715128421783447,0.4963078498840332,0.687650203704834,0.5288640260696411,0.7095097899436951,0.5556572675704956,0.6857200264930725,0.6044763922691345,0.6461578011512756,0.5519362092018127,0.6645658612251282,0.5761188268661499,0.6859200596809387,0.6015641093254089,0.6616944074630737,0.6571295857429504,0.6333708167076111,0.6113376617431641,0.6524279117584229,0.6280359625816345,0.67131507396698,0.6501890420913696,ㅗ
0.8403441905975342,0.8165005445480347,0.8546710014343262,0.6958649158477783,0.8183799386024475,0.6085988283157349,0.7718749642372131,0.5788354873657227,0.7303520441055298,0.5889403223991394,0.798222541809082,0.5457895994186401,0.7531608939170837,0.4253125488758087,0.7278674840927124,0.3549436032772064,0.7060371041297913,0.29946234822273254,0.7479530572891235,0.5725297927856445,0.7071075439453125,0.5081145167350769,0.7233303785324097,0.5473024845123291,0.743861973285675,0.5812956690788269,0.7101857662200928,0.6162837147712708,0.6777930855751038,0.5575211048126221,0.6959245204925537,0.5868536829948425,0.7149581909179688,0.617178738117218,0.6827395558357239,0.6639379262924194,0.658807635307312,0.6120113134384155,0.6778940558433533,0.6306537389755249,0.6951240301132202,0.6557837724685669,ㅗ
0.8263451457023621,0.8532826900482178,0.8449209332466125,0.7334898114204407,0.8121371865272522,0.6426044702529907,0.7650361657142639,0.608483076095581,0.7207997441291809,0.6130571961402893,0.7919948101043701,0.5745629072189331,0.7530543208122253,0.44990402460098267,0.7324637174606323,0.3776357173919678,0.7147340178489685,0.32006335258483887,0.740891695022583,0.5974356532096863,0.701961100101471,0.5323737859725952,0.7159408926963806,0.574687659740448,0.7346357107162476,0.6094285845756531,0.7010828256607056,0.6394883394241333,0.6697244644165039,0.5791406631469727,0.6864523887634277,0.612762987613678,0.7038127183914185,0.6448859572410583,0.6713912487030029,0.6874268054962158,0.6501445174217224,0.6337433457374573,0.6687750220298767,0.6587049961090088,0.6849578022956848,0.6876344680786133,ㅗ
0.813377320766449,0.869093656539917,0.8335763812065125,0.7468697428703308,0.8038856387138367,0.6579698324203491,0.7597917914390564,0.6232242584228516,0.7172942757606506,0.6239689588546753,0.7891428470611572,0.5842156410217285,0.7555710077285767,0.45415616035461426,0.7379689812660217,0.3794644773006439,0.7229381799697876,0.32017549872398376,0.7357694506645203,0.6017246246337891,0.7004629969596863,0.5381157994270325,0.711574137210846,0.5823491215705872,0.7287372946739197,0.6145787835121155,0.6932185888290405,0.6408964991569519,0.6652233600616455,0.583482563495636,0.678838312625885,0.6201406717300415,0.6946249604225159,0.6522778272628784,0.6604207754135132,0.6872314810752869,0.6429885625839233,0.638239860534668,0.6599016785621643,0.665137529373169,0.6749979257583618,0.6937904357910156,ㅗ
0.8139152526855469,0.8881604671478271,0.8333795070648193,0.7679920196533203,0.8080206513404846,0.6803999543190002,0.770625650882721,0.6440070271492004,0.7315425872802734,0.6405941843986511,0.7947671413421631,0.6104388236999512,0.7771189212799072,0.48727864027023315,0.7682797312736511,0.41640058159828186,0.759617030620575,0.3598424792289734,0.7446635961532593,0.626203179359436,0.7087247967720032,0.566396951675415,0.7176113128662109,0.6107646226882935,0.7330591082572937,0.6421895623207092,0.7036027908325195,0.6634472012519836,0.6770392656326294,0.6135777235031128,0.6902521848678589,0.649653434753418,0.7043167352676392,0.6794781684875488,0.6721470355987549,0.708659827709198,0.6556546688079834,0.6641242504119873,0.6703057289123535,0.6901560425758362,0.6837954521179199,0.7172458171844482,ㅗ
0.8104434609413147,0.8235626220703125,0.8464926481246948,0.7266724109649658,0.8384533524513245,0.6347161531448364,0.7968549132347107,0.5880855321884155,0.7542245984077454,0.5793640613555908,0.8197565674781799,0.5587278604507446,0.784018337726593,0.44217830896377563,0.7625288963317871,0.3751447796821594,0.744436502456665,0.3237205445766449,0.7678697109222412,0.569786787033081,0.7316015362739563,0.5237937569618225,0.7371963858604431,0.5680921673774719,0.7533462643623352,0.6017018556594849,0.7240715026855469,0.6007033586502075,0.6994179487228394,0.5642144680023193,0.707097053527832,0.6032617688179016,0.7215564846992493,0.6334332823753357,0.6873667240142822,0.6388192772865295,0.6736671924591064,0.604662299156189,0.6853730082511902,0.6386323571205139,0.6978196501731873,0.6678341627120972,ㅗ
0.834271252155304,0.8357732892036438,0.8684989213943481,0.7370359301567078,0.8564220070838928,0.6459953188896179,0.8163021206855774,0.6045402884483337,0.7753638625144958,0.5996030569076538,0.843370795249939,0.5735810399055481,0.8054115772247314,0.45672741532325745,0.7831546068191528,0.3883071839809418,0.7647664546966553,0.33489182591438293,0.7930113077163696,0.5853818655014038,0.7501897215843201,0.542894184589386,0.7547010779380798,0.5881439447402954,0.7722761631011963,0.6200098991394043,0.7492546439170837,0.6165581345558167,0.7178014516830444,0.5799435973167419,0.7247864007949829,0.6196908950805664,0.7407776117324829,0.6476919054985046,0.7123684883117676,0.6556580662727356,0.6937875747680664,0.619878888130188,0.7046616077423096,0.653999388217926,0.7183253169059753,0.6827684640884399,ㅗ
0.8532363176345825,0.8112106323242188,0.871258020401001,0.7020756602287292,0.8467085957527161,0.6133641600608826,0.8019199967384338,0.5855110287666321,0.7586520910263062,0.5898759961128235,0.8489329814910889,0.5468198657035828,0.8043493628501892,0.430476576089859,0.7781234383583069,0.36363887786865234,0.7569846510887146,0.30926334857940674,0.8002937436103821,0.5659686326980591,0.7389456033706665,0.5105375647544861,0.7438106536865234,0.559765100479126,0.7656580805778503,0.5911571979522705,0.7568995952606201,0.6011918783187866,0.7074781656265259,0.5539078712463379,0.7163218855857849,0.5966401100158691,0.7369692325592041,0.6223753690719604,0.7209827899932861,0.6436012983322144,0.6872844099998474,0.6007930040359497,0.6990888714790344,0.6338402628898621,0.7170363068580627,0.6602824330329895,ㅗ
0.7768635153770447,0.8253301978111267,0.793350338935852,0.7079299688339233,0.7688904404640198,0.6237160563468933,0.7291831970214844,0.5998693108558655,0.690648078918457,0.6083498597145081,0.7684833407402039,0.5632294416427612,0.745265781879425,0.45340442657470703,0.7326017618179321,0.39060255885124207,0.7234011292457581,0.34128105640411377,0.7243255972862244,0.5798766016960144,0.6889815926551819,0.5540761351585388,0.694757878780365,0.593085527420044,0.7111448049545288,0.6195645928382874,0.6854333877563477,0.6155154705047607,0.6630475521087646,0.6006757616996765,0.6731575727462769,0.631071925163269,0.6880762577056885,0.6547901034355164,0.652509868144989,0.6548057198524475,0.643545389175415,0.642831027507782,0.6559227108955383,0.6688758134841919,0.6684752702713013,0.6913422346115112,ㅗ
0.7581692337989807,0.9158016443252563,0.7777228951454163,0.7766678929328918,0.7478073239326477,0.6780300736427307,0.7047168016433716,0.6361085176467896,0.6623265147209167,0.6368937492370605,0.7381232976913452,0.595931351184845,0.7221696376800537,0.4581257104873657,0.7146971225738525,0.3783842623233795,0.708708643913269,0.31866884231567383,0.6818948984146118,0.6123525500297546,0.6604759693145752,0.5650004148483276,0.6704181432723999,0.6069630980491638,0.6860056519508362,0.6436932682991028,0.6384416222572327,0.6553542017936707,0.6346420049667358,0.6312328577041626,0.6493545174598694,0.6639296412467957,0.6628727912902832,0.696134626865387,0.6048131585121155,0.7048460245132446,0.6148515343666077,0.6909582614898682,0.6320430636405945,0.7167784571647644,0.64473956823349,0.7413164377212524,ㅗ
0.7330735325813293,0.8906503915786743,0.749358057975769,0.7620219588279724,0.7230908274650574,0.6717943549156189,0.6864151954650879,0.6357115507125854,0.6472114324569702,0.6381224393844604,0.7178099155426025,0.60209721326828,0.708323061466217,0.4781869053840637,0.7027552723884583,0.4052519202232361,0.6990302801132202,0.34695708751678467,0.6712509393692017,0.6176709532737732,0.6432848572731018,0.5782235860824585,0.650087833404541,0.6197693347930908,0.6666643619537354,0.6517965197563171,0.6324952840805054,0.6578978300094604,0.61846524477005,0.6428627967834473,0.6299351453781128,0.6731765866279602,0.644443154335022,0.7002803087234497,0.601249098777771,0.7040959000587463,0.5987960696220398,0.6952491998672485,0.6119692325592041,0.7200783491134644,0.6242115497589111,0.7421374917030334,ㅗ
0.7019333839416504,0.9228350520133972,0.7132301330566406,0.8164218068122864,0.6883455514907837,0.7381645441055298,0.6557849645614624,0.7079247832298279,0.622553288936615,0.7074131369590759,0.6752743124961853,0.6698392629623413,0.6637589335441589,0.5707097053527832,0.6583492755889893,0.5101602077484131,0.6530846357345581,0.464115709066391,0.6376560926437378,0.6796599626541138,0.6267498731613159,0.6752939224243164,0.6370527148246765,0.7065320014953613,0.6495869159698486,0.7274869680404663,0.6077219247817993,0.7140015363693237,0.6082977056503296,0.719685435295105,0.6224597692489624,0.7433177828788757,0.6338940262794495,0.7637118101119995,0.583204448223114,0.7530535459518433,0.5928336977958679,0.7587360143661499,0.6066976189613342,0.7804316878318787,0.615196168422699,0.7993838787078857,ㅗ
0.7446104288101196,0.8877184391021729,0.7520374059677124,0.7818690538406372,0.7214930057525635,0.7104148268699646,0.685789942741394,0.6851611733436584,0.6529917120933533,0.6900872588157654,0.7091151475906372,0.6488132476806641,0.6883730888366699,0.543195366859436,0.6768321990966797,0.4815155267715454,0.667788565158844,0.4340393841266632,0.6687363386154175,0.6654396057128906,0.6478779911994934,0.6375623345375061,0.6575101017951965,0.6692532300949097,0.673820972442627,0.6935502290725708,0.6382869482040405,0.7019680142402649,0.6319338083267212,0.6938844919204712,0.6445050239562988,0.71722412109375,0.6586644649505615,0.7385488748550415,0.6142094135284424,0.743234395980835,0.6172188520431519,0.7388182282447815,0.6317031979560852,0.7581411004066467,0.6441916227340698,0.7752858996391296,ㅗ
0.7664591073989868,0.8663982152938843,0.7789171934127808,0.7494168281555176,0.7454196810722351,0.6693446636199951,0.7061224579811096,0.6355429291725159,0.670845091342926,0.6355834007263184,0.7177595496177673,0.5965303778648376,0.689313530921936,0.48199331760406494,0.6743021607398987,0.41450145840644836,0.6629734635353088,0.3646015524864197,0.6713337898254395,0.6166768670082092,0.6612733602523804,0.5913761258125305,0.6760730743408203,0.6239607930183411,0.693082332611084,0.6519078612327576,0.6420278549194336,0.6606009602546692,0.648654580116272,0.6615568995475769,0.6662696003913879,0.6832065582275391,0.6814213991165161,0.7056741714477539,0.6194664835929871,0.709750771522522,0.633293628692627,0.7093877792358398,0.6510094404220581,0.7293300032615662,0.6626877188682556,0.7484314441680908,ㅗ
0.7199079394340515,0.7939191460609436,0.7123837471008301,0.6804485321044922,0.6638968586921692,0.6057960391044617,0.6156585812568665,0.595435619354248,0.5772826075553894,0.6181957125663757,0.6365693807601929,0.5474733114242554,0.6013879179954529,0.4449867010116577,0.5754052400588989,0.38059332966804504,0.5539434552192688,0.33202916383743286,0.5981684923171997,0.569902241230011,0.581165075302124,0.5875563025474548,0.5962104797363281,0.6166596412658691,0.6157261729240417,0.6278789639472961,0.5723502039909363,0.618914783000946,0.5701311826705933,0.6419695019721985,0.5902661681175232,0.659592866897583,0.6100406646728516,0.6678597927093506,0.5535869002342224,0.67181396484375,0.5622214078903198,0.6801126599311829,0.5840190052986145,0.6976345181465149,0.6009065508842468,0.7109769582748413,ㅗ
0.6447112560272217,0.7962961196899414,0.6370062828063965,0.670954167842865,0.5867016315460205,0.589777946472168,0.5372390151023865,0.577155590057373,0.49673745036125183,0.5981345176696777,0.553653359413147,0.5162650346755981,0.5099061727523804,0.4000493288040161,0.4832807779312134,0.3262273967266083,0.4647991359233856,0.2703664004802704,0.5121692419052124,0.5508967638015747,0.46871936321258545,0.5433079600334167,0.48376598954200745,0.5798185467720032,0.5090324282646179,0.5981436967849731,0.4824948012828827,0.6070001721382141,0.4569302499294281,0.6091949939727783,0.4763508141040802,0.6365939378738403,0.5001971125602722,0.6523423194885254,0.4617157578468323,0.6668431162834167,0.45097678899765015,0.6673715114593506,0.4723323583602905,0.6895199418067932,0.49201667308807373,0.7057775855064392,ㅗ
0.5595059394836426,0.7809346914291382,0.5431197285652161,0.6429040431976318,0.48790013790130615,0.5613522529602051,0.4393653869628906,0.5481429100036621,0.39812803268432617,0.5692542195320129,0.4669261574745178,0.48846423625946045,0.42640987038612366,0.3578009605407715,0.4038918614387512,0.277506023645401,0.38923710584640503,0.21549734473228455,0.42146381735801697,0.5276206135749817,0.3778250813484192,0.5152077078819275,0.39344823360443115,0.5543165802955627,0.42010146379470825,0.5745119452476501,0.3921293020248413,0.5891973972320557,0.36525022983551025,0.5852156281471252,0.3867030143737793,0.6112473607063293,0.412343829870224,0.6301949620246887,0.37377026677131653,0.6540164351463318,0.3633827567100525,0.645656943321228,0.3856789767742157,0.6648411154747009,0.40806296467781067,0.6813297271728516,ㅗ
0.47801893949508667,0.8586412668228149,0.5013275146484375,0.7099888920783997,0.46817535161972046,0.6030555963516235,0.4213111400604248,0.5611719489097595,0.37151116132736206,0.5640744566917419,0.4196459650993347,0.5064744353294373,0.40275242924690247,0.3577994406223297,0.3882600665092468,0.2702924311161041,0.37420350313186646,0.20605286955833435,0.358639121055603,0.5285238027572632,0.3690258860588074,0.5242928266525269,0.3882756531238556,0.5676165819168091,0.4038946032524109,0.5964927077293396,0.3188316524028778,0.586124837398529,0.34102678298950195,0.5968610644340515,0.3659798502922058,0.627204179763794,0.3825809359550476,0.6567327976226807,0.2901720404624939,0.6485838294029236,0.31283214688301086,0.6537644863128662,0.3378044366836548,0.6770750880241394,0.352566123008728,0.7029271125793457,ㅗ
0.5120667219161987,0.8427553176879883,0.5514775514602661,0.7209701538085938,0.5339964628219604,0.6166170835494995,0.4972030520439148,0.5660240054130554,0.4542298913002014,0.5556079745292664,0.5010295510292053,0.5155400037765503,0.4967783987522125,0.3816698491573334,0.4943714737892151,0.29957956075668335,0.4905904531478882,0.24051809310913086,0.44295087456703186,0.526300311088562,0.4382898211479187,0.5162376165390015,0.4487004280090332,0.5589010119438171,0.46093693375587463,0.591404139995575,0.3998355269432068,0.5707502365112305,0.406442254781723,0.5784552693367004,0.42387911677360535,0.6103590130805969,0.4372134208679199,0.6397256255149841,0.36540931463241577,0.621887743473053,0.37629640102386475,0.6237853765487671,0.3946089744567871,0.6513090133666992,0.4074484705924988,0.6762310862541199,ㅗ
0.6681989431381226,0.8489360213279724,0.6966050863265991,0.7212504148483276,0.6697978377342224,0.6235587000846863,0.630396842956543,0.5812627077102661,0.5914533734321594,0.580219566822052,0.6479358077049255,0.546174943447113,0.6403306722640991,0.42771267890930176,0.6340363025665283,0.3541852533817291,0.6298112869262695,0.2992731034755707,0.5952643156051636,0.5612126588821411,0.580115556716919,0.5467373132705688,0.5917097926139832,0.5833040475845337,0.6081334948539734,0.6123508214950562,0.5560106635093689,0.6050959229469299,0.5532935261726379,0.601837158203125,0.5703049898147583,0.6280344724655151,0.5873126983642578,0.6545411348342896,0.526042640209198,0.655622661113739,0.5290369987487793,0.6498974561691284,0.5477507710456848,0.6721640825271606,0.5618045926094055,0.6955567598342896,ㅗ
0.8077661991119385,0.7946472764015198,0.8183532357215881,0.6781616806983948,0.7883144617080688,0.5951985716819763,0.7483689785003662,0.5654770731925964,0.711147129535675,0.5666972398757935,0.7743805646896362,0.5228353142738342,0.7652019262313843,0.4202059507369995,0.7587889432907104,0.351021409034729,0.754869282245636,0.2996198236942291,0.7294071912765503,0.5357000827789307,0.7072792649269104,0.5383224487304688,0.7131155729293823,0.5719372630119324,0.7277132272720337,0.5918604135513306,0.6937721967697144,0.574213445186615,0.6847110986709595,0.5844539403915405,0.6977317929267883,0.6103699803352356,0.7139986157417297,0.6295337080955505,0.6659551858901978,0.6176080107688904,0.6656835079193115,0.6183247566223145,0.6805493831634521,0.6431511044502258,0.694554328918457,0.6650964617729187,ㅗ
0.4176851809024811,0.8042904138565063,0.3732041120529175,0.7235866785049438,0.378011554479599,0.6436694860458374,0.40754425525665283,0.6116575002670288,0.4388527572154999,0.6117916703224182,0.4293372929096222,0.5506933331489563,0.4530579447746277,0.4516192674636841,0.47177016735076904,0.38899803161621094,0.4890010952949524,0.3443760871887207,0.4798066020011902,0.570149302482605,0.4639647305011749,0.5527235865592957,0.44178467988967896,0.5758370161056519,0.43391111493110657,0.6026685237884521,0.5089133381843567,0.6129993200302124,0.4793192744255066,0.6017481088638306,0.46127966046333313,0.6181878447532654,0.45419666171073914,0.6439560055732727,0.5209314823150635,0.6542494893074036,0.4961637258529663,0.6446678638458252,0.479859858751297,0.65903639793396,0.47155603766441345,0.6813328266143799,ㅗ
0.39219167828559875,0.793365478515625,0.33814483880996704,0.7173630595207214,0.3346707820892334,0.6356976628303528,0.3614111542701721,0.5990497469902039,0.3931789994239807,0.594607412815094,0.38140225410461426,0.5325337648391724,0.4035033583641052,0.42935147881507874,0.4179617762565613,0.36373764276504517,0.4312083423137665,0.3172793686389923,0.434165358543396,0.5427249670028687,0.4202995002269745,0.5398285984992981,0.4025622606277466,0.5688179135322571,0.3992840051651001,0.5934956669807434,0.46888354420661926,0.5806363224983215,0.4400827884674072,0.5822190046310425,0.4238269627094269,0.6027262806892395,0.41815632581710815,0.6273518204689026,0.48748818039894104,0.6180384159088135,0.46093684434890747,0.6206753253936768,0.44561144709587097,0.6385481953620911,0.4380910396575928,0.6612567901611328,ㅗ
0.43252232670783997,0.7795873880386353,0.35656672716140747,0.7208737134933472,0.3320387303829193,0.634299635887146,0.36119553446769714,0.5836746692657471,0.3964107036590576,0.5698476433753967,0.39086833596229553,0.5110541582107544,0.40657711029052734,0.401635080575943,0.4183272421360016,0.3390381932258606,0.4288886785507202,0.2924814522266388,0.44906583428382874,0.5167147517204285,0.4227197766304016,0.4964669942855835,0.40084025263786316,0.5278787612915039,0.39872321486473083,0.5582938194274902,0.48531144857406616,0.5543987154960632,0.44696906208992004,0.5471367835998535,0.42765238881111145,0.5718287825584412,0.4258604943752289,0.6019117832183838,0.505073070526123,0.5909456610679626,0.4715942442417145,0.5844789147377014,0.454607218503952,0.6057866811752319,0.4512248635292053,0.6331095695495605,ㅗ
0.3481806516647339,0.7939844131469727,0.276034951210022,0.7274053692817688,0.25835704803466797,0.6361304521560669,0.2835019528865814,0.5839757323265076,0.31818872690200806,0.5694459676742554,0.305267870426178,0.5157983303070068,0.32358136773109436,0.40042388439178467,0.33806344866752625,0.33139804005622864,0.3505250811576843,0.2798622250556946,0.3651479184627533,0.5218861103057861,0.34640029072761536,0.5004580616950989,0.32581672072410583,0.5332514047622681,0.3212352991104126,0.5640883445739746,0.40579119324684143,0.5594633221626282,0.372135728597641,0.5529127717018127,0.3551471531391144,0.5788858532905579,0.3522588610649109,0.6108015179634094,0.42801952362060547,0.5986590385437012,0.3981148600578308,0.5917477607727051,0.38302287459373474,0.6151799559593201,0.37856873869895935,0.6449180841445923,ㅗ
0.2355099469423294,0.8722904324531555,0.1852673590183258,0.7804057598114014,0.18484070897102356,0.6868385672569275,0.21015037596225739,0.6437747478485107,0.2415783405303955,0.635136067867279,0.2077162265777588,0.6008834838867188,0.22826488316059113,0.5038091540336609,0.24191699922084808,0.44545698165893555,0.2525939643383026,0.4011591672897339,0.2574189603328705,0.6073883771896362,0.24929901957511902,0.5963776707649231,0.23506952822208405,0.6274563670158386,0.2300623655319214,0.6535423994064331,0.2977304756641388,0.6358522176742554,0.2789364457130432,0.6274304389953613,0.26526832580566406,0.6540921330451965,0.25915297865867615,0.6813754439353943,0.3269548714160919,0.6656913161277771,0.3083047866821289,0.6566736698150635,0.2959570288658142,0.6783016324043274,0.28975582122802734,0.7047667503356934,ㅗ
0.3429702818393707,0.836380660533905,0.28598156571388245,0.762220561504364,0.28020650148391724,0.6785670518875122,0.3081356883049011,0.6382180452346802,0.34243080019950867,0.6305435299873352,0.32112786173820496,0.5839004516601562,0.33924874663352966,0.4925854206085205,0.35145947337150574,0.4330576956272125,0.36291125416755676,0.3879188299179077,0.37014591693878174,0.5861536264419556,0.36283355951309204,0.59516441822052,0.34990713000297546,0.6262856721878052,0.3463868796825409,0.6469133496284485,0.4060543179512024,0.6144906878471375,0.3878833055496216,0.6241403222084045,0.37432146072387695,0.6482844352722168,0.36861205101013184,0.6706716418266296,0.42785388231277466,0.6446701288223267,0.4130862057209015,0.6485179662704468,0.40239524841308594,0.6703949570655823,0.39812320470809937,0.6948045492172241,ㅗ
0.35460931062698364,0.7509381771087646,0.29517051577568054,0.6709854602813721,0.28879934549331665,0.5784941911697388,0.31753629446029663,0.5315406918525696,0.35064664483070374,0.5243905186653137,0.34176453948020935,0.4802953600883484,0.3617236018180847,0.37756210565567017,0.3760499060153961,0.3165002763271332,0.38912495970726013,0.27138128876686096,0.39638277888298035,0.4943227171897888,0.3782263696193695,0.47847554087638855,0.35904666781425476,0.5082256197929382,0.3559759557247162,0.534912645816803,0.431672602891922,0.5342099070549011,0.40044233202934265,0.5220680832862854,0.3827573359012604,0.5436815619468689,0.37776660919189453,0.5732492804527283,0.4507271647453308,0.5715909004211426,0.4257209002971649,0.5585838556289673,0.4103451371192932,0.5789089798927307,0.40420374274253845,0.6079793572425842,ㅗ
0.2718427777290344,0.6780874729156494,0.22937290370464325,0.5530316233634949,0.25193995237350464,0.43792444467544556,0.2944507598876953,0.3916737139225006,0.3376682996749878,0.39725902676582336,0.2835623025894165,0.3417069613933563,0.3107171952724457,0.21901805698871613,0.32619509100914,0.14384186267852783,0.3388456702232361,0.08658844232559204,0.34863463044166565,0.35743221640586853,0.3541088104248047,0.3622781038284302,0.3345440626144409,0.4052259027957916,0.32137107849121094,0.4323551654815674,0.39927685260772705,0.40865039825439453,0.38560760021209717,0.4161238968372345,0.3655185103416443,0.44849634170532227,0.3511722683906555,0.47331738471984863,0.4345562756061554,0.4586690366268158,0.41833436489105225,0.460559606552124,0.4004199206829071,0.48890432715415955,0.3853861093521118,0.5162546038627625,ㅗ
0.3411157429218292,0.829487144947052,0.30992555618286133,0.7598084807395935,0.3183734118938446,0.6947623491287231,0.3428966999053955,0.6653865575790405,0.36651259660720825,0.6645453572273254,0.3412420153617859,0.636701762676239,0.3507349193096161,0.5612828731536865,0.357727587223053,0.513201117515564,0.36378154158592224,0.47754961252212524,0.38021981716156006,0.6466606855392456,0.3734847903251648,0.6510282754898071,0.3634430766105652,0.6754204630851746,0.3588804006576538,0.6924388408660889,0.4073649048805237,0.6754544377326965,0.38994061946868896,0.6817484498023987,0.3788871467113495,0.6998557448387146,0.3732474148273468,0.7157794833183289,0.42353788018226624,0.703812837600708,0.40825048089027405,0.7079063057899475,0.3988429009914398,0.7234232425689697,0.3930361568927765,0.7392510175704956,ㅗ
0.3501543700695038,0.8636797070503235,0.3124675750732422,0.7885614633560181,0.3176262378692627,0.7067424058914185,0.34537020325660706,0.6703349947929382,0.3733274042606354,0.6669268012046814,0.3512965142726898,0.6314442753791809,0.3577113151550293,0.5481711030006409,0.3664416968822479,0.49548107385635376,0.37670278549194336,0.4569399952888489,0.3942733108997345,0.6392688155174255,0.38307568430900574,0.6419941186904907,0.36709296703338623,0.6666581034660339,0.3600521683692932,0.6851675510406494,0.42448246479034424,0.6693300008773804,0.4057469069957733,0.6695492267608643,0.3909558653831482,0.6897784471511841,0.38539987802505493,0.706622838973999,0.44175782799720764,0.700545608997345,0.4307839274406433,0.6881129145622253,0.4196711778640747,0.7039907574653625,0.414126992225647,0.7230356931686401,ㅗ
0.3580528795719147,0.81778883934021,0.3370872735977173,0.7623480558395386,0.34429481625556946,0.6994830369949341,0.3675595819950104,0.6613926291465759,0.3915637135505676,0.6471477150917053,0.3636520802974701,0.6237462759017944,0.36228764057159424,0.5419825911521912,0.36704617738723755,0.4915013313293457,0.3748047947883606,0.4557446837425232,0.40258580446243286,0.6369858384132385,0.39147281646728516,0.6491151452064514,0.38033968210220337,0.6801685094833374,0.3752182126045227,0.7021315097808838,0.4267379343509674,0.668923020362854,0.41338858008384705,0.6715125441551208,0.39959225058555603,0.698065996170044,0.3948250114917755,0.7131204605102539,0.44064241647720337,0.700261116027832,0.4431384205818176,0.6826645135879517,0.4390326738357544,0.6843465566635132,0.4377560019493103,0.6863904595375061,ㅗ
0.3291487991809845,0.9043235182762146,0.368294358253479,0.8561984896659851,0.3845500349998474,0.7887530326843262,0.3782881796360016,0.7375755310058594,0.36487680673599243,0.7082287669181824,0.41210195422172546,0.7261967658996582,0.39514076709747314,0.7123628258705139,0.37649407982826233,0.7378295063972473,0.36650601029396057,0.761562705039978,0.3975831866264343,0.6990002989768982,0.3841380476951599,0.7009080648422241,0.3654530346393585,0.7276635766029358,0.3540993332862854,0.7482326626777649,0.3708436191082001,0.6803869009017944,0.35885149240493774,0.6648887991905212,0.3473068177700043,0.696052074432373,0.34023576974868774,0.7175804972648621,0.3348701596260071,0.6612163186073303,0.34083279967308044,0.5828832983970642,0.35094332695007324,0.5320923328399658,0.36069929599761963,0.486905038356781,ㅗ
0.2505607604980469,0.774594247341156,0.21726685762405396,0.6978132128715515,0.22701361775398254,0.627186119556427,0.25538620352745056,0.6008098721504211,0.2836790978908539,0.6033064723014832,0.2513270080089569,0.5574983358383179,0.274328351020813,0.481012225151062,0.28929048776626587,0.4344079792499542,0.30124959349632263,0.40215417742729187,0.2925313115119934,0.5680842399597168,0.2991332709789276,0.5791893005371094,0.2881312370300293,0.6064503788948059,0.28045859932899475,0.6237091422080994,0.3252377510070801,0.5999783277511597,0.3179844617843628,0.6096417307853699,0.30737030506134033,0.6315544843673706,0.2987123131752014,0.6481949090957642,0.34876251220703125,0.63236403465271,0.34028786420822144,0.6397171020507812,0.3303449749946594,0.6580339074134827,0.3211163282394409,0.6743689775466919,ㅗ
0.2707877457141876,0.6955749988555908,0.2330615222454071,0.6219440698623657,0.2409915030002594,0.5513544082641602,0.2695515751838684,0.5210606455802917,0.2992631793022156,0.5229578614234924,0.272207647562027,0.47460073232650757,0.30010688304901123,0.39155781269073486,0.3189988434314728,0.33968600630760193,0.3351028859615326,0.30302464962005615,0.3145645558834076,0.485689640045166,0.3179432153701782,0.49259427189826965,0.30444851517677307,0.5177911520004272,0.2977963984012604,0.5352873206138611,0.34553220868110657,0.521126925945282,0.3320121169090271,0.52839195728302,0.3205339312553406,0.5469557046890259,0.31283804774284363,0.5640748739242554,0.36570996046066284,0.5555697679519653,0.35232701897621155,0.5586670637130737,0.34265175461769104,0.574425220489502,0.33449676632881165,0.5910310745239258,ㅗ
0.2326888144016266,0.7179121971130371,0.19520793855190277,0.6286300420761108,0.20948639512062073,0.5411268472671509,0.24323779344558716,0.5000101923942566,0.2779369354248047,0.4980051517486572,0.24285805225372314,0.4499531388282776,0.28504207730293274,0.34471094608306885,0.31452038884162903,0.28502607345581055,0.3393792510032654,0.24152642488479614,0.28917887806892395,0.4670892357826233,0.30511152744293213,0.4679754972457886,0.2857126295566559,0.5008285045623779,0.27169889211654663,0.5210111737251282,0.3244031071662903,0.5100585222244263,0.31808942556381226,0.513222336769104,0.30227041244506836,0.5396286845207214,0.28977176547050476,0.5595800280570984,0.3480489253997803,0.5487273931503296,0.3365965485572815,0.5468974709510803,0.3234155774116516,0.5701158046722412,0.3122623562812805,0.5900338292121887,ㅗ
0.2769858241081238,0.7452746629714966,0.2534579634666443,0.6405146718025208,0.2778722643852234,0.5514439344406128,0.31276050209999084,0.5265791416168213,0.34544071555137634,0.5365055203437805,0.300956666469574,0.4812777638435364,0.32979488372802734,0.3875112235546112,0.3486749529838562,0.3270341157913208,0.3638961911201477,0.2816179394721985,0.34738829731941223,0.499545156955719,0.3566339313983917,0.5035030245780945,0.3428398668766022,0.5348159074783325,0.331647127866745,0.5538926720619202,0.38455888628959656,0.5421909093856812,0.3785717785358429,0.5439602732658386,0.3638802766799927,0.5702795386314392,0.3516545295715332,0.5877283811569214,0.4114471971988678,0.5847838521003723,0.40180039405822754,0.5849295854568481,0.38808026909828186,0.6068032383918762,0.37610650062561035,0.6259863376617432,ㅗ
0.24800541996955872,0.6619701385498047,0.2562333941459656,0.563791811466217,0.3016045391559601,0.5015823245048523,0.34777331352233887,0.48905301094055176,0.3765091001987457,0.5066730976104736,0.3387239873409271,0.42949265241622925,0.405533105134964,0.3482277989387512,0.44769197702407837,0.29907166957855225,0.4799944758415222,0.2623104155063629,0.3743981122970581,0.4599166512489319,0.4006396234035492,0.49347734451293945,0.37694165110588074,0.5229663848876953,0.35469770431518555,0.5310129523277283,0.3997218608856201,0.5151680707931519,0.4063529968261719,0.5405783653259277,0.3856436014175415,0.5625424981117249,0.3653859496116638,0.5684221982955933,0.417965292930603,0.5683887600898743,0.41979122161865234,0.5885918736457825,0.3987036347389221,0.6072990894317627,0.3781835436820984,0.6142191290855408,ㅗ
0.2402033656835556,0.7377845048904419,0.22031760215759277,0.6339309811592102,0.24872739613056183,0.5530219674110413,0.2884083688259125,0.5220314264297485,0.31992608308792114,0.5277191400527954,0.2779949903488159,0.4821469485759735,0.3116636574268341,0.38916847109794617,0.33211442828178406,0.3319781422615051,0.34804481267929077,0.2889104187488556,0.3236716687679291,0.4994295537471771,0.3393288850784302,0.5107199549674988,0.3248243033885956,0.5414206385612488,0.31206175684928894,0.5572523474693298,0.3594168424606323,0.5433669686317444,0.35580432415008545,0.5541038513183594,0.34068015217781067,0.5793141722679138,0.3265537917613983,0.5941636562347412,0.3855705261230469,0.587643027305603,0.3812626600265503,0.5976004004478455,0.3657912015914917,0.6198428869247437,0.3506758511066437,0.6355836987495422,ㅗ
0.3204326331615448,0.7523534297943115,0.2642059326171875,0.6911824941635132,0.2509995400905609,0.6123548746109009,0.27878910303115845,0.5612859129905701,0.31106680631637573,0.5522566437721252,0.30365586280822754,0.5254566669464111,0.3225443363189697,0.4305729866027832,0.3358278274536133,0.37387335300445557,0.3465762734413147,0.33256715536117554,0.35100653767585754,0.5250458717346191,0.3600822389125824,0.5447695851325989,0.3511785864830017,0.5756275653839111,0.3431778848171234,0.5958905220031738,0.38948169350624084,0.5569035410881042,0.38133499026298523,0.5784356594085693,0.3727746307849884,0.6010189652442932,0.36505329608917236,0.6195883750915527,0.41777217388153076,0.5907503962516785,0.41617223620414734,0.6022722721099854,0.4061405062675476,0.6228362321853638,0.39647847414016724,0.6414573788642883,ㅗ
0.30157896876335144,0.7700654864311218,0.2402852177619934,0.7151823043823242,0.2237819880247116,0.6348872780799866,0.2510882019996643,0.5752118229866028,0.28215646743774414,0.5617518424987793,0.27661940455436707,0.5389339923858643,0.29562443494796753,0.4369610846042633,0.30892491340637207,0.3743407130241394,0.3182997703552246,0.3294931948184967,0.3235072195529938,0.5324190258979797,0.3399462401866913,0.5533294081687927,0.3336220383644104,0.58415687084198,0.32497090101242065,0.6037775278091431,0.3644336462020874,0.5619858503341675,0.3601309359073639,0.5868609547615051,0.35320672392845154,0.609425961971283,0.344885915517807,0.628211259841919,0.3974597454071045,0.5937210321426392,0.3985500931739807,0.6082428693771362,0.3892490863800049,0.6295618414878845,0.37859082221984863,0.6479839086532593,ㅗ
0.2874193489551544,0.7872529029846191,0.2478029727935791,0.7041850090026855,0.25124406814575195,0.6246778964996338,0.28014814853668213,0.5852927565574646,0.3120507597923279,0.5820115804672241,0.2669748365879059,0.5483018755912781,0.2904735505580902,0.46044212579727173,0.3064113259315491,0.4132404327392578,0.31958165764808655,0.3778366446495056,0.3123425841331482,0.5474159717559814,0.3421767055988312,0.557625412940979,0.33490341901779175,0.59239262342453,0.3224863111972809,0.6109899878501892,0.35507506132125854,0.5755367279052734,0.3648620545864105,0.5884333848953247,0.3550455570220947,0.6189903616905212,0.34216153621673584,0.6377508640289307,0.3889194130897522,0.6072226166725159,0.396922767162323,0.6143945455551147,0.38793322443962097,0.640621542930603,0.3755945861339569,0.6611557006835938,ㅗ
0.2667558193206787,0.7902361154556274,0.226282000541687,0.7047261595726013,0.23318864405155182,0.6254755258560181,0.2656431198120117,0.5847101807594299,0.2949080467224121,0.5802717804908752,0.2625628709793091,0.5456644892692566,0.2853584587574005,0.4584227502346039,0.29731622338294983,0.40514713525772095,0.30569902062416077,0.36498868465423584,0.30774253606796265,0.5483759045600891,0.3305160403251648,0.5676007866859436,0.3235643804073334,0.6018460392951965,0.3135712742805481,0.6205093264579773,0.3482553958892822,0.580776035785675,0.3514041304588318,0.6025328636169434,0.34228435158729553,0.6292492747306824,0.3308049142360687,0.6459371447563171,0.3803481161594391,0.6171569228172302,0.38467440009117126,0.6344084143638611,0.37390249967575073,0.6581706404685974,0.3603841960430145,0.6757479310035706,ㅗ
0.3275121748447418,0.8167456388473511,0.2615208625793457,0.7344422936439514,0.24943512678146362,0.6239893436431885,0.2942621111869812,0.5698758363723755,0.342411071062088,0.5750777721405029,0.30569136142730713,0.5280801057815552,0.32970130443573,0.40354007482528687,0.34815090894699097,0.32484719157218933,0.3626974821090698,0.26778435707092285,0.3690745532512665,0.5388712286949158,0.36876818537712097,0.5385772585868835,0.35486388206481934,0.5774745941162109,0.34900081157684326,0.6042214632034302,0.41437435150146484,0.5807121396064758,0.39825278520584106,0.586505115032196,0.38477662205696106,0.6107881665229797,0.3765224814414978,0.6366268396377563,0.44518041610717773,0.623051643371582,0.43103957176208496,0.6243385076522827,0.4187643527984619,0.6508974432945251,0.4114360213279724,0.675221860408783,ㅗ
0.298208624124527,0.7938909530639648,0.2755593955516815,0.7152822017669678,0.28443896770477295,0.6401983499526978,0.3175475597381592,0.6032784581184387,0.35009655356407166,0.6058350205421448,0.32423168420791626,0.5717484354972839,0.36726370453834534,0.48551836609840393,0.39537766575813293,0.43580514192581177,0.41788458824157715,0.39939460158348083,0.36065971851348877,0.5895647406578064,0.3953290581703186,0.5865744352340698,0.3803591728210449,0.617665708065033,0.363711416721344,0.6379677653312683,0.3906093239784241,0.6265418529510498,0.40743887424468994,0.6278270483016968,0.3934423327445984,0.6506186127662659,0.377880334854126,0.6687827706336975,0.4137016832828522,0.6626280546188354,0.4228224754333496,0.6624327898025513,0.4088442623615265,0.6845696568489075,0.3952975869178772,0.7020779252052307,ㅗ
0.3453437089920044,0.8251293897628784,0.3072197735309601,0.7614755630493164,0.30900293588638306,0.6977134346961975,0.3335708975791931,0.6686073541641235,0.356872022151947,0.668662965297699,0.3441896438598633,0.6292057037353516,0.3578639626502991,0.550965428352356,0.3675837218761444,0.5004333257675171,0.37551358342170715,0.4628094732761383,0.38377612829208374,0.6370944976806641,0.38814592361450195,0.6490393280982971,0.3795129954814911,0.6725890040397644,0.37209001183509827,0.6866350769996643,0.41372251510620117,0.6681410670280457,0.4032195210456848,0.6842265129089355,0.3942891061306,0.7021406292915344,0.3864641487598419,0.7159605622291565,0.433717280626297,0.6992101669311523,0.427208811044693,0.7128182053565979,0.4173445999622345,0.7303462624549866,0.4082583487033844,0.7453891038894653,ㅗ
