0.6786935329437256,0.7886300086975098,0.7183167934417725,0.6855003833770752,0.7185903191566467,0.5993740558624268,0.6858746409416199,0.5521013736724854,0.651401698589325,0.533739447593689,0.7174925804138184,0.530016303062439,0.7105565071105957,0.43071478605270386,0.7064521908760071,0.3663037121295929,0.7033795118331909,0.3147338330745697,0.6761137247085571,0.5203661918640137,0.6499853730201721,0.5148367285728455,0.6487986445426941,0.5675610303878784,0.6590061187744141,0.5904773473739624,0.6339966058731079,0.5390141010284424,0.6122574806213379,0.5304986238479614,0.6155538558959961,0.5754373073577881,0.626617968082428,0.6029320359230042,0.5931873917579651,0.5660849213600159,0.5857585072517395,0.472051203250885,0.5835002660751343,0.42640170454978943,0.5899345874786377,0.3936144709587097,ㅚ
0.6780328750610352,0.7918432950973511,0.71942538022995,0.6893733143806458,0.7186610698699951,0.602388858795166,0.6867585778236389,0.5558015704154968,0.6497716903686523,0.539071798324585,0.7202560305595398,0.5307298302650452,0.7164627909660339,0.43093714118003845,0.7167959809303284,0.3671048879623413,0.7163299322128296,0.3142457902431488,0.6787771582603455,0.5222075581550598,0.6575257182121277,0.5184532403945923,0.6552338004112244,0.5708834528923035,0.6639490723609924,0.5932379961013794,0.6358688473701477,0.5421444773674011,0.6180275082588196,0.5330309867858887,0.6220189332962036,0.5776947736740112,0.6323757767677307,0.6060045957565308,0.5958865880966187,0.5674195885658264,0.5896521210670471,0.47100159525871277,0.5887589454650879,0.42362844944000244,0.5944756269454956,0.3869226574897766,ㅚ
0.7075886726379395,0.8083657026290894,0.751302182674408,0.7064691781997681,0.7522324323654175,0.6170020699501038,0.7191464900970459,0.5650431513786316,0.6811508536338806,0.5462087392807007,0.7517493963241577,0.5404943227767944,0.7472923994064331,0.43749138712882996,0.7465453743934631,0.37043464183807373,0.7451613545417786,0.31598401069641113,0.7085575461387634,0.5301619172096252,0.6853440403938293,0.5282317996025085,0.683326780796051,0.5821616053581238,0.6929011940956116,0.6047964692115784,0.6642640829086304,0.548987865447998,0.6447327733039856,0.5420777201652527,0.6476233005523682,0.5903085470199585,0.6582956910133362,0.6197749376296997,0.6226722598075867,0.5742039084434509,0.6165679097175598,0.4764273762702942,0.6144776344299316,0.42767763137817383,0.6201880574226379,0.3904865086078644,ㅚ
0.710119366645813,0.8156722784042358,0.758342444896698,0.7091630697250366,0.758846640586853,0.6128045320510864,0.7239116430282593,0.5582066178321838,0.6816277503967285,0.5390735268592834,0.7643603682518005,0.5343822836875916,0.7461128234863281,0.4098866879940033,0.7359625697135925,0.33462047576904297,0.7260744571685791,0.2747070789337158,0.716516375541687,0.5305403470993042,0.6870836615562439,0.49560192227363586,0.6831437945365906,0.551965594291687,0.6946114301681519,0.5808497071266174,0.6678385138511658,0.5514160990715027,0.6489899158477783,0.5196740031242371,0.6506588459014893,0.5687353610992432,0.6634817123413086,0.6005229949951172,0.624136209487915,0.5756000876426697,0.6229986548423767,0.4607161283493042,0.6232590079307556,0.4086211025714874,0.6320367455482483,0.3674708604812622,ㅚ
0.717388927936554,0.8109478950500488,0.7698111534118652,0.6928293704986572,0.7698095440864563,0.5882508754730225,0.7293555736541748,0.5322160720825195,0.6817290186882019,0.5141006708145142,0.7789862751960754,0.5131033062934875,0.7534332275390625,0.3775608539581299,0.7382428646087646,0.2966201901435852,0.7244787216186523,0.23243755102157593,0.7245505452156067,0.5096415281295776,0.6979965567588806,0.45585551857948303,0.6941400766372681,0.5142808556556702,0.7048549652099609,0.5470380783081055,0.670911431312561,0.5318976044654846,0.6567022800445557,0.48295336961746216,0.658477783203125,0.5335559248924255,0.670495867729187,0.5677681565284729,0.6232060790061951,0.5581536889076233,0.6214996576309204,0.4283057153224945,0.6230568885803223,0.37070339918136597,0.6328622102737427,0.3248007893562317,ㅚ
0.7209463715553284,0.8310160636901855,0.7753965854644775,0.7128777503967285,0.7753615379333496,0.6010066866874695,0.7299712300300598,0.5446805357933044,0.6784021258354187,0.530449628829956,0.7874509692192078,0.5311790704727173,0.7562212944030762,0.390919029712677,0.7360488772392273,0.3122018277645111,0.7186785340309143,0.2502376139163971,0.7281598448753357,0.5285259485244751,0.7021698951721191,0.45911192893981934,0.6988009214401245,0.5155846476554871,0.7094284296035767,0.5522409081459045,0.6721439361572266,0.548592209815979,0.6591096520423889,0.48887282609939575,0.6604827642440796,0.5406607389450073,0.6715738773345947,0.5761075019836426,0.6233345866203308,0.5708000659942627,0.6251102685928345,0.44385379552841187,0.628499448299408,0.38532400131225586,0.6368245482444763,0.3361976742744446,ㅚ
0.7043967247009277,0.8561871647834778,0.7547885179519653,0.7449805736541748,0.7552605867385864,0.6477925181388855,0.7223774194717407,0.591092586517334,0.682536244392395,0.5700201988220215,0.7629913091659546,0.5722107887268066,0.7540755271911621,0.43790319561958313,0.7510925531387329,0.35489732027053833,0.746759831905365,0.2893562614917755,0.7134189009666443,0.5671859383583069,0.6929818987846375,0.5131904482841492,0.6899265646934509,0.5678752064704895,0.6976792812347412,0.6002792119979858,0.664034903049469,0.5856970548629761,0.6543773412704468,0.5389705896377563,0.657762885093689,0.5854969024658203,0.6663252115249634,0.6198749542236328,0.6193293929100037,0.6096869707107544,0.6077811121940613,0.49020665884017944,0.6029573678970337,0.4357483983039856,0.6059477925300598,0.39339178800582886,ㅚ
0.6976311802864075,0.840636134147644,0.7443486452102661,0.7289422154426575,0.745544970035553,0.6379906535148621,0.7086092829704285,0.5870361328125,0.6686363816261292,0.5698798894882202,0.7533020973205566,0.5683633089065552,0.7474750280380249,0.44194817543029785,0.7458726167678833,0.36122456192970276,0.7434557676315308,0.29879677295684814,0.7044899463653564,0.5606372952461243,0.6831775307655334,0.5155649185180664,0.6831241250038147,0.5707144737243652,0.6924101114273071,0.597030758857727,0.6565994024276733,0.5792307257652283,0.6403324007987976,0.5370460152626038,0.645089864730835,0.581001877784729,0.6557121276855469,0.6117907166481018,0.6109721064567566,0.6054306030273438,0.5956317186355591,0.4901314973831177,0.5843538045883179,0.4372643828392029,0.5816234350204468,0.3965030610561371,ㅚ
0.7110264301300049,0.8244901895523071,0.7433270812034607,0.7099664211273193,0.7359324097633362,0.6237337589263916,0.701018750667572,0.5770655274391174,0.6618437170982361,0.5664702653884888,0.7374077439308167,0.5618636608123779,0.7176803350448608,0.44320547580718994,0.7098291516304016,0.3695024847984314,0.7020948529243469,0.3105531632900238,0.6917190551757812,0.5643652677536011,0.6692272424697876,0.5016692876815796,0.673236072063446,0.5490518808364868,0.6829602718353271,0.5749735832214355,0.6483749151229858,0.5896927118301392,0.6348586082458496,0.5386696457862854,0.6410887241363525,0.5734853744506836,0.6509230136871338,0.6003265976905823,0.6079188585281372,0.6228859424591064,0.5839655995368958,0.5079284310340881,0.5719696283340454,0.4600147604942322,0.5705465078353882,0.4265681207180023,ㅚ
0.735467791557312,0.7648420333862305,0.750115692615509,0.6520837545394897,0.7277309894561768,0.5733011364936829,0.6868515014648438,0.5408848524093628,0.648811936378479,0.5436165928840637,0.7204238176345825,0.5135858058929443,0.6804006695747375,0.4043462872505188,0.6584383249282837,0.33660462498664856,0.6395126581192017,0.28416648507118225,0.6754124164581299,0.5289124250411987,0.6407951712608337,0.4755212068557739,0.6523975133895874,0.520102858543396,0.6664659380912781,0.542847752571106,0.6374329924583435,0.5646510720252991,0.6105476021766663,0.5196552872657776,0.623284101486206,0.5518551468849182,0.6377324461936951,0.5742882490158081,0.6046596765518188,0.6056110262870789,0.5657328963279724,0.5078400373458862,0.5437926054000854,0.46833035349845886,0.5287398099899292,0.4356921911239624,ㅚ
0.7520692944526672,0.7551615238189697,0.7642570734024048,0.638137698173523,0.7408751249313354,0.5581287145614624,0.6972288489341736,0.5301477909088135,0.6589534878730774,0.5365803837776184,0.7348721027374268,0.5002520084381104,0.6921674609184265,0.3907564878463745,0.668274462223053,0.3237260580062866,0.6486368179321289,0.270821213722229,0.6908074617385864,0.5196712017059326,0.6535294055938721,0.4623592793941498,0.6644800305366516,0.5062409043312073,0.6793286204338074,0.5304931402206421,0.6524487733840942,0.5561915636062622,0.6251993179321289,0.5034648180007935,0.6372808218002319,0.535646915435791,0.6529998779296875,0.5603339672088623,0.6186420917510986,0.5946980118751526,0.5779354572296143,0.4964437186717987,0.5567455291748047,0.45291444659233093,0.5445294380187988,0.4180390238761902,ㅚ
0.7431461215019226,0.7796526551246643,0.7746759653091431,0.654356837272644,0.7559536695480347,0.5582282543182373,0.716965913772583,0.5106106400489807,0.6766884922981262,0.5014816522598267,0.754165530204773,0.4917584955692291,0.7188360691070557,0.3645630478858948,0.6984360814094543,0.2877097427845001,0.6792071461677551,0.22728121280670166,0.7013289928436279,0.5009872913360596,0.6781206727027893,0.4340711534023285,0.6881076693534851,0.486767053604126,0.6988388895988464,0.5140706300735474,0.655464768409729,0.5348852276802063,0.6425885558128357,0.4794512987136841,0.6546032428741455,0.5186867713928223,0.6657651662826538,0.5464397668838501,0.6150787472724915,0.5744175910949707,0.5817058682441711,0.4515732228755951,0.5667544007301331,0.40034615993499756,0.5628038048744202,0.36013901233673096,ㅚ
0.7283735871315002,0.804130494594574,0.7733234763145447,0.6829482316970825,0.7668803334236145,0.5808438658714294,0.7250058650970459,0.5315080881118774,0.678346574306488,0.5198168754577637,0.7656102180480957,0.5017706155776978,0.7509027719497681,0.3773409128189087,0.7425551414489746,0.2988516688346863,0.7335105538368225,0.23634248971939087,0.7120267748832703,0.4984457790851593,0.7002114057540894,0.46399202942848206,0.7027393579483032,0.5225215554237366,0.7114126682281494,0.5508368611335754,0.6634974479675293,0.5254887938499451,0.6557812094688416,0.4939623475074768,0.6642061471939087,0.5427860021591187,0.6744862794876099,0.5743715763092041,0.6213404536247253,0.5577705502510071,0.5998298525810242,0.4404126703739166,0.5899834632873535,0.3860089182853699,0.5881441831588745,0.3424663543701172,ㅚ
0.7161878943443298,0.8403798341751099,0.7769712209701538,0.7399631142616272,0.7850406765937805,0.6402691006660461,0.7508618235588074,0.5801835656166077,0.7069090604782104,0.5593950152397156,0.7851201295852661,0.5521131157875061,0.78836590051651,0.43526291847229004,0.7921103835105896,0.3597707450389862,0.7938467264175415,0.2989247441291809,0.736718475818634,0.5357468724250793,0.7197377681732178,0.5244433283805847,0.7119736075401306,0.583594799041748,0.7187312841415405,0.6146080493927002,0.6877367496490479,0.5499281287193298,0.6759469509124756,0.5350497364997864,0.6758603453636169,0.5869002342224121,0.6839936971664429,0.6223914623260498,0.642801821231842,0.5713338851928711,0.6421892642974854,0.46577754616737366,0.6387125849723816,0.41177380084991455,0.6409018039703369,0.3691968023777008,ㅚ
0.7002048492431641,0.8713147640228271,0.7594879269599915,0.7772039175033569,0.7756863832473755,0.6909506916999817,0.7517164945602417,0.6265645623207092,0.7211441397666931,0.5928391218185425,0.7768293619155884,0.605061948299408,0.7881743311882019,0.4894171953201294,0.7966622114181519,0.4130955934524536,0.8021422028541565,0.35284411907196045,0.7334602475166321,0.5858176946640015,0.714078426361084,0.5615860819816589,0.7061048150062561,0.6178134679794312,0.7113566994667053,0.6476450562477112,0.6875050663948059,0.595099687576294,0.6730067729949951,0.5729893445968628,0.6710500121116638,0.6217000484466553,0.6778831481933594,0.655614972114563,0.6422691345214844,0.6129419803619385,0.6453163027763367,0.506668746471405,0.6442141532897949,0.4551926851272583,0.6504549384117126,0.4185844659805298,ㅚ
0.7027533054351807,0.8754858374595642,0.7500453591346741,0.7741966843605042,0.7556601762771606,0.6855269074440002,0.7249830365180969,0.6268060803413391,0.6902908086776733,0.5998556017875671,0.7546949982643127,0.5972268581390381,0.7491926550865173,0.4807184040546417,0.7488465905189514,0.4033995568752289,0.74701327085495,0.3424640893936157,0.7107332348823547,0.5882260799407959,0.6822711825370789,0.5651548504829407,0.6782643795013428,0.6211680769920349,0.6861423254013062,0.6502679586410522,0.6655219793319702,0.6068990230560303,0.6446823477745056,0.5814067125320435,0.6468474268913269,0.627435028553009,0.6568790674209595,0.6596352458000183,0.6216849684715271,0.6327464580535889,0.6119132041931152,0.5262391567230225,0.6067825555801392,0.476203978061676,0.6101619005203247,0.4376731216907501,ㅚ
0.7245361804962158,0.867650032043457,0.7698073387145996,0.7479855418205261,0.765011191368103,0.6476513147354126,0.7263456583023071,0.5941787362098694,0.6850600838661194,0.5750845670700073,0.7674199938774109,0.5755327343940735,0.7491502165794373,0.4352705180644989,0.73975670337677,0.34868094325065613,0.7311816811561584,0.28143027424812317,0.7142836451530457,0.5753546953201294,0.6981312036514282,0.5039729475975037,0.699396014213562,0.5596112012863159,0.7075722217559814,0.591079592704773,0.666111946105957,0.6007601618766785,0.6590214371681213,0.5394951701164246,0.6647571921348572,0.5825516581535339,0.6739030480384827,0.613964319229126,0.6225513815879822,0.6322891116142273,0.6064732670783997,0.506321370601654,0.5975559949874878,0.45254337787628174,0.5980067253112793,0.41034263372421265,ㅚ
0.7139934301376343,0.8571951389312744,0.7577298283576965,0.7342672348022461,0.7459533214569092,0.6316627264022827,0.6991369724273682,0.5806286334991455,0.65083909034729,0.567919135093689,0.7452369928359985,0.5530316829681396,0.7167454361915588,0.41319385170936584,0.7009131908416748,0.3289499878883362,0.6846174597740173,0.2620742619037628,0.6907321214675903,0.5573132038116455,0.6633747816085815,0.4888533651828766,0.6673170924186707,0.5420228242874146,0.6781895160675049,0.5761642456054688,0.6409686803817749,0.5859695672988892,0.6251575946807861,0.5217390656471252,0.6336390972137451,0.5649691224098206,0.6449460983276367,0.5972739458084106,0.597363293170929,0.6157382726669312,0.5754745006561279,0.498100608587265,0.5655984282493591,0.44345253705978394,0.5611933469772339,0.3964720368385315,ㅚ
0.6839368939399719,0.8353822231292725,0.7182720303535461,0.7053297758102417,0.6985171437263489,0.6051484942436218,0.6522274613380432,0.5552258491516113,0.6065866351127625,0.5451524257659912,0.6828165650367737,0.5322205424308777,0.6431585550308228,0.3923588693141937,0.621873676776886,0.3050626218318939,0.601356565952301,0.23959070444107056,0.6258529424667358,0.5420985817909241,0.6106365919113159,0.4676238000392914,0.6251094937324524,0.5186759829521179,0.6348575949668884,0.5530991554260254,0.5821186304092407,0.5802473425865173,0.5739449262619019,0.5117177963256836,0.5912011861801147,0.5530472993850708,0.602081298828125,0.5840626358985901,0.5481593608856201,0.6233178377151489,0.505801796913147,0.5014106035232544,0.49258753657341003,0.4481671452522278,0.48613113164901733,0.40326938033103943,ㅚ
0.6751397848129272,0.8503603935241699,0.7081106901168823,0.7356929183006287,0.6939225196838379,0.6416411399841309,0.649867832660675,0.59758061170578,0.6062750220298767,0.5911479592323303,0.6914113163948059,0.5679218173027039,0.6584399938583374,0.4379667043685913,0.6408247947692871,0.3593377470970154,0.6249399781227112,0.29777029156684875,0.642106294631958,0.5757573246955872,0.6132473349571228,0.5228866338729858,0.617862343788147,0.5744653344154358,0.6295106410980225,0.6034875512123108,0.5976792573928833,0.6044288277626038,0.5785491466522217,0.5518413782119751,0.5879497528076172,0.5938722491264343,0.6016940474510193,0.6262232661247253,0.5583623647689819,0.6344260573387146,0.5345304012298584,0.5231231451034546,0.5225424766540527,0.4730420410633087,0.5162346959114075,0.43119966983795166,ㅚ
0.6048829555511475,0.8135497570037842,0.6378002166748047,0.7344703674316406,0.6332181096076965,0.6597439050674438,0.6011195778846741,0.6210384964942932,0.5664421319961548,0.6124141812324524,0.6229802966117859,0.5945425629615784,0.6105321645736694,0.4981027841567993,0.6049055457115173,0.4360888600349426,0.5982740521430969,0.38662058115005493,0.5869745016098022,0.5956319570541382,0.5744039416313171,0.5706758499145508,0.5775324702262878,0.6123673915863037,0.5849806666374207,0.633540689945221,0.5551199316978455,0.6160224080085754,0.5465707778930664,0.5898181200027466,0.5553098917007446,0.6256263852119446,0.5651715397834778,0.6498332023620605,0.5280609130859375,0.6371700763702393,0.516673743724823,0.5549826622009277,0.5106579065322876,0.5151545405387878,0.5070104598999023,0.48016297817230225,ㅚ
0.5979740619659424,0.8067935705184937,0.6323203444480896,0.727665364742279,0.6310972571372986,0.6572043895721436,0.6022053360939026,0.613826334476471,0.5717383623123169,0.5984756350517273,0.6233587265014648,0.5873061418533325,0.6101694703102112,0.4907448887825012,0.6048271059989929,0.4276014566421509,0.5993881225585938,0.37732982635498047,0.5878410339355469,0.5836315155029297,0.5709301233291626,0.5622662305831909,0.5732383131980896,0.60468590259552,0.5808103084564209,0.6249492764472961,0.5548084378242493,0.6035511493682861,0.5412834286689758,0.5830875635147095,0.547795832157135,0.617689311504364,0.5572386980056763,0.6410061120986938,0.523918628692627,0.6289598345756531,0.5112302303314209,0.5431771874427795,0.503798246383667,0.5041983127593994,0.5019564628601074,0.4719717502593994,ㅚ
0.6263464689254761,0.7996805906295776,0.6666760444641113,0.706156849861145,0.6625183820724487,0.6131061315536499,0.6231727600097656,0.5638956427574158,0.5815189480781555,0.5521793365478516,0.6459566354751587,0.5320971012115479,0.6267436146736145,0.4205740988254547,0.6141887903213501,0.35187584161758423,0.6018338799476624,0.29640430212020874,0.5982492566108704,0.5321986079216003,0.5937713384628296,0.5092613697052002,0.5988818407058716,0.5580645799636841,0.6074562072753906,0.5828150510787964,0.5586994886398315,0.5583947896957397,0.5581760406494141,0.5339861512184143,0.5673288106918335,0.5774989128112793,0.5763113498687744,0.6051819920539856,0.5269033908843994,0.5880709886550903,0.5148839354515076,0.49140071868896484,0.5094618201255798,0.4481746256351471,0.5081800818443298,0.41234999895095825,ㅚ
0.6339176893234253,0.8191437125205994,0.6792937517166138,0.7111100554466248,0.6718730330467224,0.607723593711853,0.6246656179428101,0.5519372820854187,0.5795488357543945,0.5398200154304504,0.6353904604911804,0.5120404958724976,0.6139276027679443,0.392643541097641,0.5966042876243591,0.318524569272995,0.5786121487617493,0.2593196630477905,0.5743629336357117,0.5204140543937683,0.5908645391464233,0.5057068467140198,0.6015851497650146,0.5587769746780396,0.6049171686172485,0.5906429290771484,0.5334126949310303,0.5564554929733276,0.5399805903434753,0.5218965411186218,0.5559622049331665,0.5607802867889404,0.5650769472122192,0.5865640640258789,0.5056729316711426,0.5954028964042664,0.4882526695728302,0.49434909224510193,0.4850408434867859,0.44758671522140503,0.48396313190460205,0.4073984622955322,ㅚ
0.6528739929199219,0.8332561254501343,0.7027581930160522,0.702701210975647,0.6871347427368164,0.578480064868927,0.6298040151596069,0.5219573974609375,0.5821420550346375,0.5041256546974182,0.6392005085945129,0.4696144461631775,0.6015808582305908,0.3454112410545349,0.575516939163208,0.26639243960380554,0.5504342317581177,0.20031124353408813,0.5755698680877686,0.48540252447128296,0.5683867335319519,0.4650905728340149,0.5852752327919006,0.5270898938179016,0.5971580147743225,0.563331127166748,0.529168426990509,0.5288407802581787,0.521020233631134,0.4981910288333893,0.5454418063163757,0.5552273392677307,0.5627772212028503,0.5887017250061035,0.4929501712322235,0.57306307554245,0.4631151556968689,0.45524904131889343,0.4535347521305084,0.4030505418777466,0.44760841131210327,0.3515622019767761,ㅚ
0.6647963523864746,0.8873635530471802,0.7207842469215393,0.7212187051773071,0.6993789672851562,0.5818644165992737,0.6448846459388733,0.5105468034744263,0.5897156000137329,0.48366275429725647,0.6331070065498352,0.47410959005355835,0.5915701985359192,0.3100161552429199,0.5630141496658325,0.20965203642845154,0.5332062840461731,0.12362551689147949,0.5581572651863098,0.5043354630470276,0.5802874565124512,0.4370843768119812,0.605562150478363,0.5138818025588989,0.6115942001342773,0.5622779130935669,0.5072759985923767,0.5535145998001099,0.5272336006164551,0.47853049635887146,0.5641235709190369,0.544707715511322,0.5791508555412292,0.5873590707778931,0.47725072503089905,0.5958442091941833,0.44005218148231506,0.456093430519104,0.42770031094551086,0.39798063039779663,0.4127039313316345,0.34539109468460083,ㅚ
0.6695799827575684,0.9450966119766235,0.7279893159866333,0.8002583980560303,0.7101683020591736,0.6711317896842957,0.6564528346061707,0.6003150939941406,0.6011751890182495,0.5838897228240967,0.6593616604804993,0.5664574503898621,0.6260177493095398,0.4054989218711853,0.6048609614372253,0.3085046112537384,0.5834265947341919,0.22998550534248352,0.5883467793464661,0.5716543793678284,0.6216909289360046,0.5146645903587341,0.639345109462738,0.578445315361023,0.6456713676452637,0.6250596642494202,0.5381137728691101,0.6131299734115601,0.5662317276000977,0.5542486906051636,0.5920450091362,0.6107590198516846,0.6008656620979309,0.6536531448364258,0.5061355829238892,0.6533210277557373,0.4781431555747986,0.5239665508270264,0.4735526442527771,0.4694983959197998,0.4675635099411011,0.42653679847717285,ㅚ
0.6539342999458313,0.7699915766716003,0.6842132210731506,0.6911329627037048,0.6741032004356384,0.6188771724700928,0.6421750783920288,0.5852775573730469,0.6089518070220947,0.5772404670715332,0.6616306900978088,0.5465570092201233,0.6446824669837952,0.4782714545726776,0.6337170600891113,0.437450647354126,0.6250889301300049,0.40342649817466736,0.6229918003082275,0.5430452823638916,0.6109973192214966,0.555125892162323,0.6149235367774963,0.5944029092788696,0.6240389347076416,0.6158824563026428,0.5894696712493896,0.5660078525543213,0.5795801877975464,0.5766828060150146,0.5894896984100342,0.6164395809173584,0.5985727310180664,0.6365753412246704,0.5596998333930969,0.5963698625564575,0.5426936745643616,0.5384417176246643,0.539621114730835,0.5082802772521973,0.5388452410697937,0.48288047313690186,ㅚ
0.6638977527618408,0.7587485313415527,0.6950809955596924,0.6715872287750244,0.6843966245651245,0.5973650217056274,0.6535241007804871,0.5612612962722778,0.6206991076469421,0.5535385012626648,0.6736271381378174,0.5304057002067566,0.6569472551345825,0.45797526836395264,0.6454952955245972,0.4165639579296112,0.6358206272125244,0.3814566731452942,0.6319326162338257,0.5255153179168701,0.6222905516624451,0.5344656705856323,0.626358151435852,0.5743421316146851,0.6349954605102539,0.5941864252090454,0.5963324904441833,0.5486142039299011,0.5895678997039795,0.5551876425743103,0.5985742211341858,0.5943392515182495,0.6064492464065552,0.6156803965568542,0.5652984380722046,0.5791574716567993,0.5474730730056763,0.51275634765625,0.544352114200592,0.4801015853881836,0.5464198589324951,0.4558299779891968,ㅚ
0.6694955229759216,0.8020804524421692,0.7115539908409119,0.7050654292106628,0.7072556018829346,0.6144279837608337,0.6720739603042603,0.5651121139526367,0.6344460248947144,0.549605131149292,0.7055023908615112,0.5314034819602966,0.6950013637542725,0.4303296208381653,0.6895341873168945,0.3634410798549652,0.6832494139671326,0.3104128837585449,0.6611306667327881,0.522572934627533,0.6392868161201477,0.530917227268219,0.6390995383262634,0.5842697024345398,0.648688018321991,0.60777348279953,0.6183178424835205,0.5450653433799744,0.5997484922409058,0.5459300875663757,0.6058250665664673,0.5940008163452148,0.6170184016227722,0.6213785409927368,0.5792999863624573,0.5743140578269958,0.5669743418693542,0.4821541905403137,0.5625501275062561,0.4360528886318207,0.5642096996307373,0.39811742305755615,ㅚ
0.6525350213050842,0.8628559112548828,0.7022328972816467,0.746666669845581,0.7015232443809509,0.6439269781112671,0.6663756370544434,0.5870727300643921,0.6252754926681519,0.5677096843719482,0.7044707536697388,0.5633876919746399,0.6977455019950867,0.4324660003185272,0.6937735080718994,0.3501564860343933,0.6870548725128174,0.285348504781723,0.6543347835540771,0.5539115071296692,0.646253764629364,0.5201452970504761,0.6450201869010925,0.578865110874176,0.6495164036750793,0.6088630557060242,0.6069985628128052,0.5757437348365784,0.604944109916687,0.5442537665367126,0.6102210879325867,0.5921152830123901,0.6166276931762695,0.6246251463890076,0.5645290613174438,0.6050685048103333,0.55201256275177,0.48680010437965393,0.5441389083862305,0.4332233667373657,0.5438764691352844,0.3919721841812134,ㅚ
0.6470914483070374,0.873964250087738,0.7062351703643799,0.7603805661201477,0.7080066204071045,0.6546130180358887,0.6718076467514038,0.590618908405304,0.6294590830802917,0.5673533082008362,0.7125776410102844,0.5864778161048889,0.7081508636474609,0.43338635563850403,0.705899715423584,0.3422713577747345,0.700100839138031,0.2715721130371094,0.6561257839202881,0.5771704316139221,0.6564913988113403,0.489471971988678,0.6566752195358276,0.5426203608512878,0.6597412824630737,0.5771337747573853,0.6062688231468201,0.5935428142547607,0.6170414686203003,0.5183758735656738,0.6213144659996033,0.5621989965438843,0.6237918734550476,0.5974541306495667,0.5631132125854492,0.6150121688842773,0.5552735924720764,0.48412007093429565,0.5489209294319153,0.42600125074386597,0.5477390289306641,0.3783051669597626,ㅚ
0.6370557546615601,0.8511401414871216,0.6801503300666809,0.7481313943862915,0.674945056438446,0.6532748341560364,0.6354872584342957,0.6071649789810181,0.5902944803237915,0.5971916317939758,0.6775822639465332,0.5701187252998352,0.6665701866149902,0.45358747243881226,0.66298508644104,0.38042277097702026,0.6590378284454346,0.3210062086582184,0.6308691501617432,0.5610620975494385,0.610821008682251,0.5585646629333496,0.6082097291946411,0.6169383525848389,0.6174283623695374,0.6454956531524658,0.5863708853721619,0.5826374292373657,0.5687607526779175,0.57539302110672,0.5734983086585999,0.6300914287567139,0.5853336453437805,0.6617158055305481,0.5479645133018494,0.6080266237258911,0.5383026599884033,0.5112184286117554,0.5318834185600281,0.46456462144851685,0.529491126537323,0.42375338077545166,ㅚ
0.59413081407547,0.7623031139373779,0.638618528842926,0.6918044686317444,0.6442825198173523,0.6177202463150024,0.6235955953598022,0.5671581625938416,0.5984503030776978,0.5461775660514832,0.6479164958000183,0.581108570098877,0.6468019485473633,0.46778547763824463,0.6475632786750793,0.3981858789920807,0.644339382648468,0.3446485996246338,0.6108704209327698,0.5752328634262085,0.6130233407020569,0.49230602383613586,0.6169583797454834,0.5219547152519226,0.6188452243804932,0.5450780987739563,0.5751568675041199,0.5831068754196167,0.584809422492981,0.5105332136154175,0.5900297164916992,0.5313459038734436,0.5914232134819031,0.5545103549957275,0.5421004295349121,0.5918276309967041,0.537564218044281,0.4963296055793762,0.5354504585266113,0.45358574390411377,0.536034107208252,0.42035916447639465,ㅚ
0.5877892374992371,0.7495965957641602,0.6327903866767883,0.6840360164642334,0.6412680149078369,0.6122187972068787,0.6238416433334351,0.5603246688842773,0.6000266075134277,0.5376271605491638,0.6487407088279724,0.5765270590782166,0.651846170425415,0.46698564291000366,0.6558330655097961,0.39928993582725525,0.6557276844978333,0.3473016023635864,0.6136034727096558,0.5713035464286804,0.6138921976089478,0.4864856004714966,0.6146509647369385,0.5152170062065125,0.6154542565345764,0.5389981865882874,0.5777018666267395,0.578671932220459,0.5828525424003601,0.5010107159614563,0.5850314497947693,0.5222088098526001,0.5870055556297302,0.5464392304420471,0.543074905872345,0.5872171521186829,0.5426203608512878,0.4928593933582306,0.5420519709587097,0.44953373074531555,0.5448185205459595,0.4156711995601654,ㅚ
0.587375283241272,0.7827603220939636,0.6383092999458313,0.7199347019195557,0.6494623422622681,0.6362069249153137,0.6284573078155518,0.5763962268829346,0.5990753173828125,0.5526546835899353,0.6514946222305298,0.6088326573371887,0.6559091806411743,0.488626629114151,0.6614553332328796,0.4184044301509857,0.661914587020874,0.3623824119567871,0.6109609007835388,0.6020650267601013,0.6156659126281738,0.49977123737335205,0.618385374546051,0.5302456617355347,0.6182540059089661,0.561194658279419,0.5718256235122681,0.6059808135032654,0.5823859572410583,0.5093529224395752,0.586884617805481,0.5332393050193787,0.5884273052215576,0.5626039505004883,0.5377604365348816,0.6084396243095398,0.5368555188179016,0.5158412456512451,0.5390981435775757,0.47080105543136597,0.5424096584320068,0.4340728223323822,ㅚ
0.6135994791984558,0.7690749168395996,0.6418103575706482,0.6859922409057617,0.632996141910553,0.6171302199363708,0.6034839153289795,0.579018771648407,0.5751049518585205,0.5698009133338928,0.6312274932861328,0.5782527923583984,0.6082156300544739,0.4725656807422638,0.5935567617416382,0.40465569496154785,0.5793949365615845,0.35404521226882935,0.595253050327301,0.5830236673355103,0.5805651545524597,0.5091642141342163,0.5894730687141418,0.5363989472389221,0.5963776111602783,0.558353066444397,0.5635625720024109,0.6030704379081726,0.5557829141616821,0.5361618995666504,0.5653386116027832,0.5541712045669556,0.5724722146987915,0.5750082731246948,0.5347237586975098,0.6266961097717285,0.5090200304985046,0.5378992557525635,0.49599871039390564,0.5004609823226929,0.4883706271648407,0.47238829731941223,ㅚ
0.6578004360198975,0.806361973285675,0.6808499097824097,0.7232670783996582,0.662087619304657,0.6526588797569275,0.624566912651062,0.6246384382247925,0.5872528553009033,0.6265647411346436,0.6502493619918823,0.5813381671905518,0.6190561056137085,0.5034304857254028,0.5998700857162476,0.4519985318183899,0.5831213593482971,0.4113462567329407,0.610980749130249,0.5862817764282227,0.5898492932319641,0.5870183706283569,0.5977034568786621,0.6252926588058472,0.6103913187980652,0.6439046263694763,0.5779258012771606,0.6146532297134399,0.5579761862754822,0.6094821095466614,0.5688437819480896,0.643358051776886,0.581349790096283,0.6624126434326172,0.5511472821235657,0.6458644270896912,0.5272769927978516,0.5779600739479065,0.511471688747406,0.5463820695877075,0.49708259105682373,0.5184967517852783,ㅚ
0.6498684287071228,0.8079461455345154,0.669521689414978,0.7115274667739868,0.6495445966720581,0.638974666595459,0.6144530177116394,0.6046450734138489,0.5800380110740662,0.6005933880805969,0.6327009201049805,0.5643567442893982,0.6027314066886902,0.4908524453639984,0.5816705226898193,0.44078516960144043,0.5632701516151428,0.4015921950340271,0.5935389399528503,0.5703290104866028,0.5814242959022522,0.5767968893051147,0.5921472907066345,0.61500084400177,0.6031227111816406,0.6329089999198914,0.5623899698257446,0.6047593951225281,0.5487959384918213,0.6066945195198059,0.5638929009437561,0.6405365467071533,0.576920211315155,0.6592430472373962,0.5364214181900024,0.6439638137817383,0.5036066770553589,0.5754987001419067,0.48734718561172485,0.5398473143577576,0.4757004976272583,0.5094128251075745,ㅚ
0.6582070589065552,0.7598661780357361,0.6700713634490967,0.6569655537605286,0.6400192379951477,0.5870914459228516,0.590418815612793,0.5671767592430115,0.550075113773346,0.5752530097961426,0.6226135492324829,0.5199445486068726,0.5658735632896423,0.4404337406158447,0.5310865044593811,0.3929485082626343,0.5025778412818909,0.35757261514663696,0.5787178874015808,0.5444230437278748,0.5432213544845581,0.512399435043335,0.558448076248169,0.5485451221466064,0.5768311619758606,0.5688459873199463,0.5476918816566467,0.5855695009231567,0.5169976949691772,0.5489388704299927,0.5323169827461243,0.5797350406646729,0.5484220385551453,0.5991665720939636,0.5228167772293091,0.628692090511322,0.4749501645565033,0.5554571151733398,0.4496787488460541,0.5247918367385864,0.4284862279891968,0.49643605947494507,ㅚ
0.6636070609092712,0.7647605538368225,0.6709398031234741,0.6581646203994751,0.6365628242492676,0.582937479019165,0.5824148058891296,0.5631235837936401,0.541043758392334,0.5695996880531311,0.6250406503677368,0.5195062160491943,0.5480155944824219,0.4516420364379883,0.5050468444824219,0.4166790246963501,0.47162193059921265,0.38797470927238464,0.5835703015327454,0.5499410033226013,0.5366467237472534,0.5105361342430115,0.5498560667037964,0.5473010540008545,0.5691376328468323,0.5702270865440369,0.5519038438796997,0.5931488275527954,0.513411283493042,0.5462523698806763,0.5298383235931396,0.5798106789588928,0.5476798415184021,0.5976977944374084,0.525368869304657,0.6344407796859741,0.48141708970069885,0.5558655858039856,0.46312853693962097,0.517188310623169,0.44788819551467896,0.47636666893959045,ㅚ
0.665086567401886,0.7635867595672607,0.6742749810218811,0.660558819770813,0.6415910124778748,0.5877833962440491,0.5900894999504089,0.5642188191413879,0.5502240657806396,0.5702590942382812,0.6318550705909729,0.5234262347221375,0.557687520980835,0.4487086534500122,0.5158200263977051,0.40662622451782227,0.4823738932609558,0.37398555874824524,0.5914506912231445,0.5510783195495605,0.5433024764060974,0.5063350796699524,0.5569265484809875,0.5454115867614746,0.5758529305458069,0.5675857663154602,0.5596497058868408,0.5920567512512207,0.52293860912323,0.5447331666946411,0.5376561284065247,0.5797957181930542,0.5549120306968689,0.5989691019058228,0.5314723253250122,0.6332682371139526,0.4851914644241333,0.5553205609321594,0.4643716812133789,0.5187171101570129,0.4486587643623352,0.4808405041694641,ㅚ
0.6563776731491089,0.8193925619125366,0.6831218600273132,0.7170043587684631,0.6660666465759277,0.6324365139007568,0.623228907585144,0.5940792560577393,0.5846028923988342,0.5883307456970215,0.6689078211784363,0.5697351098060608,0.6230956315994263,0.46253448724746704,0.594536304473877,0.4001811146736145,0.5688220858573914,0.34960949420928955,0.6248134970664978,0.5800005197525024,0.5927196741104126,0.5104770660400391,0.6004096865653992,0.5531982779502869,0.6118815541267395,0.5803602337837219,0.5854243636131287,0.6077030301094055,0.5621301531791687,0.5400066375732422,0.5722167491912842,0.5760440230369568,0.5844334363937378,0.6025059223175049,0.5501096248626709,0.635499894618988,0.5236020684242249,0.5385605096817017,0.5086446404457092,0.49496570229530334,0.49726930260658264,0.45514973998069763,ㅚ
0.6315040588378906,0.8300831317901611,0.6699328422546387,0.7361931800842285,0.6624662280082703,0.6447153091430664,0.6231018900871277,0.5973649024963379,0.5839641094207764,0.5833728313446045,0.6703410744667053,0.5969184041023254,0.6272640228271484,0.4774293899536133,0.6034358739852905,0.41706469655036926,0.5817652344703674,0.36724939942359924,0.623044490814209,0.6045551896095276,0.5958834886550903,0.5331302285194397,0.598857045173645,0.5700147151947021,0.6087517738342285,0.5965439081192017,0.5800344944000244,0.6229893565177917,0.5688060522079468,0.5505459904670715,0.5768362879753113,0.5851261019706726,0.5870046019554138,0.6108883023262024,0.5429760217666626,0.6373862624168396,0.5394729971885681,0.53888338804245,0.5401880741119385,0.4921538233757019,0.5416046380996704,0.44652804732322693,ㅚ
0.6092748641967773,0.8404725790023804,0.6512596607208252,0.7513606548309326,0.6482471823692322,0.6593320965766907,0.6097408533096313,0.6084137558937073,0.5714259147644043,0.5897546410560608,0.6597220301628113,0.612602710723877,0.6210089921951294,0.48872435092926025,0.5997124910354614,0.4276043772697449,0.5801185965538025,0.37715333700180054,0.6131376624107361,0.6180938482284546,0.5895066261291504,0.5411226153373718,0.5905950665473938,0.5753812789916992,0.5985957980155945,0.6022070646286011,0.5695540308952332,0.632845401763916,0.562114953994751,0.5554763078689575,0.5683934092521667,0.5873730182647705,0.5768402218818665,0.6130031943321228,0.5324892997741699,0.644232988357544,0.535592257976532,0.5433158278465271,0.5405252575874329,0.49718621373176575,0.5454565286636353,0.45291775465011597,ㅚ
0.6118996143341064,0.8552790880203247,0.6551135182380676,0.7662057876586914,0.6560261845588684,0.6757956147193909,0.6241888999938965,0.6255751252174377,0.5873241424560547,0.6102574467658997,0.6668356657028198,0.6245448589324951,0.6546347737312317,0.5010677576065063,0.6493074297904968,0.4310513734817505,0.6424724459648132,0.37396854162216187,0.6222946047782898,0.6232588887214661,0.6086316704750061,0.5466625690460205,0.606951892375946,0.5886732339859009,0.6114048957824707,0.6173371076583862,0.5796418786048889,0.6378430128097534,0.576181173324585,0.5651804208755493,0.5790781378746033,0.6010618209838867,0.5852405428886414,0.6315711736679077,0.5425416827201843,0.6519088745117188,0.5432173013687134,0.5485320091247559,0.545191764831543,0.5005768537521362,0.550582766532898,0.45911410450935364,ㅚ
0.6011530160903931,0.8595107197761536,0.6427359580993652,0.7657889723777771,0.6452972292900085,0.6818629503250122,0.6203593015670776,0.630591094493866,0.5881999731063843,0.611261248588562,0.6591936349868774,0.6248620748519897,0.6547667384147644,0.506309449672699,0.6563190221786499,0.4346297085285187,0.6560431718826294,0.3792860209941864,0.619156002998352,0.6221253275871277,0.6052780747413635,0.5471270680427551,0.6009966135025024,0.5903968811035156,0.6042078733444214,0.6184105277061462,0.5783029198646545,0.6354400515556335,0.5723890662193298,0.5704521536827087,0.5718557834625244,0.6051830053329468,0.5761450529098511,0.6343619227409363,0.5391878485679626,0.6526567339897156,0.5332048535346985,0.543595016002655,0.5279079675674438,0.49749013781547546,0.5287684202194214,0.46173226833343506,ㅚ
0.5839616060256958,0.8672787547111511,0.630196213722229,0.7748664617538452,0.6342985033988953,0.6925147771835327,0.6125208139419556,0.6354248523712158,0.5818514823913574,0.6112363338470459,0.6425084471702576,0.6345487236976624,0.6453714370727539,0.5123461484909058,0.650285005569458,0.4382912516593933,0.6506315469741821,0.3820153772830963,0.5979778170585632,0.6274218559265137,0.5926406979560852,0.5480508804321289,0.5927561521530151,0.5901270508766174,0.5946740508079529,0.6175100803375244,0.5554373860359192,0.6399250626564026,0.555532693862915,0.5729442238807678,0.5583773255348206,0.6056448221206665,0.5604717135429382,0.6337903141975403,0.5154269933700562,0.6600421071052551,0.5013607740402222,0.5482209324836731,0.4925267696380615,0.5021657943725586,0.49038058519363403,0.4677106738090515,ㅚ
0.5933462977409363,0.8557892441749573,0.6390235424041748,0.7613317966461182,0.6420798301696777,0.6785138249397278,0.6209898591041565,0.6188109517097473,0.5931374430656433,0.5913566946983337,0.6511842608451843,0.6261165142059326,0.6551157832145691,0.5052874088287354,0.6609119772911072,0.4304925501346588,0.6626478433609009,0.3736119270324707,0.608077883720398,0.6198998093605042,0.6044862270355225,0.5373319983482361,0.6073747873306274,0.57679682970047,0.6098393201828003,0.6014935374259949,0.5664952993392944,0.6312734484672546,0.5686315894126892,0.55887371301651,0.5731490850448608,0.5883628129959106,0.5750821232795715,0.6167314648628235,0.5250387787818909,0.6498897671699524,0.5044142603874207,0.5428451299667358,0.48966389894485474,0.4972098469734192,0.481080561876297,0.4619619846343994,ㅚ
0.6087235808372498,0.8541043400764465,0.6549577713012695,0.7623790502548218,0.6581556797027588,0.6748658418655396,0.6343774795532227,0.615198016166687,0.6032946109771729,0.5904115438461304,0.6718741655349731,0.6221705675125122,0.6691771745681763,0.497599720954895,0.6717066764831543,0.42158299684524536,0.6714892983436584,0.36365559697151184,0.6289849877357483,0.61942058801651,0.6167011260986328,0.5296715497970581,0.6145778894424438,0.5703772306442261,0.6178656220436096,0.5982475876808167,0.5847220420837402,0.6317437291145325,0.5796219110488892,0.5533939599990845,0.5793261528015137,0.5848721861839294,0.5823420882225037,0.6150273084640503,0.540921151638031,0.6474243402481079,0.5291271805763245,0.5315417647361755,0.5176809430122375,0.48008453845977783,0.5123690962791443,0.4408486485481262,ㅚ
0.2647208571434021,0.8284700512886047,0.24390162527561188,0.7406123876571655,0.25079378485679626,0.6632564663887024,0.2744828760623932,0.6126148104667664,0.30394038558006287,0.5874495506286621,0.25553396344184875,0.5907841920852661,0.28101667761802673,0.4806722402572632,0.2974480390548706,0.4118233919143677,0.30948325991630554,0.3589775264263153,0.28541165590286255,0.6008557677268982,0.3164995610713959,0.5680299997329712,0.31249839067459106,0.6060551404953003,0.3027225136756897,0.6295594573020935,0.3193487524986267,0.6269786357879639,0.3387703001499176,0.5872453451156616,0.3325578570365906,0.6222468018531799,0.3235665559768677,0.6450327634811401,0.3528577983379364,0.6560091972351074,0.37686216831207275,0.5624000430107117,0.38381606340408325,0.5186334252357483,0.3857395648956299,0.47956135869026184,ㅚ
0.28095707297325134,0.822697639465332,0.24832569062709808,0.7560198307037354,0.23873770236968994,0.6919944286346436,0.24442538619041443,0.6428499221801758,0.26232022047042847,0.6161359548568726,0.2583184242248535,0.6223650574684143,0.2837897837162018,0.5162330865859985,0.3020109534263611,0.4513670802116394,0.3158271610736847,0.3995191156864166,0.2881223261356354,0.6310577988624573,0.3152337074279785,0.5889832973480225,0.3102288544178009,0.6257741451263428,0.2991581857204437,0.6502677202224731,0.31999292969703674,0.6516363024711609,0.33974990248680115,0.6106954216957092,0.3336660861968994,0.6423981785774231,0.32361310720443726,0.6640388369560242,0.35063737630844116,0.6773356795310974,0.3767089545726776,0.5931650400161743,0.3851836621761322,0.553831160068512,0.3908187747001648,0.5193295478820801,ㅚ
0.2819291651248932,0.8137062788009644,0.2593104839324951,0.7342526316642761,0.2707824110984802,0.6594429016113281,0.2959687113761902,0.6116225719451904,0.3246397078037262,0.5924618244171143,0.2766576111316681,0.6053323745727539,0.3061685860157013,0.49824076890945435,0.3255096971988678,0.4319337010383606,0.33991339802742004,0.3808507025241852,0.30747491121292114,0.6188250184059143,0.33852243423461914,0.5723140835762024,0.33399906754493713,0.6028935313224792,0.3242858052253723,0.6232095956802368,0.3400266766548157,0.6453855037689209,0.35934948921203613,0.5960282683372498,0.3551262617111206,0.6221043467521667,0.34765133261680603,0.6415466666221619,0.3702889680862427,0.6733777523040771,0.39729687571525574,0.5822294354438782,0.4054155647754669,0.5426875352859497,0.4091505706310272,0.5078448057174683,ㅚ
0.27364102005958557,0.7738860249519348,0.2518174648284912,0.6890622973442078,0.2637423574924469,0.6121059656143188,0.2889912724494934,0.5620205402374268,0.3166202902793884,0.541077733039856,0.2689642608165741,0.5522541403770447,0.29807910323143005,0.44518017768859863,0.3166470229625702,0.3780159056186676,0.3302706182003021,0.32738012075424194,0.30092960596084595,0.5619955658912659,0.3315896689891815,0.5279139280319214,0.32567018270492554,0.563054084777832,0.3137553632259369,0.5838682651519775,0.33472415804862976,0.5871216654777527,0.3516772389411926,0.5510788559913635,0.3453013598918915,0.5822694301605225,0.33474424481391907,0.6026744246482849,0.36505818367004395,0.6159263253211975,0.3920573592185974,0.5258154273033142,0.40158742666244507,0.48767852783203125,0.4050530791282654,0.45518505573272705,ㅚ
0.26575544476509094,0.7629252076148987,0.2367716133594513,0.6773686408996582,0.24450597167015076,0.5931247472763062,0.2653641402721405,0.5361684560775757,0.28974080085754395,0.5086009502410889,0.25150150060653687,0.5290696620941162,0.2828322947025299,0.4156009554862976,0.30291929841041565,0.3448866605758667,0.31804925203323364,0.2924076318740845,0.2852492332458496,0.5375113487243652,0.31192153692245483,0.4961884021759033,0.3073088526725769,0.5293816328048706,0.2965447008609772,0.5502417087554932,0.32000279426574707,0.5619691610336304,0.33281758427619934,0.5214020013809204,0.32747891545295715,0.5496304035186768,0.3188534080982208,0.5717934966087341,0.3512438237667084,0.5918049812316895,0.37988924980163574,0.49742591381073,0.390665203332901,0.45531734824180603,0.3954700231552124,0.420986145734787,ㅚ
0.30304065346717834,0.7517796158790588,0.2718633711338043,0.6706119775772095,0.27787497639656067,0.5905238389968872,0.29817888140678406,0.5372476577758789,0.32573986053466797,0.5130348205566406,0.2844005227088928,0.5329108834266663,0.31206434965133667,0.4200668931007385,0.3310677409172058,0.349896103143692,0.3456065058708191,0.2988819479942322,0.31682464480400085,0.5410211086273193,0.34338536858558655,0.4944189190864563,0.3397462069988251,0.5261284708976746,0.3299189507961273,0.5466458797454834,0.3514859676361084,0.5629972815513611,0.3652326762676239,0.5184313058853149,0.36026298999786377,0.54499351978302,0.352040559053421,0.566012442111969,0.3830747604370117,0.5888028740882874,0.4101675748825073,0.49876660108566284,0.4203774333000183,0.4586624205112457,0.42488881945610046,0.4254198670387268,ㅚ
0.3602098226547241,0.7447264194488525,0.33114156126976013,0.6656118035316467,0.33656662702560425,0.5867359638214111,0.3561762571334839,0.5342887043952942,0.38123106956481934,0.5097954273223877,0.3418648838996887,0.5285362601280212,0.37076178193092346,0.4158850610256195,0.389791876077652,0.34515291452407837,0.4039771556854248,0.29385289549827576,0.37420275807380676,0.5378001928329468,0.3999705910682678,0.4869852066040039,0.3971305787563324,0.5189293622970581,0.3877263069152832,0.5389196872711182,0.408233642578125,0.5602701902389526,0.42259877920150757,0.5136054158210754,0.4178788661956787,0.5388088226318359,0.4097921848297119,0.5605512261390686,0.439594030380249,0.5856277346611023,0.4677811563014984,0.4954136908054352,0.47806084156036377,0.45486319065093994,0.48323187232017517,0.4210527539253235,ㅚ
0.3836132287979126,0.7447584867477417,0.35457074642181396,0.6630517244338989,0.36065417528152466,0.5832765698432922,0.37998488545417786,0.5291903018951416,0.4057878255844116,0.5014229416847229,0.36553436517715454,0.5165378451347351,0.3940827250480652,0.40675967931747437,0.4132353961467743,0.33680111169815063,0.4282253384590149,0.28512075543403625,0.39798036217689514,0.5229216814041138,0.4238153398036957,0.48746660351753235,0.4196356534957886,0.5233511328697205,0.40938082337379456,0.5456221699714661,0.4312709867954254,0.5444549322128296,0.4448559582233429,0.5080510973930359,0.43879905343055725,0.5371665358543396,0.4297604560852051,0.5603998303413391,0.46137815713882446,0.5701981782913208,0.48704415559768677,0.48240697383880615,0.4973083436489105,0.4412493109703064,0.5017476081848145,0.40634605288505554,ㅚ
0.352193146944046,0.7447888255119324,0.32533422112464905,0.6573467254638672,0.3356441259384155,0.5740453004837036,0.35981476306915283,0.5204464793205261,0.3901755213737488,0.49804648756980896,0.3396163582801819,0.51290363073349,0.3678646385669708,0.39950963854789734,0.3861701488494873,0.3288637101650238,0.3999580144882202,0.27597448229789734,0.37305694818496704,0.5206626653671265,0.4014023244380951,0.4726027846336365,0.3980730473995209,0.5065336227416992,0.3875737190246582,0.528673529624939,0.4082255959510803,0.5440191626548767,0.4227493405342102,0.4984685182571411,0.41866835951805115,0.5278791785240173,0.4098762273788452,0.549837052822113,0.4392645061016083,0.5715208053588867,0.4665210545063019,0.4775574803352356,0.47761231660842896,0.43555277585983276,0.4819498360157013,0.4012877345085144,ㅚ
0.32730111479759216,0.738107442855835,0.2987033724784851,0.650043785572052,0.3082464039325714,0.5670114755630493,0.3305116891860962,0.5133616328239441,0.3597876727581024,0.4886358380317688,0.3118620216846466,0.5000017881393433,0.34003162384033203,0.38787567615509033,0.35819298028945923,0.31670182943344116,0.3727588355541229,0.2636140286922455,0.3459766209125519,0.5082055926322937,0.37215492129325867,0.46377822756767273,0.36788409948349,0.49905505776405334,0.35804957151412964,0.5217084288597107,0.3809886872768402,0.532106339931488,0.39434313774108887,0.48902037739753723,0.38800960779190063,0.5184089541435242,0.37935107946395874,0.5424229502677917,0.4115464985370636,0.5597463250160217,0.4391839802265167,0.4668809175491333,0.44958212971687317,0.4249459505081177,0.45437294244766235,0.39032161235809326,ㅚ
0.3154835104942322,0.7382082939147949,0.2840249538421631,0.6490777134895325,0.2913842797279358,0.5679240822792053,0.312021404504776,0.5129755139350891,0.34029698371887207,0.48636746406555176,0.294202983379364,0.49959877133369446,0.32303673028945923,0.3869746923446655,0.3407774567604065,0.31535476446151733,0.3548263609409332,0.26215115189552307,0.32908985018730164,0.5067905187606812,0.3571339547634125,0.4724579453468323,0.3515482246875763,0.5087295174598694,0.3406698703765869,0.5307062864303589,0.3656827509403229,0.5292633771896362,0.3801470398902893,0.49315622448921204,0.37255895137786865,0.5251798629760742,0.36260882019996643,0.5478679537773132,0.39787453413009644,0.5550886392593384,0.4234238266944885,0.4627179801464081,0.43267136812210083,0.42227768898010254,0.43614131212234497,0.3878859281539917,ㅚ
0.3327426612377167,0.7762852907180786,0.29381927847862244,0.6884783506393433,0.29834067821502686,0.6050062775611877,0.3175496459007263,0.546086311340332,0.3416040539741516,0.5193243026733398,0.30918532609939575,0.5313955545425415,0.3381204605102539,0.4130908250808716,0.35681676864624023,0.3380010724067688,0.3718409240245819,0.28314489126205444,0.3468634784221649,0.5341301560401917,0.3742104172706604,0.4948292374610901,0.3705950677394867,0.5330716371536255,0.35921189188957214,0.5577796697616577,0.3838825523853302,0.5551295280456543,0.39617064595222473,0.520729124546051,0.3902934193611145,0.5506674647331238,0.3807606101036072,0.5761658549308777,0.4161146283149719,0.5830104947090149,0.44847577810287476,0.4949897229671478,0.46239399909973145,0.45611363649368286,0.4685248136520386,0.42388245463371277,ㅚ
0.3490256667137146,0.7706450819969177,0.31215497851371765,0.6819259524345398,0.31850388646125793,0.5977229475975037,0.3409040570259094,0.5395315289497375,0.3706876039505005,0.5148144960403442,0.33443406224250793,0.5275237560272217,0.36856207251548767,0.411155104637146,0.39045223593711853,0.3380611836910248,0.4068544805049896,0.28360915184020996,0.3718515932559967,0.5341408252716064,0.39748844504356384,0.49672189354896545,0.3912070691585541,0.5331050753593445,0.37816086411476135,0.5562379956245422,0.40715736150741577,0.5575829744338989,0.41702717542648315,0.5257276296615601,0.4074240028858185,0.5562503337860107,0.3952692151069641,0.5807985067367554,0.4367252588272095,0.5864145755767822,0.46947968006134033,0.5005947947502136,0.4849134683609009,0.4618847370147705,0.4921199679374695,0.42925095558166504,ㅚ
0.3003544807434082,0.8129141926765442,0.2671445906162262,0.6922224760055542,0.2883300483226776,0.5821067094802856,0.3282560706138611,0.5163776278495789,0.37431609630584717,0.49997708201408386,0.2991774082183838,0.5117256045341492,0.3452923595905304,0.3684975206851959,0.3723824918270111,0.27815738320350647,0.3934631049633026,0.20963969826698303,0.34634482860565186,0.5299077033996582,0.3823610544204712,0.44512152671813965,0.37657126784324646,0.48568522930145264,0.365396648645401,0.5165548324584961,0.39119914174079895,0.5656448006629944,0.40920379757881165,0.4830359220504761,0.40180301666259766,0.5133135318756104,0.3917067348957062,0.5422090291976929,0.42760586738586426,0.6063364744186401,0.47057220339775085,0.4840456247329712,0.48987340927124023,0.4324250817298889,0.500911295413971,0.39167213439941406,ㅚ
0.29858240485191345,0.819208025932312,0.2692171037197113,0.6973496079444885,0.28985458612442017,0.594987154006958,0.3246683180332184,0.530879020690918,0.36634641885757446,0.5081474781036377,0.29957231879234314,0.5201159715652466,0.3468712270259857,0.378682941198349,0.37471675872802734,0.2894493043422699,0.39697059988975525,0.22233086824417114,0.34340572357177734,0.5381766557693481,0.3761308789253235,0.4537283182144165,0.37080317735671997,0.4933622479438782,0.36131757497787476,0.5245324969291687,0.3854936361312866,0.5730728507041931,0.40300971269607544,0.4909043312072754,0.39411816000938416,0.5209243297576904,0.38388970494270325,0.5518192052841187,0.4209217429161072,0.6129888296127319,0.4649018943309784,0.49217748641967773,0.48474135994911194,0.4406775236129761,0.49697446823120117,0.39941054582595825,ㅚ
0.3423556983470917,0.7584080100059509,0.32181090116500854,0.6643596887588501,0.33694690465927124,0.5887958407402039,0.3615216910839081,0.5401756167411804,0.3910848796367645,0.5193141102790833,0.3500913977622986,0.5141098499298096,0.3905891180038452,0.410234659910202,0.41510629653930664,0.34452009201049805,0.43415671586990356,0.2947677671909332,0.38109496235847473,0.5274391174316406,0.4102570414543152,0.5044457316398621,0.4014357328414917,0.5396691560745239,0.38836464285850525,0.5610337853431702,0.4129045903682709,0.5574874877929688,0.42802655696868896,0.5288151502609253,0.4169157147407532,0.5592566132545471,0.40448522567749023,0.5793848037719727,0.44117826223373413,0.5902775526046753,0.479305237531662,0.5102097392082214,0.49573224782943726,0.47385361790657043,0.504658043384552,0.44157373905181885,ㅚ
0.3508578836917877,0.7269649505615234,0.34267866611480713,0.6392102837562561,0.36444082856178284,0.5747295618057251,0.3927042782306671,0.5357452034950256,0.41947466135025024,0.5225939750671387,0.37836533784866333,0.5130160450935364,0.42064791917800903,0.4249401092529297,0.44711196422576904,0.3690982460975647,0.46782204508781433,0.3265663981437683,0.40602007508277893,0.5286484360694885,0.43557122349739075,0.5114925503730774,0.42509984970092773,0.5433257222175598,0.41058430075645447,0.5595750212669373,0.4328373670578003,0.5600020885467529,0.4506329894065857,0.5400751233100891,0.43937504291534424,0.5678877830505371,0.4265947639942169,0.5837527513504028,0.45689135789871216,0.59490567445755,0.49710696935653687,0.529312014579773,0.5158228874206543,0.5008095502853394,0.5276396870613098,0.47446683049201965,ㅚ
0.2979833781719208,0.6847969889640808,0.3049275577068329,0.5906046032905579,0.3396981358528137,0.5350493788719177,0.3788154423236847,0.5180726647377014,0.40930336713790894,0.5325140953063965,0.3595004677772522,0.48473262786865234,0.41588467359542847,0.412785142660141,0.45140206813812256,0.36835870146751404,0.4780808985233307,0.33366677165031433,0.38562315702438354,0.5141243934631348,0.4308910667896271,0.4977317452430725,0.4180905222892761,0.5262221693992615,0.40182775259017944,0.5384416580200195,0.4081152677536011,0.5570295453071594,0.4437521696090698,0.5370216369628906,0.42898017168045044,0.5580337643623352,0.412971556186676,0.5665931105613708,0.42597150802612305,0.6006120443344116,0.48154789209365845,0.556056797504425,0.5090139508247375,0.5400785207748413,0.5289636254310608,0.5221834778785706,ㅚ
0.32170218229293823,0.7301034927368164,0.31867659091949463,0.6354458332061768,0.34481117129325867,0.5678528547286987,0.37863704562187195,0.5323842167854309,0.4126048982143402,0.5294440984725952,0.35853642225265503,0.5077502727508545,0.41195327043533325,0.41997650265693665,0.4458100497722626,0.3659004867076874,0.47166478633880615,0.32436224818229675,0.3873777389526367,0.5289509892463684,0.4265747666358948,0.4987698197364807,0.41611072421073914,0.5292811989784241,0.4017001688480377,0.5461844801902771,0.4146329164505005,0.566149890422821,0.4424344003200531,0.5280100107192993,0.43120571970939636,0.5546476244926453,0.41788238286972046,0.5706986784934998,0.4388098418712616,0.6065649390220642,0.4782756567001343,0.5254706740379333,0.4925230145454407,0.4891815483570099,0.5000529289245605,0.45746564865112305,ㅚ
0.3412765860557556,0.7296035289764404,0.33460986614227295,0.637098491191864,0.355681449174881,0.5671488046646118,0.3885091245174408,0.5278618931770325,0.42258429527282715,0.5219756960868835,0.36552897095680237,0.5047482252120972,0.4249626100063324,0.42460083961486816,0.4615337550640106,0.37755995988845825,0.4890899360179901,0.34083592891693115,0.3965904116630554,0.5257988572120667,0.4369911551475525,0.4946046471595764,0.43053916096687317,0.5230254530906677,0.41874176263809204,0.5385698080062866,0.4249287247657776,0.5606637597084045,0.4526267647743225,0.5230087637901306,0.4428386390209198,0.5492631196975708,0.4291047155857086,0.5672914385795593,0.44944408535957336,0.5995641350746155,0.48281463980674744,0.5181193351745605,0.4930439293384552,0.48060595989227295,0.49622058868408203,0.4461696743965149,ㅚ
0.355915904045105,0.7762251496315002,0.33846375346183777,0.6807942986488342,0.3540806472301483,0.6023624539375305,0.3848531246185303,0.5549769401550293,0.41747763752937317,0.5392075181007385,0.35888510942459106,0.5350386500358582,0.41034984588623047,0.445947527885437,0.44051381945610046,0.39227497577667236,0.46258074045181274,0.3488903343677521,0.3939269185066223,0.5501199960708618,0.4297672212123871,0.5132562518119812,0.4262571930885315,0.5440265536308289,0.41745784878730774,0.564227819442749,0.42674878239631653,0.5799404382705688,0.44912824034690857,0.5396255850791931,0.44149142503738403,0.5718807578086853,0.42972588539123535,0.5950379967689514,0.45676884055137634,0.6148368716239929,0.47516894340515137,0.5237516760826111,0.4792747497558594,0.47952136397361755,0.47721898555755615,0.44186145067214966,ㅚ
0.35522642731666565,0.7803796529769897,0.33743947744369507,0.6910032629966736,0.35002362728118896,0.6119705438613892,0.3795693516731262,0.5638914108276367,0.41200315952301025,0.5450631976127625,0.353965163230896,0.5431485772132874,0.39702481031417847,0.44365644454956055,0.4240497648715973,0.3840116560459137,0.4441603124141693,0.33656954765319824,0.3867073953151703,0.5554220676422119,0.41821444034576416,0.5193500518798828,0.4148547947406769,0.5517064929008484,0.4068860411643982,0.5716005563735962,0.41951319575309753,0.5845569968223572,0.43810492753982544,0.5462639331817627,0.43174630403518677,0.5782782435417175,0.42099684476852417,0.6000195741653442,0.44995054602622986,0.6182571053504944,0.46962374448776245,0.5276302099227905,0.47536152601242065,0.4831222891807556,0.47475630044937134,0.4435087740421295,ㅚ
0.35545143485069275,0.7929500341415405,0.3352415859699249,0.7025538682937622,0.3454246520996094,0.6241979598999023,0.37147200107574463,0.5754930973052979,0.4016062915325165,0.5530710220336914,0.34877413511276245,0.550179660320282,0.3790079653263092,0.4452745318412781,0.39698174595832825,0.37881559133529663,0.409889280796051,0.32611513137817383,0.3787921369075775,0.5584725737571716,0.40896812081336975,0.5360787510871887,0.402312308549881,0.5740792155265808,0.3909452259540558,0.5980459451675415,0.41171956062316895,0.5856305360794067,0.4277524948120117,0.5567622184753418,0.41893383860588074,0.5945392847061157,0.4071958661079407,0.6168980598449707,0.4434141516685486,0.6163432002067566,0.4677518904209137,0.5287415385246277,0.47566890716552734,0.48671406507492065,0.47626107931137085,0.44867706298828125,ㅚ
0.34414494037628174,0.7931181192398071,0.32032138109207153,0.699408233165741,0.33299118280410767,0.6216354370117188,0.3559437394142151,0.5713906288146973,0.38282865285873413,0.5459752678871155,0.3377434015274048,0.5487546324729919,0.36396870017051697,0.4407377243041992,0.3791090250015259,0.3711814880371094,0.39102911949157715,0.31797054409980774,0.36945244669914246,0.5564728379249573,0.39815983176231384,0.5359289646148682,0.38896918296813965,0.5759413838386536,0.37448617815971375,0.5986108183860779,0.4034472703933716,0.5821762084960938,0.41706275939941406,0.5554741024971008,0.4086102843284607,0.5937955379486084,0.398153692483902,0.615788996219635,0.4345855712890625,0.611812949180603,0.46281954646110535,0.5231473445892334,0.473618745803833,0.4838210344314575,0.47815731167793274,0.44857096672058105,ㅚ
0.33403098583221436,0.8089999556541443,0.3072552978992462,0.7053418159484863,0.32287490367889404,0.6295167207717896,0.34927281737327576,0.5806381106376648,0.37514081597328186,0.5593124032020569,0.3286142349243164,0.5439708828926086,0.343565434217453,0.4368869662284851,0.3509233593940735,0.3679627776145935,0.35739603638648987,0.31363868713378906,0.36338576674461365,0.5509339570999146,0.3956511318683624,0.5392968058586121,0.38515788316726685,0.5870465040206909,0.3674198389053345,0.6136054396629333,0.3997628092765808,0.5797156691551208,0.4167992174625397,0.5670673251152039,0.406495064496994,0.6097641587257385,0.39366158843040466,0.6310373544692993,0.43092554807662964,0.6120416522026062,0.47101104259490967,0.5406254529953003,0.49437645077705383,0.5099968910217285,0.5095691084861755,0.47825148701667786,ㅚ
0.33472827076911926,0.803136944770813,0.3087001442909241,0.7026833891868591,0.3210945725440979,0.6247065663337708,0.3448392152786255,0.5715206265449524,0.3713613450527191,0.5471124053001404,0.3241522014141083,0.5450525283813477,0.34002867341041565,0.4333546757698059,0.3485959768295288,0.36303186416625977,0.35596880316734314,0.3086365759372711,0.35871514678001404,0.5504609942436218,0.3894709050655365,0.5264257192611694,0.3811101019382477,0.572496771812439,0.3658306300640106,0.5998499989509583,0.39534997940063477,0.5770984888076782,0.4118656516075134,0.5524981617927551,0.4045754373073578,0.5926680564880371,0.3937799036502838,0.6156545877456665,0.42847901582717896,0.609069287776947,0.4628757834434509,0.5233104825019836,0.4800611138343811,0.4880409836769104,0.4893503487110138,0.4560222029685974,ㅚ
0.3156564235687256,0.7647375464439392,0.30010613799095154,0.6744807362556458,0.3109167814254761,0.5971550941467285,0.33705034852027893,0.5478827357292175,0.3687520921230316,0.5281604528427124,0.31067878007888794,0.5270922780036926,0.35158059000968933,0.42621445655822754,0.37746405601501465,0.36498212814331055,0.3955349624156952,0.3168115019798279,0.3417184054851532,0.5384554266929626,0.3768754005432129,0.5031246542930603,0.37489551305770874,0.5387691259384155,0.3640446960926056,0.560477077960968,0.37559834122657776,0.5662713050842285,0.4001046121120453,0.5265488028526306,0.3965590000152588,0.5596883893013,0.3862324655056,0.5810204744338989,0.40838754177093506,0.5987765789031982,0.4381381869316101,0.5077047944068909,0.45178788900375366,0.4655509293079376,0.4582219421863556,0.4275500774383545,ㅚ
0.3275555968284607,0.7627360224723816,0.31093138456344604,0.6699787378311157,0.3231615126132965,0.591622531414032,0.3528435528278351,0.5434195399284363,0.38487520813941956,0.5278171300888062,0.3239942491054535,0.5289955735206604,0.37635499238967896,0.4349209666252136,0.4081270098686218,0.38146311044692993,0.4309115409851074,0.3392409086227417,0.3575601577758789,0.5434281229972839,0.398881733417511,0.4985164701938629,0.39837145805358887,0.5308504104614258,0.3886164426803589,0.5514952540397644,0.39175382256507874,0.5719662308692932,0.4198417663574219,0.5241361856460571,0.41577044129371643,0.5545821785926819,0.4051402807235718,0.5762641429901123,0.42565786838531494,0.6068564057350159,0.4518469572067261,0.5119383335113525,0.46175166964530945,0.46974125504493713,0.4645581841468811,0.43251872062683105,ㅚ
0.3039504289627075,0.7282412052154541,0.30593714118003845,0.6315932869911194,0.33597898483276367,0.5682297945022583,0.375519722700119,0.5394315719604492,0.41235387325286865,0.5438952445983887,0.3486492931842804,0.5078302025794983,0.4141823351383209,0.4390312433242798,0.45465177297592163,0.3993498980998993,0.48495128750801086,0.36714133620262146,0.3758139908313751,0.5359810590744019,0.42858120799064636,0.5051848888397217,0.42280471324920654,0.5350866317749023,0.4087657332420349,0.5516253709793091,0.40320008993148804,0.5747004151344299,0.4460979104042053,0.5359342694282532,0.43501877784729004,0.5616194605827332,0.41820934414863586,0.5752338767051697,0.4271312654018402,0.6155844926834106,0.4770681858062744,0.5463482737541199,0.5005569458007812,0.5150023698806763,0.5153443813323975,0.4843998849391937,ㅚ
0.24811293184757233,0.7167428731918335,0.25801002979278564,0.618544340133667,0.29658523201942444,0.5552232265472412,0.34154826402664185,0.5320516228675842,0.37957894802093506,0.5410167574882507,0.3119506239891052,0.5003925561904907,0.38280045986175537,0.4421781301498413,0.4252965450286865,0.40903180837631226,0.45720264315605164,0.3807848393917084,0.33739593625068665,0.5345320701599121,0.3975532054901123,0.5121463537216187,0.38828563690185547,0.540838360786438,0.3702603280544281,0.5543173551559448,0.3617892861366272,0.57821124792099,0.4130632281303406,0.5472679138183594,0.3996390998363495,0.5707101225852966,0.38035672903060913,0.5806050300598145,0.38183048367500305,0.6221213340759277,0.437784343957901,0.563463032245636,0.4652390778064728,0.5369976162910461,0.4838218688964844,0.5094653964042664,ㅚ
0.3540343940258026,0.7166212201118469,0.3360527455806732,0.6319591403007507,0.35202354192733765,0.5490646958351135,0.39145511388778687,0.5007465481758118,0.4315555691719055,0.4990279972553253,0.3443552255630493,0.5151252746582031,0.38039854168891907,0.4186438322067261,0.40427401661872864,0.36790692806243896,0.4203330874443054,0.3231046199798584,0.3744596540927887,0.5357314348220825,0.42596113681793213,0.4476065933704376,0.43120551109313965,0.48228883743286133,0.4193425178527832,0.51149982213974,0.4091234803199768,0.5638594627380371,0.4469326436519623,0.47307121753692627,0.45012736320495605,0.5051641464233398,0.44153839349746704,0.5327776074409485,0.44349977374076843,0.591116189956665,0.4750294089317322,0.5034021139144897,0.492094486951828,0.45828697085380554,0.5027147531509399,0.41793638467788696,ㅚ
0.37636974453926086,0.7241427302360535,0.35551419854164124,0.6383674144744873,0.3669128715991974,0.5589774250984192,0.39901188015937805,0.5036587119102478,0.4339250326156616,0.48852697014808655,0.36180493235588074,0.5272996425628662,0.3987225592136383,0.4240165650844574,0.42072105407714844,0.3686313033103943,0.4368837773799896,0.3222869634628296,0.3953523337841034,0.5417613983154297,0.4381261169910431,0.4478132128715515,0.44371944665908813,0.4740384817123413,0.43658167123794556,0.5020628571510315,0.4313071072101593,0.5664506554603577,0.4597795903682709,0.4760209918022156,0.4625813364982605,0.4980171024799347,0.4573407769203186,0.5245811939239502,0.46364352107048035,0.5933740735054016,0.49148744344711304,0.4969164729118347,0.505124568939209,0.45089107751846313,0.514254093170166,0.4138108491897583,ㅚ
0.3062520921230316,0.7886954545974731,0.28810155391693115,0.6960928440093994,0.3060915768146515,0.615679144859314,0.335357129573822,0.5683023929595947,0.3691933751106262,0.5520552396774292,0.31707513332366943,0.541005551815033,0.3562350273132324,0.4391361474990845,0.37993165850639343,0.37410861253738403,0.39844077825546265,0.3234161138534546,0.34953197836875916,0.5544338226318359,0.3770623505115509,0.5243507623672485,0.36787280440330505,0.5599299073219299,0.3550601005554199,0.5820749402046204,0.381407767534256,0.5863534808158875,0.39598026871681213,0.5503222942352295,0.38597947359085083,0.5835827589035034,0.3742848038673401,0.605807900428772,0.40980127453804016,0.6215887069702148,0.44202834367752075,0.5327022671699524,0.45577865839004517,0.49107295274734497,0.46235060691833496,0.455296128988266,ㅚ
0.2872466742992401,0.8050364255905151,0.2585025131702423,0.7004044055938721,0.2790270149707794,0.6182358860969543,0.30761125683784485,0.5644511580467224,0.3387516438961029,0.5400499105453491,0.30312156677246094,0.5231646299362183,0.3354346454143524,0.42074617743492126,0.3522615134716034,0.3571641445159912,0.3669034242630005,0.3067629933357239,0.34033364057540894,0.537294864654541,0.35839441418647766,0.5353279113769531,0.34046652913093567,0.578382670879364,0.3249298632144928,0.6027414798736572,0.37485310435295105,0.5719727277755737,0.378491073846817,0.554307758808136,0.35999929904937744,0.5948531627655029,0.3454546332359314,0.618711531162262,0.4029041528701782,0.6082262992858887,0.43260958790779114,0.5276089310646057,0.4423646926879883,0.49011367559432983,0.44480791687965393,0.45601028203964233,ㅚ
0.2863785922527313,0.7623965740203857,0.25722670555114746,0.6499171853065491,0.2832355499267578,0.5679110884666443,0.31284549832344055,0.5235378742218018,0.3484930694103241,0.5089483261108398,0.31716543436050415,0.4796363115310669,0.345699280500412,0.3839482069015503,0.3588871955871582,0.3274884521961212,0.37256479263305664,0.2809176445007324,0.3570038676261902,0.49927446246147156,0.3611104190349579,0.5009424686431885,0.3378939926624298,0.5405174493789673,0.3225928246974945,0.5661447644233704,0.3908720016479492,0.5386376976966858,0.38235336542129517,0.5261725783348083,0.3577854037284851,0.5667130947113037,0.34198567271232605,0.590568482875824,0.4170430898666382,0.5770877599716187,0.44453316926956177,0.5062508583068848,0.4562998414039612,0.47308364510536194,0.4621239900588989,0.4429309368133545,ㅚ
0.29446765780448914,0.756132185459137,0.277981162071228,0.6501103639602661,0.30668795108795166,0.5800274610519409,0.33503812551498413,0.5464913249015808,0.36522650718688965,0.537186324596405,0.33523985743522644,0.5118728876113892,0.36554497480392456,0.4383176267147064,0.37849879264831543,0.39584246277809143,0.39147859811782837,0.3599785268306732,0.3713340759277344,0.5298935770988464,0.37655937671661377,0.536392867565155,0.3579729199409485,0.5689064264297485,0.34377521276474,0.589900016784668,0.4013307988643646,0.5674143433570862,0.3979529142379761,0.5617356896400452,0.37889382243156433,0.5977844595909119,0.36475062370300293,0.6183344125747681,0.4264156222343445,0.6048991084098816,0.4490685760974884,0.5511443018913269,0.45808178186416626,0.5246098637580872,0.46082642674446106,0.49984684586524963,ㅚ
0.2683370113372803,0.7344841361045837,0.2586706578731537,0.6344388127326965,0.29020747542381287,0.5696092844009399,0.32091009616851807,0.5449603199958801,0.35146135091781616,0.5471740961074829,0.32174059748649597,0.5143824815750122,0.3535039722919464,0.45121681690216064,0.36872977018356323,0.4124077558517456,0.3826121389865875,0.37790390849113464,0.3558124899864197,0.5335084199905396,0.3625606596469879,0.5419833660125732,0.345475971698761,0.5737748146057129,0.3313697278499603,0.5921740531921387,0.38249531388282776,0.5716280937194824,0.3785812556743622,0.5719542503356934,0.3591766357421875,0.6063279509544373,0.34454554319381714,0.623813807964325,0.4043351411819458,0.611319363117218,0.43026456236839294,0.5640994310379028,0.44421470165252686,0.5400451421737671,0.45103567838668823,0.5160601139068604,ㅚ
0.2952505350112915,0.7657585144042969,0.27883610129356384,0.6706245541572571,0.2992519438266754,0.5947526693344116,0.32789742946624756,0.5489709973335266,0.36052656173706055,0.5309769511222839,0.3106499910354614,0.5212194323539734,0.3467271327972412,0.41984260082244873,0.36836427450180054,0.35513460636138916,0.38536131381988525,0.30486536026000977,0.3440200984477997,0.5340587496757507,0.37144920229911804,0.5205253958702087,0.35839948058128357,0.5588911175727844,0.34245824813842773,0.5801518559455872,0.3766869604587555,0.5658468008041382,0.3907194137573242,0.5428229570388794,0.3776249885559082,0.5776397585868835,0.3638063669204712,0.5972464084625244,0.40516653656959534,0.6006343364715576,0.4371865391731262,0.518444299697876,0.44924312829971313,0.4801042675971985,0.4538114666938782,0.4460783004760742,ㅚ
0.2535415291786194,0.7666687369346619,0.2516627013683319,0.6645675897598267,0.28116708993911743,0.5902383923530579,0.32274895906448364,0.5533522367477417,0.3623253107070923,0.5565917491912842,0.2925996482372284,0.5338176488876343,0.34682080149650574,0.4378107488155365,0.3808496594429016,0.37912827730178833,0.40619081258773804,0.33184343576431274,0.3233010172843933,0.5615326166152954,0.37862202525138855,0.509289562702179,0.3730914294719696,0.5432841181755066,0.3576804995536804,0.564856231212616,0.3532906174659729,0.6009379625320435,0.39892256259918213,0.5447311997413635,0.3915727138519287,0.5689859986305237,0.3766394555568695,0.5863879919052124,0.37882471084594727,0.640789270401001,0.4286133348941803,0.5575042366981506,0.45121800899505615,0.5213493704795837,0.46520671248435974,0.4896225929260254,ㅚ
0.24682801961898804,0.7694169878959656,0.24732278287410736,0.669691801071167,0.286539226770401,0.5972838401794434,0.33630192279815674,0.5682377219200134,0.3778885304927826,0.5803583860397339,0.30117902159690857,0.5497258305549622,0.3688848614692688,0.4694717526435852,0.41052499413490295,0.424700528383255,0.442823588848114,0.3887239396572113,0.3309129476547241,0.5877233147621155,0.3946502208709717,0.5320224761962891,0.3851741552352905,0.5611211061477661,0.3668011724948883,0.5839795470237732,0.3583481013774872,0.631225049495697,0.4111647307872772,0.5695405006408691,0.3999030590057373,0.5907082557678223,0.3819272816181183,0.6100606322288513,0.37982726097106934,0.6695188283920288,0.4358956813812256,0.6013257503509521,0.46382585167884827,0.5685712695121765,0.4837518036365509,0.5383176207542419,ㅚ
0.2935270071029663,0.7142053842544556,0.2865607738494873,0.6214792132377625,0.310642272233963,0.547911524772644,0.3473999798297882,0.508441686630249,0.3838028609752655,0.5101490616798401,0.3184652328491211,0.49574917554855347,0.36526232957839966,0.39551734924316406,0.3938482999801636,0.3362697958946228,0.41525205969810486,0.28812941908836365,0.3475050926208496,0.5209656357765198,0.39602816104888916,0.46496087312698364,0.3916243612766266,0.4963703453540802,0.37705764174461365,0.5174252390861511,0.3774053454399109,0.5577157139778137,0.4140835106372833,0.4993205964565277,0.40868330001831055,0.5225042104721069,0.3954707384109497,0.5399157404899597,0.40379518270492554,0.5941454768180847,0.4471328854560852,0.5086811780929565,0.46694931387901306,0.4716562032699585,0.4795531928539276,0.4381469190120697,ㅚ
0.3289600908756256,0.750296950340271,0.309303879737854,0.6596229076385498,0.3164198398590088,0.5821120142936707,0.3400077521800995,0.5305429697036743,0.37188684940338135,0.5114417672157288,0.31645840406417847,0.5223022699356079,0.34549570083618164,0.4085763096809387,0.3635043799877167,0.33883732557296753,0.3756498396396637,0.2853448688983917,0.3479573726654053,0.5337114334106445,0.3866931200027466,0.48380881547927856,0.38559356331825256,0.5199228525161743,0.37525343894958496,0.542360782623291,0.38484033942222595,0.5603616833686829,0.4091494679450989,0.5082860589027405,0.40692368149757385,0.5399765372276306,0.3987291157245636,0.5604487061500549,0.42068541049957275,0.5914045572280884,0.44654279947280884,0.48980993032455444,0.45579269528388977,0.44640958309173584,0.4599447250366211,0.4078538417816162,ㅚ
0.31720593571662903,0.7749911546707153,0.2734951674938202,0.6972119212150574,0.2503546476364136,0.6099824905395508,0.2640687823295593,0.5435092449188232,0.2945188879966736,0.5194786190986633,0.2935754060745239,0.5431140065193176,0.3283015191555023,0.42576009035110474,0.348693311214447,0.3560718894004822,0.36115238070487976,0.3026910424232483,0.33396047353744507,0.5474882125854492,0.36448225378990173,0.5007556676864624,0.3585251569747925,0.5404359698295593,0.34582722187042236,0.565574586391449,0.37433454394340515,0.5712297558784485,0.3906102478504181,0.5313671231269836,0.3847905397415161,0.5622099041938782,0.373737633228302,0.5854825973510742,0.41181230545043945,0.604819655418396,0.4377201795578003,0.5044527053833008,0.44771671295166016,0.4614521265029907,0.4523683190345764,0.4267149567604065,ㅚ
0.31204095482826233,0.7906543612480164,0.2704753279685974,0.7047015428543091,0.2476031482219696,0.6070981621742249,0.27088579535484314,0.5389167070388794,0.3112107217311859,0.5214840769767761,0.28949883580207825,0.549608051776886,0.3244321644306183,0.425981342792511,0.34559422731399536,0.35446107387542725,0.3576256334781647,0.2986702620983124,0.33188396692276,0.5570051670074463,0.36349594593048096,0.5012748837471008,0.35591745376586914,0.5397584438323975,0.34278836846351624,0.5670678615570068,0.37323975563049316,0.5826208591461182,0.39083677530288696,0.5336728096008301,0.38423386216163635,0.562240719795227,0.3723675310611725,0.5865582823753357,0.41201749444007874,0.617506206035614,0.438241183757782,0.5132942199707031,0.4487137496471405,0.4678236246109009,0.45326679944992065,0.43290966749191284,ㅚ
0.30074456334114075,0.7628841400146484,0.268924355506897,0.6775814890861511,0.26675498485565186,0.5819560885429382,0.3005334138870239,0.5243034362792969,0.3436588644981384,0.5107936859130859,0.2937401831150055,0.5272060036659241,0.32639503479003906,0.4071109890937805,0.34606078267097473,0.3357884883880615,0.35950058698654175,0.2795291841030121,0.3321765959262848,0.5376484394073486,0.3663010001182556,0.4919470250606537,0.35876911878585815,0.5316171050071716,0.3474627733230591,0.557658851146698,0.370460569858551,0.5657380819320679,0.39176642894744873,0.5218791365623474,0.38251638412475586,0.5514708757400513,0.37007132172584534,0.5734097957611084,0.40587177872657776,0.5986389517784119,0.435300350189209,0.5002533197402954,0.44637903571128845,0.4535413384437561,0.453014075756073,0.41418322920799255,ㅚ
0.29900142550468445,0.7504270076751709,0.2718800902366638,0.6585085391998291,0.28033679723739624,0.5740105509757996,0.3084218502044678,0.5216960310935974,0.3435932397842407,0.5054177045822144,0.29791510105133057,0.5189949870109558,0.3273346722126007,0.40241411328315735,0.34605300426483154,0.33006471395492554,0.3601362407207489,0.27501699328422546,0.33313700556755066,0.533919632434845,0.3674069344997406,0.4849083125591278,0.3613555133342743,0.5181276798248291,0.35100656747817993,0.5397875905036926,0.3696053922176361,0.5647554993629456,0.390251100063324,0.5112957954406738,0.3835446834564209,0.5371243357658386,0.3747622072696686,0.557070791721344,0.4028855264186859,0.5982839465141296,0.4352341294288635,0.4975559413433075,0.44572630524635315,0.45112618803977966,0.45186349749565125,0.41263821721076965,ㅚ
0.29480215907096863,0.7646851539611816,0.2721867561340332,0.6686147451400757,0.2848065495491028,0.5867506265640259,0.3148411810398102,0.5369980335235596,0.3495054244995117,0.5238727927207947,0.3009840250015259,0.5277522802352905,0.33957743644714355,0.41666293144226074,0.36442136764526367,0.34728679060935974,0.3828766345977783,0.2954327464103699,0.3355828523635864,0.5437374114990234,0.3719375729560852,0.4961138367652893,0.36577466130256653,0.5293735861778259,0.3547295928001404,0.5504886507987976,0.3709103465080261,0.5749291777610779,0.3935976028442383,0.5258563756942749,0.38558509945869446,0.5517861247062683,0.3748483657836914,0.5703678727149963,0.40166810154914856,0.6091770529747009,0.4401836097240448,0.515705943107605,0.4545706510543823,0.47525346279144287,0.46267765760421753,0.44052672386169434,ㅚ
0.2662303149700165,0.7604072093963623,0.26000237464904785,0.6657747626304626,0.2825183570384979,0.5932118892669678,0.31636908650398254,0.55250084400177,0.35096386075019836,0.5461670160293579,0.2961868345737457,0.5269529223442078,0.3403719365596771,0.42627012729644775,0.36743074655532837,0.3642086684703827,0.38676366209983826,0.31630802154541016,0.32449865341186523,0.5483291149139404,0.3719152808189392,0.5134713053703308,0.3634810447692871,0.548850417137146,0.3480459153652191,0.5682635307312012,0.3554094433784485,0.5842448472976685,0.39229822158813477,0.5436808466911316,0.38233518600463867,0.5725003480911255,0.3678077161312103,0.5874871611595154,0.38427644968032837,0.6217522621154785,0.4279375970363617,0.53990238904953,0.4469723105430603,0.5043056011199951,0.4585959017276764,0.46979156136512756,ㅚ
0.2569948136806488,0.7628570795059204,0.2550826966762543,0.6590014100074768,0.28645920753479004,0.5857419371604919,0.33045732975006104,0.556987464427948,0.3707437217235565,0.5672511458396912,0.2984708249568939,0.5328602194786072,0.35189956426620483,0.43357187509536743,0.38353538513183594,0.37598228454589844,0.4077984094619751,0.33017897605895996,0.3297377824783325,0.5642249584197998,0.3875437378883362,0.515571117401123,0.37845778465270996,0.5510461926460266,0.3614724576473236,0.5744286179542542,0.3598085045814514,0.6062301993370056,0.4094112515449524,0.5564919114112854,0.39890867471694946,0.5827317237854004,0.3821916878223419,0.5991270542144775,0.38666629791259766,0.6465693116188049,0.4395482838153839,0.5755574703216553,0.46661609411239624,0.5441619157791138,0.484963059425354,0.5135160088539124,ㅚ
0.3395027816295624,0.8074341416358948,0.3190993070602417,0.7205671668052673,0.3337654173374176,0.637708306312561,0.36450091004371643,0.5897082090377808,0.39817818999290466,0.5751718878746033,0.3422795534133911,0.5849040150642395,0.372075617313385,0.4704265594482422,0.3911270499229431,0.40009641647338867,0.4053392708301544,0.34406983852386475,0.3764730393886566,0.6024624705314636,0.4102587401866913,0.5516480207443237,0.4028923809528351,0.584699273109436,0.391512930393219,0.6062382459640503,0.4112898111343384,0.6340808272361755,0.4312649667263031,0.5785092711448669,0.42444267868995667,0.6056624054908752,0.4141235053539276,0.6247690916061401,0.445772647857666,0.6663011908531189,0.4698984622955322,0.5632739067077637,0.4783237874507904,0.5142019987106323,0.4819328188896179,0.47416478395462036,ㅚ
