0.7419843673706055,0.8704943060874939,0.7674814462661743,0.7467988729476929,0.7415123581886292,0.6583449244499207,0.690528392791748,0.6104666590690613,0.6552488803863525,0.5906608700752258,0.7361615300178528,0.5993801355361938,0.7439932227134705,0.47942596673965454,0.7553340196609497,0.3998352885246277,0.764330267906189,0.3394029438495636,0.688616931438446,0.6030652523040771,0.6646131277084351,0.46446606516838074,0.6507341265678406,0.38117313385009766,0.6371340155601501,0.3272394835948944,0.6463198661804199,0.6289688348770142,0.6189195513725281,0.557194173336029,0.6364991068840027,0.5803860425949097,0.6485651135444641,0.6117954850196838,0.6164572834968567,0.6691380143165588,0.6119849681854248,0.6271655559539795,0.627979040145874,0.6500543355941772,0.6403934955596924,0.6768298745155334,ㅛ
0.7304710745811462,0.8495976328849792,0.7558349967002869,0.7344038486480713,0.7293139100074768,0.6510738134384155,0.6789151430130005,0.607708752155304,0.6445282697677612,0.5872442722320557,0.726813018321991,0.5973793268203735,0.7336443066596985,0.48514625430107117,0.7433828115463257,0.4139411449432373,0.7507302165031433,0.35856038331985474,0.6811138987541199,0.5990575551986694,0.660070538520813,0.47117751836776733,0.647631049156189,0.3957826793193817,0.6350038051605225,0.3460156321525574,0.6417359113693237,0.6220043897628784,0.6181389093399048,0.5567023754119873,0.6357278227806091,0.5776015520095825,0.6471172571182251,0.6081769466400146,0.6144877672195435,0.6590778827667236,0.6134072542190552,0.6222027540206909,0.6300417184829712,0.6427095532417297,0.6426534652709961,0.6696014404296875,ㅛ
0.7418796420097351,0.8444873094558716,0.7687750458717346,0.714465856552124,0.741878867149353,0.6339108943939209,0.6939384341239929,0.5869379043579102,0.6579189896583557,0.5654831528663635,0.7435644268989563,0.5722549557685852,0.7354423403739929,0.4470233917236328,0.7318200469017029,0.3719019293785095,0.7271859645843506,0.31439653038978577,0.6965764164924622,0.5745378136634827,0.6757944226264954,0.43537139892578125,0.6612607836723328,0.3539474904537201,0.6482078433036804,0.30039653182029724,0.6517349481582642,0.5995733737945557,0.6215487718582153,0.5279022455215454,0.637471079826355,0.5532495379447937,0.6493246555328369,0.584305465221405,0.618627667427063,0.6414144039154053,0.6124888062477112,0.603664755821228,0.6292998790740967,0.6263573169708252,0.6434258222579956,0.6535273194313049,ㅛ
0.7333250045776367,0.8869478702545166,0.7696413993835449,0.756422221660614,0.7395839095115662,0.6572182774543762,0.681867241859436,0.6064906716346741,0.6393288373947144,0.5819902420043945,0.7382009029388428,0.5955177545547485,0.7305830121040344,0.45828062295913696,0.7280170321464539,0.37826263904571533,0.7238665223121643,0.3148691654205322,0.6872178912162781,0.600501298904419,0.6704479455947876,0.4521554410457611,0.6578399538993835,0.3617859184741974,0.6456359624862671,0.2993750274181366,0.6403114795684814,0.6263892650604248,0.6171196699142456,0.5424588918685913,0.6356784701347351,0.5665754675865173,0.6479989290237427,0.6034287214279175,0.6071081757545471,0.6641347408294678,0.6086450815200806,0.6226438283920288,0.6297215819358826,0.6456238031387329,0.6447775363922119,0.6764892339706421,ㅛ
0.741433322429657,0.8941123485565186,0.7728725671768188,0.7616498470306396,0.7417070269584656,0.662539541721344,0.680331826210022,0.6118578314781189,0.6387635469436646,0.5823783874511719,0.744788646697998,0.6051101088523865,0.7432435750961304,0.46559637784957886,0.7446838617324829,0.3819159269332886,0.7440441250801086,0.315906286239624,0.6955849528312683,0.6117079854011536,0.673215925693512,0.46113941073417664,0.6577867865562439,0.370587557554245,0.6437708139419556,0.3080495595932007,0.6483526229858398,0.6373180150985718,0.6207520365715027,0.5528071522712708,0.6380230188369751,0.5764456987380981,0.64906245470047,0.6119818091392517,0.6135424971580505,0.6730827689170837,0.6141307353973389,0.6327839493751526,0.6352112293243408,0.6572258472442627,0.6496805548667908,0.6877234578132629,ㅛ
0.6843856573104858,0.8253040313720703,0.7039642333984375,0.7206767797470093,0.6745923161506653,0.6373440027236938,0.622654139995575,0.6090415716171265,0.5828094482421875,0.6011395454406738,0.6676368117332458,0.5909449458122253,0.6668083071708679,0.4818834364414215,0.6684759259223938,0.4162334203720093,0.6683779358863831,0.3636115789413452,0.627236545085907,0.5977582931518555,0.608314037322998,0.4824845790863037,0.5970870852470398,0.4149364233016968,0.5864211320877075,0.3671025037765503,0.5924022197723389,0.6232635974884033,0.5751587152481079,0.5687010884284973,0.5922696590423584,0.5923088788986206,0.603833794593811,0.6233596205711365,0.5680449604988098,0.6564149856567383,0.5702090263366699,0.6317875981330872,0.5894243717193604,0.6510604023933411,0.6007614731788635,0.6747724413871765,ㅛ
0.6611796617507935,0.8839095830917358,0.6876458525657654,0.7891013026237488,0.664193868637085,0.7099257707595825,0.6167168021202087,0.6748891472816467,0.5818842053413391,0.6600468754768372,0.6613438725471497,0.6682342886924744,0.6689134836196899,0.5677489638328552,0.6748014688491821,0.5094634890556335,0.6786528825759888,0.4630192518234253,0.6216532588005066,0.6709381937980652,0.6119596362113953,0.5612354278564453,0.6041736006736755,0.49959248304367065,0.5958848595619202,0.4561995565891266,0.589138925075531,0.6890684366226196,0.5799291133880615,0.6341768503189087,0.5963118076324463,0.6521966457366943,0.6057960391044617,0.6793162822723389,0.5668113827705383,0.7145326733589172,0.5726529955863953,0.6874189972877502,0.58933424949646,0.7066201567649841,0.5998785495758057,0.7308658957481384,ㅛ
0.6819141507148743,0.8195770382881165,0.7022129893302917,0.7291382551193237,0.6812431812286377,0.6568796634674072,0.6392003893852234,0.6270445585250854,0.6082495450973511,0.6166443824768066,0.678336501121521,0.6201261878013611,0.6856656670570374,0.5220319032669067,0.6906204223632812,0.4637206792831421,0.6949845552444458,0.41710346937179565,0.6406748294830322,0.6240063309669495,0.6279091238975525,0.5200461149215698,0.6195551753044128,0.4600526690483093,0.6114710569381714,0.4184611737728119,0.6090808510780334,0.643609344959259,0.5976980924606323,0.5875669121742249,0.6130478382110596,0.6058117151260376,0.6224998235702515,0.6330347657203674,0.5884051322937012,0.6700034141540527,0.593738853931427,0.6433832049369812,0.6089180111885071,0.6593447327613831,0.6177369952201843,0.6804347634315491,ㅛ
0.7088794708251953,0.8010116815567017,0.7192986011505127,0.6975099444389343,0.6801394820213318,0.6126708388328552,0.6220715045928955,0.5850142240524292,0.5832869410514832,0.5741226077079773,0.6795921325683594,0.567825198173523,0.6711676120758057,0.4608772397041321,0.6700420379638672,0.393169641494751,0.6685826182365417,0.33902016282081604,0.6381533145904541,0.5806586742401123,0.6118382215499878,0.4632461667060852,0.596242368221283,0.39325857162475586,0.5808114409446716,0.3430180549621582,0.6037724018096924,0.6096375584602356,0.576667070388794,0.5465105175971985,0.5962355136871338,0.5647625923156738,0.6081690192222595,0.5912970304489136,0.5811082124710083,0.645593523979187,0.5808674097061157,0.6098182797431946,0.6008763313293457,0.624897837638855,0.6121761798858643,0.6444718241691589,ㅛ
0.7272114753723145,0.8130936026573181,0.745814859867096,0.6983196139335632,0.7050952911376953,0.6023693084716797,0.6377543807029724,0.5635122656822205,0.590482234954834,0.5443204045295715,0.7012296915054321,0.5533046722412109,0.697442352771759,0.4246172308921814,0.69858318567276,0.34676098823547363,0.6994335651397705,0.2829406261444092,0.6545655131340027,0.5646340250968933,0.6277249455451965,0.42913079261779785,0.611714780330658,0.3496120572090149,0.5977479219436646,0.29255521297454834,0.6147720813751221,0.5954010486602783,0.5857391953468323,0.5161997675895691,0.6072359085083008,0.5404979586601257,0.6228477358818054,0.5743653178215027,0.5893104672431946,0.632409393787384,0.5889414548873901,0.5932883024215698,0.6111078262329102,0.6170806884765625,0.6242607235908508,0.6439301371574402,ㅛ
0.7344805002212524,0.8480425477027893,0.7395768761634827,0.7369272708892822,0.6937663555145264,0.653698742389679,0.6338884234428406,0.6416240334510803,0.5889897346496582,0.6449611783027649,0.6883271932601929,0.6128731966018677,0.6751382946968079,0.49777838587760925,0.671074390411377,0.42702704668045044,0.6679314970970154,0.36842799186706543,0.6507947444915771,0.6287112236022949,0.6139362454414368,0.511590838432312,0.5906813144683838,0.44331496953964233,0.5710113644599915,0.39251482486724854,0.6195206642150879,0.6621263027191162,0.576677680015564,0.5956445932388306,0.5959503650665283,0.6198192238807678,0.6138225793838501,0.6482534408569336,0.5987129211425781,0.7017351984977722,0.582474410533905,0.6684779524803162,0.6042812466621399,0.6889775991439819,0.6216768026351929,0.7098171710968018,ㅛ
0.7839973568916321,0.794960081577301,0.7649280428886414,0.6777226328849792,0.7055459022521973,0.6096628904342651,0.6446176171302795,0.6045308113098145,0.6038455963134766,0.6158194541931152,0.6761083602905273,0.5580291748046875,0.6391247510910034,0.450131893157959,0.6200380325317383,0.38083523511886597,0.6040304899215698,0.3249110281467438,0.6386651992797852,0.5928986072540283,0.5714730024337769,0.49305784702301025,0.5342144966125488,0.4338948428630829,0.5039939284324646,0.39416584372520447,0.6160483360290527,0.6424252986907959,0.5647300481796265,0.5957673192024231,0.5906335711479187,0.6080701351165771,0.614490807056427,0.6281883716583252,0.6075590252876282,0.6945405006408691,0.5834433436393738,0.6658915877342224,0.6068639159202576,0.6763744354248047,0.6272864937782288,0.6896122097969055,ㅛ
0.862598180770874,0.78357994556427,0.8364832997322083,0.6569995284080505,0.763333261013031,0.5883904099464417,0.6907209753990173,0.5910544991493225,0.6435375213623047,0.604460597038269,0.7312477827072144,0.5315396189689636,0.6845558881759644,0.4189893901348114,0.6602607369422913,0.3420536518096924,0.6380164623260498,0.2813539206981659,0.6940339803695679,0.5757426619529724,0.6150761246681213,0.4742034673690796,0.5704742074012756,0.41315925121307373,0.5333278179168701,0.37486985325813293,0.6713018417358398,0.6342283487319946,0.6067937612533569,0.584532618522644,0.6413050889968872,0.5981963276863098,0.6706812381744385,0.6169240474700928,0.6644213795661926,0.690291702747345,0.6348318457603455,0.656765878200531,0.6644012331962585,0.6704961657524109,0.688886821269989,0.6850984692573547,ㅛ
0.8174920678138733,0.8394681215286255,0.8090779185295105,0.7144414782524109,0.7500876784324646,0.6384327411651611,0.6830310225486755,0.6242724657058716,0.6380873918533325,0.6246518492698669,0.7303465008735657,0.5816479921340942,0.6968523859977722,0.46678319573402405,0.6815294027328491,0.39421841502189636,0.6667969226837158,0.335890531539917,0.6900027990341187,0.6088273525238037,0.6350936889648438,0.4954589009284973,0.5992681384086609,0.4302808940410614,0.5702396631240845,0.38644710183143616,0.6605134606361389,0.6549422740936279,0.6146727800369263,0.5977261662483215,0.641782283782959,0.6177147030830383,0.6644138097763062,0.6429369449615479,0.6459415555000305,0.7020624279975891,0.6313396692276001,0.6711702346801758,0.6565181612968445,0.6890963315963745,0.6760030388832092,0.7079308032989502,ㅛ
0.7747687101364136,0.8460737466812134,0.7966586351394653,0.7234283685684204,0.7542972564697266,0.635787844657898,0.6912051439285278,0.6015099883079529,0.6466238498687744,0.5878885388374329,0.7475908398628235,0.5814691781997681,0.7381367683410645,0.46016621589660645,0.7380655407905579,0.38694441318511963,0.7359173893928528,0.3283674120903015,0.6995286345481873,0.5935825705528259,0.6709882020950317,0.46309778094291687,0.6511614918708801,0.3892170786857605,0.6337689161300659,0.3380034565925598,0.6590957641601562,0.6236445903778076,0.6314477324485779,0.5494166016578674,0.6522519588470459,0.5716901421546936,0.6676916480064392,0.6047766804695129,0.6332588195800781,0.65990149974823,0.6332797408103943,0.6237510442733765,0.6545361280441284,0.6470308303833008,0.6690499782562256,0.6754693984985352,ㅛ
0.77550208568573,0.8860458135604858,0.8036623001098633,0.7687978744506836,0.7712910175323486,0.6774742603302002,0.7114784121513367,0.6367351412773132,0.6687551736831665,0.6172014474868774,0.7671236395835876,0.6249003410339355,0.7666749358177185,0.5045042037963867,0.7711501717567444,0.43099159002304077,0.7733502388000488,0.3729281723499298,0.7207445502281189,0.6287261247634888,0.7017654180526733,0.49785658717155457,0.6867035031318665,0.42069804668426514,0.6717862486839294,0.3670809268951416,0.6799606084823608,0.6534134149551392,0.6568248867988586,0.5793091654777527,0.6744064688682556,0.603009045124054,0.6860558390617371,0.6366363763809204,0.6517956256866455,0.6885245442390442,0.653070867061615,0.6559843420982361,0.6718701124191284,0.678442120552063,0.6842580437660217,0.705363929271698,ㅛ
0.7575299143791199,0.8489236831665039,0.7868190407752991,0.7353758811950684,0.7608333826065063,0.6465601325035095,0.7098698616027832,0.6059190034866333,0.6726754307746887,0.5903799533843994,0.7472678422927856,0.5924023389816284,0.7516611218452454,0.47835373878479004,0.7562589645385742,0.40994805097579956,0.7601925730705261,0.3547394573688507,0.6997162699699402,0.5964400172233582,0.6845958232879639,0.47286927700042725,0.6749009490013123,0.39988499879837036,0.665005624294281,0.34919509291648865,0.6601926684379578,0.6219853162765503,0.6442524790763855,0.5574806928634644,0.6624893546104431,0.5768480896949768,0.6744570136070251,0.6092686653137207,0.6327366232872009,0.6596951484680176,0.6364426016807556,0.6298463940620422,0.6538867950439453,0.6475972533226013,0.6653406023979187,0.6721830368041992,ㅛ
0.7256481647491455,0.8666486740112305,0.7475816011428833,0.737318217754364,0.708919882774353,0.6452159285545349,0.6502662301063538,0.6004582643508911,0.6072889566421509,0.5780001878738403,0.7000809907913208,0.5845328569412231,0.6695635914802551,0.45408323407173157,0.6544428467750549,0.3782922923564911,0.6385273933410645,0.31895777583122253,0.6526637673377991,0.602770209312439,0.6271323561668396,0.4558938145637512,0.6101588606834412,0.367025762796402,0.594414234161377,0.304791122674942,0.6088886857032776,0.636605441570282,0.583901584148407,0.5475166440010071,0.6075459718704224,0.5689495801925659,0.6224588751792908,0.6012319922447205,0.58014315366745,0.6746174693107605,0.5847214460372925,0.6249221563339233,0.6080776453018188,0.6437482237815857,0.6210522055625916,0.6698384284973145,ㅛ
0.7053896188735962,0.9002664089202881,0.7281574606895447,0.7651098370552063,0.6902998089790344,0.6691765189170837,0.6312927007675171,0.6283116936683655,0.5874395370483398,0.6091435551643372,0.6754508018493652,0.6130453944206238,0.6465350389480591,0.4792559742927551,0.6319217085838318,0.4006514549255371,0.6161969304084778,0.33739322423934937,0.625727117061615,0.6317641735076904,0.6011936664581299,0.47931164503097534,0.5850116014480591,0.3865602910518646,0.5686625242233276,0.3197115361690521,0.5807704925537109,0.665918231010437,0.5588055849075317,0.5683836936950684,0.5840650796890259,0.588970422744751,0.5989858508110046,0.6238875985145569,0.5522463917732239,0.7027212381362915,0.56205153465271,0.6472183465957642,0.5872085094451904,0.6640113592147827,0.6000482439994812,0.690875768661499,ㅛ
0.6939204931259155,0.8738093972206116,0.7067317962646484,0.7361103296279907,0.6708149909973145,0.6517922878265381,0.6216371059417725,0.61455899477005,0.5829897522926331,0.6035183072090149,0.6531581878662109,0.5926993489265442,0.61705082654953,0.4690915644168854,0.6004976034164429,0.3976280987262726,0.5855566263198853,0.3412165641784668,0.605475664138794,0.6139624118804932,0.5713692903518677,0.46993374824523926,0.5532196760177612,0.38494783639907837,0.5383048057556152,0.3263307511806488,0.5638290643692017,0.6516624689102173,0.5417017936706543,0.5698404908180237,0.5640132427215576,0.588197648525238,0.578965425491333,0.6192720532417297,0.5382967591285706,0.6958184242248535,0.5424233078956604,0.6387557983398438,0.5656260251998901,0.655493438243866,0.5806271433830261,0.6837767362594604,ㅛ
0.6670548915863037,0.8593941926956177,0.6949622631072998,0.707597553730011,0.6464323997497559,0.5943055748939514,0.5754659175872803,0.5466960072517395,0.5223743319511414,0.5327883958816528,0.6159294843673706,0.5259823203086853,0.5687294602394104,0.3672932982444763,0.5452925562858582,0.2812330722808838,0.5214195251464844,0.21245482563972473,0.5534249544143677,0.5539160966873169,0.510527491569519,0.3762040138244629,0.48864254355430603,0.26957768201828003,0.4676143527030945,0.19245582818984985,0.504664421081543,0.6028193235397339,0.4828886389732361,0.49544206261634827,0.517355740070343,0.5204610824584961,0.5402833223342896,0.5622108578681946,0.47703930735588074,0.6560282111167908,0.48286473751068115,0.5861748456954956,0.514215886592865,0.606873095035553,0.5326931476593018,0.6430714726448059,ㅛ
0.6593652963638306,0.8748595714569092,0.689394474029541,0.7113901376724243,0.6372562050819397,0.5841994285583496,0.5609659552574158,0.51670241355896,0.5056895613670349,0.48840147256851196,0.5973219275474548,0.504291832447052,0.56693434715271,0.31988638639450073,0.5501512885093689,0.21812063455581665,0.531808078289032,0.1368066966533661,0.5288423895835876,0.5351425409317017,0.4849591851234436,0.34677618741989136,0.45813900232315063,0.23656287789344788,0.43100565671920776,0.15665987133979797,0.47983619570732117,0.5890274047851562,0.4624265730381012,0.47626203298568726,0.49927228689193726,0.5019250512123108,0.5232313871383667,0.5479423403739929,0.453126460313797,0.6495580077171326,0.45459961891174316,0.5718570947647095,0.4843994081020355,0.5967429876327515,0.5030646324157715,0.6388540863990784,ㅛ
0.6618314981460571,0.8958247900009155,0.6876559257507324,0.7154404520988464,0.6383882761001587,0.5791141390800476,0.5643121004104614,0.515275239944458,0.5126458406448364,0.4904274344444275,0.5930810570716858,0.5015648007392883,0.5705500841140747,0.2975303530693054,0.5586740374565125,0.1768331229686737,0.5474499464035034,0.08048945665359497,0.5166617035865784,0.5377042293548584,0.45907163619995117,0.32614314556121826,0.42006993293762207,0.19952040910720825,0.3830174207687378,0.11321195960044861,0.4603777527809143,0.5968791842460632,0.4333820343017578,0.4526703953742981,0.4744890332221985,0.46702077984809875,0.5019065141677856,0.515268087387085,0.43170082569122314,0.6633632183074951,0.4275924563407898,0.5578055381774902,0.464143306016922,0.5718942284584045,0.4888840913772583,0.6139752864837646,ㅛ
0.6579685211181641,0.9137852787971497,0.6859728693962097,0.7345229983329773,0.6378116011619568,0.5966092944145203,0.557701587677002,0.5327135324478149,0.5000935196876526,0.5102652311325073,0.5941187739372253,0.5148855447769165,0.5774846076965332,0.3153272569179535,0.5678830742835999,0.20077860355377197,0.5599430799484253,0.10911735892295837,0.5164089202880859,0.5515158772468567,0.45894601941108704,0.3542289733886719,0.4220830202102661,0.23723679780960083,0.388045072555542,0.15151959657669067,0.4617847800254822,0.6124265789985657,0.4422934651374817,0.49003782868385315,0.48362353444099426,0.5140388607978821,0.5115940570831299,0.5633801817893982,0.4338856339454651,0.6791127324104309,0.43045613169670105,0.5945187211036682,0.4644737243652344,0.6108987331390381,0.4893604516983032,0.6472126245498657,ㅛ
0.6690837740898132,0.9410250186920166,0.7004328966140747,0.7755325436592102,0.6586430668830872,0.6461753845214844,0.5879443883895874,0.5949493050575256,0.5335851311683655,0.5840372443199158,0.6178879141807556,0.5725686550140381,0.6043378710746765,0.38393956422805786,0.5979448556900024,0.2790888845920563,0.592106282711029,0.19594433903694153,0.5441137552261353,0.5996483564376831,0.487552285194397,0.4132016897201538,0.4547181725502014,0.30649134516716003,0.42605483531951904,0.23234623670578003,0.4927296042442322,0.6513586044311523,0.48071327805519104,0.5454409122467041,0.5193148255348206,0.5661876201629639,0.5440811514854431,0.6095460653305054,0.4651508927345276,0.7093904614448547,0.4787450134754181,0.6414898633956909,0.5102170705795288,0.6622712016105652,0.529258131980896,0.6985820531845093,ㅛ
0.6645358800888062,0.9165002107620239,0.6944888830184937,0.7656920552253723,0.654708981513977,0.6498541235923767,0.5891700983047485,0.5909948348999023,0.5428583025932312,0.5695648193359375,0.6225765347480774,0.5721766948699951,0.5943562388420105,0.40927308797836304,0.5821273922920227,0.3174803853034973,0.5686734318733215,0.24673309922218323,0.5595329403877258,0.5926274657249451,0.5259339809417725,0.41460809111595154,0.5043113827705383,0.3148012161254883,0.4815986156463623,0.2452445924282074,0.5088977217674255,0.6374862790107727,0.4929272532463074,0.5335725545883179,0.5260770916938782,0.5581380128860474,0.5456075072288513,0.5954119563102722,0.4791950285434723,0.6911424398422241,0.4907483756542206,0.6271312832832336,0.5215919017791748,0.6519010066986084,0.5383206605911255,0.6878305673599243,ㅛ
0.6872676610946655,0.9212062358856201,0.7126166820526123,0.7852613925933838,0.6777468323707581,0.6869062781333923,0.6218132376670837,0.6537911295890808,0.5781752467155457,0.6443518996238708,0.6552140712738037,0.6248811483383179,0.6412434577941895,0.4881812632083893,0.635098397731781,0.41157105565071106,0.6264785528182983,0.3500794768333435,0.6026009321212769,0.643189013004303,0.5728500485420227,0.4938569962978363,0.5540305376052856,0.4136583209037781,0.5343568325042725,0.35752740502357483,0.5597934722900391,0.6772427558898926,0.5446833372116089,0.5979925990104675,0.5692318677902222,0.6226290464401245,0.5865674018859863,0.6566279530525208,0.5326909422874451,0.7168530821800232,0.5408395528793335,0.6708126068115234,0.5678160190582275,0.6934694051742554,0.5874586701393127,0.723138153553009,ㅛ
0.6767542362213135,0.9309688806533813,0.6976056098937988,0.8175623416900635,0.6706141233444214,0.7341167330741882,0.6222875118255615,0.6953244805335999,0.5882663130760193,0.6768091320991516,0.6624873876571655,0.6798684000968933,0.6560647487640381,0.5594570636749268,0.6533688902854919,0.48843008279800415,0.6506125926971436,0.43164560198783875,0.6162015795707703,0.6891487240791321,0.5928511023521423,0.5590782761573792,0.5791612267494202,0.4850829541683197,0.5677554607391357,0.43382686376571655,0.5770273804664612,0.7152466773986816,0.5622265934944153,0.6411713361740112,0.5803651213645935,0.660601019859314,0.5904556512832642,0.6916678547859192,0.5514615774154663,0.7490521669387817,0.5591835975646973,0.7134040594100952,0.5784721970558167,0.730485737323761,0.5904327630996704,0.7538815140724182,ㅛ
0.6715198159217834,0.9506196975708008,0.6957332491874695,0.8492773175239563,0.6651188731193542,0.7617931962013245,0.6114097833633423,0.7276894450187683,0.5716264843940735,0.7101582288742065,0.6635738611221313,0.7196477055549622,0.6392033100128174,0.6042906045913696,0.627788782119751,0.5423017144203186,0.6143897771835327,0.49176540970802307,0.6201983094215393,0.7310691475868225,0.6014359593391418,0.6037242412567139,0.5888576507568359,0.5300182104110718,0.5746919512748718,0.4747224450111389,0.5794121623039246,0.7555556297302246,0.5641797780990601,0.6703172326087952,0.5846239328384399,0.6948011517524719,0.5954554677009583,0.7260860204696655,0.5510824918746948,0.7840372920036316,0.5639737248420715,0.746712327003479,0.5835550427436829,0.7643200755119324,0.5919913053512573,0.7841424942016602,ㅛ
0.676649808883667,0.9378165006637573,0.6899191737174988,0.8206018805503845,0.6554407477378845,0.73678058385849,0.6045674681663513,0.7122476696968079,0.5650798082351685,0.7107484936714172,0.6394430994987488,0.6884456872940063,0.6086220741271973,0.5746987462043762,0.5931298732757568,0.5089317560195923,0.5777795314788818,0.4551197588443756,0.5944507718086243,0.7053830027580261,0.5597584843635559,0.5781241655349731,0.5398082733154297,0.5035514831542969,0.5223689675331116,0.44991031289100647,0.5564302802085876,0.7373394966125488,0.5357143878936768,0.6570179462432861,0.5570130944252014,0.6740612387657166,0.5713022947311401,0.7035470604896545,0.532168447971344,0.7729094624519348,0.5354491472244263,0.7274593114852905,0.5576767325401306,0.7417421340942383,0.570911705493927,0.7641773819923401,ㅛ
0.6882337331771851,0.8655228018760681,0.6816272735595703,0.7507089376449585,0.6311017274856567,0.6803297400474548,0.5779075026512146,0.6757708787918091,0.537300169467926,0.6901906728744507,0.6151500344276428,0.6254392266273499,0.5684571862220764,0.5255791544914246,0.5456971526145935,0.4699469208717346,0.5234208106994629,0.42489492893218994,0.572964608669281,0.6549383997917175,0.5185401439666748,0.5386665463447571,0.4917833209037781,0.4728921055793762,0.46786531805992126,0.4217606484889984,0.539695143699646,0.6963933110237122,0.5013942718505859,0.6266381740570068,0.5201383233070374,0.6246522665023804,0.5371202230453491,0.6335802674293518,0.5194339156150818,0.7384339570999146,0.5179346203804016,0.6992975473403931,0.5451720356941223,0.7095975279808044,0.5673022866249084,0.7257418036460876,ㅛ
0.6828004121780396,0.7838732600212097,0.6552231907844543,0.6670189499855042,0.5969655513763428,0.6070449948310852,0.5468891859054565,0.6123830676078796,0.5112176537513733,0.6352399587631226,0.5750203132629395,0.5662311911582947,0.5128378868103027,0.47033095359802246,0.47955936193466187,0.4177142381668091,0.45039045810699463,0.3789907693862915,0.5400434136390686,0.6097199320793152,0.46734002232551575,0.5087333917617798,0.4249070882797241,0.4533421993255615,0.38778960704803467,0.41841286420822144,0.5158767104148865,0.6632370948791504,0.4615470767021179,0.607506275177002,0.48830151557922363,0.6052618026733398,0.5139466524124146,0.6187099814414978,0.5041086077690125,0.714704692363739,0.475106418132782,0.6618077158927917,0.4964907467365265,0.651746928691864,0.5164207220077515,0.6569194793701172,ㅛ
0.6956262588500977,0.7750630378723145,0.6677340865135193,0.6518692970275879,0.6068575382232666,0.5887112617492676,0.5524695515632629,0.5930602550506592,0.514843225479126,0.6148751974105835,0.5821653604507446,0.5467265844345093,0.5161880254745483,0.45218729972839355,0.4828537106513977,0.3977853059768677,0.45264315605163574,0.3572702705860138,0.5450819730758667,0.5926769375801086,0.46828439831733704,0.4842088222503662,0.4238390326499939,0.4245293140411377,0.3848859965801239,0.3887789249420166,0.5190175175666809,0.6503074169158936,0.45759716629981995,0.5896071195602417,0.48626476526260376,0.5843393206596375,0.5139155387878418,0.5968025326728821,0.5077216029167175,0.7045854926109314,0.47843846678733826,0.6491023302078247,0.5033600926399231,0.6380122303962708,0.5258283019065857,0.6438681483268738,ㅛ
0.7004974484443665,0.784397542476654,0.6926776170730591,0.6587646007537842,0.6418173313140869,0.5827213525772095,0.5870959162712097,0.5698275566101074,0.5463514924049377,0.5777870416641235,0.6195253729820251,0.5382102131843567,0.5684382915496826,0.4237862825393677,0.5426791906356812,0.35844099521636963,0.5200594067573547,0.3076930642127991,0.5752891898155212,0.5715543627738953,0.5116154551506042,0.44686946272850037,0.47656986117362976,0.3774481415748596,0.4460824728012085,0.33027172088623047,0.5425005555152893,0.6176848411560059,0.4856867492198944,0.5363979339599609,0.5082787871360779,0.5254144668579102,0.5330567955970764,0.5349596738815308,0.5251872539520264,0.6641961336135864,0.5001671314239502,0.6018563508987427,0.5183851718902588,0.5822280049324036,0.5360457897186279,0.5781949758529663,ㅛ
0.7165826559066772,0.7838966250419617,0.7202811241149902,0.6593337059020996,0.6707479953765869,0.5769819021224976,0.6097522974014282,0.5654157400131226,0.5631421804428101,0.5747416615486145,0.6610606908798218,0.5277304649353027,0.6261051893234253,0.40839603543281555,0.6108839511871338,0.33641672134399414,0.5961403250694275,0.27975940704345703,0.6156885623931885,0.5508414506912231,0.5687941312789917,0.42019122838974,0.540935754776001,0.34699252247810364,0.516085147857666,0.2944149971008301,0.5771104693412781,0.590308427810669,0.5349578857421875,0.5230599641799927,0.5537241101264954,0.5398045182228088,0.5693880319595337,0.5659133791923523,0.5520554184913635,0.6330748796463013,0.5514369010925293,0.5988835096359253,0.5783182978630066,0.6140267252922058,0.5961824655532837,0.6337485909461975,ㅛ
0.7440282702445984,0.8550833463668823,0.7633188366889954,0.7123183012008667,0.7148944735527039,0.602227509021759,0.6462039947509766,0.5717219114303589,0.5921602249145508,0.57278972864151,0.7067890167236328,0.5490012168884277,0.6801598072052002,0.3920748233795166,0.6661878824234009,0.30366042256355286,0.6518810391426086,0.23152947425842285,0.6498538851737976,0.5701993703842163,0.6109680533409119,0.40762221813201904,0.5828245878219604,0.30896589159965515,0.5553850531578064,0.23629873991012573,0.6006203889846802,0.611892580986023,0.56186842918396,0.5140701532363892,0.5912917852401733,0.5415377020835876,0.6135087013244629,0.581303060054779,0.5675650835037231,0.6606601476669312,0.5571570992469788,0.5963965058326721,0.5839104056358337,0.6163339614868164,0.6021121740341187,0.6450080871582031,ㅛ
0.7619657516479492,0.9100072383880615,0.7889454960823059,0.7564301490783691,0.7400641441345215,0.6358388066291809,0.6637502312660217,0.5983942747116089,0.6039599180221558,0.5913846492767334,0.7267264127731323,0.5739882588386536,0.6987196207046509,0.4002186357975006,0.6845473647117615,0.30623477697372437,0.6692319512367249,0.22876477241516113,0.6605607867240906,0.5957402586936951,0.6187748312950134,0.41340166330337524,0.5916489958763123,0.3103612959384918,0.5647680759429932,0.23431801795959473,0.605527400970459,0.6389642953872681,0.569735586643219,0.5229118466377258,0.6048986315727234,0.5523503422737122,0.6280587911605835,0.5971238613128662,0.5719151496887207,0.6861283183097839,0.5693132877349854,0.6158195734024048,0.6008146405220032,0.6361343860626221,0.6189613342285156,0.667902410030365,ㅛ
0.7865827083587646,0.9547467827796936,0.82077556848526,0.8095382452011108,0.7798650860786438,0.684700608253479,0.698811948299408,0.6308724284172058,0.6395233869552612,0.6015199422836304,0.7865649461746216,0.6413600444793701,0.7750256657600403,0.4535052478313446,0.7685217261314392,0.35322216153144836,0.7597516179084778,0.2714208960533142,0.7231137752532959,0.657811164855957,0.6925203800201416,0.4572368860244751,0.6734039783477783,0.34751057624816895,0.6519442796707153,0.26704519987106323,0.6620772480964661,0.6936426162719727,0.6243966221809387,0.5605471134185791,0.6560182571411133,0.6022604703903198,0.6734522581100464,0.6524099111557007,0.618812620639801,0.7368190884590149,0.6118019223213196,0.6541016697883606,0.6398626565933228,0.6871466636657715,0.6521707773208618,0.7262636423110962,ㅛ
0.7286093831062317,0.9768410921096802,0.7713269591331482,0.8478837013244629,0.7460334300994873,0.733452320098877,0.6830292344093323,0.6724668145179749,0.6326259970664978,0.6437420845031738,0.7420317530632019,0.6872935891151428,0.7406781911849976,0.5192270874977112,0.7413082122802734,0.42813804745674133,0.7384136319160461,0.3536098897457123,0.6812784075737,0.6964420080184937,0.6689953207969666,0.5119755864143372,0.6624652743339539,0.4097517728805542,0.6503589153289795,0.33697858452796936,0.6248269081115723,0.7215126752853394,0.6059609651565552,0.5934902429580688,0.6340094804763794,0.6258794069290161,0.6490074992179871,0.6734575033187866,0.5855939984321594,0.7530575394630432,0.5909538269042969,0.6745412945747375,0.6160488724708557,0.7014533281326294,0.627353310585022,0.7381592988967896,ㅛ
0.7001298069953918,0.940273642539978,0.7238095998764038,0.8170491456985474,0.6883905529975891,0.7193029522895813,0.6279505491256714,0.6798851490020752,0.5839367508888245,0.6613746285438538,0.6838197112083435,0.6719951629638672,0.6683129072189331,0.5310877561569214,0.6581947803497314,0.454744815826416,0.6470299363136292,0.39230987429618835,0.6310609579086304,0.686202883720398,0.6035510897636414,0.537399411201477,0.5861693620681763,0.45334988832473755,0.5685650110244751,0.39245402812957764,0.5857181549072266,0.7166512608528137,0.5626645684242249,0.6183974742889404,0.587117075920105,0.6416208744049072,0.6014039516448975,0.6792659163475037,0.5563715100288391,0.750674307346344,0.5616019368171692,0.6970630884170532,0.5846840739250183,0.7151151895523071,0.5963283181190491,0.7414883375167847,ㅛ
0.6820895075798035,0.8460533618927002,0.6847947239875793,0.7264623045921326,0.6431571245193481,0.6525205969810486,0.5921769738197327,0.6401371955871582,0.5519148111343384,0.6482939124107361,0.6295052170753479,0.6036441326141357,0.6010873913764954,0.48858642578125,0.5901665091514587,0.42078322172164917,0.5785006880760193,0.3670804500579834,0.5859142541885376,0.6252638697624207,0.5450266599655151,0.4969978928565979,0.5207750201225281,0.42362260818481445,0.4991424083709717,0.37194642424583435,0.5493474006652832,0.661220133304596,0.5220263600349426,0.5973020195960999,0.5402178168296814,0.6051639914512634,0.5544827580451965,0.6258291006088257,0.5252619981765747,0.6989954113960266,0.5282902121543884,0.6631029844284058,0.5531765818595886,0.6753444671630859,0.5697212815284729,0.6947360634803772,ㅛ
0.6612812280654907,0.8134822845458984,0.6609848141670227,0.708282470703125,0.6200754642486572,0.6430225372314453,0.5710614919662476,0.641555666923523,0.5339620113372803,0.6582152843475342,0.6123960614204407,0.6002893447875977,0.5876837968826294,0.4973280727863312,0.577075183391571,0.43525463342666626,0.5669321417808533,0.3845968246459961,0.5747805833816528,0.6206914782524109,0.5335841774940491,0.5108090043067932,0.5118408203125,0.4442766308784485,0.4959257245063782,0.39703863859176636,0.5441584587097168,0.6549091935157776,0.520343005657196,0.6091110110282898,0.5402324795722961,0.6268298625946045,0.558010458946228,0.6519256234169006,0.524487316608429,0.6913498640060425,0.5245236158370972,0.6661567687988281,0.5478968620300293,0.6792576909065247,0.5655211210250854,0.6964377164840698,ㅛ
0.6676899194717407,0.6703139543533325,0.6280124187469482,0.5718890428543091,0.5729327201843262,0.5283209085464478,0.5225415229797363,0.5342140793800354,0.4910585880279541,0.5562713742256165,0.5384566187858582,0.48646852374076843,0.47717463970184326,0.419034481048584,0.44118404388427734,0.3703252375125885,0.4137371778488159,0.33590632677078247,0.5154346227645874,0.5271536111831665,0.4295506477355957,0.45250585675239563,0.3778572082519531,0.41304734349250793,0.3408629298210144,0.3954208493232727,0.5012603998184204,0.5828820466995239,0.42802801728248596,0.5661399364471436,0.4472699463367462,0.5698382258415222,0.4690321683883667,0.5766378045082092,0.4996558725833893,0.6387596726417542,0.456590473651886,0.6209338307380676,0.475585401058197,0.6176720857620239,0.4957526922225952,0.6196961998939514,ㅛ
0.6717177033424377,0.6936843395233154,0.639477014541626,0.5891614556312561,0.5819606781005859,0.5371440052986145,0.5344062447547913,0.5383818745613098,0.5030613541603088,0.5587721467018127,0.546073853969574,0.49642300605773926,0.48138344287872314,0.4205267131328583,0.4440053105354309,0.369823157787323,0.41322535276412964,0.3350071310997009,0.5186490416526794,0.5373682975769043,0.434876948595047,0.4569372534751892,0.38332849740982056,0.4142513573169708,0.3441520929336548,0.3939248025417328,0.5015901327133179,0.5938144326210022,0.4327310025691986,0.5696312785148621,0.4584400951862335,0.5704959630966187,0.4855533540248871,0.5777780413627625,0.4975089132785797,0.6488561034202576,0.4635937511920929,0.6292824149131775,0.48738425970077515,0.6257625222206116,0.5088580250740051,0.6286319494247437,ㅛ
0.6865675449371338,0.7200924754142761,0.6734358072280884,0.6009829044342041,0.6228733062744141,0.5324065685272217,0.5747109651565552,0.5320871472358704,0.5390336513519287,0.5516797304153442,0.6026104092597961,0.49011728167533875,0.5542417764663696,0.3796932101249695,0.5275450348854065,0.3141351342201233,0.5050891041755676,0.26233381032943726,0.563717782497406,0.521436333656311,0.5028463006019592,0.4083651304244995,0.4629388451576233,0.34353578090667725,0.4284781515598297,0.3003351092338562,0.5341830849647522,0.5671625733375549,0.48051899671554565,0.5035746097564697,0.5050225257873535,0.5100181102752686,0.5288206338882446,0.5300974249839783,0.5159143209457397,0.6147475242614746,0.48526570200920105,0.5665435194969177,0.5052076578140259,0.5657433271408081,0.5230176448822021,0.5768473744392395,ㅛ
0.7136566638946533,0.819749116897583,0.7316744327545166,0.6931161880493164,0.6983776092529297,0.6089217066764832,0.6453230381011963,0.5719041228294373,0.6050568222999573,0.5596076846122742,0.689342200756073,0.5479722023010254,0.6697207093238831,0.42448604106903076,0.6603816151618958,0.35079720616340637,0.6515083909034729,0.29222366213798523,0.6416740417480469,0.5618089437484741,0.6102573275566101,0.42701292037963867,0.5890206098556519,0.34902268648147583,0.5691379904747009,0.2955051064491272,0.6009376645088196,0.5951876044273376,0.5720964074134827,0.5236943364143372,0.5921967625617981,0.5419473052024841,0.6061537265777588,0.5721719861030579,0.5731693506240845,0.6375243067741394,0.5720968842506409,0.5985930562019348,0.5919649600982666,0.6155319213867188,0.6052202582359314,0.639910101890564,ㅛ
0.7422313094139099,0.8300450444221497,0.7767067551612854,0.6789542436599731,0.7346043586730957,0.5687594413757324,0.6671516299247742,0.521571695804596,0.6168023943901062,0.5086113214492798,0.7165899276733398,0.5020663142204285,0.6947546005249023,0.3399539589881897,0.6838821172714233,0.2487640082836151,0.672792911529541,0.17827719449996948,0.6549155712127686,0.5201140642166138,0.6163496375083923,0.3518587648868561,0.5909465551376343,0.25281575322151184,0.5674810409545898,0.1844651997089386,0.603090226650238,0.5601731538772583,0.5736730694770813,0.4616028070449829,0.6045107245445251,0.48692643642425537,0.6253216862678528,0.5292036533355713,0.5694224238395691,0.6093804836273193,0.5672909617424011,0.5517284870147705,0.5936377048492432,0.5709661245346069,0.6103766560554504,0.602250874042511,ㅛ
0.7878026366233826,0.8735615015029907,0.8351691961288452,0.6976683139801025,0.7896029949188232,0.5573173761367798,0.704070508480072,0.4889436364173889,0.6398796439170837,0.4620978832244873,0.766889214515686,0.4714053273200989,0.7509340643882751,0.2754402160644531,0.7424086332321167,0.160700261592865,0.7309255599975586,0.07176023721694946,0.6901824474334717,0.4951936602592468,0.6500194072723389,0.2821342945098877,0.6243678331375122,0.1571018099784851,0.5999336242675781,0.07224467396736145,0.6254980564117432,0.5414252877235413,0.5961074829101562,0.42203617095947266,0.6336573362350464,0.46208468079566956,0.6567792296409607,0.5155256390571594,0.5866998434066772,0.5935986638069153,0.59237140417099,0.52848219871521,0.6278029680252075,0.5593804121017456,0.6483320593833923,0.599062442779541,ㅛ
0.7786303758621216,0.9077826738357544,0.8219993710517883,0.7247517704963684,0.7789202928543091,0.5895425081253052,0.7011454701423645,0.5210834741592407,0.6426990032196045,0.49333086609840393,0.7498629093170166,0.49867409467697144,0.7295664548873901,0.3025582432746887,0.7170924544334412,0.18627452850341797,0.703339695930481,0.09841632843017578,0.672670304775238,0.5257517695426941,0.6252537965774536,0.3098384737968445,0.5971871614456177,0.18385812640190125,0.571324348449707,0.10099944472312927,0.6068577766418457,0.5759161710739136,0.5725550055503845,0.45006436109542847,0.612504243850708,0.48276597261428833,0.6377207040786743,0.5331635475158691,0.5685869455337524,0.6331068873405457,0.5692332983016968,0.5574831962585449,0.6067470908164978,0.5823183059692383,0.6299563646316528,0.6203385591506958,ㅛ
0.6993836760520935,0.9393789768218994,0.7439510226249695,0.7825205326080322,0.7100549936294556,0.654891312122345,0.6320363283157349,0.6017994284629822,0.5761246681213379,0.5837585926055908,0.6783696413040161,0.5840359330177307,0.6722323298454285,0.40346723794937134,0.6683471202850342,0.30130043625831604,0.6620658040046692,0.22106832265853882,0.6077490448951721,0.6061460375785828,0.5761681199073792,0.4154307246208191,0.5567705631256104,0.30751457810401917,0.5366026163101196,0.2345983386039734,0.5532853603363037,0.6494197845458984,0.541511595249176,0.5379030704498291,0.5763688087463379,0.5614071488380432,0.5981066823005676,0.6079280972480774,0.5233764052391052,0.6988182067871094,0.5379897356033325,0.6236028671264648,0.5727524757385254,0.6405405402183533,0.5947626829147339,0.6770519018173218,ㅛ
0.6403627395629883,0.9383835196495056,0.6734576225280762,0.8206157684326172,0.6485059261322021,0.7261209487915039,0.5972167253494263,0.689507782459259,0.5567992329597473,0.6808180212974548,0.6285844445228577,0.6736722588539124,0.624029815196991,0.5400169491767883,0.624126672744751,0.46301400661468506,0.6231490969657898,0.40042081475257874,0.5734766721725464,0.6859279870986938,0.5493574142456055,0.5431606769561768,0.53731769323349,0.4611636996269226,0.5262783765792847,0.40576693415641785,0.5304040312767029,0.7145326137542725,0.5235311388969421,0.6356754302978516,0.5463143587112427,0.6524471044540405,0.5603368878364563,0.6875259876251221,0.5050754547119141,0.7483716011047363,0.5182541608810425,0.7013522982597351,0.5420872569084167,0.7181963324546814,0.5567524433135986,0.7465099692344666,ㅛ
0.3205135762691498,0.7948104739189148,0.30004632472991943,0.6767774224281311,0.32101064920425415,0.6019948720932007,0.3594033420085907,0.5638136863708496,0.39022737741470337,0.5505231022834778,0.3351776599884033,0.5323322415351868,0.3518862724304199,0.41811317205429077,0.3589354157447815,0.3496994972229004,0.3666810393333435,0.2984159290790558,0.3756747245788574,0.5431673526763916,0.40549448132514954,0.4224928617477417,0.4232815206050873,0.3488752841949463,0.4394853711128235,0.30063217878341675,0.4108802080154419,0.5740171670913696,0.4332250654697418,0.513551652431488,0.4180389940738678,0.5355411767959595,0.40392035245895386,0.5616135001182556,0.43725210428237915,0.6170045733451843,0.4421573877334595,0.5713847875595093,0.42758992314338684,0.5864323377609253,0.4180510342121124,0.6106771230697632,ㅛ
0.33555281162261963,0.7411125302314758,0.3232880234718323,0.6271448135375977,0.34706196188926697,0.554033637046814,0.38947126269340515,0.5169861316680908,0.4229292869567871,0.5064769983291626,0.3599677085876465,0.49310383200645447,0.3791083097457886,0.37683653831481934,0.38735297322273254,0.30666935443878174,0.39502522349357605,0.2530721426010132,0.4005805253982544,0.5075063705444336,0.4384766221046448,0.38650935888290405,0.46021097898483276,0.3142244815826416,0.47709283232688904,0.26756083965301514,0.43600940704345703,0.5409954786300659,0.45753198862075806,0.4846390187740326,0.4416612386703491,0.4996926784515381,0.4255300462245941,0.5200862288475037,0.46089598536491394,0.5857914090156555,0.4662579894065857,0.541343629360199,0.45108747482299805,0.5544838309288025,0.44040241837501526,0.577377200126648,ㅛ
0.3509765565395355,0.7128164768218994,0.32867297530174255,0.6001455187797546,0.35099729895591736,0.5165521502494812,0.39689353108406067,0.4763474464416504,0.4330507516860962,0.4642605185508728,0.3699677288532257,0.4493981897830963,0.3887641429901123,0.32715845108032227,0.39815980195999146,0.25676822662353516,0.4051187336444855,0.20287752151489258,0.41387248039245605,0.46595948934555054,0.4530634582042694,0.34393206238746643,0.47354423999786377,0.27105391025543213,0.49168846011161804,0.22080838680267334,0.44987839460372925,0.5006969571113586,0.46636486053466797,0.44389209151268005,0.44637420773506165,0.46449363231658936,0.43052810430526733,0.4904606342315674,0.4756959080696106,0.5429092049598694,0.47411540150642395,0.5011236071586609,0.45542773604393005,0.5174636244773865,0.4457029700279236,0.5413314700126648,ㅛ
0.3182324171066284,0.717444658279419,0.30180519819259644,0.5802466869354248,0.33443933725357056,0.4911647140979767,0.3873904347419739,0.45515942573547363,0.4301498830318451,0.4484539031982422,0.35097867250442505,0.415336936712265,0.3780771493911743,0.2830977737903595,0.3890289068222046,0.19970518350601196,0.3985515832901001,0.13631954789161682,0.4009598195552826,0.43862384557724,0.44787752628326416,0.30281198024749756,0.4748779535293579,0.2191447615623474,0.49830543994903564,0.16541007161140442,0.44125309586524963,0.48230746388435364,0.4713917374610901,0.4154428541660309,0.44766247272491455,0.4320951998233795,0.4250004291534424,0.4588993191719055,0.4706841707229614,0.5347071886062622,0.46819061040878296,0.48676034808158875,0.4487534165382385,0.4992627799510956,0.4367809295654297,0.5238934755325317,ㅛ
0.2992362976074219,0.7768619060516357,0.26795101165771484,0.6389211416244507,0.3011706471443176,0.5261918902397156,0.37157106399536133,0.4859843850135803,0.42668452858924866,0.47893550992012024,0.314849317073822,0.46940624713897705,0.33909645676612854,0.30773746967315674,0.3516808748245239,0.2124287188053131,0.36416131258010864,0.1345125138759613,0.37165799736976624,0.49683377146720886,0.41920918226242065,0.3278089761734009,0.44891035556793213,0.2273673117160797,0.47797679901123047,0.15514785051345825,0.4193202555179596,0.5433418154716492,0.4526441693305969,0.4449637234210968,0.42475178837776184,0.47011637687683105,0.4013630449771881,0.5094796419143677,0.4552682638168335,0.5930204391479492,0.4519071578979492,0.5188136696815491,0.4253498911857605,0.5342633128166199,0.4128064513206482,0.564038097858429,ㅛ
0.29563331604003906,0.7846443057060242,0.27446892857551575,0.6439047455787659,0.30120593309402466,0.5513514876365662,0.35603275895118713,0.5054979920387268,0.40133386850357056,0.4916761815547943,0.3156891465187073,0.46902701258659363,0.34293872117996216,0.32237064838409424,0.35525649785995483,0.23249778151512146,0.3682296872138977,0.16275760531425476,0.36674344539642334,0.4876933693885803,0.4130113422870636,0.3377193510532379,0.43952676653862,0.24308085441589355,0.4642348289489746,0.18072086572647095,0.4116624891757965,0.5305318236351013,0.44639554619789124,0.4596638083457947,0.4244384169578552,0.4799293279647827,0.40459463000297546,0.5097571015357971,0.4448365867137909,0.5847662091255188,0.45060351490974426,0.5319694876670837,0.4314623773097992,0.548339307308197,0.42048096656799316,0.575558602809906,ㅛ
0.3048013150691986,0.7751010656356812,0.2872483432292938,0.6565792560577393,0.30928805470466614,0.5702568292617798,0.35522717237472534,0.5311648845672607,0.3941921591758728,0.5219177007675171,0.3232993483543396,0.5030937790870667,0.3460194170475006,0.3721873164176941,0.3556654751300812,0.2957577705383301,0.36428725719451904,0.23520511388778687,0.3679071068763733,0.5218556523323059,0.40640968084335327,0.3848990201950073,0.429502934217453,0.30510246753692627,0.4510132074356079,0.2505468428134918,0.4045828580856323,0.561455488204956,0.43585965037345886,0.49648982286453247,0.41557610034942627,0.5191363096237183,0.397491991519928,0.5475240349769592,0.43157389760017395,0.6084930896759033,0.43842363357543945,0.5608616471290588,0.4195874333381653,0.5768813490867615,0.4077259600162506,0.6002570390701294,ㅛ
0.2887665033340454,0.7724670767784119,0.27591246366500854,0.6605457067489624,0.297008216381073,0.5916718244552612,0.3345935642719269,0.5535726547241211,0.366481751203537,0.5441274642944336,0.31163811683654785,0.5321250557899475,0.334658145904541,0.42433324456214905,0.34487342834472656,0.3580473065376282,0.35474759340286255,0.3079105019569397,0.34993937611579895,0.5459513664245605,0.38745951652526855,0.4328370988368988,0.41010040044784546,0.3668630123138428,0.4290330708026886,0.32523930072784424,0.3827994167804718,0.5787360072135925,0.41444912552833557,0.5307103991508484,0.3983268439769745,0.5448656678199768,0.3815065026283264,0.5659327507019043,0.40674659609794617,0.6210324168205261,0.4192864000797272,0.5860849022865295,0.4055793881416321,0.5971806645393372,0.39382386207580566,0.6161386370658875,ㅛ
0.2780179977416992,0.7272562980651855,0.27723008394241333,0.6172918677330017,0.3034805655479431,0.5590674877166748,0.3392184376716614,0.5346009731292725,0.3691771626472473,0.5337750911712646,0.3184390962123871,0.4976051449775696,0.35607603192329407,0.40463680028915405,0.37463873624801636,0.34583747386932373,0.3910471498966217,0.30421432852745056,0.3546760678291321,0.5158419013023376,0.4067470133304596,0.41882872581481934,0.4361910820007324,0.3608667254447937,0.45904988050460815,0.3247300386428833,0.3851509988307953,0.5525025725364685,0.4244602620601654,0.5234049558639526,0.4070311188697815,0.5372359752655029,0.3869200348854065,0.5530484914779663,0.4056636691093445,0.5998227596282959,0.4227786958217621,0.5803477168083191,0.40937528014183044,0.5905938148498535,0.3947908878326416,0.6056966185569763,ㅛ
0.3252938389778137,0.6361650824546814,0.3433929681777954,0.5442861318588257,0.3812624216079712,0.5029971599578857,0.4217354655265808,0.4942711293697357,0.4510723948478699,0.5065155029296875,0.4035082161426544,0.45579972863197327,0.459744393825531,0.3924820125102997,0.49117282032966614,0.34960293769836426,0.5165524482727051,0.31884557008743286,0.4276120960712433,0.48365581035614014,0.49836692214012146,0.42434561252593994,0.5399273037910461,0.38842183351516724,0.5692601799964905,0.36757349967956543,0.44386470317840576,0.5261110067367554,0.49352937936782837,0.5147728323936462,0.4798644185066223,0.5233242511749268,0.45916661620140076,0.5314735770225525,0.4507831931114197,0.5725767016410828,0.4837252199649811,0.5602957606315613,0.4725950062274933,0.5648090243339539,0.4550658166408539,0.5710715055465698,ㅛ
0.31825190782546997,0.6151788234710693,0.3388185501098633,0.5213840007781982,0.38541218638420105,0.47860604524612427,0.43099239468574524,0.47643107175827026,0.466776043176651,0.4964968264102936,0.4083603322505951,0.43188679218292236,0.4672408998012543,0.3688625395298004,0.5021095275878906,0.3268618583679199,0.5303705334663391,0.2967541217803955,0.432888388633728,0.46331948041915894,0.5098129510879517,0.4158538281917572,0.5584399700164795,0.38755369186401367,0.5943249464035034,0.37229737639427185,0.44768327474594116,0.5081229209899902,0.5020722150802612,0.5038508772850037,0.4846843481063843,0.5163925290107727,0.4628520607948303,0.5252501964569092,0.4532347321510315,0.5563989877700806,0.48747316002845764,0.5536715984344482,0.4723617434501648,0.5616785287857056,0.45460113883018494,0.5680120587348938,ㅛ
0.30841633677482605,0.6225314736366272,0.3278638422489166,0.5241087675094604,0.3674958348274231,0.48172420263290405,0.4092896282672882,0.47001034021377563,0.4406801760196686,0.4805620610713959,0.3906029462814331,0.43077027797698975,0.44622495770454407,0.361156165599823,0.47774291038513184,0.3126557171344757,0.5043027997016907,0.27818137407302856,0.4161841571331024,0.46088096499443054,0.49147817492485046,0.40245166420936584,0.5373210310935974,0.36535853147506714,0.5692005157470703,0.3455749750137329,0.4335561692714691,0.5056474208831787,0.4855300486087799,0.49227049946784973,0.47048553824424744,0.5008940696716309,0.4493037462234497,0.5100232362747192,0.44123974442481995,0.554474413394928,0.47454825043678284,0.5402175784111023,0.4612482786178589,0.545535147190094,0.44332125782966614,0.5527085065841675,ㅛ
0.33512869477272034,0.6472203731536865,0.34469857811927795,0.5410897135734558,0.3825128674507141,0.48616623878479004,0.4264525771141052,0.47536706924438477,0.4612998366355896,0.48433607816696167,0.39919933676719666,0.42768797278404236,0.4500342607498169,0.34133514761924744,0.4787123501300812,0.2849019169807434,0.5022082924842834,0.24310165643692017,0.43374863266944885,0.4567846953868866,0.49784746766090393,0.3690289258956909,0.53584885597229,0.31584253907203674,0.5630563497543335,0.2807930111885071,0.4608907699584961,0.5024929642677307,0.5058852434158325,0.47519737482070923,0.49121084809303284,0.48634442687034607,0.4684664309024811,0.5002468824386597,0.47738707065582275,0.5517210960388184,0.4984602928161621,0.5282559990882874,0.48681992292404175,0.5364999771118164,0.47058966755867004,0.550889253616333,ㅛ
0.3405553102493286,0.6527758836746216,0.3401992917060852,0.537324070930481,0.371524453163147,0.4742944836616516,0.4136272370815277,0.4512108266353607,0.44983023405075073,0.45680537819862366,0.3862000107765198,0.41695258021354675,0.4241756796836853,0.31438249349594116,0.44502854347229004,0.24900785088539124,0.4633224308490753,0.19904470443725586,0.4250167906284332,0.43850576877593994,0.4788397252559662,0.3333914577960968,0.5120737552642822,0.26978039741516113,0.5373889803886414,0.2255476415157318,0.45769813656806946,0.4797014594078064,0.4992852509021759,0.44484972953796387,0.48400789499282837,0.45791101455688477,0.46305033564567566,0.4743737280368805,0.4790913164615631,0.5274178981781006,0.4987090826034546,0.4994228482246399,0.48623931407928467,0.5074099898338318,0.471288800239563,0.5220285058021545,ㅛ
0.33362871408462524,0.7118341326713562,0.3184491991996765,0.5826982259750366,0.3435543179512024,0.5068127512931824,0.38659435510635376,0.46375393867492676,0.4276247024536133,0.4552067816257477,0.3526041507720947,0.43405255675315857,0.37469208240509033,0.306399405002594,0.3839623034000397,0.22514623403549194,0.3934338092803955,0.16349980235099792,0.3985691964626312,0.44933512806892395,0.43774911761283875,0.31515565514564514,0.4630964994430542,0.2344188094139099,0.482151061296463,0.18198522925376892,0.442312628030777,0.4877636134624481,0.4807216227054596,0.43672505021095276,0.4658905565738678,0.4543701708316803,0.4472280740737915,0.4742387533187866,0.4750460088253021,0.5394991040229797,0.4933652877807617,0.4949241280555725,0.48083680868148804,0.5124639868736267,0.4690377414226532,0.5351927280426025,ㅛ
0.37768423557281494,0.711371123790741,0.3504686653614044,0.5943312644958496,0.3619723320007324,0.5199114680290222,0.39803504943847656,0.47235164046287537,0.4318518340587616,0.45611098408699036,0.37085726857185364,0.4492897391319275,0.37766996026039124,0.33246713876724243,0.37786105275154114,0.2633741796016693,0.37820249795913696,0.2097320854663849,0.41294801235198975,0.4546368420124054,0.43528398871421814,0.32831618189811707,0.4488164186477661,0.25523269176483154,0.4594768285751343,0.2065327763557434,0.45370081067085266,0.482082337141037,0.47703468799591064,0.4373334050178528,0.4643935561180115,0.4577794671058655,0.4511988162994385,0.4805503785610199,0.4852335751056671,0.5234664082527161,0.4947171211242676,0.4855874478816986,0.48254746198654175,0.501326858997345,0.4728347063064575,0.5249343514442444,ㅛ
0.3374544382095337,0.7212169170379639,0.3109687268733978,0.6139020323753357,0.3187292218208313,0.5453539490699768,0.34838300943374634,0.5020745992660522,0.3806432783603668,0.4910898208618164,0.32184189558029175,0.4780362546443939,0.3223083019256592,0.37513473629951477,0.31973522901535034,0.3158576786518097,0.3158462643623352,0.26941993832588196,0.3600732684135437,0.4769410789012909,0.37805986404418945,0.3618277907371521,0.38800859451293945,0.3014727830886841,0.39248618483543396,0.26187002658843994,0.39934220910072327,0.4974733591079712,0.4214579164981842,0.4612720310688019,0.41188934445381165,0.4834696352481842,0.39985448122024536,0.5046535730361938,0.43232256174087524,0.5335847735404968,0.44440019130706787,0.5033511519432068,0.43435609340667725,0.5188058614730835,0.42557230591773987,0.5416932702064514,ㅛ
0.28067904710769653,0.739750862121582,0.24272659420967102,0.6437472105026245,0.2432011216878891,0.5786163806915283,0.2675269544124603,0.5265210270881653,0.2968345880508423,0.5068878531455994,0.23969855904579163,0.5087488889694214,0.22847309708595276,0.4083985686302185,0.21812622249126434,0.3501951992511749,0.20843425393104553,0.30581051111221313,0.27690380811691284,0.4988216161727905,0.28176257014274597,0.3824390470981598,0.2850837707519531,0.3187500834465027,0.2848323583602905,0.27722322940826416,0.3189435303211212,0.5123339891433716,0.3442009389400482,0.4735148251056671,0.3385261297225952,0.49659276008605957,0.32876458764076233,0.5178310871124268,0.35481998324394226,0.543300211429596,0.36950257420539856,0.5145391821861267,0.36268875002861023,0.531607449054718,0.35619837045669556,0.5537300109863281,ㅛ
0.25819405913352966,0.7470289468765259,0.21592991054058075,0.6564098596572876,0.21382121741771698,0.5966503620147705,0.23131169378757477,0.5459174513816833,0.2574155330657959,0.5242815017700195,0.20628419518470764,0.5298810005187988,0.18905490636825562,0.4333994388580322,0.1763555109500885,0.379668653011322,0.16610905528068542,0.33905476331710815,0.2413974553346634,0.5148604512214661,0.2400069236755371,0.40269842743873596,0.23979008197784424,0.3432489037513733,0.2368890345096588,0.3059815764427185,0.28240281343460083,0.5218313336372375,0.3047085404396057,0.4846060872077942,0.30134111642837524,0.506941020488739,0.2935279905796051,0.5282094478607178,0.31863775849342346,0.5469809174537659,0.3313423991203308,0.5154208540916443,0.3272184431552887,0.5316206216812134,0.3233136236667633,0.5553937554359436,ㅛ
0.2928612530231476,0.7036342024803162,0.25328323245048523,0.6007305383682251,0.2591747045516968,0.5379332304000854,0.2860307991504669,0.5003896951675415,0.31718024611473083,0.485801100730896,0.25102436542510986,0.4800747036933899,0.24585863947868347,0.371053546667099,0.2405977100133896,0.30995529890060425,0.24013999104499817,0.2622647285461426,0.2897305190563202,0.46880340576171875,0.29496777057647705,0.3501136004924774,0.300862580537796,0.28889331221580505,0.3045278787612915,0.24916714429855347,0.3328079283237457,0.4823543131351471,0.36129051446914673,0.4496917724609375,0.35475632548332214,0.4744861125946045,0.34163418412208557,0.4967903792858124,0.36976295709609985,0.5158282518386841,0.3849649429321289,0.496332585811615,0.37923943996429443,0.5136712789535522,0.3695288896560669,0.5354580283164978,ㅛ
0.3446294069290161,0.7247182726860046,0.32405316829681396,0.6037652492523193,0.3453842103481293,0.529008686542511,0.38924190402030945,0.4958249032497406,0.42761969566345215,0.4874756336212158,0.34372979402542114,0.4638107419013977,0.36088821291923523,0.34089455008506775,0.36870908737182617,0.26764899492263794,0.37686803936958313,0.21040800213813782,0.3882947266101837,0.4720310568809509,0.4164508879184723,0.3423251211643219,0.4333266615867615,0.26504644751548767,0.44622617959976196,0.21067523956298828,0.4316879212856293,0.5019601583480835,0.4646446704864502,0.4556923806667328,0.4510495960712433,0.4808318614959717,0.4325115978717804,0.5047353506088257,0.4666218161582947,0.545019268989563,0.48010289669036865,0.5134956240653992,0.4689466953277588,0.5332019329071045,0.45725423097610474,0.5570133328437805,ㅛ
0.34182098507881165,0.7452315092086792,0.32548561692237854,0.6161386966705322,0.3467375636100769,0.5417150855064392,0.3873567581176758,0.5025411248207092,0.42789170145988464,0.49515146017074585,0.35184672474861145,0.47674575448036194,0.3753458857536316,0.34701186418533325,0.3876906931400299,0.26651111245155334,0.40018537640571594,0.20675429701805115,0.3960287272930145,0.48735150694847107,0.43581604957580566,0.35399407148361206,0.4610292911529541,0.2743981182575226,0.48026350140571594,0.2232992947101593,0.4405146539211273,0.5215327143669128,0.4825821816921234,0.47300785779953003,0.46931740641593933,0.4924721121788025,0.45046472549438477,0.5141955018043518,0.4752662181854248,0.5702956318855286,0.49589240550994873,0.5301361083984375,0.4847005605697632,0.5463500022888184,0.47146010398864746,0.5684899687767029,ㅛ
0.38754406571388245,0.7247321605682373,0.3721446096897125,0.6064891219139099,0.39277130365371704,0.5382485389709473,0.43330448865890503,0.5092882513999939,0.46758466958999634,0.504616379737854,0.40065112709999084,0.4691149592399597,0.4239174425601959,0.35801637172698975,0.43532395362854004,0.2914811372756958,0.4466400444507599,0.24120798707008362,0.43970987200737,0.48240742087364197,0.4769130051136017,0.3670291304588318,0.49598294496536255,0.2975514531135559,0.5122600793838501,0.2514868676662445,0.4760865867137909,0.5192014575004578,0.5126166939735413,0.4755186140537262,0.49569740891456604,0.4995494484901428,0.47843897342681885,0.5223444700241089,0.5028488039970398,0.5703660845756531,0.5185025930404663,0.54144287109375,0.5041343569755554,0.5602771043777466,0.4927566349506378,0.5814933180809021,ㅛ
0.40215808153152466,0.7634073495864868,0.3943077027797699,0.6513669490814209,0.41677746176719666,0.5830581188201904,0.4569416642189026,0.5508107542991638,0.4925062954425812,0.5503184795379639,0.4268876910209656,0.5175830125808716,0.4575080871582031,0.4031407833099365,0.4742230474948883,0.33207014203071594,0.4887933135032654,0.27808958292007446,0.4689812660217285,0.5348982214927673,0.5128542184829712,0.4158681631088257,0.5402558445930481,0.34319400787353516,0.5626294016838074,0.29607152938842773,0.5067116618156433,0.5758613348007202,0.5420345664024353,0.5286020040512085,0.5248855948448181,0.5480949878692627,0.5067706108093262,0.5709043145179749,0.5337017774581909,0.6284940838813782,0.5482013821601868,0.5890312194824219,0.5344062447547913,0.6039211750030518,0.5230395197868347,0.6235314011573792,ㅛ
0.3439178764820099,0.7511659860610962,0.3222620487213135,0.6018170714378357,0.3489139676094055,0.5107609033584595,0.39990049600601196,0.4590906500816345,0.4453701078891754,0.4506740868091583,0.36527031660079956,0.4193136394023895,0.39452093839645386,0.2700636386871338,0.4072679579257965,0.1770351231098175,0.4194103181362152,0.10794094204902649,0.4189988970756531,0.43584558367729187,0.469205379486084,0.2832726836204529,0.4967016279697418,0.18702346086502075,0.5169223546981812,0.1258346438407898,0.46855950355529785,0.4832667410373688,0.508855938911438,0.42349773645401,0.4864988327026367,0.4423483610153198,0.4630885720252991,0.46703487634658813,0.5042123198509216,0.548354983329773,0.5205652117729187,0.49936962127685547,0.5028400421142578,0.516109824180603,0.4879927635192871,0.5410937666893005,ㅛ
0.3584035634994507,0.8142343759536743,0.3153439164161682,0.6739873886108398,0.34098073840141296,0.5503155589103699,0.4154384732246399,0.4916497766971588,0.47249817848205566,0.48046940565109253,0.35081037878990173,0.47628653049468994,0.3708529770374298,0.2949088215827942,0.3814542293548584,0.18954557180404663,0.3904784321784973,0.10680529475212097,0.4155822992324829,0.49678128957748413,0.45732054114341736,0.3064173460006714,0.48086777329444885,0.1919078826904297,0.5049273371696472,0.11146223545074463,0.4736558794975281,0.54430091381073,0.5100356340408325,0.44829633831977844,0.4826611280441284,0.47505074739456177,0.45882144570350647,0.5151438117027283,0.5190262794494629,0.6037967205047607,0.5295107960700989,0.5237546563148499,0.5052091479301453,0.5445864796638489,0.49110671877861023,0.5801528692245483,ㅛ
0.35037416219711304,0.933706521987915,0.31868988275527954,0.7936387062072754,0.34170782566070557,0.6832183003425598,0.39607900381088257,0.6295257210731506,0.44373613595962524,0.6121240854263306,0.3584096133708954,0.6194728016853333,0.3625715374946594,0.46024149656295776,0.36420172452926636,0.3783845603466034,0.366181880235672,0.3117358684539795,0.41165152192115784,0.6369531154632568,0.43231549859046936,0.46675848960876465,0.4462197422981262,0.37149038910865784,0.4613957405090332,0.3057197630405426,0.4600377380847931,0.6755993366241455,0.4752752184867859,0.5810752511024475,0.4516355097293854,0.6136924028396606,0.4329572916030884,0.655706524848938,0.49732646346092224,0.7204890847206116,0.4953981339931488,0.6406208276748657,0.474110871553421,0.6647323369979858,0.4615181088447571,0.7005642056465149,ㅛ
0.3931467831134796,0.8655719757080078,0.35151657462120056,0.7728273868560791,0.35254645347595215,0.6881864666938782,0.38284677267074585,0.6355367302894592,0.4153209924697876,0.6158992052078247,0.3685166537761688,0.6282095313072205,0.36713534593582153,0.5002539753913879,0.3680189549922943,0.4312102794647217,0.3679491877555847,0.37728285789489746,0.4146018326282501,0.6308158040046692,0.42920050024986267,0.49928009510040283,0.44236379861831665,0.4229505956172943,0.45456844568252563,0.3709334135055542,0.45332497358322144,0.654822826385498,0.4521758258342743,0.5976952910423279,0.43875652551651,0.6220133900642395,0.4309585690498352,0.6519069671630859,0.48202502727508545,0.6864762902259827,0.47528260946273804,0.6439538598060608,0.4603363573551178,0.6641069650650024,0.45395687222480774,0.691306471824646,ㅛ
0.431864470243454,0.7801244258880615,0.4032455384731293,0.6984082460403442,0.4117774963378906,0.6304284334182739,0.444402813911438,0.5917232036590576,0.47516709566116333,0.5836486220359802,0.4137701094150543,0.5712419152259827,0.40929004549980164,0.4771178662776947,0.40429821610450745,0.4237041175365448,0.4003678560256958,0.38322803378105164,0.4492413401603699,0.5722095966339111,0.4576369524002075,0.46940159797668457,0.46206381916999817,0.41187435388565063,0.4678438901901245,0.3707899749279022,0.4825962483882904,0.5917227268218994,0.49627482891082764,0.5495654940605164,0.48290616273880005,0.5719277262687683,0.4720953404903412,0.5948452353477478,0.5089196562767029,0.6222007274627686,0.509265661239624,0.5931378602981567,0.49637728929519653,0.6100125312805176,0.49084997177124023,0.6302540898323059,ㅛ
0.39678630232810974,0.7153874635696411,0.3696092367172241,0.6276413202285767,0.37661463022232056,0.577846348285675,0.3995163142681122,0.5416887998580933,0.4236150085926056,0.5285829901695251,0.3718028664588928,0.5205835700035095,0.3675454258918762,0.4399959444999695,0.3634547293186188,0.39392560720443726,0.36078310012817383,0.35686177015304565,0.4038030803203583,0.5128085017204285,0.4110981225967407,0.4218713045120239,0.4165145456790924,0.3737684488296509,0.41921573877334595,0.3412187099456787,0.43893274664878845,0.5258669257164001,0.46245047450065613,0.5022302865982056,0.45803120732307434,0.5246995091438293,0.4477847218513489,0.5430104732513428,0.4696950316429138,0.5545644164085388,0.48352015018463135,0.5380894541740417,0.4789125919342041,0.5543332099914551,0.47058168053627014,0.5721858143806458,ㅛ
0.3641586899757385,0.6873350143432617,0.33916640281677246,0.6095348000526428,0.34483692049980164,0.5606335401535034,0.3669324219226837,0.5289389491081238,0.39193058013916016,0.5175216794013977,0.3390873670578003,0.5108470916748047,0.33514404296875,0.431045800447464,0.33112186193466187,0.3861504793167114,0.3276163935661316,0.35100340843200684,0.36716428399086,0.5024288892745972,0.3768554925918579,0.415147066116333,0.3815988600254059,0.3664175271987915,0.3828152120113373,0.3343082666397095,0.3999768793582916,0.5131897926330566,0.42940109968185425,0.4922623634338379,0.42649832367897034,0.5137842893600464,0.41742709279060364,0.5284795165061951,0.4287552833557129,0.5393834114074707,0.44964444637298584,0.5271311402320862,0.4444989264011383,0.5450774431228638,0.434598833322525,0.5614500045776367,ㅛ
0.34821614623069763,0.683967113494873,0.32162633538246155,0.6054056286811829,0.32668083906173706,0.5587956309318542,0.3460064232349396,0.5256299376487732,0.37279507517814636,0.5147523880004883,0.32070669531822205,0.5111461281776428,0.3167058527469635,0.4340171217918396,0.3121604323387146,0.3893113136291504,0.3091306686401367,0.35446637868881226,0.34775999188423157,0.49999934434890747,0.3573128283023834,0.4135962128639221,0.3626633584499359,0.36523911356925964,0.3653510808944702,0.3342285752296448,0.3799087107181549,0.5096175670623779,0.41393062472343445,0.48681291937828064,0.41234326362609863,0.5104013681411743,0.40345704555511475,0.5250606536865234,0.4101554751396179,0.5361964702606201,0.43447867035865784,0.5201096534729004,0.4313540458679199,0.5393642783164978,0.42225468158721924,0.5566118359565735,ㅛ
0.3575431704521179,0.7004318237304688,0.3391132056713104,0.5938072204589844,0.35346338152885437,0.5362145900726318,0.38383105397224426,0.503604531288147,0.41374579071998596,0.49620795249938965,0.3533558249473572,0.4770035743713379,0.36019521951675415,0.37562060356140137,0.3599205017089844,0.3147767186164856,0.36375200748443604,0.2692773938179016,0.3903011977672577,0.47852835059165955,0.41092586517333984,0.3713062107563019,0.4232432246208191,0.3087638020515442,0.43217799067497253,0.2698696255683899,0.4267491102218628,0.5025631189346313,0.4545861482620239,0.4690210521221161,0.4437203109264374,0.4870242774486542,0.42946040630340576,0.503008246421814,0.45525336265563965,0.5434576272964478,0.46922704577445984,0.5146642923355103,0.4605887234210968,0.5300619006156921,0.4507073760032654,0.5489056706428528,ㅛ
0.3624367117881775,0.666852593421936,0.3451319932937622,0.5522056818008423,0.3631882965564728,0.48999667167663574,0.39663565158843994,0.4554387331008911,0.4303777813911438,0.45090919733047485,0.37135744094848633,0.428101122379303,0.3856694996356964,0.3216930627822876,0.390264630317688,0.2552148401737213,0.3961818516254425,0.20456382632255554,0.41074347496032715,0.43460896611213684,0.44090700149536133,0.32293033599853516,0.4603981077671051,0.25938254594802856,0.47426530718803406,0.21795973181724548,0.4496482014656067,0.4634786546230316,0.4793451130390167,0.4315723180770874,0.46849507093429565,0.44994738698005676,0.4537189304828644,0.4681035280227661,0.4789600372314453,0.5058748722076416,0.49115240573883057,0.4804702401161194,0.48081135749816895,0.49667617678642273,0.4695909321308136,0.5172277688980103,ㅛ
0.3746805489063263,0.6780484914779663,0.36101990938186646,0.5584507584571838,0.383486270904541,0.4932916760444641,0.42010176181793213,0.4590972065925598,0.456115186214447,0.45252785086631775,0.38967210054397583,0.42679429054260254,0.40647804737091064,0.31391096115112305,0.4123023748397827,0.24506303668022156,0.42012473940849304,0.19388505816459656,0.4282585680484772,0.43367800116539,0.4624292552471161,0.3179855942726135,0.4818378984928131,0.24899305403232574,0.49573588371276855,0.20443272590637207,0.4658212959766388,0.4641704261302948,0.5019441843032837,0.43063199520111084,0.4906921982765198,0.4523006081581116,0.47543495893478394,0.46977564692497253,0.49397164583206177,0.5104569792747498,0.5130441188812256,0.48436200618743896,0.5013810992240906,0.5029303431510925,0.4887455701828003,0.5234909057617188,ㅛ
0.3762480318546295,0.7156836986541748,0.3598567247390747,0.5822550058364868,0.38597357273101807,0.5062620043754578,0.4344247579574585,0.4706045091152191,0.4750913977622986,0.460455060005188,0.39553725719451904,0.43203386664390564,0.4158807396888733,0.30226320028305054,0.42100536823272705,0.2179383635520935,0.4285340905189514,0.1529669463634491,0.4433591961860657,0.4487817883491516,0.4834725856781006,0.31271442770957947,0.5068337917327881,0.22752779722213745,0.528246283531189,0.17251724004745483,0.48688918352127075,0.49021390080451965,0.5233567953109741,0.4387383460998535,0.5012932419776917,0.4528499245643616,0.4792052209377289,0.4752196669578552,0.5206787586212158,0.542090654373169,0.5271217823028564,0.5063159465789795,0.5102376341819763,0.5214577913284302,0.49724826216697693,0.5425207614898682,ㅛ
0.3147779405117035,0.7386515736579895,0.30344948172569275,0.6142448782920837,0.32545334100723267,0.5427091121673584,0.36199575662612915,0.5073928236961365,0.3984127640724182,0.5022438764572144,0.3317311108112335,0.4783714711666107,0.3527132272720337,0.36315056681632996,0.36047422885894775,0.28826332092285156,0.3691983222961426,0.23117253184318542,0.3708227276802063,0.4880135655403137,0.4116003215312958,0.3660367727279663,0.4361867904663086,0.29106128215789795,0.45532339811325073,0.2388133406639099,0.40830060839653015,0.5220428109169006,0.4540993273258209,0.47351330518722534,0.440143346786499,0.4944551885128021,0.4210132658481598,0.5147249698638916,0.43718740344047546,0.5728888511657715,0.46568360924720764,0.5357698798179626,0.4534832537174225,0.5523284673690796,0.4385777413845062,0.572272002696991,ㅛ
0.3109810948371887,0.7444552779197693,0.3077363967895508,0.641160249710083,0.33124470710754395,0.5857005715370178,0.3630415201187134,0.5648894906044006,0.39399611949920654,0.565667986869812,0.3323894143104553,0.5312073826789856,0.3501611649990082,0.44342049956321716,0.35848313570022583,0.3903005123138428,0.367883563041687,0.3498106598854065,0.3623918890953064,0.537707507610321,0.3947726786136627,0.4426925480365753,0.41443967819213867,0.39144062995910645,0.42972272634506226,0.35719209909439087,0.3907466530799866,0.5642603039741516,0.4324682056903839,0.540052056312561,0.4213061034679413,0.5634239315986633,0.40487682819366455,0.580158531665802,0.4131034016609192,0.6036339998245239,0.4367871880531311,0.5910694003105164,0.42725828289985657,0.6071785688400269,0.4138634204864502,0.6217347383499146,ㅛ
0.33227914571762085,0.7351274490356445,0.328329861164093,0.64205402135849,0.3462400436401367,0.5947165489196777,0.3727123737335205,0.5695038437843323,0.3998391032218933,0.5655819773674011,0.3520198166370392,0.5459128022193909,0.3688897490501404,0.4664077162742615,0.37613195180892944,0.4161923825740814,0.38378551602363586,0.3778512477874756,0.379364013671875,0.5505724549293518,0.41182249784469604,0.4670547842979431,0.4323199391365051,0.4195898771286011,0.44721195101737976,0.38929587602615356,0.40554237365722656,0.5746616125106812,0.4413928985595703,0.556265115737915,0.43164005875587463,0.5739298462867737,0.41756007075309753,0.5869777798652649,0.42543280124664307,0.6109198331832886,0.4477921724319458,0.5986059308052063,0.4391588866710663,0.6115467548370361,0.42667484283447266,0.6242164969444275,ㅛ
0.3262156844139099,0.7235473394393921,0.32145556807518005,0.6338909864425659,0.3392775356769562,0.5873292684555054,0.3648931682109833,0.5619691014289856,0.39173802733421326,0.5593295097351074,0.34406161308288574,0.5399473905563354,0.35903647541999817,0.46226680278778076,0.36501529812812805,0.4121719002723694,0.3721410632133484,0.3740864396095276,0.3714112639427185,0.5438729524612427,0.4019935429096222,0.46146342158317566,0.4216879606246948,0.412985235452652,0.43622055649757385,0.38265717029571533,0.3976883888244629,0.5675623416900635,0.43350672721862793,0.5479320287704468,0.42437106370925903,0.5653257966041565,0.41104140877723694,0.5775899887084961,0.417959988117218,0.6040000319480896,0.44005879759788513,0.5927072167396545,0.43219149112701416,0.6070693135261536,0.42042404413223267,0.6191148161888123,ㅛ
0.35581517219543457,0.7064436078071594,0.3501178026199341,0.6161063313484192,0.368516206741333,0.5716111063957214,0.3945819139480591,0.5502958297729492,0.41934216022491455,0.5456915497779846,0.37260958552360535,0.5235703587532043,0.3887116312980652,0.4466113746166229,0.39492642879486084,0.3985152840614319,0.40218186378479004,0.36211931705474854,0.4009041488170624,0.5292013883590698,0.4318697452545166,0.44824856519699097,0.4509802460670471,0.4040790796279907,0.4645597040653229,0.37657630443573,0.42804551124572754,0.552977442741394,0.4593597948551178,0.5369543433189392,0.44996997714042664,0.5530656576156616,0.43654173612594604,0.5646692514419556,0.44863563776016235,0.5889944434165955,0.46676385402679443,0.5787770748138428,0.4584828019142151,0.5927492380142212,0.44738924503326416,0.6057047843933105,ㅛ
0.3653463125228882,0.6492254137992859,0.3594995141029358,0.5494918823242188,0.3799062967300415,0.5023083090782166,0.4061451852321625,0.48114073276519775,0.43203404545783997,0.4776701033115387,0.38812267780303955,0.4506289064884186,0.40575361251831055,0.36806732416152954,0.41371333599090576,0.31672170758247375,0.4212503731250763,0.2773064374923706,0.41999825835227966,0.4585074484348297,0.45555752515792847,0.3722408413887024,0.4764620065689087,0.3259431719779968,0.48914819955825806,0.29567110538482666,0.449613481760025,0.4858172833919525,0.47768446803092957,0.4722132682800293,0.467916339635849,0.4909704625606537,0.4547022879123688,0.5044567584991455,0.47057044506073,0.5257465243339539,0.485020250082016,0.5177881717681885,0.47480854392051697,0.5323580503463745,0.462465763092041,0.5477582216262817,ㅛ
0.37946537137031555,0.6642457842826843,0.37343645095825195,0.5572561621665955,0.397233247756958,0.5049849152565002,0.4306321442127228,0.4839307367801666,0.46166881918907166,0.48669227957725525,0.40433239936828613,0.44880589842796326,0.42587459087371826,0.354806125164032,0.4346719980239868,0.295878529548645,0.4438662827014923,0.2513408660888672,0.43933168053627014,0.4583723545074463,0.47822362184524536,0.36206045746803284,0.5019153952598572,0.3081796169281006,0.5177908539772034,0.2729027569293976,0.4716644585132599,0.490132600069046,0.501610279083252,0.4706495702266693,0.4898250997066498,0.4885231852531433,0.47376590967178345,0.5018840432167053,0.49398812651634216,0.5350189805030823,0.5094334483146667,0.518974244594574,0.4982503056526184,0.5341074466705322,0.4848734736442566,0.550370454788208,ㅛ
0.36255455017089844,0.6843438744544983,0.35453546047210693,0.5678446292877197,0.379029244184494,0.507128119468689,0.41525107622146606,0.47579649090766907,0.4494669735431671,0.47459912300109863,0.3913881480693817,0.4462479054927826,0.4130929708480835,0.34416890144348145,0.42216581106185913,0.2778618335723877,0.43237951397895813,0.22739717364311218,0.42883291840553284,0.4575675129890442,0.4708542227745056,0.35239675641059875,0.49676769971847534,0.28990328311920166,0.5155842304229736,0.2486712783575058,0.4636780321598053,0.49220529198646545,0.4978671073913574,0.4670363664627075,0.48469364643096924,0.4843890368938446,0.4678027033805847,0.4995577931404114,0.48830026388168335,0.5404913425445557,0.5075059533119202,0.5192902684211731,0.4963270425796509,0.5359856486320496,0.48244625329971313,0.553509533405304,ㅛ
0.363194078207016,0.6819424033164978,0.3548015356063843,0.553786039352417,0.38083982467651367,0.4880968928337097,0.41983363032341003,0.4562731087207794,0.4565843343734741,0.4538479447364807,0.3933008909225464,0.42348331212997437,0.4198429584503174,0.30489492416381836,0.43126773834228516,0.2314448058605194,0.4416297376155853,0.17663848400115967,0.43512582778930664,0.4367019832134247,0.48363280296325684,0.31680595874786377,0.5113383531570435,0.24510052800178528,0.5298441052436829,0.20050305128097534,0.47234630584716797,0.4737442433834076,0.5086295008659363,0.4431806802749634,0.4914681613445282,0.46256861090660095,0.4719700813293457,0.47954195737838745,0.4991825520992279,0.5255245566368103,0.5178975462913513,0.49938255548477173,0.502924382686615,0.5174944996833801,0.48669660091400146,0.5376286506652832,ㅛ
0.36124366521835327,0.7508482933044434,0.3471055328845978,0.6199561357498169,0.37215158343315125,0.5408459305763245,0.41396403312683105,0.5013322234153748,0.45146748423576355,0.4931385815143585,0.3858909606933594,0.4639756381511688,0.4121702015399933,0.33414506912231445,0.4239484965801239,0.25302639603614807,0.43526604771614075,0.19336310029029846,0.4294874966144562,0.4821122884750366,0.4800761938095093,0.3495434820652008,0.5075203776359558,0.2677183449268341,0.5270822644233704,0.21601435542106628,0.4694261848926544,0.5227422714233398,0.5094539523124695,0.463459849357605,0.4901757836341858,0.4861874282360077,0.4716857373714447,0.5105413794517517,0.4994297921657562,0.5773712396621704,0.5163264274597168,0.5334869027137756,0.4989680349826813,0.5545812249183655,0.48712053894996643,0.5786563158035278,ㅛ
0.35899490118026733,0.7260881662368774,0.34607160091400146,0.5946537852287292,0.3775434195995331,0.5135968923568726,0.4260061979293823,0.47677838802337646,0.467356413602829,0.46620795130729675,0.3890189230442047,0.43712157011032104,0.41467705368995667,0.30764687061309814,0.42440158128738403,0.22664666175842285,0.43290844559669495,0.16488638520240784,0.4351957142353058,0.455862432718277,0.4829893112182617,0.3218102753162384,0.5085742473602295,0.24159300327301025,0.5303663015365601,0.1892925500869751,0.4734892249107361,0.4964950382709503,0.5146726369857788,0.4369107782840729,0.4916733503341675,0.4557991027832031,0.46821752190589905,0.4818168580532074,0.502577543258667,0.5474888682365417,0.516596794128418,0.5074397325515747,0.49895593523979187,0.5225960612297058,0.48479944467544556,0.5436850786209106,ㅛ
0.3547070026397705,0.7340706586837769,0.3389424681663513,0.5930963754653931,0.36998847126960754,0.5092664957046509,0.42013201117515564,0.46874821186065674,0.4624747335910797,0.45618802309036255,0.38130730390548706,0.42714422941207886,0.4120763838291168,0.2882845997810364,0.42459237575531006,0.19711562991142273,0.43797510862350464,0.1285971701145172,0.43159255385398865,0.44881948828697205,0.48708149790763855,0.30594974756240845,0.5191551446914673,0.2153228223323822,0.5458683371543884,0.15950223803520203,0.476408988237381,0.4951604902744293,0.5217196941375732,0.43319952487945557,0.4981708526611328,0.44877535104751587,0.47367435693740845,0.47403863072395325,0.5109127163887024,0.5520548820495605,0.5249951481819153,0.5062441825866699,0.5074664950370789,0.522280216217041,0.49332424998283386,0.5459593534469604,ㅛ
0.353503942489624,0.7369976043701172,0.3419764041900635,0.599007785320282,0.3739349842071533,0.5119032263755798,0.42621922492980957,0.4732796847820282,0.46870505809783936,0.46398499608039856,0.38471049070358276,0.4298500120639801,0.4158071279525757,0.2885892391204834,0.4294552206993103,0.1972622573375702,0.4428824782371521,0.12754297256469727,0.4351261258125305,0.4534958600997925,0.49141740798950195,0.30821987986564636,0.5238723158836365,0.21780818700790405,0.5509681105613708,0.16104769706726074,0.47990646958351135,0.501451849937439,0.5264818072319031,0.43833836913108826,0.5028920769691467,0.4540749490261078,0.47749269008636475,0.4803621768951416,0.5136626958847046,0.5600685477256775,0.5317363739013672,0.5113922953605652,0.5128301382064819,0.5280398726463318,0.4977658689022064,0.5541325807571411,ㅛ
