0.8036896586418152,0.22359825670719147,0.7338032126426697,0.2567150592803955,0.6918473243713379,0.34163081645965576,0.6817818880081177,0.4257858991622925,0.6861333847045898,0.48386120796203613,0.6669467091560364,0.37828367948532104,0.658431887626648,0.4980819523334503,0.6540926098823547,0.565261960029602,0.6501283645629883,0.6192129850387573,0.7100847363471985,0.40041542053222656,0.7227834463119507,0.4965522885322571,0.7338098883628845,0.4677354693412781,0.7346158027648926,0.42907479405403137,0.7558766007423401,0.4096757769584656,0.7640013694763184,0.48024484515190125,0.7695025205612183,0.45093363523483276,0.7682355046272278,0.4187440574169159,0.7986748218536377,0.4110725224018097,0.797587513923645,0.45508748292922974,0.8017776012420654,0.42749205231666565,0.8024414777755737,0.4005204141139984,ㅜ
0.7521607279777527,0.2581125497817993,0.6863284707069397,0.28804510831832886,0.6473138928413391,0.36611661314964294,0.6368651390075684,0.44088420271873474,0.6449082493782043,0.49446722865104675,0.6184816956520081,0.4152994155883789,0.6056921482086182,0.5298379063606262,0.5985162854194641,0.5974771976470947,0.5937624573707581,0.6506394743919373,0.6571025848388672,0.43440520763397217,0.6797382831573486,0.5228970646858215,0.6918786764144897,0.492758184671402,0.6913678646087646,0.455427348613739,0.7007337212562561,0.4407505393028259,0.7193512320518494,0.506353497505188,0.7253401875495911,0.4759172797203064,0.7224385142326355,0.4444998502731323,0.7426549792289734,0.43872585892677307,0.7497609257698059,0.47994035482406616,0.7541801333427429,0.4510459899902344,0.7528780102729797,0.42359328269958496,ㅜ
0.7296090126037598,0.2185923308134079,0.6580759286880493,0.24140582978725433,0.6135338544845581,0.3185654282569885,0.6011365652084351,0.38571906089782715,0.6114891171455383,0.43697381019592285,0.5730659365653992,0.37569141387939453,0.55247563123703,0.48545897006988525,0.5397465229034424,0.5519497394561768,0.5317816734313965,0.6040019989013672,0.6118462085723877,0.4037473499774933,0.6308353543281555,0.5147517919540405,0.6456760168075562,0.48309430480003357,0.6479282975196838,0.4414111375808716,0.6575661897659302,0.4157070219516754,0.6768494248390198,0.4954334795475006,0.6834453344345093,0.45943814516067505,0.6807377934455872,0.42412200570106506,0.7015302777290344,0.4152347147464752,0.7086867094039917,0.46130266785621643,0.7147573232650757,0.42897340655326843,0.715049684047699,0.3989555239677429,ㅜ
0.7612609267234802,0.2265803962945938,0.6765477061271667,0.24019144475460052,0.6164851188659668,0.32141730189323425,0.5898851752281189,0.39352425932884216,0.5872542858123779,0.45186561346054077,0.5706910490989685,0.4015143811702728,0.5503933429718018,0.5258579850196838,0.5470448732376099,0.5854900479316711,0.5459414720535278,0.6247969269752502,0.6171650886535645,0.43387097120285034,0.628043532371521,0.5320335626602173,0.6439041495323181,0.49919670820236206,0.6474516987800598,0.45679256319999695,0.6702598333358765,0.45126786828041077,0.679611086845398,0.5162227153778076,0.6885345578193665,0.4826394319534302,0.690415620803833,0.44613707065582275,0.7216113209724426,0.4587234854698181,0.7204963564872742,0.4906761944293976,0.7293773889541626,0.4579049348831177,0.732745885848999,0.4263027608394623,ㅜ
0.7937543988227844,0.27488595247268677,0.7067955136299133,0.2572699785232544,0.6333613991737366,0.3096655607223511,0.5995057821273804,0.3786051273345947,0.6028924584388733,0.439308762550354,0.5720512270927429,0.34498855471611023,0.5025783777236938,0.4251944422721863,0.46331173181533813,0.47596749663352966,0.43283021450042725,0.5164486169815063,0.5943505764007568,0.3904408812522888,0.5972453355789185,0.49792948365211487,0.626308023929596,0.4846469461917877,0.6372183561325073,0.4534892737865448,0.6322165727615356,0.42915844917297363,0.6478544473648071,0.5022539496421814,0.6683737635612488,0.47514501214027405,0.6725907921791077,0.44350966811180115,0.6734076738357544,0.46076831221580505,0.6848620176315308,0.49940377473831177,0.7046754956245422,0.47146710753440857,0.7126063108444214,0.4442404508590698,ㅜ
0.8211706876754761,0.3048931658267975,0.7379616498947144,0.2747042775154114,0.6586006283760071,0.3197382092475891,0.6209225058555603,0.3861021399497986,0.6132733225822449,0.4478941857814789,0.593822717666626,0.34477710723876953,0.5270737409591675,0.42540252208709717,0.48643508553504944,0.46833139657974243,0.45380881428718567,0.5025199055671692,0.6154258251190186,0.3981267213821411,0.6100499033927917,0.4967953860759735,0.6388629078865051,0.47930511832237244,0.653059720993042,0.4453935921192169,0.6522948145866394,0.443751722574234,0.6571056842803955,0.5155758857727051,0.6789621710777283,0.4906962513923645,0.6873064041137695,0.45859768986701965,0.6931332349777222,0.4803144931793213,0.6962153911590576,0.5183817744255066,0.7177314758300781,0.49403366446495056,0.7279229760169983,0.46706077456474304,ㅜ
0.8015635013580322,0.3394324779510498,0.7132976055145264,0.31167489290237427,0.6412535905838013,0.36765462160110474,0.6075069904327393,0.44273027777671814,0.6033720374107361,0.5070872902870178,0.5706976056098938,0.4222739338874817,0.5057750940322876,0.5407038927078247,0.4634163975715637,0.611237645149231,0.42991042137145996,0.669766902923584,0.6018033027648926,0.47683900594711304,0.5996902585029602,0.5790514945983887,0.6262579560279846,0.5520506501197815,0.6416162848472595,0.5099229216575623,0.646763801574707,0.5185348987579346,0.6549528241157532,0.5810676217079163,0.6745327115058899,0.5500779151916504,0.6846623420715332,0.5142752528190613,0.6934475302696228,0.5493499040603638,0.6965770125389099,0.5745352506637573,0.7169128060340881,0.54060959815979,0.7271113395690918,0.5084452033042908,ㅜ
0.7077329158782959,0.27949434518814087,0.6250917911529541,0.2865310311317444,0.5656387805938721,0.3580774962902069,0.5254907608032227,0.41868048906326294,0.504569411277771,0.46008092164993286,0.5133130550384521,0.43543049693107605,0.47512197494506836,0.5710293054580688,0.448966383934021,0.6487080454826355,0.429293692111969,0.7137001752853394,0.5531048774719238,0.47130584716796875,0.5675476789474487,0.5698990821838379,0.5857388973236084,0.5323079824447632,0.5919374823570251,0.48562002182006836,0.604897141456604,0.49259889125823975,0.6180479526519775,0.5551559329032898,0.6284621357917786,0.5202454924583435,0.6326835751533508,0.48127371072769165,0.6556937098503113,0.5060921311378479,0.6561551094055176,0.5346306562423706,0.6682833433151245,0.4978753626346588,0.6741364002227783,0.4651390016078949,ㅜ
0.6697745323181152,0.28901922702789307,0.5868520140647888,0.31446778774261475,0.5392659902572632,0.38559025526046753,0.5128775238990784,0.4351126551628113,0.5040223598480225,0.4670574963092804,0.49464455246925354,0.4854861795902252,0.4745539128780365,0.6203852891921997,0.4646393060684204,0.6994999051094055,0.4578480124473572,0.7608197927474976,0.5386918187141418,0.516539454460144,0.5669482946395874,0.6077342629432678,0.5822291374206543,0.5708829164505005,0.581167459487915,0.5251704454421997,0.5929792523384094,0.5281921625137329,0.6144599318504333,0.5895026922225952,0.6235135793685913,0.5536619424819946,0.6230183243751526,0.5149841904640198,0.6466385126113892,0.5282983183860779,0.6521483659744263,0.560069739818573,0.659629762172699,0.5220715999603271,0.6613569259643555,0.48552367091178894,ㅜ
0.6908994317054749,0.25401389598846436,0.6131101250648499,0.3011593520641327,0.5745092630386353,0.40038347244262695,0.5725340247154236,0.48873722553253174,0.5937818884849548,0.5467939972877502,0.5529674291610718,0.4709510803222656,0.5463650822639465,0.6172506809234619,0.546941339969635,0.6993071436882019,0.5496567487716675,0.7687124609947205,0.6002933382987976,0.4865366816520691,0.6364856362342834,0.583683967590332,0.6466680765151978,0.5446017980575562,0.6398728489875793,0.5045648217201233,0.6532743573188782,0.48588621616363525,0.677972674369812,0.564323902130127,0.681774914264679,0.52528315782547,0.675961971282959,0.48664605617523193,0.7030563950538635,0.47586536407470703,0.7090582251548767,0.5307263135910034,0.7111560106277466,0.49318477511405945,0.7088452577590942,0.4583369791507721,ㅜ
0.7659156322479248,0.23789143562316895,0.6840409636497498,0.2890695333480835,0.6496809124946594,0.390127569437027,0.6557103395462036,0.48159751296043396,0.6762930750846863,0.5399274230003357,0.628713071346283,0.45589935779571533,0.6244971752166748,0.6036494374275208,0.6244670748710632,0.6876752972602844,0.6275267601013184,0.7541340589523315,0.6830894947052002,0.47227057814598083,0.6918987035751343,0.5755098462104797,0.694209635257721,0.540178656578064,0.692468523979187,0.4927006959915161,0.7372187376022339,0.4679788053035736,0.7363541126251221,0.5369853973388672,0.7348119020462036,0.5033021569252014,0.7355022430419922,0.46551716327667236,0.7867005467414856,0.4563591778278351,0.7754560112953186,0.4949251711368561,0.7740964889526367,0.46076592803001404,0.7771677374839783,0.42878979444503784,ㅜ
0.7431581020355225,0.2637101709842682,0.6674602627754211,0.32948219776153564,0.6460552215576172,0.4300245940685272,0.66321861743927,0.5107932686805725,0.691643238067627,0.5580350160598755,0.6368598937988281,0.5005480647087097,0.6526263356208801,0.6358598470687866,0.6652692556381226,0.7010785937309265,0.676432728767395,0.7506136894226074,0.6902608871459961,0.5080854296684265,0.7094046473503113,0.5927316546440125,0.7095732688903809,0.5598764419555664,0.7029272317886353,0.520879328250885,0.7412554025650024,0.4962919354438782,0.7460111379623413,0.5521491169929504,0.7421512603759766,0.5209369659423828,0.7387184500694275,0.4878961145877838,0.7871776819229126,0.4775945246219635,0.77915358543396,0.5124056935310364,0.774580180644989,0.48016348481178284,0.7731937766075134,0.4490537643432617,ㅜ
0.7664146423339844,0.2003147155046463,0.6921617388725281,0.25515469908714294,0.6600741744041443,0.3539847731590271,0.6643285751342773,0.4491024315357208,0.6852633953094482,0.5082556009292603,0.6515021324157715,0.40946733951568604,0.6621928215026855,0.5592774152755737,0.6684672236442566,0.6387250423431396,0.674619197845459,0.7008097171783447,0.7081723213195801,0.4211822748184204,0.7199386358261108,0.5181437134742737,0.7201820015907288,0.4839280843734741,0.7174733281135559,0.43678662180900574,0.7608007788658142,0.4163280129432678,0.7602571249008179,0.48631751537323,0.7587733268737793,0.45507100224494934,0.758460283279419,0.41641220450401306,0.8062214851379395,0.4058111011981964,0.7953478097915649,0.44593942165374756,0.7930176258087158,0.41455990076065063,0.793479323387146,0.3832014799118042,ㅜ
0.7444339394569397,0.214438334107399,0.6642476320266724,0.24262525141239166,0.6130349040031433,0.3296177387237549,0.6045658588409424,0.4122704565525055,0.6211034655570984,0.47291940450668335,0.5790328979492188,0.3906882405281067,0.539638876914978,0.5171535015106201,0.5159962177276611,0.5921608209609985,0.4981703758239746,0.6545015573501587,0.6233637928962708,0.42322447896003723,0.6314001083374023,0.5267968773841858,0.6477454900741577,0.48635348677635193,0.6504361629486084,0.4419925808906555,0.6742201447486877,0.437786340713501,0.6804866790771484,0.5140982270240784,0.6898853778839111,0.4763886630535126,0.6916103363037109,0.438307523727417,0.723484456539154,0.4397193193435669,0.720917820930481,0.4885474741458893,0.7285948991775513,0.4531182646751404,0.7325591444969177,0.42174825072288513,ㅜ
0.680525004863739,0.22785566747188568,0.6017991900444031,0.2629200220108032,0.5589843392372131,0.34882158041000366,0.5579108595848083,0.43049356341362,0.5778790712356567,0.48629289865493774,0.5310743451118469,0.42160797119140625,0.5184442400932312,0.5574455261230469,0.5131798982620239,0.6363444328308105,0.5109562873840332,0.698583722114563,0.5752072334289551,0.44655075669288635,0.5987071394920349,0.5201840996742249,0.608879804611206,0.4847892224788666,0.6075376868247986,0.44675660133361816,0.6251230239868164,0.4534507989883423,0.6403902769088745,0.5022715330123901,0.6443381905555725,0.4675522744655609,0.6428301334381104,0.43446284532546997,0.6725659966468811,0.45227667689323425,0.6738730072975159,0.4742671847343445,0.6782689094543457,0.43712106347084045,0.6804798245429993,0.4065554440021515,ㅜ
0.6132528781890869,0.3333578109741211,0.5492498278617859,0.3699148893356323,0.5234014987945557,0.44736242294311523,0.5265944004058838,0.5100304484367371,0.5469933748245239,0.5533655881881714,0.4915018081665039,0.5252111554145813,0.492104709148407,0.645656406879425,0.4916299879550934,0.7198871374130249,0.4929691553115845,0.7800517082214355,0.5276375412940979,0.5434930324554443,0.5632106065750122,0.5956395268440247,0.571831226348877,0.5603564381599426,0.5651806592941284,0.5262806415557861,0.5730020999908447,0.5439144968986511,0.5949959754943848,0.5821677446365356,0.5992615818977356,0.5530831217765808,0.5948271155357361,0.5233199596405029,0.6175422668457031,0.5370262861251831,0.6203040480613708,0.5577108263969421,0.6239989399909973,0.5271715521812439,0.6244038343429565,0.4991309642791748,ㅜ
0.6106788516044617,0.3505692780017853,0.5516036152839661,0.3806546926498413,0.5275776982307434,0.454387366771698,0.5304969549179077,0.5153218507766724,0.5480713844299316,0.5567535758018494,0.5019393563270569,0.531002938747406,0.5016414523124695,0.6412367820739746,0.5018585920333862,0.7091171145439148,0.5030147433280945,0.7614084482192993,0.5348247289657593,0.5477417707443237,0.5716416239738464,0.591272234916687,0.5793319940567017,0.5602681040763855,0.5727493166923523,0.5298964977264404,0.5747064352035522,0.5476161241531372,0.6024644374847412,0.5737874507904053,0.6035444140434265,0.5462660789489746,0.5965035557746887,0.5198500156402588,0.6137009263038635,0.5412942171096802,0.6229633688926697,0.5505411028862,0.62550288438797,0.5195814371109009,0.6234520077705383,0.49322786927223206,ㅜ
0.6324092745780945,0.29895979166030884,0.5743271112442017,0.3285200297832489,0.5461644530296326,0.40416210889816284,0.5452185869216919,0.4663410186767578,0.5615234375,0.5086885094642639,0.5205265879631042,0.4714951515197754,0.5142860412597656,0.5789147615432739,0.5112463235855103,0.6428062319755554,0.5109866857528687,0.6912038326263428,0.5545839071273804,0.48807621002197266,0.5824917554855347,0.5427013635635376,0.5907410979270935,0.5141372680664062,0.5866516828536987,0.4835675358772278,0.5945698022842407,0.4897151589393616,0.614990770816803,0.5278207063674927,0.618425190448761,0.500891923904419,0.6143555045127869,0.4742947816848755,0.6334956884384155,0.4848969578742981,0.6382553577423096,0.5058447122573853,0.6417372822761536,0.47686871886253357,0.6412869095802307,0.4508451521396637,ㅜ
0.6590534448623657,0.2814866304397583,0.5900377035140991,0.3254433870315552,0.5598061084747314,0.41752535104751587,0.5633102655410767,0.4976705312728882,0.5860676765441895,0.5489810109138489,0.5405124425888062,0.4886063039302826,0.5418599247932434,0.6203749775886536,0.5431172847747803,0.6967686414718628,0.5462047457695007,0.7566400170326233,0.5846227407455444,0.5042973756790161,0.619834840297699,0.5828226804733276,0.6295514106750488,0.5449855923652649,0.6231020092964172,0.5054775476455688,0.6329823136329651,0.5034348368644714,0.657896876335144,0.5566694736480713,0.6613288521766663,0.522411584854126,0.6547769904136658,0.48949697613716125,0.6786779165267944,0.494402676820755,0.6849597692489624,0.5254107713699341,0.6878648400306702,0.49054813385009766,0.6852157711982727,0.4602154791355133,ㅜ
0.717188835144043,0.25772762298583984,0.636212170124054,0.3150970935821533,0.6056492924690247,0.4241139590740204,0.6193077564239502,0.5185719132423401,0.6463140845298767,0.5764421224594116,0.5884075164794922,0.5006181597709656,0.604806661605835,0.6694895029067993,0.6171287894248962,0.7687085866928101,0.6275389194488525,0.848387598991394,0.6495873928070068,0.5175905227661133,0.6794329881668091,0.6207348704338074,0.6809501051902771,0.5787686109542847,0.6724663972854614,0.5272535085678101,0.708919882774353,0.5131126046180725,0.7261655926704407,0.5792639851570129,0.7237057089805603,0.5392833948135376,0.7168816328048706,0.4974478483200073,0.7612779140472412,0.4986010491847992,0.7586729526519775,0.531944215297699,0.7571411728858948,0.4930188059806824,0.7529826760292053,0.45894137024879456,ㅜ
0.6482751369476318,0.2276991605758667,0.5765600204467773,0.280148446559906,0.5422836542129517,0.3830045461654663,0.5428024530410767,0.47234413027763367,0.5677098631858826,0.5306735038757324,0.523291826248169,0.4512995779514313,0.5167246460914612,0.5946619510650635,0.5152859091758728,0.6777620315551758,0.5168723464012146,0.7458230257034302,0.5665624141693115,0.4646357297897339,0.608696460723877,0.562660813331604,0.6195920705795288,0.5212393403053284,0.6123121976852417,0.47971639037132263,0.616635262966156,0.46383965015411377,0.6482731699943542,0.5376617908477783,0.651071310043335,0.49787136912345886,0.6428545117378235,0.4602046608924866,0.664618968963623,0.4556227922439575,0.6759738326072693,0.5014812350273132,0.6782694458961487,0.4638444483280182,0.6751434206962585,0.430190771818161,ㅜ
0.6547445058822632,0.31756120920181274,0.590898871421814,0.34536314010620117,0.5547699332237244,0.4169730842113495,0.5489503145217896,0.4821836054325104,0.563870370388031,0.5287919044494629,0.5176953077316284,0.46990013122558594,0.489692747592926,0.5641002058982849,0.47321563959121704,0.6220877170562744,0.46191415190696716,0.6693826913833618,0.5446503162384033,0.4871414005756378,0.581019937992096,0.5771235823631287,0.5989856719970703,0.5484794974327087,0.5973896980285645,0.5152497291564941,0.5819294452667236,0.4940740168094635,0.6194279193878174,0.5587766170501709,0.6275524497032166,0.525016725063324,0.6198519468307495,0.49626585841178894,0.6210159063339233,0.4935040771961212,0.645330548286438,0.5315843820571899,0.6512641906738281,0.5003819465637207,0.6459534168243408,0.47364988923072815,ㅜ
0.6758295893669128,0.31870949268341064,0.6106837391853333,0.3378797173500061,0.5687420964241028,0.40666866302490234,0.5583112239837646,0.4741731882095337,0.570277988910675,0.5248860716819763,0.5278331637382507,0.45339757204055786,0.49599242210388184,0.5507939457893372,0.4760991036891937,0.6102408170700073,0.4626525044441223,0.6581284999847412,0.5561535358428955,0.4764792025089264,0.5837188959121704,0.5772124528884888,0.6026040315628052,0.5488630533218384,0.6038896441459656,0.5135342478752136,0.5946268439292908,0.48983481526374817,0.6248334646224976,0.5634912252426147,0.6341081857681274,0.529513955116272,0.6287047863006592,0.4987662732601166,0.6348241567611694,0.49464112520217896,0.6550042629241943,0.5351275205612183,0.6621853709220886,0.5025482773780823,0.658187210559845,0.4750490188598633,ㅜ
0.6640549898147583,0.31423383951187134,0.5937408804893494,0.33195018768310547,0.5505048036575317,0.3988906145095825,0.5388380885124207,0.4637240469455719,0.5501927733421326,0.5114009380340576,0.504631757736206,0.4511556625366211,0.4712589979171753,0.5449798703193665,0.44739454984664917,0.6004332304000854,0.42916256189346313,0.6434224843978882,0.5302085876464844,0.469769686460495,0.5597404837608337,0.5779781341552734,0.58164381980896,0.5525232553482056,0.5823796987533569,0.5166452527046204,0.5684359073638916,0.48161330819129944,0.6011378765106201,0.5629593729972839,0.6138005256652832,0.5292540192604065,0.6069818139076233,0.4987265169620514,0.6086528301239014,0.48392921686172485,0.6331979632377625,0.5318304300308228,0.6426602602005005,0.5001669526100159,0.6386704444885254,0.4723762571811676,ㅜ
0.673832356929779,0.3226461410522461,0.601693868637085,0.3443044126033783,0.5578768849372864,0.4173189401626587,0.5474643111228943,0.48400071263313293,0.559510350227356,0.5357566475868225,0.5107820630073547,0.4690055251121521,0.4822397232055664,0.5712314248085022,0.4618162214756012,0.630376935005188,0.44670915603637695,0.677087128162384,0.5401636958122253,0.4926566183567047,0.5698526501655579,0.5971277952194214,0.5892670154571533,0.5672953724861145,0.5900172591209412,0.5299913287162781,0.5805408954620361,0.5058388113975525,0.6129860877990723,0.5838692784309387,0.6224782466888428,0.5475308299064636,0.6163467168807983,0.5150665640830994,0.6223241090774536,0.508624255657196,0.6440945863723755,0.5519708395004272,0.651800811290741,0.5183554291725159,0.6476809978485107,0.488563597202301,ㅜ
0.6760293245315552,0.3307538628578186,0.6040628552436829,0.36938121914863586,0.5662684440612793,0.458448588848114,0.5616074204444885,0.5410885214805603,0.5789077281951904,0.5985189080238342,0.5410111546516418,0.519849419593811,0.5283884406089783,0.6594970226287842,0.521248996257782,0.7433716058731079,0.5181621313095093,0.8113126754760742,0.586238443851471,0.5410472750663757,0.6151349544525146,0.6377070546150208,0.6268790364265442,0.599795401096344,0.6237558126449585,0.5564727187156677,0.6366950273513794,0.5460792183876038,0.6577420234680176,0.616073727607727,0.6623995304107666,0.5811755061149597,0.6578490734100342,0.5445197224617004,0.6844669580459595,0.5406166911125183,0.6887189745903015,0.5825270414352417,0.6928359270095825,0.5485818386077881,0.6918240189552307,0.5165687799453735,ㅜ
0.6333134770393372,0.29485443234443665,0.5614615678787231,0.33723384141921997,0.5238704681396484,0.4285966157913208,0.5160897374153137,0.5103269219398499,0.5340136289596558,0.5705153346061707,0.4917108118534088,0.499489426612854,0.4706903398036957,0.6344828009605408,0.45919859409332275,0.7163902521133423,0.45414090156555176,0.7815039753913879,0.535550057888031,0.5167259573936462,0.5751729607582092,0.6353150606155396,0.5906310677528381,0.5968015789985657,0.5859793424606323,0.5525991320610046,0.5880349278450012,0.5178057551383972,0.6209331154823303,0.6104342341423035,0.6263542771339417,0.5699479579925537,0.6174955368041992,0.5294473171234131,0.6390764713287354,0.507156252861023,0.6540261507034302,0.5660213828086853,0.6580610871315002,0.5285941958427429,0.6534653306007385,0.49375465512275696,ㅜ
0.688863217830658,0.28317776322364807,0.6148832440376282,0.3491728901863098,0.5900334715843201,0.45427677035331726,0.6045152544975281,0.5437086224555969,0.6346220970153809,0.599530041217804,0.5833677053451538,0.4998100996017456,0.5774576663970947,0.6548211574554443,0.5767529606819153,0.7290682792663574,0.5771550536155701,0.7855424284934998,0.6425197720527649,0.5165890455245972,0.6705262064933777,0.6739093661308289,0.6687917113304138,0.6461273431777954,0.6596574783325195,0.598789632320404,0.6961797475814819,0.5150028467178345,0.7109007835388184,0.6130633354187012,0.6980603933334351,0.5741739869117737,0.6890654563903809,0.532863199710846,0.7387956380844116,0.4996070861816406,0.7357566356658936,0.5488908886909485,0.7238293290138245,0.5167316198348999,0.7184863686561584,0.4844823479652405,ㅜ
0.7393673062324524,0.3152139186859131,0.6655545234680176,0.3900768458843231,0.6489191055297852,0.5037333965301514,0.6795613765716553,0.5937947034835815,0.7205093502998352,0.6424922347068787,0.6498224139213562,0.5599642395973206,0.6522530317306519,0.7232834696769714,0.657705545425415,0.8201237916946411,0.6674373149871826,0.8961729407310486,0.7113904356956482,0.5687068700790405,0.7358092069625854,0.7042099237442017,0.7341987490653992,0.6738867163658142,0.7287018895149231,0.6219406127929688,0.7659528255462646,0.5564549565315247,0.779272198677063,0.6478845477104187,0.7689244747161865,0.6184664964675903,0.7625308632850647,0.5750142931938171,0.8098882436752319,0.5350531935691833,0.8045831918716431,0.5872927904129028,0.7939481735229492,0.5574424862861633,0.7886698246002197,0.5229156017303467,ㅜ
0.7459477782249451,0.3341316282749176,0.6797159910202026,0.4069315791130066,0.6601957082748413,0.5204510688781738,0.6807733178138733,0.619507908821106,0.713537871837616,0.6775128245353699,0.6514550447463989,0.5684517621994019,0.6589601039886475,0.7169459462165833,0.6635428667068481,0.8036324381828308,0.668296754360199,0.8728457689285278,0.7060925960540771,0.5730805397033691,0.7396503686904907,0.6978573203086853,0.7423468828201294,0.6685262322425842,0.7341251969337463,0.6237325072288513,0.7590770721435547,0.5615860223770142,0.7821486592292786,0.6527477502822876,0.7742988467216492,0.6234316825866699,0.7634402513504028,0.5827338099479675,0.8041008114814758,0.54218590259552,0.8081221580505371,0.6007446050643921,0.7997033596038818,0.5713276267051697,0.7932003140449524,0.5351362228393555,ㅜ
0.6657195091247559,0.3775060176849365,0.613591730594635,0.4368476867675781,0.5979626774787903,0.5283796191215515,0.6127529144287109,0.6023985743522644,0.6419535279273987,0.647049605846405,0.5855779647827148,0.5816209316253662,0.5904862880706787,0.7057249546051025,0.5928966999053955,0.7764687538146973,0.5955929756164551,0.8331728577613831,0.6233462691307068,0.5823092460632324,0.6688778400421143,0.672896146774292,0.6750661730766296,0.6373023390769958,0.6645081043243408,0.6022230386734009,0.6650842428207397,0.5700213313102722,0.7026772499084473,0.6389232277870178,0.6994534730911255,0.6036306619644165,0.6857085824012756,0.5730683207511902,0.7037755250930786,0.5509594082832336,0.722128689289093,0.5959803462028503,0.7167192697525024,0.5626801252365112,0.7062013745307922,0.5346410274505615,ㅜ
0.7053295373916626,0.33453530073165894,0.6500235795974731,0.3678586781024933,0.6201496720314026,0.4404699206352234,0.6193535327911377,0.5044549107551575,0.6353505849838257,0.5482861399650574,0.5899776816368103,0.48371943831443787,0.5747131109237671,0.5866339206695557,0.567457377910614,0.6457230448722839,0.5631211996078491,0.6928316950798035,0.6212330460548401,0.49763479828834534,0.6511057615280151,0.5807303190231323,0.6635894179344177,0.5496992468833923,0.6596903800964355,0.5170103311538696,0.6585600972175598,0.5022318959236145,0.6863987445831299,0.5633673071861267,0.692533552646637,0.5320975184440613,0.686535120010376,0.5042375922203064,0.6952751278877258,0.5004869103431702,0.7098046541213989,0.5351715683937073,0.7140471935272217,0.5054171681404114,0.7101985812187195,0.4803532063961029,ㅜ
0.6671539545059204,0.37321799993515015,0.6073500514030457,0.3988805115222931,0.577974259853363,0.47061288356781006,0.5835167765617371,0.5341209173202515,0.6035825610160828,0.5754984617233276,0.5454158782958984,0.5267795920372009,0.5318783521652222,0.6321834921836853,0.5239707231521606,0.6980000734329224,0.5177563428878784,0.7501929402351379,0.5799059867858887,0.5447700619697571,0.6103808283805847,0.6084340810775757,0.6218165159225464,0.5788941383361816,0.6173665523529053,0.5458003282546997,0.6201745271682739,0.550045907497406,0.6447916030883789,0.5915749073028564,0.6514766216278076,0.5633268356323242,0.6456230878829956,0.5371373891830444,0.6588208675384521,0.548071026802063,0.6693754196166992,0.5683276057243347,0.6742112040519714,0.5389542579650879,0.6716547012329102,0.5145449042320251,ㅜ
0.6337360739707947,0.20746996998786926,0.5495857000350952,0.2505592107772827,0.5035476684570312,0.34808939695358276,0.4858330190181732,0.4286898672580719,0.49344369769096375,0.48624488711357117,0.47052380442619324,0.43093734979629517,0.46053019165992737,0.5706248879432678,0.45469337701797485,0.656413733959198,0.45201537013053894,0.722365140914917,0.5223957300186157,0.45832788944244385,0.5525191426277161,0.5550680160522461,0.5644291043281555,0.5162225961685181,0.5611305832862854,0.4676174521446228,0.58094322681427,0.46522849798202515,0.6031835079193115,0.5277886390686035,0.6093672513961792,0.4909467101097107,0.6053341031074524,0.45065099000930786,0.6357358694076538,0.46030154824256897,0.6402316689491272,0.49071064591407776,0.6469588875770569,0.45103663206100464,0.6465657353401184,0.4146437644958496,ㅜ
0.6343597769737244,0.1681845486164093,0.5458083748817444,0.22055107355117798,0.49223965406417847,0.32989493012428284,0.47179895639419556,0.4228593707084656,0.4825359284877777,0.49115923047065735,0.45820629596710205,0.40936756134033203,0.44367772340774536,0.5778904557228088,0.4352889955043793,0.6792392134666443,0.4294244647026062,0.763349711894989,0.5160692930221558,0.43949800729751587,0.5466939210891724,0.5709766149520874,0.5621129274368286,0.5215111970901489,0.5600767731666565,0.4636210501194,0.5802096724510193,0.4492722749710083,0.6036855578422546,0.5404497385025024,0.6087216734886169,0.49312910437583923,0.6037885546684265,0.44463810324668884,0.6401759386062622,0.4456324279308319,0.642606258392334,0.4950826168060303,0.6473582983016968,0.4507371783256531,0.6472603678703308,0.4092378318309784,ㅜ
0.6268697381019592,0.05722549557685852,0.5213205814361572,0.11230592429637909,0.4572572708129883,0.23161369562149048,0.4405779242515564,0.3487321734428406,0.4591643512248993,0.43345317244529724,0.42769888043403625,0.286923348903656,0.40934517979621887,0.4629020094871521,0.40760138630867004,0.5589885115623474,0.40484946966171265,0.6317181587219238,0.4952095150947571,0.3262938857078552,0.5098127126693726,0.5077549815177917,0.5283014178276062,0.4661502242088318,0.5315165519714355,0.4025246500968933,0.5685051083564758,0.34375759959220886,0.5817503333091736,0.47495704889297485,0.5890216827392578,0.42387109994888306,0.587008535861969,0.36753568053245544,0.6371325254440308,0.3443603813648224,0.6359708905220032,0.41477376222610474,0.6372151374816895,0.37033653259277344,0.635233998298645,0.3254304826259613,ㅜ
0.6141315698623657,0.1725466400384903,0.5309276580810547,0.23026102781295776,0.4797475337982178,0.3440127372741699,0.46713826060295105,0.4419979155063629,0.47856828570365906,0.5157966613769531,0.4450424313545227,0.40922167897224426,0.42362818121910095,0.5756573677062988,0.41521793603897095,0.6679474115371704,0.412223756313324,0.7436858415603638,0.4957216680049896,0.4241490960121155,0.5434806942939758,0.5709961652755737,0.5589946508407593,0.524526059627533,0.5503371357917786,0.4727536141872406,0.5555398464202881,0.4260358214378357,0.5967428088188171,0.5353948473930359,0.6016691327095032,0.4880926311016083,0.5895493626594543,0.4435317814350128,0.6138365268707275,0.41828057169914246,0.6316874623298645,0.4893726110458374,0.6362202763557434,0.4486171305179596,0.6320294141769409,0.40942853689193726,ㅜ
0.6168251037597656,0.24216555058956146,0.5402637124061584,0.28763777017593384,0.49561813473701477,0.37536415457725525,0.47540104389190674,0.4460929036140442,0.4773731827735901,0.49822375178337097,0.4582134485244751,0.4503716230392456,0.4456993341445923,0.5883916616439819,0.43704742193222046,0.6646791696548462,0.43006637692451477,0.7244309782981873,0.505070149898529,0.4724387526512146,0.536165177822113,0.5874043703079224,0.5512093305587769,0.5468139052391052,0.5479438900947571,0.49868836998939514,0.5591346025466919,0.4776279032230377,0.5853927135467529,0.5624402761459351,0.5915043950080872,0.5223426818847656,0.5849685668945312,0.48155078291893005,0.6109561324119568,0.4713135063648224,0.6185137033462524,0.521807074546814,0.6237704753875732,0.48645928502082825,0.6226618885993958,0.45083537697792053,ㅜ
0.6295251846313477,0.2812756896018982,0.5588867664337158,0.323799192905426,0.5200620889663696,0.4119543433189392,0.5133383274078369,0.48274415731430054,0.5281020998954773,0.5365734100341797,0.4821310043334961,0.480292409658432,0.4706861972808838,0.6030329465866089,0.46150723099708557,0.6729856729507446,0.4550401568412781,0.7269609570503235,0.5231243371963501,0.49648094177246094,0.5571894645690918,0.6018718481063843,0.5714855790138245,0.5669727325439453,0.5675280094146729,0.5267136693000793,0.5716572999954224,0.4987756609916687,0.6011233329772949,0.5806689262390137,0.6059608459472656,0.5444887280464172,0.5978118777275085,0.5096546411514282,0.6181565523147583,0.49150198698043823,0.6295384168624878,0.5456240177154541,0.6343685984611511,0.515195906162262,0.6318583488464355,0.4841953217983246,ㅜ
0.6423790454864502,0.32719215750694275,0.5780877470970154,0.3579188883304596,0.5423698425292969,0.43386438488960266,0.5339295864105225,0.5015864968299866,0.5451542735099792,0.5511295199394226,0.5091022849082947,0.48810261487960815,0.48941972851753235,0.5945224761962891,0.4779144525527954,0.6568297147750854,0.469992071390152,0.7058660984039307,0.5402163863182068,0.5032579302787781,0.5760309100151062,0.5981289148330688,0.5914358496665955,0.5681183338165283,0.5887906551361084,0.5322983264923096,0.5797342658042908,0.5073856115341187,0.6142156720161438,0.5757247805595398,0.6200813055038452,0.5429606437683105,0.6125504374504089,0.5120572447776794,0.6196163296699524,0.5029075145721436,0.6395675539970398,0.5416502952575684,0.6438018679618835,0.5111286640167236,0.638888955116272,0.48305749893188477,ㅜ
0.6771305799484253,0.4514533281326294,0.6133071184158325,0.4600892961025238,0.5714417695999146,0.5246060490608215,0.5611496567726135,0.5905864238739014,0.5708857178688049,0.6401737332344055,0.5398925542831421,0.5626178979873657,0.516055703163147,0.6615504622459412,0.5017719268798828,0.7229887843132019,0.4918903708457947,0.7723480463027954,0.5721036791801453,0.5903688669204712,0.5790588855743408,0.6821808815002441,0.5931795835494995,0.6609017252922058,0.5971952080726624,0.6275557279586792,0.6088685989379883,0.6082267165184021,0.6147747039794922,0.6753621697425842,0.6221862435340881,0.6524827480316162,0.6236518621444702,0.624592661857605,0.6432486772537231,0.6162444353103638,0.6423715949058533,0.6562422513961792,0.6478307247161865,0.6325104236602783,0.649763286113739,0.6082457304000854,ㅜ
0.6751440763473511,0.433635950088501,0.6111382842063904,0.45431602001190186,0.5805895328521729,0.5253414511680603,0.5819318890571594,0.5887270569801331,0.5959668755531311,0.6305658221244812,0.5532406568527222,0.5800326466560364,0.541724443435669,0.6838509440422058,0.534538984298706,0.7433170676231384,0.5309954285621643,0.7879849076271057,0.5866252183914185,0.5979852080345154,0.6072085499763489,0.6616148352622986,0.6170371770858765,0.6358404159545898,0.6151573657989502,0.6050398349761963,0.6253576874732971,0.6030891537666321,0.6397868990898132,0.6470246911048889,0.6438666582107544,0.6222589015960693,0.6416065692901611,0.595789909362793,0.6627060770988464,0.6014042496681213,0.6645380854606628,0.6228290796279907,0.6679987907409668,0.5958061814308167,0.6686780452728271,0.5708325505256653,ㅜ
0.6491732597351074,0.3742315173149109,0.5809459686279297,0.404779314994812,0.5508911609649658,0.4828527569770813,0.5511233806610107,0.5522829294204712,0.5684854984283447,0.5982871651649475,0.5281711220741272,0.5411422848701477,0.5218120217323303,0.6561838984489441,0.5190320611000061,0.7269607186317444,0.5186803340911865,0.7827041745185852,0.5633602738380432,0.5579273700714111,0.5910508036613464,0.6263183951377869,0.6012927293777466,0.5961654782295227,0.597833514213562,0.5632188320159912,0.6054505109786987,0.5609343647956848,0.6260360479354858,0.6056588292121887,0.629680871963501,0.5781333446502686,0.6249282360076904,0.550530731678009,0.6456717848777771,0.5565200448036194,0.6519463062286377,0.5772691965103149,0.6549091935157776,0.5480645895004272,0.6543500423431396,0.5230317115783691,ㅜ
0.6340170502662659,0.29784291982650757,0.5659756064414978,0.3409133553504944,0.5324921011924744,0.4269276261329651,0.531096339225769,0.49725326895713806,0.549562394618988,0.5449009537696838,0.504207193851471,0.4814852476119995,0.4985208213329315,0.5993000268936157,0.49838727712631226,0.670937180519104,0.5015650987625122,0.7306064367294312,0.5460080504417419,0.4920782148838043,0.575282096862793,0.5736081600189209,0.5855451822280884,0.5414599776268005,0.5805602669715881,0.5081599950790405,0.5948605537414551,0.49053341150283813,0.6120235323905945,0.555444061756134,0.6154722571372986,0.5243605375289917,0.6108224987983704,0.49261656403541565,0.6416541934013367,0.48233669996261597,0.6435317397117615,0.5190911293029785,0.6458495259284973,0.4876447916030884,0.6452124714851379,0.4600333869457245,ㅜ
0.6158714294433594,0.1876898854970932,0.5432105660438538,0.229018896818161,0.4930061995983124,0.32870393991470337,0.4781779646873474,0.42111945152282715,0.4872889518737793,0.49030035734176636,0.45733842253685,0.3772899806499481,0.45272111892700195,0.5134995579719543,0.4540097117424011,0.5939216613769531,0.45588257908821106,0.656814694404602,0.5012224912643433,0.39045530557632446,0.5429943799972534,0.5181758403778076,0.5575706958770752,0.4787174463272095,0.5514897108078003,0.43217459321022034,0.5532541275024414,0.3938996195793152,0.5899786353111267,0.49627232551574707,0.5960816740989685,0.45293623208999634,0.5861756801605225,0.4118555784225464,0.6044795513153076,0.38894006609916687,0.6223629713058472,0.452668160200119,0.6277188658714294,0.41546937823295593,0.6216832399368286,0.3807388246059418,ㅜ
0.6561003923416138,0.2742735743522644,0.5838260650634766,0.3105555474758148,0.5293440818786621,0.4044339656829834,0.5067360401153564,0.4981592893600464,0.5071393847465515,0.5680715441703796,0.5113636255264282,0.3993539810180664,0.5008788108825684,0.5418697595596313,0.5032145380973816,0.602502703666687,0.5081806182861328,0.6415731310844421,0.566064178943634,0.40984880924224854,0.5825794339179993,0.5734310746192932,0.5915703177452087,0.5472922921180725,0.5894481539726257,0.5028218626976013,0.6206396222114563,0.41777166724205017,0.6269066333770752,0.5600389838218689,0.6291033029556274,0.5253867506980896,0.6260197758674622,0.4816974103450775,0.6700901389122009,0.4250944256782532,0.6624027490615845,0.5263631939888,0.6616296768188477,0.494601309299469,0.6598727703094482,0.45483410358428955,ㅜ
0.7038446664810181,0.396059513092041,0.6314688324928284,0.4086705148220062,0.5687913298606873,0.4862910211086273,0.5428617596626282,0.5779588222503662,0.534405529499054,0.6434634923934937,0.5357853174209595,0.48845693469047546,0.5076323747634888,0.6255050897598267,0.49596598744392395,0.7030287384986877,0.4885869324207306,0.7632087469100952,0.5851718187332153,0.51133131980896,0.5899904370307922,0.661294162273407,0.6077538132667542,0.6338611245155334,0.6092981100082397,0.587300717830658,0.6366373300552368,0.5317009091377258,0.6381406188011169,0.6559104323387146,0.6500790119171143,0.6202204823493958,0.6493223309516907,0.5769240856170654,0.6849831938743591,0.5490776896476746,0.677287220954895,0.6304581761360168,0.685855507850647,0.5971832275390625,0.6876590847969055,0.5598838329315186,ㅜ
0.698341965675354,0.39872580766677856,0.6293004751205444,0.4132031798362732,0.5734548568725586,0.490349680185318,0.550763726234436,0.5776375532150269,0.5431689023971558,0.6410674452781677,0.5451979637145996,0.4980161488056183,0.5223759412765503,0.6309043169021606,0.5148838758468628,0.7037719488143921,0.5098379254341125,0.7591761350631714,0.5906842350959778,0.5165480375289917,0.6016595363616943,0.6465923190116882,0.6154621839523315,0.6192169785499573,0.6144191026687622,0.577147364616394,0.6381219625473022,0.5344030261039734,0.6426374912261963,0.6407838463783264,0.6521586179733276,0.6079407930374146,0.6497273445129395,0.5709404349327087,0.682077944278717,0.5492141842842102,0.6769980788230896,0.6173794865608215,0.68423992395401,0.5870033502578735,0.6841890215873718,0.5552175641059875,ㅜ
0.6637946367263794,0.4879456162452698,0.6084439158439636,0.4987717866897583,0.5664520263671875,0.5593987107276917,0.54893559217453,0.6248371601104736,0.5450612902641296,0.66983562707901,0.5283148884773254,0.5600289106369019,0.5142308473587036,0.658535361289978,0.5073487162590027,0.71575528383255,0.5008074045181274,0.7600795030593872,0.5565072298049927,0.569240391254425,0.5786529779434204,0.6814609169960022,0.5953330993652344,0.6551233530044556,0.594683051109314,0.6193438768386841,0.5908113121986389,0.5790594816207886,0.6145073175430298,0.6718356609344482,0.6246238946914673,0.6411589980125427,0.618735134601593,0.6099058389663696,0.625444769859314,0.5863120555877686,0.6441410183906555,0.647105872631073,0.6514759063720703,0.6192923784255981,0.6451097130775452,0.5919444561004639,ㅜ
0.6595428586006165,0.49306368827819824,0.6036897897720337,0.5115857720375061,0.5654162764549255,0.5763627290725708,0.5573644638061523,0.6440673470497131,0.5631105899810791,0.6891195774078369,0.529961884021759,0.5930604934692383,0.518453061580658,0.6931424140930176,0.5135276317596436,0.7535467147827148,0.5092620849609375,0.8018790483474731,0.5575964450836182,0.6079081296920776,0.5845752358436584,0.700871467590332,0.5984871983528137,0.6705999374389648,0.5953877568244934,0.6348835825920105,0.5921341776847839,0.619732677936554,0.6180258989334106,0.6907238960266113,0.6276487112045288,0.6593540906906128,0.6214741468429565,0.6304865479469299,0.6283040642738342,0.6267774105072021,0.6454610824584961,0.6693267822265625,0.6523900032043457,0.6405544281005859,0.6472898721694946,0.6155434250831604,ㅜ
0.6641775965690613,0.5363801717758179,0.6071073412895203,0.554524838924408,0.5717366933822632,0.6202816367149353,0.5657091736793518,0.6829459071159363,0.5700230002403259,0.7255885601043701,0.5414080023765564,0.6576524376869202,0.534334123134613,0.7545617818832397,0.5306361317634583,0.8096485733985901,0.5277026891708374,0.8529009819030762,0.5731971263885498,0.676409900188446,0.5929128527641296,0.7464432120323181,0.6031287908554077,0.7199859023094177,0.6012604832649231,0.6894652247428894,0.6096787452697754,0.6870322227478027,0.6241016983985901,0.7384819388389587,0.6314282417297363,0.7135759592056274,0.6295662522315979,0.6886552572250366,0.6461060643196106,0.6924964785575867,0.6484593749046326,0.7247284054756165,0.6551743149757385,0.7003074288368225,0.6560423374176025,0.6779443621635437,ㅜ
0.6655575037002563,0.5821865797042847,0.609139621257782,0.5979037880897522,0.5732549428939819,0.659894585609436,0.5642802119255066,0.7210959196090698,0.5704947113990784,0.763843834400177,0.543114185333252,0.6956927180290222,0.5330421924591064,0.7922953963279724,0.529380202293396,0.8471840620040894,0.5271692872047424,0.8898670077323914,0.5713176727294922,0.7146733403205872,0.592522382736206,0.7860994338989258,0.6035200953483582,0.7601165771484375,0.6011579632759094,0.730319082736969,0.6055498123168945,0.7260159850120544,0.6231430768966675,0.7789403796195984,0.6309253573417664,0.7533094882965088,0.6281854510307312,0.7283244132995605,0.6403211355209351,0.732067883014679,0.6476986408233643,0.7630283832550049,0.6541347503662109,0.7386355400085449,0.6529825329780579,0.7163347005844116,ㅜ
0.28305405378341675,0.24282632768154144,0.3416079580783844,0.29430633783340454,0.36258599162101746,0.38729074597358704,0.35744351148605347,0.47603121399879456,0.35160818696022034,0.5426439046859741,0.4012719392776489,0.3922882676124573,0.39379388093948364,0.5191233158111572,0.3853330910205841,0.5871782302856445,0.38167139887809753,0.6412768363952637,0.35886043310165405,0.3975055515766144,0.3353353440761566,0.505543053150177,0.32390353083610535,0.47892895340919495,0.3258824646472931,0.4433080852031708,0.31253960728645325,0.40046724677085876,0.30015090107917786,0.4886162281036377,0.29261988401412964,0.4593183100223541,0.293950617313385,0.4261853098869324,0.27104800939559937,0.402197927236557,0.2716500759124756,0.4640023410320282,0.26694440841674805,0.4367898106575012,0.267000287771225,0.41148173809051514,ㅜ
0.28028416633605957,0.2557791769504547,0.33988383412361145,0.30543971061706543,0.3654111921787262,0.40012484788894653,0.3645389676094055,0.4905513525009155,0.3615083694458008,0.5587671995162964,0.40149641036987305,0.40932294726371765,0.3956211507320404,0.5386456847190857,0.38750791549682617,0.6074913740158081,0.3828738331794739,0.6624892354011536,0.3598023056983948,0.4160897135734558,0.3370796740055084,0.5301472544670105,0.3252934217453003,0.5009171962738037,0.32610654830932617,0.46164995431900024,0.3139798045158386,0.4201124608516693,0.29978686571121216,0.5086895823478699,0.292077898979187,0.4778677821159363,0.29332998394966125,0.44323503971099854,0.2728985548019409,0.42129233479499817,0.2701839804649353,0.4818421006202698,0.26464685797691345,0.45281028747558594,0.26477718353271484,0.4266544282436371,ㅜ
0.18461160361766815,0.2748841941356659,0.2560427188873291,0.3207162618637085,0.2868152856826782,0.42175647616386414,0.2868811786174774,0.5216028094291687,0.27693885564804077,0.5867186784744263,0.30426591634750366,0.4428178369998932,0.3048662841320038,0.5877913236618042,0.3022646903991699,0.6675917506217957,0.30240389704704285,0.7306496500968933,0.25024884939193726,0.45478957891464233,0.25216415524482727,0.5728052258491516,0.2533612847328186,0.5474280714988708,0.25428688526153564,0.5075658559799194,0.1995067298412323,0.4632674753665924,0.21163557469844818,0.5549379587173462,0.21373942494392395,0.5301253795623779,0.21211937069892883,0.4941234290599823,0.1577322632074356,0.4687272906303406,0.17847517132759094,0.5331417322158813,0.1796625256538391,0.5087952017784119,0.17297953367233276,0.481086790561676,ㅜ
0.18405450880527496,0.24611300230026245,0.2554730176925659,0.2927092909812927,0.2877662777900696,0.3919091522693634,0.288097083568573,0.4906465411186218,0.2773774266242981,0.5566434860229492,0.3030158579349518,0.40734976530075073,0.30895042419433594,0.551081657409668,0.3067469596862793,0.6296762228012085,0.3051474988460541,0.6922184228897095,0.24995580315589905,0.42221978306770325,0.2558743357658386,0.5402384400367737,0.25692400336265564,0.5142859816551208,0.256356418132782,0.4756624102592468,0.20132696628570557,0.43366169929504395,0.2164209485054016,0.5261995196342468,0.21928061544895172,0.5001116394996643,0.2171049863100052,0.46507513523101807,0.16174113750457764,0.44134321808815,0.18337754905223846,0.50665283203125,0.18657171726226807,0.4798572063446045,0.18080788850784302,0.4511159360408783,ㅜ
0.21510468423366547,0.25335997343063354,0.2796265482902527,0.3001565933227539,0.30910488963127136,0.4031691551208496,0.3050599694252014,0.502685010433197,0.2953319847583771,0.5681493878364563,0.32598888874053955,0.4134535491466522,0.32305824756622314,0.5597891807556152,0.31737735867500305,0.6374633312225342,0.3131446838378906,0.6997417211532593,0.2733003795146942,0.421883761882782,0.26804599165916443,0.54636549949646,0.2675405740737915,0.519172728061676,0.26756009459495544,0.48141050338745117,0.22470618784427643,0.43056076765060425,0.22939817607402802,0.5312853455543518,0.23121044039726257,0.5034757852554321,0.2305791676044464,0.46823033690452576,0.18369421362876892,0.43734878301620483,0.19779375195503235,0.509155809879303,0.19879010319709778,0.481375515460968,0.19421209394931793,0.45379459857940674,ㅜ
0.2218613624572754,0.1640133410692215,0.2899763286113739,0.2080572098493576,0.32801389694213867,0.3144576847553253,0.3227955102920532,0.41859063506126404,0.3018987774848938,0.4833570718765259,0.3281577229499817,0.2974071204662323,0.3310732841491699,0.44929301738739014,0.3302958011627197,0.5391114950180054,0.3268001675605774,0.6124144792556763,0.26419591903686523,0.30320045351982117,0.27883195877075195,0.47031909227371216,0.28683578968048096,0.4399496912956238,0.2863112688064575,0.386002779006958,0.21086165308952332,0.31513962149620056,0.23659178614616394,0.4571913182735443,0.24485595524311066,0.42398256063461304,0.24163006246089935,0.3792957663536072,0.16840657591819763,0.3288128972053528,0.20217162370681763,0.43380478024482727,0.20865970849990845,0.4039742350578308,0.20004364848136902,0.36731189489364624,ㅜ
0.2736521363258362,0.18699701130390167,0.34882986545562744,0.23587678372859955,0.3847728669643402,0.35030579566955566,0.378701776266098,0.4625365138053894,0.3609110414981842,0.5367564558982849,0.39204126596450806,0.3507433235645294,0.39189448952674866,0.5222631692886353,0.3877582252025604,0.6183691620826721,0.38296863436698914,0.6960476636886597,0.32457736134529114,0.3597472608089447,0.3323820233345032,0.5213868021965027,0.34085237979888916,0.4871313273906708,0.34317904710769653,0.43484804034233093,0.2673037648200989,0.37113404273986816,0.2865029573440552,0.505591869354248,0.29519033432006836,0.4714772701263428,0.29343923926353455,0.4268278479576111,0.2216908037662506,0.3810535967350006,0.25175148248672485,0.4819051921367645,0.2589905261993408,0.449374258518219,0.25129422545433044,0.4128012955188751,ㅜ
0.27465876936912537,0.18127629160881042,0.35349905490875244,0.23887142539024353,0.39010804891586304,0.36354947090148926,0.38450804352760315,0.48666900396347046,0.3641092777252197,0.5673618316650391,0.39564263820648193,0.34900063276290894,0.399659663438797,0.5336115956306458,0.3963008522987366,0.6379796862602234,0.3920018672943115,0.7208665609359741,0.32463422417640686,0.35740581154823303,0.3315890431404114,0.5330870747566223,0.34121906757354736,0.4977520704269409,0.3449046313762665,0.4383351802825928,0.2634434700012207,0.36855149269104004,0.28413814306259155,0.5104418992996216,0.294070839881897,0.47707781195640564,0.29269737005233765,0.42920851707458496,0.21552419662475586,0.3806193470954895,0.24699872732162476,0.48975294828414917,0.25654375553131104,0.45731955766677856,0.249600350856781,0.4183676540851593,ㅜ
0.3165707290172577,0.21043677628040314,0.3897593021392822,0.26536595821380615,0.42537930607795715,0.38521134853363037,0.42356252670288086,0.5032829642295837,0.4114845395088196,0.5888708233833313,0.45206332206726074,0.3717152178287506,0.45966798067092896,0.5338684916496277,0.45815640687942505,0.6270712018013,0.4555628001689911,0.7041655778884888,0.39084818959236145,0.37851041555404663,0.3764655590057373,0.5393288731575012,0.3688177168369293,0.5036051273345947,0.3716811537742615,0.45163485407829285,0.33168259263038635,0.38538286089897156,0.33060863614082336,0.5168266296386719,0.326926589012146,0.48085761070251465,0.3278662860393524,0.43751391768455505,0.2822685241699219,0.39094236493110657,0.2926097810268402,0.49027568101882935,0.2901642918586731,0.45477545261383057,0.28731679916381836,0.4194445312023163,ㅜ
0.3179932236671448,0.2733403742313385,0.38431423902511597,0.3240223228931427,0.41760241985321045,0.4251120090484619,0.4230390191078186,0.5197414755821228,0.42375874519348145,0.5955325961112976,0.46265822649002075,0.42644453048706055,0.46784162521362305,0.5630814433097839,0.46766677498817444,0.6408211588859558,0.4697593152523041,0.7039273977279663,0.4192160367965698,0.43629810214042664,0.3914699852466583,0.5604108572006226,0.3771040439605713,0.528554379940033,0.3822070360183716,0.4861937165260315,0.36859455704689026,0.4439637362957001,0.3513994812965393,0.5434854030609131,0.3409428000450134,0.5083496570587158,0.3447697162628174,0.47214165329933167,0.32244378328323364,0.448050320148468,0.3193395733833313,0.5211722254753113,0.31100189685821533,0.48844972252845764,0.3121212422847748,0.4595680832862854,ㅜ
0.35084858536720276,0.3349006474018097,0.4093317687511444,0.37925976514816284,0.4346378743648529,0.47039636969566345,0.43552687764167786,0.5561726689338684,0.43125686049461365,0.6196409463882446,0.4810642898082733,0.4965642988681793,0.48242565989494324,0.6189098954200745,0.48071593046188354,0.6891738176345825,0.4810241162776947,0.7458207607269287,0.4459122121334076,0.5067912936210632,0.4121185839176178,0.6041924953460693,0.4012432396411896,0.5752729773521423,0.4066251218318939,0.5389266014099121,0.4029139280319214,0.5110957026481628,0.3743542730808258,0.5777942538261414,0.36728402972221375,0.5461276769638062,0.3723394274711609,0.5142473578453064,0.36351025104522705,0.5084084272384644,0.344936728477478,0.5530757308006287,0.3390262722969055,0.5248404741287231,0.34282946586608887,0.49895718693733215,ㅜ
0.3619571626186371,0.2970499098300934,0.4146680235862732,0.34178829193115234,0.4371693432331085,0.4277138411998749,0.43844008445739746,0.5043097734451294,0.43526843190193176,0.5624521970748901,0.48104920983314514,0.4451957941055298,0.482043981552124,0.5515605807304382,0.4808669686317444,0.6125529408454895,0.48065340518951416,0.6640348434448242,0.4494905173778534,0.4520997405052185,0.4139004945755005,0.5428416728973389,0.40388551354408264,0.5160070657730103,0.4104038178920746,0.4845302999019623,0.41068997979164124,0.4534326195716858,0.3805021047592163,0.5189400911331177,0.37525150179862976,0.48866865038871765,0.3828231692314148,0.46055707335472107,0.37485671043395996,0.44950032234191895,0.3547874689102173,0.49480709433555603,0.3502731919288635,0.4661737382411957,0.35716840624809265,0.44158586859703064,ㅜ
0.40221264958381653,0.34925365447998047,0.4523872137069702,0.38125666975975037,0.4806375801563263,0.4603988528251648,0.4825897812843323,0.5346108078956604,0.47892364859580994,0.5856487154960632,0.5290930867195129,0.48566892743110657,0.5409116148948669,0.582830548286438,0.5485433340072632,0.6383808851242065,0.5560333728790283,0.6861389875411987,0.509303629398346,0.4961327016353607,0.4667869210243225,0.5696016550064087,0.4513188600540161,0.5400820970535278,0.45643460750579834,0.5142137408256531,0.478486567735672,0.5006924867630005,0.43576252460479736,0.5536904335021973,0.4264639914035797,0.5203037858009338,0.4357678294181824,0.49690479040145874,0.44633913040161133,0.5004693269729614,0.41244229674339294,0.5324087142944336,0.4044977128505707,0.501586377620697,0.41349849104881287,0.47938552498817444,ㅜ
0.33872342109680176,0.3113235533237457,0.39990678429603577,0.33501553535461426,0.4368322491645813,0.4095607399940491,0.45176753401756287,0.48546043038368225,0.4589208960533142,0.5412576198577881,0.489702045917511,0.4178950786590576,0.5146605372428894,0.5161417722702026,0.5286640524864197,0.5707253813743591,0.5429519414901733,0.6176067590713501,0.46351832151412964,0.43480080366134644,0.4373747706413269,0.5250739455223083,0.4184582531452179,0.5011141300201416,0.4197234511375427,0.47231289744377136,0.4268585443496704,0.44773048162460327,0.3995687961578369,0.5149399042129517,0.386712908744812,0.48716241121292114,0.39074310660362244,0.46046096086502075,0.39122650027275085,0.4555685520172119,0.3702634871006012,0.5003789663314819,0.3590286374092102,0.47449350357055664,0.36266621947288513,0.45226192474365234,ㅜ
0.2632407546043396,0.33749181032180786,0.3283204436302185,0.3478340804576874,0.38337841629981995,0.4114472270011902,0.4135136604309082,0.47997450828552246,0.43675103783607483,0.5281531810760498,0.43811142444610596,0.39702269434928894,0.48563626408576965,0.48534703254699707,0.5123453736305237,0.5372000336647034,0.5353851318359375,0.5794768333435059,0.41857004165649414,0.420299768447876,0.4064604938030243,0.521162211894989,0.38132792711257935,0.5019495487213135,0.3759373426437378,0.4684653878211975,0.38661763072013855,0.44624656438827515,0.3690657615661621,0.5255222916603088,0.34859931468963623,0.49987128376960754,0.34811142086982727,0.4687441289424896,0.35317128896713257,0.46696317195892334,0.33814066648483276,0.521375834941864,0.31938016414642334,0.4979267716407776,0.31870824098587036,0.470930278301239,ㅜ
0.25607702136039734,0.3473924994468689,0.32267212867736816,0.34766876697540283,0.3793814480304718,0.41129809617996216,0.4098285138607025,0.48437514901161194,0.42820504307746887,0.5359360575675964,0.4346424639225006,0.4086700975894928,0.4811899662017822,0.5055567622184753,0.506591796875,0.559363603591919,0.5282185077667236,0.6029815673828125,0.41185644268989563,0.43465688824653625,0.4036281406879425,0.5337865352630615,0.3801705837249756,0.5126553773880005,0.37403538823127747,0.4803825616836548,0.37852463126182556,0.4603632688522339,0.3661920130252838,0.5355864763259888,0.34583374857902527,0.5090632438659668,0.3423976004123688,0.4791388511657715,0.3451736867427826,0.4786471426486969,0.3349303901195526,0.5290390849113464,0.3171022832393646,0.5060604810714722,0.3131371736526489,0.47945427894592285,ㅜ
0.263628751039505,0.3269541263580322,0.33349165320396423,0.35830992460250854,0.3778255879878998,0.44604232907295227,0.3949287235736847,0.5313766002655029,0.4076536297798157,0.5935760736465454,0.4218263626098633,0.4513252377510071,0.44747060537338257,0.5686275959014893,0.45883625745773315,0.642014741897583,0.4686131477355957,0.700374960899353,0.3870997130870819,0.4708835780620575,0.38151389360427856,0.5784841775894165,0.36711791157722473,0.5522652864456177,0.3654178977012634,0.5128578543663025,0.34521108865737915,0.48786503076553345,0.34197357296943665,0.5698492527008057,0.3296509087085724,0.5401885509490967,0.32863348722457886,0.5056905746459961,0.30519676208496094,0.4978799819946289,0.3072640895843506,0.5556563138961792,0.2962000072002411,0.5304927825927734,0.2945220172405243,0.5025935173034668,ㅜ
0.24677568674087524,0.332047700881958,0.31860747933387756,0.3755755126476288,0.3522137701511383,0.4671342372894287,0.3520413637161255,0.552381157875061,0.34078118205070496,0.6119686365127563,0.3807467818260193,0.5024904012680054,0.3866378664970398,0.6437813639640808,0.3876287341117859,0.7210299968719482,0.3909659683704376,0.7835097312927246,0.33444398641586304,0.5200527906417847,0.32626020908355713,0.6312412619590759,0.3186124861240387,0.5998497009277344,0.3192683458328247,0.5605292916297913,0.2875422239303589,0.5306648015975952,0.286620169878006,0.6133409738540649,0.2819421589374542,0.583580493927002,0.28057733178138733,0.5469304323196411,0.24746030569076538,0.5331977009773254,0.25470903515815735,0.5872743129730225,0.2510630786418915,0.5588401556015015,0.24754232168197632,0.5310757160186768,ㅜ
0.28540492057800293,0.27114373445510864,0.34497717022895813,0.33645904064178467,0.3590361475944519,0.433473140001297,0.3443032503128052,0.5209743976593018,0.3198273181915283,0.5765766501426697,0.36970770359039307,0.46160954236984253,0.3426164984703064,0.5988999009132385,0.32384833693504333,0.6732085943222046,0.3084900677204132,0.732070803642273,0.3164585828781128,0.46282869577407837,0.2941153943538666,0.5811553001403809,0.29928335547447205,0.5559477210044861,0.3074963390827179,0.517477810382843,0.2673388719558716,0.45961421728134155,0.2607896625995636,0.5523328185081482,0.2686888873577118,0.5252683162689209,0.2742704749107361,0.488237202167511,0.2264692783355713,0.45196646451950073,0.2320101261138916,0.5136987566947937,0.23940184712409973,0.4893854856491089,0.2395729422569275,0.46118760108947754,ㅜ
0.2404767870903015,0.1729583591222763,0.3186083436012268,0.23710907995700836,0.34033215045928955,0.3612920343875885,0.3204513490200043,0.46784788370132446,0.29873090982437134,0.5440355539321899,0.3004837930202484,0.3397422432899475,0.2682279050350189,0.49281683564186096,0.25026872754096985,0.5819461345672607,0.23495805263519287,0.6515891551971436,0.23472048342227936,0.33343783020973206,0.24261561036109924,0.4899832308292389,0.2686784863471985,0.479726105928421,0.2814088463783264,0.44325730204582214,0.18605652451515198,0.331001341342926,0.20816975831985474,0.4666077792644501,0.2319740206003189,0.44960087537765503,0.23991376161575317,0.4134155511856079,0.15254634618759155,0.33121615648269653,0.18265922367572784,0.43584728240966797,0.20175372064113617,0.4206618666648865,0.20349952578544617,0.38914698362350464,ㅜ
0.22595275938510895,0.12027288973331451,0.30750495195388794,0.1897878795862198,0.3325001001358032,0.32084789872169495,0.3070370554924011,0.4329007565975189,0.2837613523006439,0.511562705039978,0.2713565528392792,0.2806627154350281,0.23677177727222443,0.44789615273475647,0.21494629979133606,0.5441962480545044,0.19892922043800354,0.6190787553787231,0.20343735814094543,0.2729896008968353,0.22273051738739014,0.4414183497428894,0.2541416883468628,0.44001156091690063,0.2680549919605255,0.4137001037597656,0.15573854744434357,0.2771546244621277,0.18935713171958923,0.42058688402175903,0.21961630880832672,0.4029213786125183,0.2283221185207367,0.3640913665294647,0.12350505590438843,0.28784334659576416,0.16640491783618927,0.39859408140182495,0.19126570224761963,0.3834977149963379,0.19274568557739258,0.3523535132408142,ㅜ
0.19590559601783752,0.1229671984910965,0.2742074131965637,0.21449601650238037,0.28889182209968567,0.3531101942062378,0.2663302719593048,0.4535275101661682,0.23746585845947266,0.5376220941543579,0.2162730097770691,0.3031339943408966,0.17008759081363678,0.48260176181793213,0.1409304141998291,0.5830520391464233,0.11726531386375427,0.6664096713066101,0.14477801322937012,0.28859665989875793,0.16395089030265808,0.4490727484226227,0.19745567440986633,0.4309616684913635,0.20974062383174896,0.3883988857269287,0.09984539449214935,0.29108044505119324,0.13238954544067383,0.4269198477268219,0.16279016435146332,0.397208034992218,0.16782011091709137,0.3562566637992859,0.067996084690094,0.30627894401550293,0.10849830508232117,0.3967514932155609,0.13574548065662384,0.37348103523254395,0.1400374174118042,0.34203585982322693,ㅜ
0.18084901571273804,0.12515223026275635,0.25951841473579407,0.2103441208600998,0.2780662477016449,0.3532010018825531,0.2526475191116333,0.4695196747779846,0.2271757274866104,0.5551824569702148,0.19877827167510986,0.30845722556114197,0.14826205372810364,0.5013045072555542,0.11746569722890854,0.6123809218406677,0.09649204462766647,0.7019941806793213,0.12314997613430023,0.30198803544044495,0.1474451869726181,0.4701250493526459,0.184621661901474,0.45429423451423645,0.19901186227798462,0.4133244454860687,0.07636130601167679,0.30757981538772583,0.11561169475317001,0.44705629348754883,0.14763900637626648,0.42669999599456787,0.15678580105304718,0.3839195668697357,0.04602273553609848,0.32313522696495056,0.09061811119318008,0.42602235078811646,0.1211371049284935,0.4081874489784241,0.12611490488052368,0.3757934868335724,ㅜ
0.2791577875614166,0.19627001881599426,0.34623607993125916,0.28643181920051575,0.35634538531303406,0.4178902208805084,0.32537636160850525,0.5243545174598694,0.29024675488471985,0.5917725563049316,0.32298481464385986,0.3886529505252838,0.27349305152893066,0.5385352969169617,0.24936030805110931,0.6231690645217896,0.2283659279346466,0.6865055561065674,0.25906339287757874,0.36550071835517883,0.2409544587135315,0.5364155769348145,0.269348680973053,0.528342604637146,0.28714078664779663,0.483905553817749,0.21170665323734283,0.35249099135398865,0.2083047479391098,0.5040862560272217,0.23683685064315796,0.49397122859954834,0.250649094581604,0.4544813632965088,0.1796816885471344,0.3488925099372864,0.19002579152584076,0.46963274478912354,0.21320506930351257,0.463445246219635,0.22109536826610565,0.4299337565898895,ㅜ
0.3339054584503174,0.21974550187587738,0.38441139459609985,0.2960469126701355,0.3864237070083618,0.3975900709629059,0.3538432717323303,0.47578859329223633,0.3175681531429291,0.5166776776313782,0.37614551186561584,0.3838808238506317,0.33670076727867126,0.5126100778579712,0.3123196065425873,0.5854612588882446,0.2892773449420929,0.6408475637435913,0.3204243779182434,0.36054757237434387,0.29138654470443726,0.5053861737251282,0.31081900000572205,0.49156710505485535,0.325330525636673,0.4494718611240387,0.2737889885902405,0.34356367588043213,0.25965526700019836,0.4721970558166504,0.2805717885494232,0.45860981941223145,0.29124295711517334,0.42309361696243286,0.23817619681358337,0.3318983018398285,0.24064412713050842,0.4322119653224945,0.25832119584083557,0.4204268455505371,0.2623486816883087,0.38968247175216675,ㅜ
0.29574957489967346,0.203591987490654,0.3493051826953888,0.25650548934936523,0.3696998059749603,0.35174956917762756,0.3606061339378357,0.44182655215263367,0.34624239802360535,0.5040847659111023,0.3857983350753784,0.35219722986221313,0.3766709566116333,0.47866812348365784,0.3677508234977722,0.549336314201355,0.3605194389820099,0.6059074401855469,0.3355959355831146,0.3503262996673584,0.3179231882095337,0.48122796416282654,0.3173288106918335,0.4515272080898285,0.3235510289669037,0.4080045223236084,0.28816014528274536,0.3490169644355774,0.2805669605731964,0.4569838345050812,0.2825700044631958,0.42706236243247986,0.2866344451904297,0.390360563993454,0.2489166557788849,0.34662628173828125,0.25283679366111755,0.4265819787979126,0.2551008462905884,0.39872217178344727,0.25479066371917725,0.3700298070907593,ㅜ
0.3021804392337799,0.2517196238040924,0.35871919989585876,0.3047027885913849,0.38019776344299316,0.3995848298072815,0.37500208616256714,0.48544496297836304,0.36740782856941223,0.5462056994438171,0.40762194991111755,0.40838107466697693,0.40074729919433594,0.5335996150970459,0.39560601115226746,0.6019321084022522,0.3931233286857605,0.6556803584098816,0.36328235268592834,0.4083402156829834,0.34352177381515503,0.5192354917526245,0.3377408981323242,0.49243929982185364,0.3422873318195343,0.45260298252105713,0.3187532424926758,0.40710213780403137,0.3095533549785614,0.4969679117202759,0.30578500032424927,0.470491886138916,0.30891790986061096,0.43766841292381287,0.28031444549560547,0.40485048294067383,0.28229886293411255,0.4698350727558136,0.2790762782096863,0.4419785141944885,0.27861058712005615,0.4146607220172882,ㅜ
0.38610294461250305,0.32209885120391846,0.4365040957927704,0.37314653396606445,0.44876962900161743,0.4603157341480255,0.4386264383792877,0.5402819514274597,0.427290678024292,0.5988036394119263,0.48342272639274597,0.48792651295661926,0.47416239976882935,0.6028604507446289,0.4669055938720703,0.6659501194953918,0.46256881952285767,0.7175028324127197,0.4463750422000885,0.49186626076698303,0.4133322536945343,0.5745741128921509,0.407022088766098,0.5465967655181885,0.41365039348602295,0.5153730511665344,0.4052722752094269,0.4884398579597473,0.38051551580429077,0.5475611090660095,0.3789308965206146,0.5183197259902954,0.38609111309051514,0.4892668128013611,0.3699687421321869,0.4796491861343384,0.3566094934940338,0.5215336680412292,0.35560479760169983,0.49508047103881836,0.36053264141082764,0.4715718924999237,ㅜ
0.40422630310058594,0.3076636791229248,0.45146644115448,0.36164915561676025,0.4611295759677887,0.4488828182220459,0.44909176230430603,0.5269757509231567,0.43490543961524963,0.5841256380081177,0.4972093999385834,0.47963547706604004,0.48370495438575745,0.5912958383560181,0.4747217297554016,0.653535008430481,0.4691693186759949,0.7054006457328796,0.4623227119445801,0.47980135679244995,0.42425835132598877,0.5593977570533752,0.41709816455841064,0.5300244688987732,0.42432692646980286,0.49945855140686035,0.42196890711784363,0.4729064404964447,0.392511785030365,0.5309765934944153,0.39093148708343506,0.5002052187919617,0.39916685223579407,0.4719112515449524,0.386586457490921,0.46130648255348206,0.36947810649871826,0.5041638016700745,0.368876576423645,0.4763731062412262,0.3749701976776123,0.4526636004447937,ㅜ
0.4317587912082672,0.2857498526573181,0.47669321298599243,0.3482700288295746,0.48364922404289246,0.44193699955940247,0.46895352005958557,0.5222875475883484,0.45374220609664917,0.5813106894493103,0.5223662257194519,0.47203972935676575,0.5083984136581421,0.585056483745575,0.49978962540626526,0.6498987674713135,0.4951970875263214,0.7033335566520691,0.48788982629776,0.4673982858657837,0.440938800573349,0.5512051582336426,0.4333783984184265,0.520672082901001,0.4434410035610199,0.4902626574039459,0.44649314880371094,0.4566836953163147,0.4091728627681732,0.5218338966369629,0.4080628454685211,0.48951229453086853,0.4186798930168152,0.46126383543014526,0.40892428159713745,0.442192018032074,0.38515323400497437,0.49342092871665955,0.38495147228240967,0.4639522135257721,0.39292868971824646,0.43915805220603943,ㅜ
0.3810237646102905,0.2462868094444275,0.4406571388244629,0.3119127154350281,0.4577038288116455,0.4031774401664734,0.44531014561653137,0.48072436451911926,0.4249560534954071,0.5353133678436279,0.4724774956703186,0.4220109283924103,0.4778386652469635,0.5516365766525269,0.4746915102005005,0.6248778700828552,0.471698522567749,0.6807256937026978,0.4252713918685913,0.41818130016326904,0.4015551209449768,0.5631215572357178,0.39364856481552124,0.5769022107124329,0.39674609899520874,0.5641967058181763,0.3784366250038147,0.41289466619491577,0.36045652627944946,0.5466318726539612,0.3653348982334137,0.5561742782592773,0.37441372871398926,0.5379369854927063,0.33969932794570923,0.40325066447257996,0.33038994669914246,0.5151037573814392,0.338657945394516,0.5300911664962769,0.3479997515678406,0.5232264995574951,ㅜ
0.38391727209091187,0.22740431129932404,0.4410812258720398,0.2952563762664795,0.45410192012786865,0.3880065083503723,0.4382326304912567,0.46624794602394104,0.4154653549194336,0.5198202729225159,0.4674510061740875,0.40209007263183594,0.4678012728691101,0.5314446687698364,0.46233972907066345,0.6055576801300049,0.45734962821006775,0.6612769961357117,0.4191109240055084,0.3955882489681244,0.39463162422180176,0.539779782295227,0.3892761468887329,0.5590118765830994,0.3943042755126953,0.5511873960494995,0.3720890283584595,0.389636754989624,0.3522425591945648,0.5244010090827942,0.35965901613235474,0.5365044474601746,0.3715173006057739,0.5211607217788696,0.3333902657032013,0.38043951988220215,0.32093843817710876,0.4944676160812378,0.3308051824569702,0.5083255767822266,0.3420318365097046,0.4998531937599182,ㅜ
0.39142072200775146,0.2193722128868103,0.4469446539878845,0.2808007597923279,0.46115967631340027,0.3870708644390106,0.4421325922012329,0.4844067096710205,0.42034459114074707,0.5551446080207825,0.4780486822128296,0.3826104998588562,0.47065743803977966,0.5239630341529846,0.45987698435783386,0.6027984619140625,0.44916293025016785,0.6628199815750122,0.4266371726989746,0.3764430284500122,0.41159960627555847,0.5188512802124023,0.4140499532222748,0.5100734233856201,0.4193384349346161,0.482815146446228,0.37764430046081543,0.3736761808395386,0.3701202869415283,0.5092602968215942,0.37988901138305664,0.4909105598926544,0.3862723410129547,0.4579498767852783,0.335478276014328,0.37187615036964417,0.3311140537261963,0.4877946674823761,0.3423621654510498,0.4745763838291168,0.3490774631500244,0.44403332471847534,ㅜ
0.3938063085079193,0.2299681007862091,0.4482625424861908,0.2898852229118347,0.4629635214805603,0.3970717191696167,0.4450947046279907,0.49603018164634705,0.42628705501556396,0.5690644979476929,0.48561710119247437,0.3949466347694397,0.4661389887332916,0.5375682711601257,0.450649231672287,0.616275429725647,0.43813323974609375,0.6747633814811707,0.43385863304138184,0.39108189940452576,0.4200678765773773,0.5309897661209106,0.4178033173084259,0.5139840245246887,0.4190128445625305,0.4772171080112457,0.38437119126319885,0.3900766372680664,0.37870070338249207,0.5199729204177856,0.3828549087047577,0.49650952219963074,0.3871600031852722,0.46003541350364685,0.3409056067466736,0.38868123292922974,0.3383913040161133,0.5022809505462646,0.3463076949119568,0.48703575134277344,0.3524296283721924,0.4551428556442261,ㅜ
0.35762232542037964,0.1219775527715683,0.4212959408760071,0.17962700128555298,0.4466117322444916,0.293887197971344,0.4356546401977539,0.4014343023300171,0.41977283358573914,0.4767919182777405,0.4587264657020569,0.2814106047153473,0.4456791877746582,0.4440196454524994,0.4339416027069092,0.5337841510772705,0.4218735098838806,0.5999131202697754,0.3982838988304138,0.2778671383857727,0.39390555024147034,0.45111745595932007,0.3983183205127716,0.4257538616657257,0.39968690276145935,0.37769484519958496,0.34287887811660767,0.2817324995994568,0.34723156690597534,0.44260239601135254,0.3582151532173157,0.4141152501106262,0.3620295822620392,0.3701455593109131,0.2952684760093689,0.2873762845993042,0.29957500100135803,0.42341941595077515,0.3139309883117676,0.4077910780906677,0.32025524973869324,0.3722083568572998,ㅜ
0.3550879955291748,0.13912340998649597,0.42864635586738586,0.2028343379497528,0.4573707580566406,0.32863715291023254,0.44556376338005066,0.4477362632751465,0.4279745817184448,0.5309110879898071,0.4595823884010315,0.3078881502151489,0.4501786530017853,0.4955105185508728,0.4388284385204315,0.5990814566612244,0.4282833933830261,0.6770678758621216,0.3906710147857666,0.3063548803329468,0.3931744396686554,0.5034645795822144,0.4055376350879669,0.47451528906822205,0.41137081384658813,0.421630322933197,0.3305761516094208,0.3121161162853241,0.34165409207344055,0.49480611085891724,0.3598770201206207,0.46322277188301086,0.3651176393032074,0.4124850630760193,0.2814786434173584,0.32045668363571167,0.28806033730506897,0.47214964032173157,0.30916404724121094,0.46162036061286926,0.3182309865951538,0.4281678795814514,ㅜ
0.36785757541656494,0.2007693350315094,0.4331875145435333,0.2556353211402893,0.4655015766620636,0.36423829197883606,0.46170398592948914,0.4668535888195038,0.45559313893318176,0.5351386070251465,0.4929977357387543,0.3670959174633026,0.48751091957092285,0.5183783173561096,0.4786669611930847,0.6004784107208252,0.472042441368103,0.6663910150527954,0.43845242261886597,0.3710818886756897,0.42566901445388794,0.5184245705604553,0.417522132396698,0.4839937090873718,0.41867151856422424,0.43795230984687805,0.3848651349544525,0.3767975866794586,0.380298376083374,0.5129282474517822,0.376920610666275,0.476321280002594,0.3772582709789276,0.4331277012825012,0.3382132947444916,0.38066691160202026,0.3414991796016693,0.5005156993865967,0.34088096022605896,0.4737474024295807,0.33988621830940247,0.4373610317707062,ㅜ
0.3748798966407776,0.191843643784523,0.42918509244918823,0.24154111742973328,0.45517832040786743,0.3356916010379791,0.451557993888855,0.42538556456565857,0.4482975900173187,0.4925958514213562,0.49197399616241455,0.33151206374168396,0.4847220480442047,0.4563491940498352,0.4754556119441986,0.5230962038040161,0.469555526971817,0.5747290849685669,0.4518030881881714,0.33192333579063416,0.428641676902771,0.4514278769493103,0.41810011863708496,0.4245695173740387,0.4234773516654968,0.38529127836227417,0.4070061445236206,0.33321666717529297,0.3929486870765686,0.44400885701179504,0.38473886251449585,0.4147607088088989,0.389983594417572,0.3796350955963135,0.3644695281982422,0.33410823345184326,0.36066463589668274,0.4320259392261505,0.3550034165382385,0.40961435437202454,0.3582843244075775,0.3774218261241913,ㅜ
0.3799838125705719,0.2428821474313736,0.4319601058959961,0.29224011301994324,0.451758474111557,0.3826005458831787,0.44461336731910706,0.46638616919517517,0.43849819898605347,0.5290570259094238,0.48983144760131836,0.3816518187522888,0.48357900977134705,0.5003762245178223,0.47540855407714844,0.5680603981018066,0.4705796539783478,0.6227660775184631,0.44946396350860596,0.3838789463043213,0.42446327209472656,0.4960475564002991,0.41380831599235535,0.4709561765193939,0.41812261939048767,0.43797409534454346,0.40460002422332764,0.384849488735199,0.38699203729629517,0.48744696378707886,0.38124674558639526,0.45939508080482483,0.3866611421108246,0.4267171621322632,0.36348775029182434,0.38399264216423035,0.3562024235725403,0.4734329283237457,0.35247957706451416,0.452788770198822,0.35689330101013184,0.4243301749229431,ㅜ
0.39047735929489136,0.26026126742362976,0.43912264704704285,0.3107881546020508,0.45741719007492065,0.4039526581764221,0.4465540647506714,0.4913776218891144,0.4376211166381836,0.558517336845398,0.4990963935852051,0.40213149785995483,0.49258536100387573,0.5224031805992126,0.48527923226356506,0.5894703269004822,0.48037463426589966,0.644577145576477,0.4595019519329071,0.3991871178150177,0.42923277616500854,0.5069414377212524,0.4200194478034973,0.48306190967559814,0.42502954602241516,0.4521405100822449,0.41581106185913086,0.3972766697406769,0.392002135515213,0.48884013295173645,0.38923144340515137,0.45565852522850037,0.39828920364379883,0.4238632917404175,0.37621235847473145,0.39455646276474,0.3645798861980438,0.4737296402454376,0.36110949516296387,0.4450761675834656,0.36667418479919434,0.41540881991386414,ㅜ
0.43703165650367737,0.36459025740623474,0.487384170293808,0.40786951780319214,0.5026541352272034,0.4927365779876709,0.49125561118125916,0.5702522993087769,0.4776366055011749,0.627032995223999,0.5460962653160095,0.5233906507492065,0.542916476726532,0.6310766339302063,0.5408437252044678,0.6927950978279114,0.5408827662467957,0.7442871928215027,0.5170010328292847,0.5313323736190796,0.4717128276824951,0.6014866232872009,0.4618701934814453,0.5724800825119019,0.46932747960090637,0.5469430088996887,0.47978928685188293,0.5310640931129456,0.4386811852455139,0.5775282382965088,0.4364556670188904,0.5440933704376221,0.4481469690799713,0.5183136463165283,0.44519951939582825,0.524020254611969,0.41491174697875977,0.5522862076759338,0.41386958956718445,0.5238298773765564,0.4254361689090729,0.5023216605186462,ㅜ
0.37095075845718384,0.2667638063430786,0.41407203674316406,0.3287532925605774,0.4204360544681549,0.4244171380996704,0.40382641553878784,0.5068802237510681,0.3849456012248993,0.5667069554328918,0.4523622989654541,0.4398735463619232,0.43587133288383484,0.5517768859863281,0.422024667263031,0.6143916845321655,0.4123546779155731,0.6640791296958923,0.4123048484325409,0.43442338705062866,0.37206852436065674,0.5306388139724731,0.3660837709903717,0.5029821991920471,0.3765762448310852,0.4669463336467743,0.36839041113853455,0.42452675104141235,0.3382387161254883,0.5031490921974182,0.3362739086151123,0.47487977147102356,0.3456214666366577,0.44527339935302734,0.32935377955436707,0.4116077423095703,0.3127119541168213,0.47818782925605774,0.310856431722641,0.453203022480011,0.31580865383148193,0.4282393753528595,ㅜ
0.29007402062416077,0.21076112985610962,0.3398401737213135,0.27766290307044983,0.345061331987381,0.37809431552886963,0.320349782705307,0.46214452385902405,0.29352128505706787,0.5127786993980408,0.35029906034469604,0.38748496770858765,0.3192210793495178,0.5097097754478455,0.29652950167655945,0.5758118629455566,0.27755510807037354,0.6261554956436157,0.29838281869888306,0.37660884857177734,0.27108120918273926,0.49386346340179443,0.27835655212402344,0.47318488359451294,0.2876538336277008,0.43496382236480713,0.25134363770484924,0.36660149693489075,0.2377585470676422,0.46304795145988464,0.24549628794193268,0.44167861342430115,0.25164854526519775,0.40932783484458923,0.21204981207847595,0.35742276906967163,0.21132250130176544,0.43621188402175903,0.21773666143417358,0.414020299911499,0.21823136508464813,0.38541698455810547,ㅜ
0.2538023591041565,0.22791609168052673,0.30825501680374146,0.29758232831954956,0.3111823499202728,0.4025324285030365,0.2799454629421234,0.4915599822998047,0.24673941731452942,0.5478140711784363,0.2946215867996216,0.40001577138900757,0.2571677565574646,0.5311609506607056,0.23280055820941925,0.6045852899551392,0.21007001399993896,0.6616847515106201,0.2396128624677658,0.3834468424320221,0.22056251764297485,0.5248616933822632,0.23974718153476715,0.5129132866859436,0.2518690228462219,0.4750823378562927,0.1944822371006012,0.3710276484489441,0.18978114426136017,0.49400821328163147,0.20935313403606415,0.4768292009830475,0.2182299792766571,0.4417452812194824,0.1586686223745346,0.35974007844924927,0.1657724678516388,0.45631110668182373,0.18129169940948486,0.44294053316116333,0.18584375083446503,0.4106975793838501,ㅜ
0.27123236656188965,0.24874097108840942,0.3309241831302643,0.3139777183532715,0.341716468334198,0.4275611937046051,0.31029659509658813,0.5281376242637634,0.2685002088546753,0.5822361707687378,0.33668625354766846,0.3778156638145447,0.3301088213920593,0.5090174674987793,0.32241126894950867,0.5917069911956787,0.3102390468120575,0.6551955938339233,0.27723342180252075,0.3722923696041107,0.2615891396999359,0.5290712118148804,0.27584874629974365,0.507644534111023,0.2855325937271118,0.45885780453681946,0.22401168942451477,0.3698398768901825,0.22282223403453827,0.5078623294830322,0.23807944357395172,0.4833204746246338,0.24355123937129974,0.442351758480072,0.18145842850208282,0.36842936277389526,0.18744102120399475,0.4803774356842041,0.2028711438179016,0.46217086911201477,0.20356881618499756,0.4284970164299011,ㅜ
0.3100198209285736,0.20369470119476318,0.3634859025478363,0.25331246852874756,0.3874583840370178,0.34736138582229614,0.3801018297672272,0.4372788965702057,0.36067742109298706,0.499090313911438,0.4106561541557312,0.3355332016944885,0.4147241711616516,0.4625241756439209,0.4148467183113098,0.5372879505157471,0.4152432084083557,0.5970832109451294,0.36273157596588135,0.3374984860420227,0.34654879570007324,0.46283936500549316,0.33985844254493713,0.43502023816108704,0.34501466155052185,0.3940909504890442,0.31474757194519043,0.34177103638648987,0.3099225163459778,0.44728437066078186,0.3061765134334564,0.4184264838695526,0.30948537588119507,0.38564586639404297,0.2723478376865387,0.3445574939250946,0.27918297052383423,0.43256211280822754,0.27670398354530334,0.40670591592788696,0.2753649353981018,0.37907055020332336,ㅜ
0.35026222467422485,0.21846599876880646,0.40058407187461853,0.27340731024742126,0.41526708006858826,0.36561504006385803,0.4085446894168854,0.45092275738716125,0.3920210003852844,0.5142571330070496,0.44827502965927124,0.3761940002441406,0.44162440299987793,0.49643221497535706,0.43736958503723145,0.5686829090118408,0.4347267150878906,0.6261436939239502,0.4056497812271118,0.3752385973930359,0.3758326768875122,0.4797615110874176,0.36850008368492126,0.4558519721031189,0.3762577474117279,0.4216935336589813,0.3588156998157501,0.3724571466445923,0.339946985244751,0.4599618911743164,0.33738210797309875,0.4332306981086731,0.34437990188598633,0.4035165011882782,0.3181760907173157,0.36570999026298523,0.3106718957424164,0.4404863119125366,0.3099472224712372,0.4142695963382721,0.31296488642692566,0.3874651789665222,ㅜ
0.3619787096977234,0.27080702781677246,0.4172091782093048,0.3093375563621521,0.44464167952537537,0.38807639479637146,0.44111594557762146,0.4624328911304474,0.43017303943634033,0.514546275138855,0.47510388493537903,0.414328932762146,0.46747204661369324,0.5324278473854065,0.4594583809375763,0.5954434871673584,0.45414724946022034,0.648442268371582,0.4369421601295471,0.41720905900001526,0.4098190665245056,0.5183278322219849,0.4028860330581665,0.4854544401168823,0.40970638394355774,0.4491884410381317,0.3954664468765259,0.41795942187309265,0.3745175004005432,0.5004580616950989,0.3706498146057129,0.46557942032814026,0.37771153450012207,0.4316648840904236,0.35751160979270935,0.41605475544929504,0.34648674726486206,0.48435690999031067,0.34279924631118774,0.4532565474510193,0.3476090431213379,0.42281243205070496,ㅜ
0.355547696352005,0.2642889618873596,0.41117602586746216,0.3017670810222626,0.43964463472366333,0.3790630102157593,0.43669697642326355,0.4530900716781616,0.4258008599281311,0.5060175061225891,0.47023463249206543,0.4075428545475006,0.4621647894382477,0.5273004174232483,0.4528445899486542,0.5915361046791077,0.446492463350296,0.6442811489105225,0.4312881827354431,0.4121013581752777,0.4063916504383087,0.5125793218612671,0.39978283643722534,0.48064160346984863,0.4058721363544464,0.44378623366355896,0.3892226219177246,0.4140692949295044,0.37146884202957153,0.4949501156806946,0.3669208884239197,0.46089714765548706,0.3725615441799164,0.42623868584632874,0.35069432854652405,0.4131403863430023,0.34283047914505005,0.48027992248535156,0.3387172818183899,0.44991129636764526,0.342293381690979,0.4195897579193115,ㅜ
0.35134801268577576,0.25020331144332886,0.4140912890434265,0.2768670916557312,0.4498746395111084,0.3507155179977417,0.4525928497314453,0.4200568199157715,0.44214627146720886,0.46954384446144104,0.48187455534935,0.39628303050994873,0.47843921184539795,0.5091269016265869,0.47190457582473755,0.5710147023200989,0.4671785235404968,0.6215925812721252,0.4463890492916107,0.40835103392601013,0.4217032492160797,0.49319371581077576,0.41611558198928833,0.4625357687473297,0.42180508375167847,0.427664190530777,0.4060609042644501,0.41429468989372253,0.38632309436798096,0.47430676221847534,0.3815723955631256,0.44379478693008423,0.38651809096336365,0.4124715030193329,0.36929094791412354,0.4147241711616516,0.35675665736198425,0.4588448703289032,0.35140371322631836,0.42944735288619995,0.35510948300361633,0.4030904769897461,ㅜ
0.3212055563926697,0.22118529677391052,0.3914298415184021,0.2533077001571655,0.4305298924446106,0.33263731002807617,0.4290727376937866,0.41368091106414795,0.4094644784927368,0.4679587483406067,0.4462614059448242,0.38841986656188965,0.43008118867874146,0.5296237468719482,0.4179919362068176,0.6022117733955383,0.410541832447052,0.658066987991333,0.3983747661113739,0.4021013081073761,0.3809385895729065,0.4993681013584137,0.37783652544021606,0.46464890241622925,0.3812607228755951,0.42452511191368103,0.35108497738838196,0.4063333570957184,0.3437517285346985,0.47791334986686707,0.34097346663475037,0.44518783688545227,0.3428184986114502,0.40675801038742065,0.3114548623561859,0.40357938408851624,0.31335461139678955,0.45684731006622314,0.3089410662651062,0.42728638648986816,0.3088681995868683,0.39906325936317444,ㅜ
0.3464614450931549,0.21827681362628937,0.413946270942688,0.26090407371520996,0.45015954971313477,0.3472394645214081,0.4458816647529602,0.4345516562461853,0.4224115312099457,0.49071812629699707,0.4607711136341095,0.4126878082752228,0.4347366690635681,0.5559666752815247,0.4171432852745056,0.6334188580513,0.4051281809806824,0.6938535571098328,0.4094308018684387,0.420274555683136,0.38327035307884216,0.520064651966095,0.3834936022758484,0.48314809799194336,0.390657901763916,0.4385761320590973,0.3592521846294403,0.41705387830734253,0.3445598781108856,0.48959875106811523,0.34484225511550903,0.45576441287994385,0.3503624498844147,0.4143626391887665,0.31772321462631226,0.4083326756954193,0.3138819932937622,0.4644870460033417,0.3129657804965973,0.43167567253112793,0.3153420686721802,0.39936771988868713,ㅜ
