0.7217180132865906,0.3467807173728943,0.6526258587837219,0.3839801251888275,0.616470456123352,0.4596368074417114,0.6114357709884644,0.53072190284729,0.6236299872398376,0.5837663412094116,0.5881249904632568,0.501072347164154,0.5596415996551514,0.6270470023155212,0.5406057834625244,0.6971703767776489,0.5274932980537415,0.7532161474227905,0.624853253364563,0.5259008407592773,0.6252526640892029,0.6420958638191223,0.6433542966842651,0.6059632897377014,0.6476524472236633,0.5693713426589966,0.6695838570594788,0.5338099002838135,0.6723631024360657,0.6318081617355347,0.6832679510116577,0.6008361577987671,0.683873176574707,0.5671849846839905,0.7145792245864868,0.5372392535209656,0.7144689559936523,0.635788083076477,0.7220961451530457,0.6865630149841309,0.7273910641670227,0.7294372320175171,ㅟ
0.7167066335678101,0.34141862392425537,0.6513029336929321,0.37630993127822876,0.6134810447692871,0.44645994901657104,0.6084012389183044,0.5137293338775635,0.6192670464515686,0.5622788667678833,0.5865604877471924,0.4823724925518036,0.548548698425293,0.589832603931427,0.5248481035232544,0.6519225835800171,0.5068085193634033,0.7014830112457275,0.621385395526886,0.5063312649726868,0.6182728409767151,0.614559531211853,0.6369469165802002,0.5823416709899902,0.6410205364227295,0.5490107536315918,0.6629537343978882,0.5157779455184937,0.661058247089386,0.609778642654419,0.6696263551712036,0.5828133821487427,0.6698865294456482,0.5496120452880859,0.7037700414657593,0.5216376781463623,0.7026508450508118,0.6128599643707275,0.7085208296775818,0.6637945175170898,0.7122788429260254,0.70557701587677,ㅟ
0.752334475517273,0.39991235733032227,0.6853044033050537,0.40988537669181824,0.6406226754188538,0.47319313883781433,0.630641758441925,0.540155827999115,0.6374706029891968,0.5913785696029663,0.6031220555305481,0.5123530030250549,0.5457444787025452,0.607280433177948,0.5084314346313477,0.6632684469223022,0.4808470904827118,0.707653820514679,0.6363189220428467,0.5502521395683289,0.6117748022079468,0.6437596082687378,0.6326683163642883,0.6073139309883118,0.644220232963562,0.5716208815574646,0.6757416725158691,0.5711066126823425,0.658997118473053,0.6529974937438965,0.6714997887611389,0.6184308528900146,0.6780999302864075,0.5842509865760803,0.7123212814331055,0.5877348780632019,0.6926565766334534,0.6720137596130371,0.688576877117157,0.7236341238021851,0.6836679577827454,0.7710899114608765,ㅟ
0.7858390212059021,0.3781726360321045,0.7116841077804565,0.3930090069770813,0.664077639579773,0.46138453483581543,0.6513221263885498,0.5362147092819214,0.6565654277801514,0.5907636284828186,0.629974901676178,0.5023336410522461,0.5758296847343445,0.6102091073989868,0.5401008725166321,0.6731509566307068,0.5145178437232971,0.7248702049255371,0.6643328070640564,0.5404974222183228,0.6441483497619629,0.6504091620445251,0.664421796798706,0.6150867342948914,0.6753330826759338,0.5789386630058289,0.7081767916679382,0.5598401427268982,0.6943607926368713,0.6520988345146179,0.7050759196281433,0.6212396025657654,0.7113288044929504,0.586942732334137,0.7522539496421814,0.5728137493133545,0.7421837449073792,0.6686762571334839,0.7427618503570557,0.7198782563209534,0.7430035471916199,0.7635011672973633,ㅟ
0.7603708505630493,0.3052918314933777,0.6891024112701416,0.3476980924606323,0.6534644365310669,0.429599404335022,0.6464840173721313,0.5062144994735718,0.6548904180526733,0.560920774936676,0.6270558834075928,0.46240681409835815,0.605522632598877,0.5923194885253906,0.5940495729446411,0.6642341017723083,0.5878961086273193,0.7193325757980347,0.6684609651565552,0.49023163318634033,0.6571728587150574,0.6130268573760986,0.6673358678817749,0.5816231966018677,0.6716447472572327,0.5430352687835693,0.7135889530181885,0.500980794429779,0.7025613188743591,0.6078568696975708,0.7080304622650146,0.5778833627700806,0.7089924812316895,0.5417494773864746,0.7575257420539856,0.5067870020866394,0.7597492933273315,0.6081819534301758,0.767633318901062,0.6620705127716064,0.7744570970535278,0.7090579867362976,ㅟ
0.7222210764884949,0.27322739362716675,0.6563602089881897,0.32168635725975037,0.6212331056594849,0.4090923070907593,0.6120303273200989,0.49454325437545776,0.6146875023841858,0.5561748743057251,0.5977891087532043,0.4331372380256653,0.5868175625801086,0.5673472285270691,0.5816592574119568,0.639772891998291,0.578602135181427,0.6964882016181946,0.6409088969230652,0.45489469170570374,0.6364650726318359,0.5831835269927979,0.648155689239502,0.5515691637992859,0.6517102122306824,0.5117102265357971,0.686542272567749,0.46223780512809753,0.6819440722465515,0.5743629932403564,0.6890826225280762,0.5421440005302429,0.6884765028953552,0.5057388544082642,0.7305136322975159,0.46557241678237915,0.7373568415641785,0.5672553777694702,0.7468686103820801,0.6202746033668518,0.753692090511322,0.6676290035247803,ㅟ
0.6924683451652527,0.27261117100715637,0.6235623359680176,0.3276381492614746,0.5966744422912598,0.4161331355571747,0.5974828004837036,0.5003699064254761,0.6077658534049988,0.5593699216842651,0.572899341583252,0.4524999260902405,0.5758669972419739,0.6025789380073547,0.5788087844848633,0.6756435036659241,0.5809484124183655,0.732004702091217,0.6219255328178406,0.4711841940879822,0.6292371153831482,0.609790563583374,0.6353248357772827,0.5726935267448425,0.632540225982666,0.5316656827926636,0.6711012125015259,0.4756968021392822,0.6747612953186035,0.5973836183547974,0.67751145362854,0.5617178678512573,0.6730921864509583,0.5247922539710999,0.7168111205101013,0.475561261177063,0.7251883149147034,0.58133864402771,0.7393640875816345,0.6359391808509827,0.7526934742927551,0.6850046515464783,ㅟ
0.7029269337654114,0.2803940773010254,0.6326912641525269,0.3353770673274994,0.5949046611785889,0.4320719242095947,0.5915905833244324,0.5305544137954712,0.5995044112205505,0.5976280570030212,0.5762834548950195,0.455324649810791,0.5799738764762878,0.6052602529525757,0.5867679715156555,0.6734497547149658,0.590336263179779,0.7234342694282532,0.6273592710494995,0.4750465452671051,0.6278949975967407,0.6189806461334229,0.6374790668487549,0.5901708006858826,0.6375510096549988,0.5493481755256653,0.6773332357406616,0.4817301034927368,0.6763445734977722,0.6025683879852295,0.6819155216217041,0.5698204040527344,0.6780263185501099,0.5334240794181824,0.7241398692131042,0.4860473573207855,0.720609188079834,0.5978631377220154,0.7267501354217529,0.6577541828155518,0.732181966304779,0.7100585699081421,ㅟ
0.7156763672828674,0.2715562582015991,0.6444210410118103,0.3260948956012726,0.6076998710632324,0.41863998770713806,0.6035688519477844,0.5116083025932312,0.612328290939331,0.578157901763916,0.5855047106742859,0.4441351890563965,0.5851408839225769,0.5977833271026611,0.5871905088424683,0.6769712567329407,0.5904775261878967,0.7372117042541504,0.6345010995864868,0.46574458479881287,0.6315131783485413,0.6155838370323181,0.6417641639709473,0.5866914987564087,0.6437232494354248,0.5441835522651672,0.6847408413887024,0.4721928536891937,0.6808847188949585,0.5978368520736694,0.6876516342163086,0.5671015977859497,0.6856684684753418,0.5293478965759277,0.7328149080276489,0.4755519926548004,0.7334122657775879,0.5888494253158569,0.7411060333251953,0.6483117938041687,0.7476633787155151,0.7002009749412537,ㅟ
0.7233368754386902,0.2759019732475281,0.6570477485656738,0.3229806423187256,0.6238515377044678,0.40669935941696167,0.6223128437995911,0.48910388350486755,0.6317183971405029,0.5464430451393127,0.6065493822097778,0.4299114942550659,0.6065846681594849,0.5653665065765381,0.6111168265342712,0.6334037780761719,0.616054892539978,0.6850851774215698,0.6511740684509277,0.44821786880493164,0.6489458084106445,0.5746086239814758,0.6588888168334961,0.5469062924385071,0.660597026348114,0.5099097490310669,0.6956916451454163,0.4551489055156708,0.6883870959281921,0.5620177984237671,0.6938870549201965,0.5336732268333435,0.6928042769432068,0.5028325915336609,0.7373620271682739,0.4593425989151001,0.7219731211662292,0.559420645236969,0.7189851999282837,0.6105253100395203,0.717202365398407,0.656467080116272,ㅟ
0.723197340965271,0.32017427682876587,0.6531351208686829,0.3633362650871277,0.6193165183067322,0.4473693072795868,0.6168821454048157,0.5292176008224487,0.6257155537605286,0.5865287184715271,0.5966280102729797,0.4775039851665497,0.5938472151756287,0.6136665940284729,0.5953869819641113,0.6846910715103149,0.5986405611038208,0.7399964332580566,0.6407411694526672,0.5003661513328552,0.6381581425666809,0.628376841545105,0.6500630974769592,0.6006332635879517,0.6533740758895874,0.5623947978019714,0.6863674521446228,0.5094312429428101,0.6795446276664734,0.6173301339149475,0.6873675584793091,0.5882925987243652,0.6877060532569885,0.5553432106971741,0.7298521399497986,0.5133737325668335,0.7147337794303894,0.613553524017334,0.7127633094787598,0.6654859781265259,0.7113353610038757,0.7116578817367554,ㅟ
0.728442907333374,0.3276865482330322,0.6595909595489502,0.3680046796798706,0.62271648645401,0.4495210647583008,0.6150782108306885,0.5290396213531494,0.6210148334503174,0.586620569229126,0.5989570617675781,0.4784289002418518,0.5914463996887207,0.6072461605072021,0.5904600620269775,0.6748114824295044,0.5907399654388428,0.7256336212158203,0.6398053169250488,0.5023468136787415,0.6351058483123779,0.621870756149292,0.64798903465271,0.5959873795509338,0.6507418751716614,0.5627753138542175,0.6837278008460999,0.5112830400466919,0.677354633808136,0.6130664348602295,0.6868857145309448,0.5852926969528198,0.687985360622406,0.5544495582580566,0.7272051572799683,0.5154973268508911,0.7155691981315613,0.6128701567649841,0.7153782248497009,0.6652823686599731,0.7150489687919617,0.7115345001220703,ㅟ
0.7187390923500061,0.36088481545448303,0.6515067219734192,0.39999818801879883,0.6182827949523926,0.4719110131263733,0.6159541010856628,0.5384666919708252,0.6260658502578735,0.5881025195121765,0.5893109440803528,0.5123140811920166,0.5631492137908936,0.6314294338226318,0.5469080805778503,0.7002167701721191,0.5373628735542297,0.7537952661514282,0.6247605085372925,0.5382306575775146,0.6235533356666565,0.6482337713241577,0.6405132412910461,0.6158455610275269,0.6452623009681702,0.5820218920707703,0.6672726273536682,0.546311616897583,0.6676390171051025,0.6416634917259216,0.6778137683868408,0.6135494112968445,0.6792572736740112,0.5814422965049744,0.7105870246887207,0.5492889881134033,0.7132382988929749,0.644713282585144,0.7206911444664001,0.6958754062652588,0.7257398366928101,0.7392700910568237,ㅟ
0.759969174861908,0.3846879303455353,0.6872838139533997,0.4071125090122223,0.6442834138870239,0.476829469203949,0.6338324546813965,0.5468613505363464,0.6390746831893921,0.5988039970397949,0.6122022867202759,0.5168806314468384,0.5690004825592041,0.6244059801101685,0.541507363319397,0.688323974609375,0.5224312543869019,0.7399880290031433,0.6477707624435425,0.5501987338066101,0.6307373046875,0.6582848429679871,0.6485705375671387,0.6233440637588501,0.6560857892036438,0.5885941982269287,0.6910102367401123,0.5656930208206177,0.6799368858337402,0.6549085974693298,0.690398097038269,0.6244524121284485,0.6944312453269958,0.5916386246681213,0.734224796295166,0.5760868191719055,0.7261327505111694,0.6686383485794067,0.7283035516738892,0.719336748123169,0.7285118103027344,0.7624460458755493,ㅟ
0.8185544013977051,0.4080371856689453,0.7409627437591553,0.4042038321495056,0.6825315356254578,0.46406519412994385,0.6584950685501099,0.5374473333358765,0.6532285213470459,0.5949108004570007,0.6399033665657043,0.4966067373752594,0.5765396356582642,0.5966121554374695,0.5379754900932312,0.6564406156539917,0.5107297897338867,0.7058929204940796,0.6719799637794495,0.539695143699646,0.6371593475341797,0.6444722414016724,0.6594349145889282,0.6137380003929138,0.6740546822547913,0.5785788893699646,0.7135651707649231,0.5691670179367065,0.6867277026176453,0.6581822633743286,0.7015611529350281,0.6319997906684875,0.7131657600402832,0.5977393984794617,0.7551179528236389,0.5940725207328796,0.731513261795044,0.6880343556404114,0.7244179844856262,0.7433981895446777,0.718784749507904,0.7884885668754578,ㅟ
0.8676460385322571,0.40142369270324707,0.7896111607551575,0.3844366669654846,0.7205124497413635,0.43256670236587524,0.6829391717910767,0.5017035603523254,0.6711126565933228,0.5590375065803528,0.6759849190711975,0.4493170976638794,0.6025649905204773,0.5446776747703552,0.557934045791626,0.5986447930335999,0.5221989154815674,0.6439271569252014,0.7033194303512573,0.5047048330307007,0.6492193341255188,0.6114281415939331,0.6786131858825684,0.5809312462806702,0.6994732022285461,0.5436787605285645,0.7412154674530029,0.548403799533844,0.6968960762023926,0.6394109129905701,0.7173478603363037,0.6108176708221436,0.7345352172851562,0.5725922584533691,0.7796761989593506,0.5860853791236877,0.7412605881690979,0.6727315187454224,0.7276456952095032,0.7272940874099731,0.7156611680984497,0.7749203443527222,ㅟ
0.8714267015457153,0.42274153232574463,0.7879330515861511,0.41498562693595886,0.7219348549842834,0.47607070207595825,0.6896704435348511,0.5518695712089539,0.6807422637939453,0.6128832101821899,0.6817193031311035,0.50079345703125,0.6136102676391602,0.6135270595550537,0.574621319770813,0.6755785346031189,0.5471364259719849,0.7274130582809448,0.7131744027137756,0.5521482229232788,0.6648274064064026,0.668694019317627,0.6869124174118042,0.6404488682746887,0.7052375674247742,0.6032767295837402,0.7560280561447144,0.5887764096260071,0.7163346409797668,0.6875150203704834,0.7310493588447571,0.6595396995544434,0.7436133623123169,0.6231079697608948,0.7993593215942383,0.6182174682617188,0.7711923718452454,0.7151656746864319,0.7622531652450562,0.7643035650253296,0.7554406523704529,0.8041435480117798,ㅟ
0.7648091912269592,0.28921055793762207,0.6883653998374939,0.32893142104148865,0.6445302963256836,0.41257205605506897,0.6323144435882568,0.4944048821926117,0.6350803375244141,0.5517749786376953,0.6153613924980164,0.43957391381263733,0.574466347694397,0.5656816959381104,0.547419548034668,0.6399749517440796,0.5296579003334045,0.7005337476730347,0.6584460735321045,0.4708949327468872,0.6385502815246582,0.6072799563407898,0.6503729820251465,0.5688760280609131,0.6579317450523376,0.525559663772583,0.7062055468559265,0.48619791865348816,0.6886774301528931,0.6063387393951416,0.694414496421814,0.5733100175857544,0.6983885169029236,0.5325185060501099,0.7509273886680603,0.4957312345504761,0.7500312328338623,0.6051697134971619,0.7535601854324341,0.6663632392883301,0.7571249604225159,0.7192383408546448,ㅟ
0.6282109022140503,0.25067436695098877,0.5647690892219543,0.31213051080703735,0.535980761051178,0.4047001600265503,0.5332261919975281,0.48418769240379333,0.5474849939346313,0.5354795455932617,0.5176912546157837,0.45706993341445923,0.503405749797821,0.5926826596260071,0.49501487612724304,0.6669712066650391,0.4903528094291687,0.7247316837310791,0.5637184381484985,0.47016045451164246,0.5815660357475281,0.6212393045425415,0.5944353342056274,0.5869680643081665,0.5942113995552063,0.5439758896827698,0.6138564348220825,0.46612095832824707,0.6313089728355408,0.5959497690200806,0.6357764005661011,0.5626532435417175,0.6307172775268555,0.5211926698684692,0.6600013375282288,0.45659974217414856,0.6895400881767273,0.5618500709533691,0.7103696465492249,0.6208628416061401,0.7256039381027222,0.6713196039199829,ㅟ
0.6011732816696167,0.2500094771385193,0.5388500094413757,0.3168379068374634,0.5068605542182922,0.42718470096588135,0.5067906379699707,0.5293130278587341,0.5212544798851013,0.5992291569709778,0.4952641725540161,0.46775537729263306,0.509352445602417,0.6183630228042603,0.5206506252288818,0.687148928642273,0.5295320153236389,0.7377032041549683,0.5469852685928345,0.4780656397342682,0.5679562091827393,0.6290071606636047,0.5768412947654724,0.5959634184837341,0.5730580687522888,0.5532206296920776,0.598512589931488,0.4712938070297241,0.6175633668899536,0.5984320044517517,0.6218085885047913,0.563217282295227,0.614633321762085,0.5258793830871582,0.6465774774551392,0.461734801530838,0.6599681377410889,0.5754595398902893,0.6751115322113037,0.638049840927124,0.6880103945732117,0.6938514113426208,ㅟ
0.620281457901001,0.28611135482788086,0.5518447160720825,0.3545107841491699,0.523201584815979,0.47369110584259033,0.5264716744422913,0.590931236743927,0.539964497089386,0.668609082698822,0.5176071524620056,0.5128874182701111,0.5349816679954529,0.6773784160614014,0.5475879907608032,0.7453747987747192,0.5579289793968201,0.7891299724578857,0.5755404233932495,0.5254295468330383,0.5993205904960632,0.6812869906425476,0.6028884053230286,0.6416431665420532,0.5973786115646362,0.5939022898674011,0.6290513873100281,0.5179201364517212,0.6507601737976074,0.6435275673866272,0.647313117980957,0.6008632183074951,0.637530505657196,0.5588064193725586,0.6781971454620361,0.5047352313995361,0.7082593441009521,0.6194988489151001,0.7314222455024719,0.6802391409873962,0.7513659596443176,0.73662269115448,ㅟ
0.6131336688995361,0.28208762407302856,0.5476768016815186,0.36723965406417847,0.5352672934532166,0.48486506938934326,0.5598433017730713,0.5843325853347778,0.5961976647377014,0.6406229734420776,0.5288029313087463,0.532935380935669,0.5700655579566956,0.7002114653587341,0.5909167528152466,0.7837544679641724,0.6111965179443359,0.8467546105384827,0.5867527723312378,0.5339539051055908,0.6236501336097717,0.690085232257843,0.6211239099502563,0.6500146985054016,0.6122146248817444,0.605341911315918,0.6419166326522827,0.5173794627189636,0.6677563786506653,0.659649133682251,0.6628507971763611,0.6231087446212769,0.652779221534729,0.5806212425231934,0.6924043297767639,0.5002288222312927,0.7269562482833862,0.61789470911026,0.7531042695045471,0.6762818694114685,0.7786756753921509,0.7256772518157959,ㅟ
0.5837544202804565,0.24127110838890076,0.5317153930664062,0.3145076036453247,0.5152149200439453,0.415653795003891,0.5285484790802002,0.5044847130775452,0.5495792627334595,0.5625274181365967,0.5028097033500671,0.44952231645584106,0.5364483594894409,0.5932666063308716,0.557414710521698,0.6657524108886719,0.5767772793769836,0.7213426232337952,0.5504952669143677,0.4457715153694153,0.5862739086151123,0.5893130302429199,0.589087724685669,0.5545214414596558,0.5813989043235779,0.5130831003189087,0.5976666212081909,0.43059414625167847,0.6256207823753357,0.5590445399284363,0.6260470747947693,0.528478741645813,0.617656409740448,0.4926944077014923,0.6420010924339294,0.416513592004776,0.6724501252174377,0.5247406959533691,0.6926681399345398,0.5762114524841309,0.7100086808204651,0.6198889017105103,ㅟ
0.5971217751502991,0.26424551010131836,0.544625461101532,0.326515257358551,0.5251798629760742,0.41817235946655273,0.5273870229721069,0.5018906593322754,0.5396167635917664,0.5597429871559143,0.5087969899177551,0.44892677664756775,0.5300641059875488,0.5771212577819824,0.5461407899856567,0.6412235498428345,0.5585418939590454,0.6899358034133911,0.549959659576416,0.45028385519981384,0.5759259462356567,0.5789870619773865,0.5872834324836731,0.5513143539428711,0.5841988325119019,0.5160301923751831,0.5930614471435547,0.440634161233902,0.6130800247192383,0.551715612411499,0.6201007962226868,0.524480938911438,0.6154924631118774,0.49220213294029236,0.6340265870094299,0.42992591857910156,0.6530793309211731,0.5237407684326172,0.6682953238487244,0.573599100112915,0.6793055534362793,0.6163471341133118,ㅟ
0.6705838441848755,0.31489288806915283,0.6115339994430542,0.367001473903656,0.5849688053131104,0.4509248435497284,0.5893953442573547,0.5280203223228455,0.603350043296814,0.5787292122840881,0.5618431568145752,0.47389161586761475,0.5708025693893433,0.6022685766220093,0.5755032300949097,0.6657451391220093,0.5779725909233093,0.7138426303863525,0.6029987931251526,0.48521140217781067,0.6187030673027039,0.6128991842269897,0.6345992684364319,0.5857067704200745,0.6359299421310425,0.54949951171875,0.6458345651626587,0.48758798837661743,0.6565558910369873,0.5998761653900146,0.6687320470809937,0.5723129510879517,0.6683765053749084,0.5383061170578003,0.6858594417572021,0.48714709281921387,0.6943322420120239,0.5787246823310852,0.706026017665863,0.6295110583305359,0.7150388360023499,0.6721287369728088,ㅟ
0.703971803188324,0.25836849212646484,0.6381905674934387,0.30389320850372314,0.605046272277832,0.38903579115867615,0.5997074842453003,0.47432246804237366,0.6057848930358887,0.5324227809906006,0.5800732970237732,0.41098394989967346,0.5775830745697021,0.5426391959190369,0.5778745412826538,0.6114470958709717,0.5782713294029236,0.6636275053024292,0.6190170049667358,0.42605477571487427,0.6267332434654236,0.5545343160629272,0.6459519863128662,0.5299955010414124,0.6502479314804077,0.4951225519180298,0.6633985042572021,0.4305744469165802,0.6676132678985596,0.5449936389923096,0.6836325526237488,0.5195268392562866,0.6869909763336182,0.4856811761856079,0.7077203392982483,0.4305317997932434,0.7120569348335266,0.5335659980773926,0.7202616930007935,0.5832159519195557,0.7256752252578735,0.6246581077575684,ㅟ
0.7090066075325012,0.242136150598526,0.6394227147102356,0.2838282585144043,0.6026661992073059,0.3653952479362488,0.5925012826919556,0.4442177712917328,0.5961543321609497,0.49912381172180176,0.57086580991745,0.39115867018699646,0.5578114986419678,0.518913984298706,0.5519574284553528,0.5859647989273071,0.5470435619354248,0.6367917060852051,0.607178807258606,0.4087139368057251,0.609783411026001,0.5375726222991943,0.6327611207962036,0.5104666948318481,0.6380999684333801,0.47491320967674255,0.6512858271598816,0.4168567657470703,0.6531546115875244,0.5283557176589966,0.6714709997177124,0.4992632269859314,0.6756702065467834,0.4640481173992157,0.6956973671913147,0.422620564699173,0.6946354508399963,0.5186228156089783,0.6996894478797913,0.5714231729507446,0.7013760209083557,0.6177229285240173,ㅟ
0.7128970623016357,0.15333260595798492,0.6305511593818665,0.20432011783123016,0.5863239169120789,0.3009665012359619,0.5730381011962891,0.3974835276603699,0.5732110738754272,0.4663099944591522,0.554441511631012,0.33052632212638855,0.5411200523376465,0.486497700214386,0.5342544317245483,0.5664411783218384,0.5290526151657104,0.6289315223693848,0.5988243818283081,0.34948307275772095,0.6033347845077515,0.5003218650817871,0.62501460313797,0.46268853545188904,0.6292007565498352,0.4189053177833557,0.6516505479812622,0.35666051506996155,0.657565712928772,0.4887691140174866,0.6746822595596313,0.45018166303634644,0.6762714385986328,0.4084739089012146,0.7052483558654785,0.3612288236618042,0.70746910572052,0.4808253049850464,0.715031087398529,0.5402591228485107,0.7190942764282227,0.5948744416236877,ㅟ
0.7187318801879883,0.15665432810783386,0.6252844333648682,0.21650268137454987,0.5717518925666809,0.32134145498275757,0.560672402381897,0.4285782277584076,0.5662997364997864,0.5048444271087646,0.5361259579658508,0.366545706987381,0.5123932957649231,0.5446762442588806,0.4987175464630127,0.6382449865341187,0.4883795380592346,0.7112364768981934,0.5900224447250366,0.39950689673423767,0.5861937999725342,0.5608329176902771,0.6098432540893555,0.5101349949836731,0.6156579256057739,0.4561249613761902,0.6508120894432068,0.4120469391345978,0.6521635055541992,0.5470085740089417,0.6685555577278137,0.4976823031902313,0.6680960059165955,0.4478571116924286,0.7123850584030151,0.4193882942199707,0.7060915231704712,0.5459631085395813,0.7125188708305359,0.6167477965354919,0.7149561047554016,0.6847963929176331,ㅟ
0.7140644192695618,0.12165981531143188,0.6164725422859192,0.18895666301250458,0.5669782161712646,0.3012448847293854,0.5610215067863464,0.40782707929611206,0.5756534337997437,0.4829676151275635,0.528165876865387,0.34819334745407104,0.5085532665252686,0.5344755053520203,0.49579429626464844,0.633213996887207,0.488017737865448,0.7093918323516846,0.5847950577735901,0.3806576728820801,0.5838446617126465,0.5541542172431946,0.6047530770301819,0.5041483640670776,0.6103218197822571,0.4499201774597168,0.6495533585548401,0.39173367619514465,0.6487895846366882,0.5411614179611206,0.6612992882728577,0.49494990706443787,0.6606306433677673,0.4436734914779663,0.7148568034172058,0.39778685569763184,0.7157030701637268,0.5338273048400879,0.7259008884429932,0.6083205938339233,0.7329551577568054,0.6777759194374084,ㅟ
0.7319387197494507,0.13478484749794006,0.6449145674705505,0.18052026629447937,0.5947651267051697,0.2734798789024353,0.5747595429420471,0.36932986974716187,0.5783088207244873,0.44157129526138306,0.5599877834320068,0.3051879405975342,0.529935359954834,0.4637824296951294,0.5146518349647522,0.5431985855102539,0.503787636756897,0.6049494743347168,0.605340838432312,0.33058881759643555,0.5926007032394409,0.49212324619293213,0.6178855299949646,0.4600420594215393,0.6260775327682495,0.4177331030368805,0.6593596935272217,0.34577175974845886,0.6453614234924316,0.4888242781162262,0.663516640663147,0.4571168124675751,0.6699848771095276,0.4135197401046753,0.7129231691360474,0.35853949189186096,0.7031634449958801,0.4837028980255127,0.7053823471069336,0.5476984977722168,0.706436812877655,0.6025622487068176,ㅟ
0.7078620195388794,0.1566670686006546,0.6248786449432373,0.19352827966213226,0.5717674493789673,0.2737157940864563,0.5518234372138977,0.3589437007904053,0.5535427927970886,0.4227120876312256,0.5364159941673279,0.29826951026916504,0.5017028450965881,0.4387966990470886,0.48308926820755005,0.5111377835273743,0.4693956673145294,0.5680018067359924,0.5758343935012817,0.32817739248275757,0.5593769550323486,0.4729529023170471,0.5836168527603149,0.44042450189590454,0.5923357605934143,0.39927512407302856,0.6255220770835876,0.3475916087627411,0.610731303691864,0.47559744119644165,0.6303869485855103,0.4431670904159546,0.6367186307907104,0.40237462520599365,0.6771867871284485,0.3635149598121643,0.6587181091308594,0.47578975558280945,0.656285285949707,0.5333300828933716,0.6528023481369019,0.5840704441070557,ㅟ
0.6806862354278564,0.20868134498596191,0.5994083285331726,0.2301643341779709,0.5493500232696533,0.3046600818634033,0.5310177206993103,0.3843093514442444,0.5318822860717773,0.4415230453014374,0.5088163614273071,0.3351742923259735,0.4750773310661316,0.4634861946105957,0.4562012255191803,0.5315735340118408,0.442319393157959,0.5848645567893982,0.544413685798645,0.3664458096027374,0.5289222002029419,0.4898158311843872,0.5538759827613831,0.46020036935806274,0.5651464462280273,0.4227078855037689,0.590168833732605,0.3865579664707184,0.5745254158973694,0.4948245882987976,0.595514714717865,0.46430855989456177,0.6039860844612122,0.4269554913043976,0.6365102529525757,0.4052787125110626,0.6131043434143066,0.5045354962348938,0.6065635085105896,0.5616288781166077,0.5969138145446777,0.6123947501182556,ㅟ
0.6857814788818359,0.23286281526088715,0.6046805381774902,0.24572157859802246,0.5535427927970886,0.3248811960220337,0.5373551845550537,0.4058033525943756,0.5343712568283081,0.46289411187171936,0.5090353488922119,0.35292255878448486,0.48434776067733765,0.4823780953884125,0.4725215435028076,0.5481817722320557,0.46310195326805115,0.5990815758705139,0.5452961921691895,0.386198490858078,0.5341185927391052,0.5062384605407715,0.5577918887138367,0.479475200176239,0.5693517923355103,0.4437674283981323,0.5891279578208923,0.4104391038417816,0.5741176009178162,0.5162776112556458,0.5954916477203369,0.4830571413040161,0.6046015024185181,0.44695207476615906,0.6328612565994263,0.4321421682834625,0.6026015281677246,0.5200849771499634,0.5876287221908569,0.5705917477607727,0.5704123973846436,0.619781494140625,ㅟ
0.6884285807609558,0.24607183039188385,0.6050534248352051,0.26230520009994507,0.5545788407325745,0.3422015309333801,0.5385607481002808,0.422581285238266,0.5355375409126282,0.47963947057724,0.512048602104187,0.3705507218837738,0.4872856140136719,0.5013135075569153,0.4744173586368561,0.5687904357910156,0.4644697904586792,0.6213287711143494,0.5479413270950317,0.40503305196762085,0.5366904139518738,0.5255053043365479,0.5605141520500183,0.4979077875614166,0.5726915597915649,0.4618775546550751,0.5920937657356262,0.4294786751270294,0.578279435634613,0.532006025314331,0.5977596044540405,0.49884599447250366,0.6063136458396912,0.4629773795604706,0.6369712948799133,0.45047056674957275,0.601649820804596,0.540542721748352,0.5837116837501526,0.5894942283630371,0.5645419955253601,0.6361443996429443,ㅟ
0.7023319602012634,0.22238163650035858,0.619983434677124,0.23922131955623627,0.5661377906799316,0.31803038716316223,0.5485321283340454,0.4032212197780609,0.5469745993614197,0.463771253824234,0.525815486907959,0.3487125635147095,0.4973474144935608,0.4815666079521179,0.4843675494194031,0.5508957505226135,0.4750230014324188,0.6023173332214355,0.5634754300117493,0.3844669461250305,0.5486738681793213,0.5086526870727539,0.5704987049102783,0.48316407203674316,0.5804107785224915,0.44579648971557617,0.6091140508651733,0.40855270624160767,0.5939986705780029,0.5152978301048279,0.6136105060577393,0.4844464957714081,0.6210811734199524,0.44865724444389343,0.6551328897476196,0.4299294650554657,0.6253170371055603,0.5224245190620422,0.6136488318443298,0.5763453245162964,0.5999800562858582,0.6256688833236694,ㅟ
0.6968879103660583,0.19416534900665283,0.6132131218910217,0.22988593578338623,0.5600777268409729,0.3091466724872589,0.5458373427391052,0.3927176594734192,0.5528661012649536,0.4535428583621979,0.5149804949760437,0.34571826457977295,0.47519853711128235,0.48510122299194336,0.45077523589134216,0.5599943399429321,0.4319201111793518,0.6209418773651123,0.5539915561676025,0.3831234276294708,0.5397197008132935,0.5171425938606262,0.5675936937332153,0.47552943229675293,0.5779426693916321,0.4310680031776428,0.6037918329238892,0.40618857741355896,0.5960310101509094,0.5208529829978943,0.6170435547828674,0.4813251495361328,0.6224653124809265,0.4373031556606293,0.655296802520752,0.42590954899787903,0.6335721611976624,0.5311627984046936,0.6325969099998474,0.5930695533752441,0.6292932629585266,0.6508594751358032,ㅟ
0.7032414078712463,0.18081742525100708,0.617878258228302,0.21836456656455994,0.5612320303916931,0.30731597542762756,0.5457895994186401,0.3969414234161377,0.5491858124732971,0.46001648902893066,0.5221893787384033,0.3405609428882599,0.4725770354270935,0.4831612706184387,0.44189348816871643,0.5615490674972534,0.4181678295135498,0.625968873500824,0.5651121139526367,0.3781917095184326,0.5484142303466797,0.5178120732307434,0.5742794275283813,0.47430697083473206,0.5838839411735535,0.42906370759010315,0.617878794670105,0.399911105632782,0.6103154420852661,0.5193488001823425,0.6308162212371826,0.47737112641334534,0.6366792917251587,0.4324685335159302,0.6710725426673889,0.4166412055492401,0.6517161130905151,0.5325429439544678,0.6495783925056458,0.5989333391189575,0.6447005271911621,0.6576756238937378,ㅟ
0.7110729813575745,0.14973768591880798,0.6246229410171509,0.1832979917526245,0.5683042407035828,0.2669868767261505,0.5491570234298706,0.35671037435531616,0.5506218671798706,0.4215220510959625,0.5345081090927124,0.2956128716468811,0.49703100323677063,0.4435962438583374,0.47857603430747986,0.5205798745155334,0.4653930068016052,0.5782365202903748,0.5767862200737,0.32939568161964417,0.5571416616439819,0.47520875930786133,0.5803114175796509,0.4449084997177124,0.5897626280784607,0.4031613767147064,0.6281713247299194,0.3498794138431549,0.6098970770835876,0.4734112024307251,0.6291754841804504,0.4405328929424286,0.6363910436630249,0.399591863155365,0.6806463003158569,0.36660757660865784,0.654549241065979,0.47658511996269226,0.6471763253211975,0.5374915599822998,0.6390818953514099,0.590356171131134,ㅟ
0.7101159691810608,0.14974768459796906,0.6258010268211365,0.17233417928218842,0.5675409436225891,0.25827041268348694,0.5477564334869385,0.3543786108493805,0.5462374687194824,0.4220544397830963,0.5306675434112549,0.28332391381263733,0.5008606314659119,0.4314591586589813,0.4898066222667694,0.5076631903648376,0.4808084964752197,0.5635489225387573,0.572896420955658,0.3158312439918518,0.5559936761856079,0.46109890937805176,0.5816329717636108,0.4389243721961975,0.5927107334136963,0.4001487195491791,0.6221701502799988,0.33896374702453613,0.602121889591217,0.46671393513679504,0.6242374181747437,0.4391142427921295,0.6330466866493225,0.40129172801971436,0.6704151034355164,0.36146265268325806,0.6375911831855774,0.4671972692012787,0.6232073903083801,0.5279136300086975,0.6069663166999817,0.5809032320976257,ㅟ
0.6962248086929321,0.12914353609085083,0.6135587692260742,0.15746620297431946,0.5596631169319153,0.2445421665906906,0.5381295084953308,0.3323574364185333,0.536469578742981,0.39711007475852966,0.5221878886222839,0.2670235335826874,0.49587908387184143,0.40910470485687256,0.48632556200027466,0.482255756855011,0.4792766571044922,0.5362119078636169,0.5623771548271179,0.290262907743454,0.5491683483123779,0.43671420216560364,0.5758183002471924,0.4168846309185028,0.5858668684959412,0.38148239254951477,0.6104896068572998,0.30838528275489807,0.5915508270263672,0.4390729069709778,0.6138565540313721,0.4158516526222229,0.6241723299026489,0.3799446225166321,0.657269299030304,0.3280356526374817,0.632050633430481,0.43336325883865356,0.6192532777786255,0.49343448877334595,0.6042588353157043,0.5447508096694946,ㅟ
0.672810435295105,0.14805267751216888,0.5899571180343628,0.19249442219734192,0.5488985180854797,0.27790015935897827,0.5362113118171692,0.35628271102905273,0.5386060476303101,0.4173262417316437,0.50885409116745,0.30199384689331055,0.49759092926979065,0.44093388319015503,0.49499475955963135,0.5123491883277893,0.49181655049324036,0.5658230185508728,0.5472649931907654,0.3174518644809723,0.5471869707107544,0.45970889925956726,0.5734903216362,0.43138110637664795,0.580096960067749,0.3960137367248535,0.5947852730751038,0.3299350440502167,0.5905733108520508,0.45460808277130127,0.6113021373748779,0.42399442195892334,0.6178744435310364,0.3875763714313507,0.641152560710907,0.346193790435791,0.6289166212081909,0.45016852021217346,0.6249724626541138,0.5086891651153564,0.6176052093505859,0.5623158812522888,ㅟ
0.6750141978263855,0.29374876618385315,0.6000694632530212,0.31750115752220154,0.5566385984420776,0.3991672992706299,0.5453004240989685,0.4841834306716919,0.5487353801727295,0.5411577224731445,0.529868483543396,0.4313259720802307,0.5068068504333496,0.5637242197990417,0.49734553694725037,0.6296089291572571,0.49273452162742615,0.6799600124359131,0.5683651566505432,0.46626245975494385,0.5462680459022522,0.5777916312217712,0.5587330460548401,0.5521904826164246,0.5675184726715088,0.5183693170547485,0.6086172461509705,0.485786497592926,0.5870966911315918,0.5761614441871643,0.5951458215713501,0.5486794710159302,0.6007155179977417,0.5202791690826416,0.6474466323852539,0.4992562234401703,0.6268513202667236,0.5883160829544067,0.6208102107048035,0.6352277994155884,0.616865336894989,0.6786835193634033,ㅟ
0.6761176586151123,0.3094669580459595,0.6033555269241333,0.33020758628845215,0.5610819458961487,0.40240228176116943,0.5504530668258667,0.4778742492198944,0.5567042231559753,0.5275208353996277,0.5367931127548218,0.4462273418903351,0.5022869110107422,0.5627918243408203,0.4814791679382324,0.6266285181045532,0.4683481454849243,0.6754889488220215,0.5715301632881165,0.48305922746658325,0.5451527237892151,0.5845937728881836,0.5572127103805542,0.5510761737823486,0.5672997236251831,0.5161222219467163,0.6094702482223511,0.4991561472415924,0.5883162617683411,0.5806845426559448,0.5943707823753357,0.5491494536399841,0.5993760824203491,0.5179182291030884,0.6480706930160522,0.5086729526519775,0.6270894408226013,0.5959515571594238,0.6240821480751038,0.6432533860206604,0.6227552890777588,0.6857640743255615,ㅟ
0.6809403300285339,0.24456074833869934,0.6047438979148865,0.2818952798843384,0.5647200345993042,0.37172865867614746,0.559794545173645,0.4593352973461151,0.5699518918991089,0.5148335695266724,0.5437706708908081,0.4130958914756775,0.5242600440979004,0.5517613887786865,0.5115130543708801,0.6278747916221619,0.5039689540863037,0.6883999109268188,0.5848677754402161,0.4429657757282257,0.5742834806442261,0.5639933347702026,0.5825037956237793,0.5267478227615356,0.5865856409072876,0.48816993832588196,0.6287928819656372,0.4513682723045349,0.6197145581245422,0.5527524948120117,0.6226009130477905,0.51780766248703,0.6224282383918762,0.4831731915473938,0.6745482683181763,0.4537726938724518,0.6648060083389282,0.5562050342559814,0.6693485975265503,0.6099019050598145,0.6745600700378418,0.6584748029708862,ㅟ
0.609690248966217,0.2043488472700119,0.5361161828041077,0.2729109525680542,0.5121753215789795,0.38218799233436584,0.5271197557449341,0.4783135950565338,0.5525268912315369,0.5362630486488342,0.49255818128585815,0.43166518211364746,0.504345178604126,0.6007996201515198,0.5132312178611755,0.6935199499130249,0.5237625241279602,0.7598183751106262,0.5478453636169434,0.44676849246025085,0.5643849968910217,0.5843023061752319,0.5706804990768433,0.5493667721748352,0.5686325430870056,0.5039082765579224,0.6015064716339111,0.4423997104167938,0.613021969795227,0.564058244228363,0.6173579096794128,0.5317226052284241,0.6144807934761047,0.4960162937641144,0.6517869234085083,0.43259161710739136,0.6617265939712524,0.5473262071609497,0.676675021648407,0.60316002368927,0.6916218996047974,0.6528764963150024,ㅟ
0.6081662178039551,0.10661756992340088,0.5156567096710205,0.19942156970500946,0.4888158440589905,0.3419402539730072,0.5051956176757812,0.46802186965942383,0.5377273559570312,0.5460371375083923,0.48096752166748047,0.39093270897865295,0.49227374792099,0.6076903343200684,0.4996919333934784,0.7231268882751465,0.5139703750610352,0.8147396445274353,0.5491502285003662,0.4031062424182892,0.5596857666969299,0.5901122093200684,0.5495104193687439,0.5565005540847778,0.540215015411377,0.5091006755828857,0.6138610243797302,0.3957192599773407,0.6155403852462769,0.5635200142860413,0.6021660566329956,0.5371592044830322,0.5923071503639221,0.4931870996952057,0.6696087121963501,0.3856733441352844,0.6772957444190979,0.5284937620162964,0.6911547183990479,0.6027276515960693,0.7105347514152527,0.6640356183052063,ㅟ
0.6306766271591187,0.2565244436264038,0.5517467260360718,0.27751192450523376,0.5203869342803955,0.35347720980644226,0.51663738489151,0.4295683801174164,0.5252528786659241,0.47887933254241943,0.48686838150024414,0.42834216356277466,0.4663273096084595,0.5480911731719971,0.4538533091545105,0.6173597574234009,0.44691067934036255,0.67033851146698,0.5241187214851379,0.4597975015640259,0.5152649879455566,0.5298501253128052,0.5239052772521973,0.4901539087295532,0.5300165414810181,0.4547225534915924,0.5653373003005981,0.46458467841148376,0.5538259148597717,0.521939218044281,0.5569835305213928,0.4847535192966461,0.5600333213806152,0.45390042662620544,0.6085433959960938,0.46050891280174255,0.6035773754119873,0.5427809357643127,0.6098413467407227,0.5825289487838745,0.6162060499191284,0.6174525022506714,ㅟ
0.6286911964416504,0.286868155002594,0.5519281029701233,0.29607492685317993,0.5199782252311707,0.3635239899158478,0.5142119526863098,0.4356248080730438,0.5230188369750977,0.48707062005996704,0.4797281324863434,0.4588446319103241,0.4612223207950592,0.5747963786125183,0.4487774074077606,0.6410136222839355,0.4416283071041107,0.6985487937927246,0.5170332789421082,0.4892260730266571,0.512372612953186,0.5327998399734497,0.5234452486038208,0.48967668414115906,0.5320326685905457,0.4552542567253113,0.560110867023468,0.49761664867401123,0.5529783964157104,0.5356571674346924,0.5582873821258545,0.49444249272346497,0.560928463935852,0.4593217372894287,0.6025168299674988,0.5022780299186707,0.5966666340827942,0.5748748779296875,0.6017528176307678,0.6084000468254089,0.6032047271728516,0.63698410987854,ㅟ
0.5819720029830933,0.3167791962623596,0.527434229850769,0.3908897638320923,0.5239396691322327,0.48023948073387146,0.5465437173843384,0.5505849719047546,0.576734721660614,0.5872116088867188,0.5031259655952454,0.535969614982605,0.5193146467208862,0.6649524569511414,0.5268247723579407,0.7426696419715881,0.5333691835403442,0.8023176193237305,0.544609010219574,0.5409557819366455,0.5800561904907227,0.6524932384490967,0.5970403552055359,0.6103085279464722,0.5967428684234619,0.5706775784492493,0.5884057283401489,0.5278102159500122,0.6154354214668274,0.621231734752655,0.6260576844215393,0.5852867364883423,0.6222073435783386,0.5478429198265076,0.6299687027931213,0.5096877813339233,0.6560686826705933,0.5907287001609802,0.6812698841094971,0.6325172185897827,0.6995536088943481,0.6696229577064514,ㅟ
0.6390636563301086,0.283111035823822,0.5730264782905579,0.31659144163131714,0.5371065139770508,0.39644819498062134,0.5233182907104492,0.4781906008720398,0.526089072227478,0.5372093915939331,0.5251610279083252,0.40149322152137756,0.5053816437721252,0.5270147323608398,0.49858978390693665,0.5938063263893127,0.5001888275146484,0.6408563852310181,0.5693034529685974,0.42290863394737244,0.5630884170532227,0.5806438326835632,0.5679330825805664,0.5611587762832642,0.5706168413162231,0.5227738618850708,0.6143038868904114,0.4350401759147644,0.6063764691352844,0.5737123489379883,0.6042708158493042,0.5499119162559509,0.6018174886703491,0.5119093060493469,0.65191251039505,0.4420680105686188,0.6635473966598511,0.5407840013504028,0.6727218627929688,0.5941485166549683,0.6819626688957214,0.6391246318817139,ㅟ
0.6507373452186584,0.27703434228897095,0.5831714272499084,0.31648802757263184,0.5507807731628418,0.4008013606071472,0.5400048494338989,0.4869728684425354,0.545630693435669,0.5493948459625244,0.541550874710083,0.3993462324142456,0.5185585021972656,0.5305748581886292,0.5101027488708496,0.5983940362930298,0.5112260580062866,0.6454954743385315,0.5900562405586243,0.4207368493080139,0.584298849105835,0.5819531083106995,0.579186201095581,0.5736063718795776,0.5772744417190552,0.54477459192276,0.6373533010482788,0.4324541389942169,0.6274074912071228,0.5755681991577148,0.6155170202255249,0.554519772529602,0.611092746257782,0.5164968967437744,0.6744316220283508,0.43998047709465027,0.691789984703064,0.5381527543067932,0.7053887248039246,0.5898120999336243,0.7220170497894287,0.6323115229606628,ㅟ
0.38651853799819946,0.1917751580476761,0.44990822672843933,0.23952576518058777,0.4716598689556122,0.32246190309524536,0.4673944413661957,0.3967294991016388,0.4541153907775879,0.44354498386383057,0.4855688214302063,0.3524232804775238,0.47346699237823486,0.47782135009765625,0.4638051986694336,0.5410431623458862,0.4564233422279358,0.5904733538627625,0.4412638247013092,0.36538460850715637,0.43609482049942017,0.46673205494880676,0.43520620465278625,0.4468541741371155,0.4348047375679016,0.4231644570827484,0.4001474976539612,0.37068691849708557,0.40294352173805237,0.45585232973098755,0.40583735704421997,0.4353853464126587,0.4063628017902374,0.4076797068119049,0.36706990003585815,0.3668084144592285,0.36826661229133606,0.46407848596572876,0.3672868013381958,0.5092637538909912,0.3656627833843231,0.5422320365905762,ㅟ
0.367917001247406,0.19767117500305176,0.4311503469944,0.23494437336921692,0.4571869671344757,0.3153685927391052,0.45628783106803894,0.3892604410648346,0.4483025074005127,0.43830016255378723,0.4674632251262665,0.3425479531288147,0.46278607845306396,0.4669300317764282,0.4569191336631775,0.5314363241195679,0.4530876874923706,0.5831615924835205,0.4236162602901459,0.35808485746383667,0.42572009563446045,0.46469807624816895,0.4276939928531647,0.4461318254470825,0.429144024848938,0.42054271697998047,0.384440153837204,0.3680688738822937,0.393174946308136,0.45818161964416504,0.39792296290397644,0.43674224615097046,0.39868852496147156,0.4066409170627594,0.35334041714668274,0.3701302111148834,0.3579102158546448,0.4659154415130615,0.36018481850624084,0.5125860571861267,0.36070516705513,0.54780113697052,ㅟ
0.36547261476516724,0.21259331703186035,0.4322282075881958,0.24631744623184204,0.4607684314250946,0.3278382122516632,0.46133849024772644,0.4037635028362274,0.4525972008705139,0.4541743993759155,0.46933549642562866,0.35562464594841003,0.46828970313072205,0.4806192219257355,0.4639042019844055,0.5458254814147949,0.46066024899482727,0.5976166725158691,0.42556604743003845,0.373289555311203,0.4338068664073944,0.4743644893169403,0.435359925031662,0.4537023603916168,0.4328831136226654,0.4288099408149719,0.3876001238822937,0.3843662738800049,0.40162134170532227,0.4705299139022827,0.4060863256454468,0.44783198833465576,0.4044235646724701,0.41862648725509644,0.358102023601532,0.38733455538749695,0.36781322956085205,0.48236849904060364,0.3727405071258545,0.5279996395111084,0.37511494755744934,0.5631333589553833,ㅟ
0.3753926157951355,0.25789308547973633,0.4434598982334137,0.2974131405353546,0.470517098903656,0.38073408603668213,0.46948421001434326,0.45800191164016724,0.4614865183830261,0.5065528154373169,0.4859183430671692,0.4130203127861023,0.483517587184906,0.546145498752594,0.48067620396614075,0.6208431124687195,0.4781789183616638,0.6786465048789978,0.44078704714775085,0.4308111071586609,0.4470266103744507,0.5304943323135376,0.4484987258911133,0.5087454915046692,0.44575685262680054,0.47921741008758545,0.4004173278808594,0.44196364283561707,0.41381117701530457,0.5244471430778503,0.4156656563282013,0.5035552978515625,0.4135116934776306,0.4752046763896942,0.3675001263618469,0.4454944133758545,0.3805655241012573,0.5439159870147705,0.3848770260810852,0.5884271264076233,0.38777002692222595,0.620607852935791,ㅟ
0.33983278274536133,0.18831107020378113,0.42362740635871887,0.2352256029844284,0.4559580087661743,0.3330971598625183,0.4570877254009247,0.4202961325645447,0.44514745473861694,0.47788047790527344,0.46534469723701477,0.3761007785797119,0.4740719497203827,0.5289744138717651,0.47170233726501465,0.6140033006668091,0.46784740686416626,0.6795533895492554,0.4131777286529541,0.3990214765071869,0.42870473861694336,0.5085588693618774,0.4292985498905182,0.48440513014793396,0.4253880977630615,0.45703744888305664,0.3654274642467499,0.4095231592655182,0.3876565396785736,0.5012563467025757,0.3922661542892456,0.47833165526390076,0.3887510597705841,0.4469582140445709,0.326845645904541,0.40969449281692505,0.34164535999298096,0.5280683040618896,0.3465694487094879,0.5852667093276978,0.3473033308982849,0.6279183626174927,ㅟ
0.34485310316085815,0.13827471435070038,0.43444305658340454,0.1816752403974533,0.4747329354286194,0.285147100687027,0.4762902557849884,0.38257429003715515,0.4635579288005829,0.4473903775215149,0.4815326929092407,0.32472798228263855,0.4928344190120697,0.4865964651107788,0.4954317808151245,0.5721195936203003,0.49698835611343384,0.6417938470840454,0.42437314987182617,0.3503142297267914,0.44749748706817627,0.4804082214832306,0.45259082317352295,0.449894517660141,0.44770264625549316,0.41501617431640625,0.37417924404144287,0.3632131814956665,0.403501957654953,0.4745129346847534,0.4108857214450836,0.44671425223350525,0.4068443477153778,0.4106476306915283,0.33420705795288086,0.36572733521461487,0.35172560811042786,0.4927392899990082,0.3567003011703491,0.5541670918464661,0.3562428057193756,0.6008590459823608,ㅟ
0.35578352212905884,0.12494377791881561,0.4450947642326355,0.1682085543870926,0.48884057998657227,0.2693033814430237,0.4956040680408478,0.36235320568084717,0.4859214425086975,0.42432063817977905,0.49747517704963684,0.3088047504425049,0.5223723649978638,0.4680147171020508,0.5342451930046082,0.5511510372161865,0.5444605350494385,0.6207438707351685,0.442701131105423,0.3364599645137787,0.46966564655303955,0.4674786925315857,0.47328904271125793,0.43154674768447876,0.4683610796928406,0.3925623893737793,0.39308100938796997,0.3505682349205017,0.4218628406524658,0.4593844413757324,0.42682209610939026,0.42598241567611694,0.420706570148468,0.3858344256877899,0.35328006744384766,0.3547973930835724,0.36552557349205017,0.47815483808517456,0.3677065670490265,0.5382809042930603,0.36520418524742126,0.5837582945823669,ㅟ
0.36177533864974976,0.1670050472021103,0.4488757252693176,0.2117273360490799,0.48644718527793884,0.30519813299179077,0.4922724962234497,0.38831424713134766,0.4785464406013489,0.4406343996524811,0.4935321807861328,0.35381942987442017,0.5283624529838562,0.49279049038887024,0.5440763235092163,0.5712812542915344,0.5557612180709839,0.6389859318733215,0.4422987699508667,0.38206619024276733,0.4683215022087097,0.4931009113788605,0.46743243932724,0.4528976082801819,0.4611576497554779,0.41228699684143066,0.3940296173095703,0.3934313654899597,0.4178920090198517,0.4807559847831726,0.42060405015945435,0.4464864134788513,0.41409170627593994,0.4069709777832031,0.35556021332740784,0.39333343505859375,0.3578004539012909,0.5061807036399841,0.3529648184776306,0.5671393275260925,0.3465186059474945,0.6141481399536133,ㅟ
0.3605867624282837,0.16972754895687103,0.4381016194820404,0.21109312772750854,0.46763962507247925,0.2963853180408478,0.47075361013412476,0.37148618698120117,0.4583739936351776,0.4187943935394287,0.47065863013267517,0.33867111802101135,0.5106210112571716,0.4593772292137146,0.5315602421760559,0.526826024055481,0.5467458963394165,0.5837061405181885,0.4252771735191345,0.36361756920814514,0.45441481471061707,0.46984219551086426,0.4543875753879547,0.43241435289382935,0.44882962107658386,0.3928506672382355,0.38304275274276733,0.3729909360408783,0.4087050259113312,0.4590712785720825,0.4138448238372803,0.4266056418418884,0.40823686122894287,0.38856473565101624,0.350577175617218,0.3710332214832306,0.34459736943244934,0.4647974371910095,0.3398078680038452,0.5200002193450928,0.3331485092639923,0.5653885006904602,ㅟ
0.3559752404689789,0.18825405836105347,0.43358731269836426,0.22766415774822235,0.46286559104919434,0.3106558322906494,0.47130081057548523,0.38673365116119385,0.4661964774131775,0.4385102391242981,0.46222028136253357,0.35197004675865173,0.5042733550071716,0.4691633880138397,0.5259521007537842,0.5344783663749695,0.5408856868743896,0.5894910097122192,0.4173571765422821,0.3737369179725647,0.4473978579044342,0.4781886041164398,0.44836267828941345,0.4389483630657196,0.4448014497756958,0.40217867493629456,0.37644699215888977,0.3817681074142456,0.40195539593696594,0.4693516194820404,0.40946584939956665,0.4355661869049072,0.40529635548591614,0.39775121212005615,0.3465621769428253,0.3802609443664551,0.3389083743095398,0.4721848666667938,0.3345722258090973,0.5254688262939453,0.328016996383667,0.570199728012085,ㅟ
0.35257065296173096,0.18227680027484894,0.4237878620624542,0.2227977216243744,0.4529425799846649,0.310271292924881,0.45447033643722534,0.3879033625125885,0.4454382061958313,0.4404139816761017,0.4558163583278656,0.34051185846328735,0.4677731394767761,0.470414936542511,0.4711039662361145,0.5418938398361206,0.47405514121055603,0.5984625220298767,0.41071099042892456,0.3579389154911041,0.43170756101608276,0.46613597869873047,0.4365084767341614,0.4448128342628479,0.4360927641391754,0.41703566908836365,0.3707785904407501,0.36682724952697754,0.39400213956832886,0.45796966552734375,0.4025106430053711,0.43746045231819153,0.40153512358665466,0.4067533016204834,0.3409593105316162,0.36908912658691406,0.35301095247268677,0.4685107171535492,0.3607557415962219,0.5174894332885742,0.36501702666282654,0.5540940761566162,ㅟ
0.2600197196006775,0.2563791275024414,0.3376925587654114,0.26904091238975525,0.3848622739315033,0.3469330668449402,0.40134716033935547,0.4275670647621155,0.4008411169052124,0.4828090965747833,0.38197097182273865,0.38126635551452637,0.4365044832229614,0.49704083800315857,0.4632047116756439,0.5595153570175171,0.4841601252555847,0.6119460463523865,0.3416987657546997,0.41941216588020325,0.3988848328590393,0.5169554352760315,0.40156102180480957,0.48741886019706726,0.3910595774650574,0.45288002490997314,0.3045835494995117,0.4444826543331146,0.36537039279937744,0.5269174575805664,0.3691638112068176,0.4990476369857788,0.3566857576370239,0.4661315977573395,0.27518704533576965,0.46025577187538147,0.31918448209762573,0.5451315641403198,0.34504517912864685,0.5852315425872803,0.36032211780548096,0.6170020699501038,ㅟ
0.24101042747497559,0.26052582263946533,0.3167957067489624,0.26025646924972534,0.366207480430603,0.3309602737426758,0.3840070068836212,0.41381964087486267,0.38622522354125977,0.47589901089668274,0.3726760745048523,0.36095869541168213,0.44502246379852295,0.4612554907798767,0.4809238314628601,0.5164758563041687,0.5087093710899353,0.5633327960968018,0.3370122015476227,0.40557190775871277,0.4030824899673462,0.4926964342594147,0.3993380665779114,0.4601549506187439,0.38428327441215515,0.4263494610786438,0.3038792014122009,0.4335918426513672,0.3700387477874756,0.5075750946998596,0.3695620000362396,0.4775465130805969,0.3545893430709839,0.4467126429080963,0.2801056504249573,0.44910967350006104,0.3268700838088989,0.5276014804840088,0.35260918736457825,0.5648671984672546,0.3684506118297577,0.597943127155304,ㅟ
0.279604434967041,0.230974942445755,0.35322463512420654,0.2556452751159668,0.39436638355255127,0.33437401056289673,0.40819022059440613,0.41018086671829224,0.4068843722343445,0.46364516019821167,0.3941703140735626,0.3668595254421234,0.4453003704547882,0.48494789004325867,0.4688448905944824,0.5491375923156738,0.48693162202835083,0.6038663983345032,0.3520795404911041,0.39711710810661316,0.4002402424812317,0.5020131468772888,0.40093371272087097,0.47206008434295654,0.3914424479007721,0.4397984743118286,0.31385719776153564,0.41375574469566345,0.36142611503601074,0.5030456185340881,0.3656891882419586,0.476428359746933,0.35568496584892273,0.4455853998661041,0.28505370020866394,0.4222969114780426,0.3150942921638489,0.5161031484603882,0.33380380272865295,0.5618183612823486,0.3451319634914398,0.5981512069702148,ㅟ
0.43339866399765015,0.19646698236465454,0.48450806736946106,0.2659093141555786,0.4880450367927551,0.3660625219345093,0.46194860339164734,0.44403886795043945,0.43216273188591003,0.48485267162323,0.47583091259002686,0.38101619482040405,0.45756492018699646,0.5179733633995056,0.4438782334327698,0.5870815515518188,0.43234774470329285,0.6438115835189819,0.4252079725265503,0.3702356815338135,0.4070645868778229,0.5015941858291626,0.4189772605895996,0.4806469678878784,0.4276219606399536,0.44831085205078125,0.3840083181858063,0.3572682738304138,0.3743283450603485,0.47474783658981323,0.387859582901001,0.4564856290817261,0.3964119553565979,0.4257257580757141,0.35525771975517273,0.3465346097946167,0.33952274918556213,0.4495970606803894,0.33169540762901306,0.5048699378967285,0.3226225972175598,0.5500398874282837,ㅟ
0.4893333315849304,0.18658453226089478,0.5283339619636536,0.2756866216659546,0.5143190026283264,0.3791917860507965,0.4685310125350952,0.4511095881462097,0.4323338270187378,0.4893496036529541,0.5100423097610474,0.4033900499343872,0.43487727642059326,0.5274146795272827,0.3861597180366516,0.5905440449714661,0.3500017523765564,0.6403321027755737,0.4558710753917694,0.3810170292854309,0.4156917631626129,0.49779370427131653,0.4172823429107666,0.4969552457332611,0.4222533106803894,0.4831196665763855,0.4110276401042938,0.35794785618782043,0.3803158402442932,0.47508448362350464,0.39008504152297974,0.46958374977111816,0.40330106019973755,0.445343554019928,0.37900349497795105,0.33695584535598755,0.3463352918624878,0.4480586349964142,0.3298303484916687,0.508735179901123,0.3154788613319397,0.5570245981216431,ㅟ
0.5281354188919067,0.14722129702568054,0.5647371411323547,0.24143849313259125,0.5402724742889404,0.3444853127002716,0.48727935552597046,0.407748281955719,0.4447758197784424,0.43721991777420044,0.5261090397834778,0.3617411255836487,0.44642388820648193,0.48127254843711853,0.39396995306015015,0.5380403995513916,0.3534523546695709,0.5833859443664551,0.47242310643196106,0.332034707069397,0.4212198257446289,0.45737600326538086,0.4294011890888214,0.4620145559310913,0.4410780668258667,0.44994258880615234,0.42954596877098083,0.3043632507324219,0.38978636264801025,0.4275716245174408,0.4065159261226654,0.42205873131752014,0.42565596103668213,0.3955024480819702,0.4019070267677307,0.2818741202354431,0.36020219326019287,0.3865560293197632,0.3382008373737335,0.4421558678150177,0.31701159477233887,0.4862982928752899,ㅟ
0.49318739771842957,0.17789728939533234,0.5307714939117432,0.2611156105995178,0.5133506655693054,0.3544774353504181,0.4777084290981293,0.41792309284210205,0.4453112483024597,0.44593545794487,0.5017915368080139,0.3714885115623474,0.45534607768058777,0.48303496837615967,0.42869657278060913,0.5397025346755981,0.4053317904472351,0.5879411697387695,0.45537200570106506,0.3479295074939728,0.419418066740036,0.4606843888759613,0.4367256760597229,0.44154223799705505,0.4510776996612549,0.41268712282180786,0.4181934893131256,0.3232339024543762,0.39130526781082153,0.4304962754249573,0.4096745252609253,0.4155230224132538,0.423943430185318,0.3846404552459717,0.39375463128089905,0.3035317361354828,0.3538070321083069,0.3863382637500763,0.33049094676971436,0.4306994676589966,0.3064892292022705,0.46478042006492615,ㅟ
0.4555489420890808,0.19468019902706146,0.4975939393043518,0.26349055767059326,0.4912128746509552,0.35563379526138306,0.4655678868293762,0.42756715416908264,0.43960827589035034,0.46725568175315857,0.4841434955596924,0.3752234876155853,0.4534500241279602,0.49128827452659607,0.43342387676239014,0.5495944619178772,0.4153926968574524,0.5969439744949341,0.4388483166694641,0.362531453371048,0.4172411262989044,0.4751545786857605,0.43134087324142456,0.4541293680667877,0.44059479236602783,0.427783340215683,0.4011116921901703,0.34638941287994385,0.3851613700389862,0.4461182951927185,0.4022805690765381,0.4288421869277954,0.4128924608230591,0.3993752598762512,0.37619510293006897,0.33141636848449707,0.33831173181533813,0.41121429204940796,0.31472426652908325,0.45485159754753113,0.29208189249038696,0.49034827947616577,ㅟ
0.36447423696517944,0.23472096025943756,0.43192946910858154,0.28188252449035645,0.45442861318588257,0.3676748275756836,0.4493253529071808,0.4383420944213867,0.43171143531799316,0.4795438051223755,0.45587778091430664,0.40868839621543884,0.4734949469566345,0.5296250581741333,0.4785827696323395,0.5942365527153015,0.48106417059898376,0.6467517018318176,0.4102136492729187,0.424511194229126,0.4264008700847626,0.5215984582901001,0.42877140641212463,0.4890495836734772,0.4271983802318573,0.45653054118156433,0.3686286509037018,0.4267506003379822,0.38679981231689453,0.5095586180686951,0.3914521038532257,0.4813157916069031,0.38888704776763916,0.4479218125343323,0.33633390069007874,0.4221925735473633,0.3294949531555176,0.5154674649238586,0.3221954107284546,0.567956268787384,0.3143976032733917,0.6107097864151001,ㅟ
0.3521434962749481,0.27296268939971924,0.4356946349143982,0.3159034848213196,0.4623483121395111,0.40488967299461365,0.46016648411750793,0.4836244285106659,0.443682461977005,0.5300890803337097,0.46432942152023315,0.48147305846214294,0.4877721965312958,0.5922843813896179,0.4835238754749298,0.5870575904846191,0.4694032669067383,0.5660944581031799,0.41554585099220276,0.4990592300891876,0.44154685735702515,0.5696936845779419,0.44263485074043274,0.5335210561752319,0.43440788984298706,0.500311553478241,0.37243515253067017,0.5000131130218506,0.3979506492614746,0.5528504848480225,0.40231379866600037,0.5183840990066528,0.397847443819046,0.4847358763217926,0.34092631936073303,0.49320101737976074,0.33759599924087524,0.5754154920578003,0.32904112339019775,0.6229220032691956,0.3212376832962036,0.6635022163391113,ㅟ
0.3531610667705536,0.3045470416545868,0.44131189584732056,0.3468764126300812,0.4673231840133667,0.43060868978500366,0.4710194766521454,0.5026957392692566,0.45963457226753235,0.5437754988670349,0.469730406999588,0.5233979225158691,0.4848138391971588,0.5830535888671875,0.4789922833442688,0.5524048209190369,0.46554896235466003,0.5209730267524719,0.4234094023704529,0.5468295216560364,0.4409578740596771,0.5988646745681763,0.4416537880897522,0.5663142800331116,0.43149271607398987,0.5347176194190979,0.38013407588005066,0.5493881702423096,0.39740419387817383,0.6034339070320129,0.4029393494129181,0.5737379193305969,0.3975037634372711,0.540870726108551,0.34575706720352173,0.53626948595047,0.3372693955898285,0.6143268346786499,0.3289733827114105,0.6592983603477478,0.3210833668708801,0.6959408521652222,ㅟ
0.3596297800540924,0.26708853244781494,0.43549174070358276,0.3281511664390564,0.45630955696105957,0.42405563592910767,0.44632357358932495,0.4988493323326111,0.42615824937820435,0.5398724675178528,0.4547048509120941,0.4888831675052643,0.46295833587646484,0.6188445091247559,0.46761462092399597,0.692771852016449,0.47121888399124146,0.7520875930786133,0.3990575075149536,0.5004093050956726,0.41209423542022705,0.5894051790237427,0.41848868131637573,0.5545685887336731,0.41573473811149597,0.5200813412666321,0.3519419729709625,0.4945029318332672,0.3633764982223511,0.5655060410499573,0.3719087243080139,0.5352211594581604,0.3711295425891876,0.4992329776287079,0.3160436153411865,0.48010751605033875,0.30074799060821533,0.5722787380218506,0.2886107861995697,0.6235638856887817,0.2763420641422272,0.6649789214134216,ㅟ
0.37812525033950806,0.16692835092544556,0.44527870416641235,0.22242212295532227,0.4618048071861267,0.3133617639541626,0.4557438790798187,0.3899627923965454,0.439283549785614,0.4373650550842285,0.46372658014297485,0.35317936539649963,0.4701181650161743,0.4857775568962097,0.4695323407649994,0.5574583411216736,0.4672948718070984,0.6166342496871948,0.4150505065917969,0.3644215762615204,0.4226885139942169,0.47911536693573,0.4250282347202301,0.4448765516281128,0.4256588816642761,0.41087204217910767,0.37014710903167725,0.3639621436595917,0.37867844104766846,0.4599420726299286,0.38589680194854736,0.43046998977661133,0.38640788197517395,0.3941071927547455,0.3364361524581909,0.35658028721809387,0.3175385594367981,0.45140302181243896,0.30348509550094604,0.5050363540649414,0.28947919607162476,0.5503674149513245,ㅟ
0.4106783866882324,0.24869519472122192,0.46742111444473267,0.2970273494720459,0.48857414722442627,0.3859720826148987,0.48132139444351196,0.46709877252578735,0.4628750681877136,0.5191444158554077,0.493136465549469,0.4014442563056946,0.501499593257904,0.5195772051811218,0.505153477191925,0.5794622302055359,0.5086843371391296,0.6288005113601685,0.44648507237434387,0.40892577171325684,0.4495086669921875,0.5346332788467407,0.44950440526008606,0.5098122358322144,0.44889822602272034,0.4766400158405304,0.4045315682888031,0.410205602645874,0.4103970527648926,0.5193580389022827,0.4156143069267273,0.49337583780288696,0.41525283455848694,0.45872989296913147,0.372905433177948,0.40638405084609985,0.3641151785850525,0.4996776580810547,0.3574941158294678,0.5493411421775818,0.348955899477005,0.5916939377784729,ㅟ
0.406716912984848,0.23650547862052917,0.4611152708530426,0.28585708141326904,0.4797823429107666,0.3707312345504761,0.4738926291465759,0.454076886177063,0.4622040092945099,0.5119965076446533,0.4818609952926636,0.36761945486068726,0.4973177909851074,0.47187599539756775,0.5028536915779114,0.5297046899795532,0.5067083835601807,0.5766985416412354,0.43736210465431213,0.3726596236228943,0.43434658646583557,0.5062676072120667,0.4374650716781616,0.5174167156219482,0.44148606061935425,0.508293628692627,0.3960649371147156,0.3739253580570221,0.39968112111091614,0.4943011701107025,0.407835453748703,0.47960856556892395,0.41057902574539185,0.4479966163635254,0.36446356773376465,0.36905622482299805,0.3544387221336365,0.4555780589580536,0.3485584557056427,0.5001751184463501,0.3413432538509369,0.5381150841712952,ㅟ
0.4030943810939789,0.21163545548915863,0.4546821713447571,0.2594490647315979,0.47090429067611694,0.33902105689048767,0.46206167340278625,0.41667118668556213,0.44876599311828613,0.4698328375816345,0.4714982807636261,0.32027241587638855,0.489372193813324,0.40493929386138916,0.49835604429244995,0.45644211769104004,0.5043593049049377,0.4994228482246399,0.4300656020641327,0.32121890783309937,0.4331303536891937,0.43690285086631775,0.4352850615978241,0.4754469692707062,0.43846234679222107,0.49256402254104614,0.3910291790962219,0.32228079438209534,0.3964804410934448,0.4377918839454651,0.4028497040271759,0.4563238322734833,0.40747007727622986,0.450850248336792,0.3605501055717468,0.32156842947006226,0.35347697138786316,0.4035871922969818,0.3494144082069397,0.44416362047195435,0.3441659212112427,0.474286824464798,ㅟ
0.40465137362480164,0.17694057524204254,0.4534051716327667,0.2269289791584015,0.47087493538856506,0.3095145523548126,0.46379274129867554,0.3903335928916931,0.44703972339630127,0.4466721713542938,0.4718270003795624,0.27878764271736145,0.49083608388900757,0.3529288172721863,0.5031847357749939,0.402021586894989,0.5127944946289062,0.4420109987258911,0.43249693512916565,0.2789310812950134,0.43526533246040344,0.39489686489105225,0.4374350607395172,0.4312332272529602,0.4406631290912628,0.44350773096084595,0.3945747911930084,0.2799363136291504,0.3979223966598511,0.3956444263458252,0.401185542345047,0.41171228885650635,0.4047301113605499,0.402839332818985,0.36416879296302795,0.27730658650398254,0.35860857367515564,0.35303795337677,0.3548951745033264,0.38528454303741455,0.3504333198070526,0.40646204352378845,ㅟ
0.37023961544036865,0.2097763568162918,0.43241947889328003,0.2542928457260132,0.4565967619419098,0.34021201729774475,0.4581775963306427,0.41749295592308044,0.44955164194107056,0.4676143527030945,0.463148832321167,0.36883997917175293,0.47579288482666016,0.4896866977214813,0.48090192675590515,0.552730917930603,0.48486995697021484,0.6068212389945984,0.4168925881385803,0.3830420970916748,0.4274219870567322,0.4926026463508606,0.42867332696914673,0.4627593457698822,0.42966601252555847,0.4308823347091675,0.3740585148334503,0.3853400945663452,0.38688233494758606,0.48214495182037354,0.39076223969459534,0.4561329782009125,0.38970115780830383,0.42288738489151,0.3408541679382324,0.3808119297027588,0.33603423833847046,0.4756219685077667,0.33381471037864685,0.5269113779067993,0.3304998278617859,0.5689287185668945,ㅟ
0.34633591771125793,0.1445946842432022,0.42699432373046875,0.19560472667217255,0.4530941843986511,0.2926466464996338,0.448668897151947,0.37472066283226013,0.4285469651222229,0.4234662652015686,0.4535881280899048,0.33608874678611755,0.47302889823913574,0.4766373932361603,0.4792129099369049,0.5545073747634888,0.48242515325546265,0.6189169883728027,0.3999800384044647,0.35587161779403687,0.4198552370071411,0.47289127111434937,0.421953946352005,0.4347030520439148,0.41889795660972595,0.3969820439815521,0.3512217402458191,0.36080607771873474,0.37072184681892395,0.45592135190963745,0.37666434049606323,0.42359304428100586,0.37272369861602783,0.385465532541275,0.3139156103134155,0.3558734059333801,0.30578768253326416,0.46503469347953796,0.2984992265701294,0.5245851278305054,0.28934937715530396,0.5727323889732361,ㅟ
0.33565089106559753,0.09095776081085205,0.42399945855140686,0.14977847039699554,0.45214712619781494,0.25377121567726135,0.4494044780731201,0.34488075971603394,0.43132326006889343,0.4014323353767395,0.4483545422554016,0.31696817278862,0.4870295524597168,0.46120747923851013,0.506170928478241,0.535910427570343,0.5181353688240051,0.5965577960014343,0.3912506103515625,0.3375365436077118,0.41463273763656616,0.4603442847728729,0.4184296131134033,0.41316601634025574,0.4138866662979126,0.3708272874355316,0.33937740325927734,0.339349627494812,0.3576991856098175,0.44349372386932373,0.36943599581718445,0.4018852412700653,0.3677493929862976,0.356204628944397,0.3011218309402466,0.3325810134410858,0.28307050466537476,0.4438236653804779,0.2695385813713074,0.5094478726387024,0.25453370809555054,0.5640537738800049,ㅟ
0.33372262120246887,0.06253471970558167,0.4268933832645416,0.12481129169464111,0.45759111642837524,0.23665177822113037,0.4521218240261078,0.33519867062568665,0.4308830499649048,0.3937687873840332,0.44936004281044006,0.30507057905197144,0.495313823223114,0.46360814571380615,0.5207037925720215,0.5436059236526489,0.5386073589324951,0.6075594425201416,0.38609984517097473,0.32581931352615356,0.4116256833076477,0.4614890515804291,0.4184643030166626,0.4051462411880493,0.4165937900543213,0.3553263545036316,0.3305157721042633,0.32682064175605774,0.3515835106372833,0.44033944606781006,0.3664289116859436,0.39208948612213135,0.36639919877052307,0.3415364623069763,0.2908933162689209,0.31909486651420593,0.26934370398521423,0.43590161204338074,0.2533394396305084,0.5052431225776672,0.23604783415794373,0.5646497011184692,ㅟ
0.3413110077381134,0.11039462685585022,0.43200892210006714,0.18475864827632904,0.45926934480667114,0.29357320070266724,0.45771360397338867,0.3796488046646118,0.4374024569988251,0.42891716957092285,0.4641965329647064,0.36146026849746704,0.4955056309700012,0.5044050812721252,0.5082681179046631,0.5790087580680847,0.5139452815055847,0.6366913914680481,0.4036032259464264,0.3802485764026642,0.4179839789867401,0.4957854747772217,0.41852694749832153,0.45290037989616394,0.415239155292511,0.40982699394226074,0.34697404503822327,0.3803970515727997,0.3617030382156372,0.471710205078125,0.3671802878379822,0.4354690611362457,0.3666033446788788,0.3971637189388275,0.30322954058647156,0.3732319474220276,0.2903689742088318,0.4812483787536621,0.27421796321868896,0.5394533276557922,0.260314017534256,0.58473140001297,ㅟ
0.38403040170669556,0.2004256397485733,0.45109137892723083,0.25096583366394043,0.4728872776031494,0.3344919681549072,0.46907487511634827,0.4035114049911499,0.45192551612854004,0.4436495304107666,0.48020023107528687,0.37361884117126465,0.4937528371810913,0.4955311417579651,0.5006060600280762,0.5625501871109009,0.5063056349754333,0.6171345114707947,0.4363952875137329,0.388544499874115,0.443015456199646,0.48918306827545166,0.44253358244895935,0.4582427442073822,0.4412979483604431,0.4239564538002014,0.3944414258003235,0.39091619849205017,0.40383419394493103,0.47471705079078674,0.4051440954208374,0.4476851224899292,0.4016871154308319,0.41418999433517456,0.36115017533302307,0.3849615752696991,0.35671669244766235,0.480499267578125,0.35014045238494873,0.526648223400116,0.34288033843040466,0.561103343963623,ㅟ
0.40284162759780884,0.2184785008430481,0.4654514491558075,0.2620455026626587,0.4880158305168152,0.34391069412231445,0.48362061381340027,0.41699886322021484,0.4695703089237213,0.460843563079834,0.5000295639038086,0.37703269720077515,0.4912434220314026,0.5005102157592773,0.4859382212162018,0.5655079483985901,0.48307204246520996,0.6175357103347778,0.45722654461860657,0.3875129818916321,0.4541933238506317,0.48465725779533386,0.45428118109703064,0.4638703167438507,0.4549897015094757,0.43684712052345276,0.4179478883743286,0.39216646552085876,0.4231668710708618,0.4745914936065674,0.42470186948776245,0.453823447227478,0.42477700114250183,0.42573416233062744,0.38686639070510864,0.39062950015068054,0.3901527225971222,0.48175543546676636,0.3908998966217041,0.5237617492675781,0.3919702172279358,0.5551523566246033,ㅟ
0.4075572192668915,0.21475981175899506,0.4693854749202728,0.25930213928222656,0.49093395471572876,0.34117063879966736,0.48504921793937683,0.41351398825645447,0.470053106546402,0.45761600136756897,0.503116250038147,0.3737070858478546,0.49362096190452576,0.496746301651001,0.4865736663341522,0.5594936013221741,0.4817185401916504,0.6088100075721741,0.46095967292785645,0.38422009348869324,0.45731672644615173,0.4788108170032501,0.45725229382514954,0.46011245250701904,0.4571065902709961,0.43427160382270813,0.42191094160079956,0.3885996639728546,0.4265507459640503,0.4697900414466858,0.42803552746772766,0.44982093572616577,0.4283214807510376,0.42336344718933105,0.3904423415660858,0.3869132101535797,0.3944266140460968,0.4792112410068512,0.3949093818664551,0.5234886407852173,0.39583727717399597,0.5562450289726257,ㅟ
0.4263297915458679,0.22108590602874756,0.48454922437667847,0.2668333947658539,0.5045639872550964,0.338934063911438,0.5002570748329163,0.40248382091522217,0.48617568612098694,0.4415343701839447,0.5194105505943298,0.3755286633968353,0.5046679973602295,0.4843296706676483,0.4953460395336151,0.5372734069824219,0.4880789816379547,0.5782182216644287,0.48191672563552856,0.38619092106819153,0.4736923575401306,0.4723163843154907,0.47008392214775085,0.4557338356971741,0.46877574920654297,0.43364256620407104,0.4450581669807434,0.38902419805526733,0.4457378685474396,0.46320801973342896,0.4442698061466217,0.44399839639663696,0.44415175914764404,0.4201279580593109,0.41408687829971313,0.38467228412628174,0.41670435667037964,0.4704113006591797,0.4158535599708557,0.5118195414543152,0.41720902919769287,0.5435216426849365,ㅟ
0.43282899260520935,0.2398967444896698,0.48361966013908386,0.2882333993911743,0.5020406246185303,0.35825449228286743,0.49503108859062195,0.41762062907218933,0.47953665256500244,0.45241427421569824,0.5183401703834534,0.3938474655151367,0.49798935651779175,0.4903630018234253,0.4869474470615387,0.5385122299194336,0.4790525734424591,0.5753678679466248,0.4820922911167145,0.4021414518356323,0.4680692255496979,0.47905245423316956,0.464000403881073,0.4612641930580139,0.46325376629829407,0.4360031485557556,0.4463997185230255,0.40291547775268555,0.44320645928382874,0.47064971923828125,0.43980515003204346,0.4510714113712311,0.4398525357246399,0.4282158613204956,0.41508764028549194,0.39718207716941833,0.41764035820961,0.476899653673172,0.4170418977737427,0.516226589679718,0.4186495840549469,0.5477337837219238,ㅟ
0.399530291557312,0.27879709005355835,0.4572373628616333,0.3193276524543762,0.47795575857162476,0.38951072096824646,0.4746679961681366,0.4501239061355591,0.46111419796943665,0.4860648214817047,0.4975985586643219,0.4267404079437256,0.48520708084106445,0.5206586122512817,0.4777859151363373,0.5711404085159302,0.4721628427505493,0.6106085777282715,0.46174144744873047,0.44257429242134094,0.4543587863445282,0.5134459137916565,0.4498403072357178,0.4933549165725708,0.4473012685775757,0.4661635160446167,0.42578554153442383,0.44863539934158325,0.42868921160697937,0.5082330703735352,0.4243379235267639,0.4872572124004364,0.42220765352249146,0.46391212940216064,0.3946138620376587,0.4450952410697937,0.40116292238235474,0.5208901166915894,0.4028279483318329,0.5571070313453674,0.4062741994857788,0.5841922760009766,ㅟ
0.3603222370147705,0.11301818490028381,0.4351401627063751,0.16356341540813446,0.46076953411102295,0.25563207268714905,0.4552600383758545,0.3406836688518524,0.44215714931488037,0.3920910954475403,0.4673996865749359,0.2978031039237976,0.4534628093242645,0.43896418809890747,0.44283613562583923,0.5084226727485657,0.43354108929634094,0.5634339451789856,0.4178118407726288,0.3144860565662384,0.41681864857673645,0.42995697259902954,0.4190606474876404,0.40655791759490967,0.4173646867275238,0.37664198875427246,0.3732472062110901,0.32145920395851135,0.38353005051612854,0.42022889852523804,0.3880070745944977,0.3947342038154602,0.3868110179901123,0.3638582229614258,0.33715879917144775,0.31855735182762146,0.34263089299201965,0.43125855922698975,0.3472347557544708,0.48682212829589844,0.35138821601867676,0.5301766395568848,ㅟ
0.36803150177001953,0.1403946429491043,0.4479960501194,0.19602544605731964,0.4758617877960205,0.30104297399520874,0.4673420190811157,0.39159029722213745,0.4470159709453583,0.4457412660121918,0.48423057794570923,0.3489703834056854,0.4750521779060364,0.497128427028656,0.46883440017700195,0.5742768049240112,0.46382033824920654,0.6372056007385254,0.4282962381839752,0.3626615107059479,0.42747876048088074,0.48129045963287354,0.4316003620624542,0.44792765378952026,0.43162769079208374,0.4115191102027893,0.3777526021003723,0.3657670021057129,0.38729822635650635,0.466952919960022,0.39154186844825745,0.4352068305015564,0.39061370491981506,0.3988898992538452,0.3367583155632019,0.3612358272075653,0.337874174118042,0.48329493403434753,0.3332824110984802,0.5428897142410278,0.3276165723800659,0.5895102620124817,ㅟ
0.3464100658893585,0.1593555510044098,0.4334043860435486,0.21785782277584076,0.46491432189941406,0.32934606075286865,0.4585771858692169,0.4234263300895691,0.441062867641449,0.48206064105033875,0.47160154581069946,0.3809677064418793,0.4681496322154999,0.5383000373840332,0.46184536814689636,0.6128403544425964,0.4552573263645172,0.6722255349159241,0.41177624464035034,0.398525208234787,0.4157509505748749,0.5237866044044495,0.41869786381721497,0.4952831268310547,0.4150649309158325,0.462293416261673,0.3573848605155945,0.4027591049671173,0.3705218732357025,0.5135460495948792,0.3745182752609253,0.4854452908039093,0.37145471572875977,0.4511856734752655,0.31315404176712036,0.39851561188697815,0.3184415102005005,0.5252983570098877,0.3171331286430359,0.5895922183990479,0.3126899302005768,0.6407241821289062,ㅟ
0.32104256749153137,0.1417941451072693,0.4223770797252655,0.20646046102046967,0.4618428945541382,0.33358126878738403,0.45828700065612793,0.4484967589378357,0.4419682025909424,0.526148796081543,0.4616459906101227,0.3795323967933655,0.4653046727180481,0.5607145428657532,0.4633401036262512,0.6398143768310547,0.46014684438705444,0.7008042335510254,0.3941759467124939,0.40032029151916504,0.4131673276424408,0.5564270615577698,0.42226701974868774,0.5312224626541138,0.4175938069820404,0.4937584400177002,0.3357372581958771,0.40882882475852966,0.3619515895843506,0.5464690923690796,0.37317541241645813,0.5200441479682922,0.37007418274879456,0.48185116052627563,0.29086607694625854,0.41012853384017944,0.2994842529296875,0.5547213554382324,0.30178922414779663,0.6340203285217285,0.2971729636192322,0.697872519493103,ㅟ
0.39527297019958496,0.20166051387786865,0.47229260206222534,0.25048747658729553,0.5024140477180481,0.33129847049713135,0.5051773190498352,0.4049767255783081,0.49405866861343384,0.456135630607605,0.5178840160369873,0.38159534335136414,0.5295413136482239,0.506098747253418,0.5236676931381226,0.5447342991828918,0.519425630569458,0.566082775592804,0.47067779302597046,0.40230149030685425,0.4786565899848938,0.5031628608703613,0.47074177861213684,0.4768819510936737,0.4654218256473541,0.4471106231212616,0.424126535654068,0.4099738895893097,0.43070340156555176,0.49869632720947266,0.42615261673927307,0.4731287956237793,0.4225177466869354,0.4394666850566864,0.3848258852958679,0.40703529119491577,0.37744712829589844,0.500717043876648,0.3669663071632385,0.5532162189483643,0.35915157198905945,0.5946036577224731,ㅟ
0.4006173610687256,0.2320118248462677,0.471515953540802,0.2791267931461334,0.4942150115966797,0.35383448004722595,0.4920859932899475,0.4208463132381439,0.47570711374282837,0.4615332782268524,0.5065647959709167,0.4062064290046692,0.5225220918655396,0.5260149836540222,0.5165212750434875,0.55055832862854,0.5092668533325195,0.5524201393127441,0.46124956011772156,0.4233629107475281,0.4673753082752228,0.5182889699935913,0.46193593740463257,0.48756489157676697,0.45893409848213196,0.4578081965446472,0.41702038049697876,0.42793768644332886,0.4221732020378113,0.5076978206634521,0.4201844036579132,0.4782002568244934,0.41817355155944824,0.44629067182540894,0.38138699531555176,0.4237664043903351,0.3719061017036438,0.5103554725646973,0.3609556257724762,0.5592684745788574,0.3527459502220154,0.5992954969406128,ㅟ
0.35068926215171814,0.17515651881694794,0.421008437871933,0.22189678251743317,0.43963783979415894,0.30819079279899597,0.43636608123779297,0.3793846070766449,0.4197128415107727,0.42313718795776367,0.4412583112716675,0.3526519536972046,0.45319199562072754,0.4779770076274872,0.4546768367290497,0.5503740310668945,0.4531245231628418,0.6090027093887329,0.3938133120536804,0.36812734603881836,0.4075985252857208,0.4676138162612915,0.4111061096191406,0.43505504727363586,0.40963467955589294,0.40350204706192017,0.3510349690914154,0.3698379397392273,0.36707985401153564,0.45043426752090454,0.3760060667991638,0.42429354786872864,0.3757120966911316,0.3913004398345947,0.3185945153236389,0.3614814579486847,0.3034517765045166,0.45285576581954956,0.2939664125442505,0.5050305724143982,0.28416675329208374,0.5464328527450562,ㅟ
0.33682048320770264,0.18536119163036346,0.41361507773399353,0.2356770932674408,0.43582212924957275,0.3313944935798645,0.43217623233795166,0.41141775250434875,0.4151563048362732,0.4615074098110199,0.4346463680267334,0.39327895641326904,0.449226438999176,0.5312604904174805,0.454955518245697,0.6112983822822571,0.4584144949913025,0.6756672859191895,0.38400834798812866,0.4102248251438141,0.3971991539001465,0.5062056183815002,0.3983638286590576,0.4688621163368225,0.39600083231925964,0.4340284764766693,0.3376963436603546,0.41042253375053406,0.3514444828033447,0.4861294627189636,0.35627681016921997,0.45377567410469055,0.35471951961517334,0.4184589087963104,0.30289435386657715,0.40191924571990967,0.29307982325553894,0.499062716960907,0.28324398398399353,0.5523986220359802,0.273438960313797,0.5943951606750488,ㅟ
0.30042824149131775,0.19868552684783936,0.3918180763721466,0.23968496918678284,0.41919392347335815,0.33843865990638733,0.4154205918312073,0.42328277230262756,0.39635759592056274,0.4760967493057251,0.4128873348236084,0.42709657549858093,0.43570786714553833,0.568924069404602,0.4416513741016388,0.6515652537345886,0.44564855098724365,0.718021035194397,0.3603697419166565,0.44987598061561584,0.4009142220020294,0.5463373064994812,0.4074808955192566,0.5172516703605652,0.40332016348838806,0.4887230396270752,0.3135237693786621,0.4520599842071533,0.35074520111083984,0.5375241041183472,0.3734363317489624,0.5120864510536194,0.3812258243560791,0.47795745730400085,0.28025421500205994,0.4408462345600128,0.26588544249534607,0.5338761210441589,0.25369203090667725,0.5914285182952881,0.24240407347679138,0.6388192772865295,ㅟ
