0.7437595725059509,0.20289656519889832,0.6695602536201477,0.24916838109493256,0.6371577382087708,0.35218265652656555,0.6545917987823486,0.45231717824935913,0.6786102056503296,0.5191032290458679,0.5908094644546509,0.3899970054626465,0.5939663052558899,0.5486804842948914,0.596537172794342,0.6309671401977539,0.5987604260444641,0.7017214298248291,0.636828601360321,0.4106917977333069,0.6380710005760193,0.576140284538269,0.6406736969947815,0.6727926731109619,0.6450668573379517,0.7466380000114441,0.6896836757659912,0.41733482480049133,0.7058460116386414,0.5080468654632568,0.7077448964118958,0.46331319212913513,0.7081584334373474,0.42139267921447754,0.7412246465682983,0.41605448722839355,0.742418646812439,0.4705711603164673,0.7437792420387268,0.4351908266544342,0.7449280023574829,0.40109774470329285,ㅠ
0.6923623085021973,0.25764361023902893,0.6306297779083252,0.3100735545158386,0.6114064455032349,0.40950632095336914,0.6293731331825256,0.5059067010879517,0.6484073996543884,0.5711853504180908,0.5661835670471191,0.44533413648605347,0.5727503299713135,0.5778423547744751,0.5775737166404724,0.6478651165962219,0.5818651914596558,0.7057788968086243,0.6002445220947266,0.45552006363868713,0.6138787865638733,0.6039024591445923,0.6179027557373047,0.6869379281997681,0.6223719120025635,0.7508248090744019,0.6428760290145874,0.45428892970085144,0.6774677634239197,0.5380948185920715,0.6798601150512695,0.4964519739151001,0.6767886281013489,0.4600089490413666,0.6868976354598999,0.4462338089942932,0.7047157883644104,0.4973609149456024,0.7073506116867065,0.46562013030052185,0.7049696445465088,0.4382942318916321,ㅠ
0.6717588305473328,0.2990318536758423,0.6144669055938721,0.34062883257865906,0.592376172542572,0.4306940734386444,0.609886884689331,0.5204825401306152,0.6325366497039795,0.5798682570457458,0.5492697954177856,0.46494215726852417,0.5419940948486328,0.5860003232955933,0.5372419357299805,0.6512349843978882,0.535415530204773,0.7055032253265381,0.5813046097755432,0.4835436940193176,0.575692892074585,0.6235238909721375,0.5705323815345764,0.7084068059921265,0.5690367817878723,0.774545431137085,0.6217616200447083,0.4882969856262207,0.6512075066566467,0.570786714553833,0.6581839919090271,0.533038318157196,0.658521831035614,0.4990149736404419,0.6650848388671875,0.48501715064048767,0.6821733713150024,0.5311191082000732,0.6878573894500732,0.5038213133811951,0.6873572468757629,0.4796222746372223,ㅠ
0.7390854358673096,0.38084879517555237,0.6684735417366028,0.3891690671443939,0.6259654760360718,0.4652706980705261,0.6243790984153748,0.5400089025497437,0.6400232911109924,0.5899713039398193,0.5791550874710083,0.5066326260566711,0.5359565019607544,0.6226045489311218,0.509375810623169,0.6820414662361145,0.4911807179450989,0.7300490140914917,0.605944812297821,0.5445988774299622,0.5602532625198364,0.6668647527694702,0.5294686555862427,0.7386846542358398,0.5082078576087952,0.7942214012145996,0.6426402926445007,0.5669503211975098,0.6530643105506897,0.6340749263763428,0.664860188961029,0.6025199890136719,0.6724405288696289,0.5710409879684448,0.682124137878418,0.5771259069442749,0.6857950091362,0.6093488335609436,0.6947346925735474,0.582773745059967,0.7008574604988098,0.5567829608917236,ㅠ
0.7591860890388489,0.3370654582977295,0.686930239200592,0.33824336528778076,0.6357169151306152,0.4104881286621094,0.6294966340065002,0.4917793869972229,0.6434778571128845,0.5458583235740662,0.5830333828926086,0.435229629278183,0.5292631387710571,0.5385827422142029,0.49539798498153687,0.5935945510864258,0.4726049602031708,0.6399788856506348,0.6045595407485962,0.47408393025398254,0.5455759763717651,0.5844945311546326,0.5043846964836121,0.6503469944000244,0.4740404486656189,0.7029364109039307,0.6385585069656372,0.502528965473175,0.6417000889778137,0.5840269327163696,0.66200190782547,0.5554625988006592,0.6728976964950562,0.5259318351745605,0.6777085661888123,0.5230717062950134,0.6849480867385864,0.5618038773536682,0.698867917060852,0.5382370352745056,0.7052524089813232,0.5138859152793884,ㅠ
0.7119355797767639,0.28355860710144043,0.6425654888153076,0.32125163078308105,0.6067923307418823,0.40953153371810913,0.6138340830802917,0.4966803193092346,0.6344200372695923,0.5538649559020996,0.5604895353317261,0.4407697916030884,0.5308665037155151,0.5728664994239807,0.5114465951919556,0.6444557309150696,0.4986759424209595,0.7028514742851257,0.5954890847206116,0.46896910667419434,0.5608367919921875,0.6140434741973877,0.539209246635437,0.7002640962600708,0.5261577367782593,0.7655233144760132,0.6393250823020935,0.4831728935241699,0.6502439379692078,0.5739877820014954,0.6592901349067688,0.5381066799163818,0.6642212867736816,0.5012467503547668,0.686065673828125,0.48791569471359253,0.6892473101615906,0.5403195023536682,0.6950027346611023,0.5113241672515869,0.6982467770576477,0.4815170466899872,ㅠ
0.6765894293785095,0.23646286129951477,0.6107856035232544,0.28374966979026794,0.583315372467041,0.3815591335296631,0.6003714799880981,0.4797101318836212,0.6245344281196594,0.5417832732200623,0.5364122986793518,0.4337838292121887,0.5375290513038635,0.5782483220100403,0.5367676615715027,0.6557725667953491,0.5377543568611145,0.717776894569397,0.576146125793457,0.4516192376613617,0.5773794651031494,0.6117675304412842,0.5743786096572876,0.7107241749763489,0.5709812045097351,0.7835729718208313,0.6264538764953613,0.4537699818611145,0.6565650701522827,0.5349353551864624,0.6620388627052307,0.49289974570274353,0.6593255996704102,0.45593133568763733,0.6775622963905334,0.44678500294685364,0.6906123161315918,0.4903589189052582,0.6928669214248657,0.45501387119293213,0.689562976360321,0.42625123262405396,ㅠ
0.698427140712738,0.23128236830234528,0.6373606324195862,0.2782493233680725,0.6140229105949402,0.3671574294567108,0.6314729452133179,0.45135173201560974,0.6565254926681519,0.5027509927749634,0.5794000625610352,0.4035012722015381,0.5830152034759521,0.5354399681091309,0.5863896608352661,0.6082659959793091,0.5908781886100769,0.6690264940261841,0.6193500757217407,0.4152460992336273,0.6215848326683044,0.5568271279335022,0.6237710118293762,0.6427409648895264,0.6278982758522034,0.7078307867050171,0.664178729057312,0.4143192172050476,0.6857710480690002,0.5063232183456421,0.6852564811706543,0.4694966971874237,0.6827228665351868,0.4316578805446625,0.7081624269485474,0.40507984161376953,0.7147496342658997,0.4637587070465088,0.71294766664505,0.4348728358745575,0.7089481353759766,0.4043518602848053,ㅠ
0.6816498637199402,0.3160189986228943,0.6309512257575989,0.35917243361473083,0.6140109300613403,0.4406164288520813,0.6356711387634277,0.5185128450393677,0.6603010296821594,0.5668219923973083,0.5839672088623047,0.47142714262008667,0.5834096670150757,0.5904054641723633,0.580055832862854,0.6518840193748474,0.5787928104400635,0.7030075788497925,0.6186812520027161,0.48106124997138977,0.6147630214691162,0.6083088517189026,0.6124188303947449,0.6831778287887573,0.6133962273597717,0.7403169870376587,0.6576990485191345,0.4797019362449646,0.6717933416366577,0.569858193397522,0.6718780994415283,0.534823477268219,0.6713544130325317,0.5015093684196472,0.6945468187332153,0.4700104594230652,0.6977572441101074,0.5184423327445984,0.6950869560241699,0.4925989806652069,0.692755401134491,0.4684391915798187,ㅠ
0.6806637644767761,0.3860993981361389,0.6326177716255188,0.42515841126441956,0.6178971529006958,0.5045269131660461,0.6446026563644409,0.5760770440101624,0.6737486124038696,0.6231845021247864,0.5826932191848755,0.5243955254554749,0.5748345851898193,0.6342144012451172,0.5666992664337158,0.6944101452827454,0.5614334940910339,0.7448338270187378,0.6122976541519165,0.5306159257888794,0.6027427911758423,0.6573317646980286,0.5929552316665649,0.7291470766067505,0.5863044261932373,0.7845791578292847,0.6475602984428406,0.5282091498374939,0.6715588569641113,0.614473283290863,0.6752040982246399,0.5886645913124084,0.6741371750831604,0.5602394938468933,0.6848484873771667,0.5207958817481995,0.6947880983352661,0.5697988867759705,0.6923103332519531,0.5442396998405457,0.6873990893363953,0.5185579061508179,ㅠ
0.7173071503639221,0.40051013231277466,0.6596711874008179,0.42010268568992615,0.6248756647109985,0.4811893105506897,0.6192237138748169,0.5476254224777222,0.6284552812576294,0.5980629920959473,0.5885052680969238,0.5031138062477112,0.5623397827148438,0.6087670922279358,0.5453556180000305,0.6670243144035339,0.531899094581604,0.7156587243080139,0.6190933585166931,0.5127249360084534,0.582319438457489,0.6330108642578125,0.5590437650680542,0.7012020349502563,0.5417116284370422,0.7545125484466553,0.6583737730979919,0.5198304653167725,0.6553459167480469,0.6304242014884949,0.6646446585655212,0.6039935946464539,0.6683266758918762,0.569786548614502,0.6999989748001099,0.5242856740951538,0.692298948764801,0.6076114773750305,0.6957910656929016,0.5860949754714966,0.6965661644935608,0.5570893883705139,ㅠ
0.6660439372062683,0.3540154695510864,0.6118541359901428,0.39487865567207336,0.5896950960159302,0.4660050868988037,0.5951470732688904,0.5355397462844849,0.6121894717216492,0.5807406902313232,0.5599957704544067,0.5097436904907227,0.5719567537307739,0.6277888417243958,0.5775274038314819,0.6940451264381409,0.5829162001609802,0.7498534917831421,0.5932586789131165,0.5092495083808899,0.6034702062606812,0.636825680732727,0.6089808940887451,0.7148997783660889,0.6156188249588013,0.7728837132453918,0.6328489184379578,0.5033782124519348,0.652910053730011,0.59798663854599,0.6542377471923828,0.5680248141288757,0.6502313017845154,0.5347338318824768,0.6706423759460449,0.49479949474334717,0.680925726890564,0.5666254758834839,0.6810303330421448,0.5432372093200684,0.675916850566864,0.5160426497459412,ㅠ
0.6623256206512451,0.35181766748428345,0.6043264269828796,0.3961077630519867,0.5798050165176392,0.4727850556373596,0.5856781601905823,0.5476208329200745,0.603123128414154,0.5971986055374146,0.5520796179771423,0.5180469751358032,0.5686633586883545,0.6430556774139404,0.5777403116226196,0.7103739976882935,0.5846468806266785,0.7657572627067566,0.5889933109283447,0.519105076789856,0.6035970449447632,0.6541483402252197,0.6110745072364807,0.7346640229225159,0.6187006831169128,0.7939126491546631,0.6316977143287659,0.513295590877533,0.6527126431465149,0.6081111431121826,0.653152585029602,0.579226553440094,0.6500980257987976,0.5458718538284302,0.6728032827377319,0.5036535859107971,0.6790696382522583,0.5759492516517639,0.6788880825042725,0.5533815622329712,0.675797164440155,0.5249391198158264,ㅠ
0.660094678401947,0.3278796076774597,0.6039970517158508,0.36020833253860474,0.5764851570129395,0.43030911684036255,0.5777667164802551,0.4974420368671417,0.5925000309944153,0.5419914722442627,0.5350459218025208,0.4788541793823242,0.5351867079734802,0.5986430048942566,0.5342085957527161,0.6654759645462036,0.5353020429611206,0.7217186093330383,0.5672532320022583,0.49562162160873413,0.5650700926780701,0.6213610172271729,0.5636290907859802,0.6984907984733582,0.5633350610733032,0.7590634822845459,0.6068626046180725,0.5015360713005066,0.6278815269470215,0.5754319429397583,0.6343491673469543,0.5410676002502441,0.6331976056098938,0.508305549621582,0.6464235186576843,0.502424418926239,0.65572589635849,0.5511370897293091,0.6611737608909607,0.5241447687149048,0.660193920135498,0.4982719123363495,ㅠ
0.6708185076713562,0.4236430525779724,0.6102624535560608,0.45149844884872437,0.5822724103927612,0.5172927379608154,0.5821093320846558,0.581294059753418,0.5958377718925476,0.6243183612823486,0.5523163080215454,0.5590695142745972,0.5390796661376953,0.6608903408050537,0.5298606753349304,0.7175140976905823,0.524528443813324,0.764056384563446,0.5794616937637329,0.5787467360496521,0.5658611059188843,0.6939414739608765,0.5562536120414734,0.7663388252258301,0.5511637330055237,0.8209337592124939,0.6145251393318176,0.5867785811424255,0.6266043186187744,0.6681844592094421,0.6326738595962524,0.6388921141624451,0.6332116723060608,0.608509361743927,0.6516051292419434,0.586796224117279,0.6581344604492188,0.6395164132118225,0.6618409752845764,0.6161866784095764,0.6603078246116638,0.5904560089111328,ㅠ
0.7196677923202515,0.41079384088516235,0.6613590717315674,0.4497719705104828,0.6369320154190063,0.5277190804481506,0.6428022384643555,0.5985435247421265,0.6601669192314148,0.6469370126724243,0.6039846539497375,0.5696330666542053,0.6039718389511108,0.692090630531311,0.6007872223854065,0.7576095461845398,0.5992591381072998,0.8124713897705078,0.6398056745529175,0.5849025845527649,0.638036847114563,0.7191492319107056,0.6361472606658936,0.8013955354690552,0.6366448998451233,0.8644199371337891,0.6812151074409485,0.5890287756919861,0.6982941031455994,0.6839665174484253,0.7022059559822083,0.6517590284347534,0.7004584670066833,0.6175504922866821,0.7226420640945435,0.5853275060653687,0.7285736799240112,0.6546197533607483,0.7303249835968018,0.6301784515380859,0.7261844277381897,0.6028494834899902,ㅠ
0.7451299428939819,0.36983364820480347,0.6707652807235718,0.39012742042541504,0.6248095035552979,0.4630386233329773,0.6151995658874512,0.5382285118103027,0.6285334229469299,0.5944976210594177,0.5843800902366638,0.5018535256385803,0.559162437915802,0.6161967515945435,0.5442957282066345,0.6822910308837891,0.5333279371261597,0.7360356450080872,0.6155524253845215,0.5276861190795898,0.5904284119606018,0.6627383232116699,0.5697503089904785,0.7451059818267822,0.5525524616241455,0.809575617313385,0.656571626663208,0.5450826287269592,0.6559526920318604,0.6602937579154968,0.668945848941803,0.6326550841331482,0.6749617457389832,0.5976032018661499,0.6993138790130615,0.5545154809951782,0.6944046020507812,0.6371987462043762,0.6997008919715881,0.6171013116836548,0.7005936503410339,0.5889135599136353,ㅠ
0.7818526029586792,0.4657427966594696,0.7110926508903503,0.4459802210330963,0.6464940905570984,0.4889995753765106,0.6134398579597473,0.5574846267700195,0.6005072593688965,0.6146706938743591,0.5913569331169128,0.4876316487789154,0.5303316116333008,0.5853257775306702,0.49260228872299194,0.6376363635063171,0.46289724111557007,0.6825403571128845,0.6116743087768555,0.5206073522567749,0.5429420471191406,0.6263518929481506,0.499330073595047,0.6907657384872437,0.4660326838493347,0.7435041666030884,0.6439359784126282,0.5558903217315674,0.6097816228866577,0.6726663708686829,0.632773756980896,0.6675718426704407,0.6494429111480713,0.6437855362892151,0.6799989938735962,0.5929455757141113,0.6527386903762817,0.6866660714149475,0.6603306531906128,0.6911452412605286,0.6646654605865479,0.6764346361160278,ㅠ
0.8147197961807251,0.5651233196258545,0.738179087638855,0.5426619052886963,0.6700718998908997,0.5869172811508179,0.6375027298927307,0.6556534171104431,0.6298701763153076,0.7162232398986816,0.615597665309906,0.5895013809204102,0.5420510768890381,0.6851831078529358,0.4977673888206482,0.7325893044471741,0.4619311988353729,0.7716675996780396,0.6414172053337097,0.6349562406539917,0.5549216270446777,0.7383121848106384,0.5020109415054321,0.7974197268486023,0.4624197483062744,0.8445228934288025,0.6777125597000122,0.677992045879364,0.6319209337234497,0.7788786888122559,0.6541672348976135,0.7601701021194458,0.674350917339325,0.7313135862350464,0.7174199223518372,0.7176596522331238,0.6745208501815796,0.7891777753829956,0.6894049048423767,0.7718482613563538,0.7047678232192993,0.7446902990341187,ㅠ
0.8080691695213318,0.4141407608985901,0.7384220957756042,0.4082247316837311,0.6767973899841309,0.45356035232543945,0.6484763026237488,0.5194882154464722,0.6413329243659973,0.5766603946685791,0.6246987581253052,0.44923728704452515,0.567653238773346,0.5364165902137756,0.5313076972961426,0.5827024579048157,0.5009250044822693,0.6191236972808838,0.6487883925437927,0.477372944355011,0.5832839608192444,0.5862014889717102,0.5403810143470764,0.6483269333839417,0.5059109330177307,0.6985254287719727,0.6830523014068604,0.5070679187774658,0.6491484045982361,0.6223816275596619,0.669247031211853,0.6164605617523193,0.6859118938446045,0.5928128957748413,0.7196900844573975,0.540213406085968,0.6901249289512634,0.6338123083114624,0.6943005919456482,0.6386763453483582,0.6967146396636963,0.6252961754798889,ㅠ
0.7251543998718262,0.3764849305152893,0.6542757749557495,0.4083460569381714,0.6113603115081787,0.48512718081474304,0.6032412648200989,0.5673776268959045,0.6106762886047363,0.629036545753479,0.5737078785896301,0.5154963731765747,0.5423853993415833,0.6350129842758179,0.5209730863571167,0.7066595554351807,0.5039819478988647,0.7637802958488464,0.6084448099136353,0.5291091203689575,0.5861846804618835,0.6823359131813049,0.5683443546295166,0.7730279564857483,0.5545740723609924,0.842441737651825,0.6525183916091919,0.5378836393356323,0.6565219163894653,0.6782003045082092,0.6667487621307373,0.6695107221603394,0.6722795963287354,0.6399020552635193,0.6989294290542603,0.5447915196418762,0.6979677081108093,0.6560073494911194,0.6962876915931702,0.6640487313270569,0.6901426911354065,0.6520328521728516,ㅠ
0.6724002957344055,0.3065064549446106,0.6070849895477295,0.3792889714241028,0.5871936082839966,0.49459129571914673,0.6074647307395935,0.5895532369613647,0.6388532519340515,0.654956579208374,0.5711352825164795,0.5116294622421265,0.5748886466026306,0.6801310777664185,0.5796079039573669,0.7710302472114563,0.5851784348487854,0.8475160598754883,0.630578875541687,0.5115273594856262,0.6411193609237671,0.7000056505203247,0.6506255269050598,0.8144232034683228,0.6620934009552002,0.9050881862640381,0.6899369359016418,0.5045732855796814,0.694828450679779,0.6675997376441956,0.6755797266960144,0.6459860801696777,0.6681285500526428,0.6040176749229431,0.7409610748291016,0.49306556582450867,0.7256946563720703,0.6196003556251526,0.707298755645752,0.6062029600143433,0.6999013423919678,0.5737106204032898,ㅠ
0.6274060010910034,0.17496901750564575,0.563128650188446,0.2628576159477234,0.5623205900192261,0.40296676754951477,0.603199303150177,0.5133205652236938,0.6378784775733948,0.5921919941902161,0.537279486656189,0.37576982378959656,0.5334495902061462,0.5699552297592163,0.5354280471801758,0.6817078590393066,0.5446025133132935,0.771682858467102,0.6022546291351318,0.36327430605888367,0.5882518291473389,0.5854698419570923,0.5833332538604736,0.7204802632331848,0.5875195860862732,0.819515585899353,0.6693080067634583,0.356344610452652,0.6633845567703247,0.564352810382843,0.6367900967597961,0.5367229580879211,0.624177098274231,0.48942190408706665,0.7198911905288696,0.35161489248275757,0.6965066194534302,0.49653705954551697,0.6716495752334595,0.46394243836402893,0.665941059589386,0.417178213596344,ㅠ
0.555179238319397,0.12676174938678741,0.49050596356391907,0.2029232680797577,0.48101502656936646,0.33244040608406067,0.5189826488494873,0.4383625388145447,0.5635004639625549,0.5148717164993286,0.45224371552467346,0.3013228476047516,0.4408643841743469,0.4776609241962433,0.4379572868347168,0.5775461792945862,0.4400871694087982,0.6568106412887573,0.5181052088737488,0.28677287697792053,0.5048484206199646,0.5005558729171753,0.4969862103462219,0.6268807649612427,0.4941772520542145,0.7215834259986877,0.58504319190979,0.2801646590232849,0.5818759799003601,0.49250146746635437,0.5622634887695312,0.4837358891963959,0.5515002608299255,0.4449090361595154,0.639184296131134,0.279031366109848,0.6203068494796753,0.43205446004867554,0.5944294929504395,0.4344809949398041,0.5815658569335938,0.4138094186782837,ㅠ
0.603070855140686,0.24148355424404144,0.5488808751106262,0.2994667887687683,0.5346365571022034,0.3952263295650482,0.562318742275238,0.4761991500854492,0.601190447807312,0.5310085415840149,0.5014371275901794,0.40523114800453186,0.5008623600006104,0.5508818030357361,0.5009150505065918,0.6316056847572327,0.5029948353767395,0.6984333395957947,0.543056070804596,0.39129638671875,0.5381937026977539,0.5555325746536255,0.5335841774940491,0.6497863531112671,0.5271491408348083,0.7257375717163086,0.5932879447937012,0.37890949845314026,0.6030437350273132,0.540662407875061,0.6198972463607788,0.5576122403144836,0.6300041079521179,0.5479076504707336,0.6436556577682495,0.37038782238960266,0.6469975113868713,0.4906010031700134,0.643263578414917,0.5413888692855835,0.6366240382194519,0.5738672018051147,ㅠ
0.683179497718811,0.2753247618675232,0.6280596256256104,0.310329794883728,0.6043592095375061,0.39105746150016785,0.6201162934303284,0.4727472960948944,0.6425850987434387,0.5292537212371826,0.56520676612854,0.38920021057128906,0.5521303415298462,0.49959611892700195,0.5467949509620667,0.5639248490333557,0.541015625,0.6168491840362549,0.5978685617446899,0.38716086745262146,0.5849999189376831,0.5166495442390442,0.5754623413085938,0.5938000082969666,0.5648905038833618,0.6547915935516357,0.6385635137557983,0.3852684199810028,0.6435683369636536,0.5129849910736084,0.6589319109916687,0.5285777449607849,0.6696171760559082,0.5234480500221252,0.6814671158790588,0.3858550190925598,0.6826359629631042,0.48365718126296997,0.6831334829330444,0.5226036906242371,0.6814204454421997,0.5455881953239441,ㅠ
0.7208689451217651,0.3863402009010315,0.6625661253929138,0.4170384109020233,0.6299023032188416,0.4826420545578003,0.6317702531814575,0.5543883442878723,0.6455577611923218,0.6058868765830994,0.596893846988678,0.5033868551254272,0.5740351676940918,0.6091667413711548,0.5575466156005859,0.6702646613121033,0.5456732511520386,0.7200483679771423,0.6299513578414917,0.5044792294502258,0.5999836921691895,0.6294626593589783,0.5795844197273254,0.7022143602371216,0.5642602443695068,0.7552443146705627,0.6710746884346008,0.5073129534721375,0.6705740094184875,0.6378072500228882,0.6826728582382202,0.6228929162025452,0.6866896748542786,0.5913475155830383,0.712221622467041,0.5081533193588257,0.7089276313781738,0.6029971837997437,0.7089362144470215,0.5875013470649719,0.7045646905899048,0.5581164956092834,ㅠ
0.7232463955879211,0.30994659662246704,0.6644873023033142,0.35075438022613525,0.6382060647010803,0.42246678471565247,0.6451245546340942,0.49225911498069763,0.6632546186447144,0.5428271889686584,0.6048107147216797,0.4557843506336212,0.5893865823745728,0.5700071454048157,0.5759020447731018,0.631790041923523,0.5659286975860596,0.682889461517334,0.638204038143158,0.45943254232406616,0.6151124238967896,0.5953698754310608,0.5963174700737,0.6724797487258911,0.5826581716537476,0.7310020923614502,0.6803480982780457,0.45937007665634155,0.6881787776947021,0.5933362245559692,0.699018120765686,0.5688009262084961,0.701092541217804,0.5340281128883362,0.7233091592788696,0.4537394344806671,0.7265713810920715,0.5502119064331055,0.7260938286781311,0.5329724550247192,0.7207823991775513,0.5053346157073975,ㅠ
0.6819108724594116,0.29302459955215454,0.6188784837722778,0.3594968914985657,0.6068349480628967,0.44568756222724915,0.6271490454673767,0.5150803327560425,0.6578176021575928,0.5561540126800537,0.5805972218513489,0.49960780143737793,0.5757231116294861,0.6347499489784241,0.5639913082122803,0.7118908166885376,0.5576457977294922,0.7715404033660889,0.6183751225471497,0.5090974569320679,0.6049267649650574,0.6557455062866211,0.5917912721633911,0.7456195950508118,0.5857470035552979,0.8089555501937866,0.6636251211166382,0.5062891840934753,0.6919713616371155,0.6193486452102661,0.6952217221260071,0.5826188325881958,0.6908738017082214,0.5459415912628174,0.7074304223060608,0.4900706112384796,0.7244618535041809,0.5605895519256592,0.7214196920394897,0.5305159091949463,0.7132906913757324,0.5008602142333984,ㅠ
0.7059383392333984,0.28705888986587524,0.6228772401809692,0.3370569348335266,0.5941310524940491,0.4317878782749176,0.6044543385505676,0.5209827423095703,0.6271575093269348,0.5761661529541016,0.565850019454956,0.497578501701355,0.5629456043243408,0.6514862775802612,0.5539155602455139,0.732891857624054,0.5496668815612793,0.8003823757171631,0.6121370196342468,0.5189118385314941,0.6010705828666687,0.6869558691978455,0.5892719030380249,0.7886525988578796,0.5839684009552002,0.860563337802887,0.666938066482544,0.5239089131355286,0.6718833446502686,0.6507352590560913,0.6698048710823059,0.605534017086029,0.6680311560630798,0.5591407418251038,0.7155415415763855,0.5136235952377319,0.7095891833305359,0.577787458896637,0.703560471534729,0.5440127849578857,0.698352575302124,0.5116494297981262,ㅠ
0.7303109765052795,0.2884600758552551,0.6434490084648132,0.3330675959587097,0.6099499464035034,0.42851921916007996,0.6187388896942139,0.5239406228065491,0.644107460975647,0.5835549831390381,0.5793072581291199,0.4875684678554535,0.5740979909896851,0.6481584310531616,0.5681412220001221,0.7296378016471863,0.5649304389953613,0.7981003522872925,0.6284676194190979,0.5161853432655334,0.6199460625648499,0.6881296634674072,0.6116887927055359,0.7902798056602478,0.6099252700805664,0.8637484908103943,0.6827216744422913,0.5262736082077026,0.6781942248344421,0.6475197672843933,0.6717077493667603,0.6079196929931641,0.671057403087616,0.5637785792350769,0.7301478385925293,0.5201376080513,0.7145312428474426,0.5806331634521484,0.7053378820419312,0.5522795915603638,0.6993008255958557,0.5209791660308838,ㅠ
0.8089868426322937,0.21877379715442657,0.7170832753181458,0.2756972908973694,0.6839860677719116,0.3906162977218628,0.6970697641372681,0.49506139755249023,0.7232314348220825,0.5651499032974243,0.6492046117782593,0.43933889269828796,0.6534976959228516,0.6222069263458252,0.6600347757339478,0.7132399082183838,0.6643169522285461,0.7892285585403442,0.7079869508743286,0.4664636254310608,0.7131535410881042,0.6714068651199341,0.7122400403022766,0.7796728610992432,0.7127876877784729,0.8608351945877075,0.7649731040000916,0.47985145449638367,0.7541261911392212,0.6268078684806824,0.7399352788925171,0.6360080242156982,0.7380953431129456,0.621579647064209,0.8141660690307617,0.48307347297668457,0.787860631942749,0.5638389587402344,0.7727494239807129,0.5618242621421814,0.7648365497589111,0.5435210466384888,ㅠ
0.8116347193717957,0.21686077117919922,0.7145089507102966,0.26792198419570923,0.6728613972663879,0.3882039785385132,0.6817803978919983,0.5043060183525085,0.708234429359436,0.5827602744102478,0.643140971660614,0.4344560503959656,0.6353845596313477,0.6231517791748047,0.6380507946014404,0.7221463918685913,0.6387336254119873,0.8030366897583008,0.7049257755279541,0.4632316827774048,0.6997969746589661,0.6703611016273499,0.6908096075057983,0.7895835638046265,0.6844151616096497,0.8782210350036621,0.7632600665092468,0.4802733063697815,0.7411201596260071,0.6374980211257935,0.7268029451370239,0.6286939382553101,0.7280512452125549,0.5967405438423157,0.8110613226890564,0.48714885115623474,0.7751296162605286,0.5897355079650879,0.7569827437400818,0.5862898230552673,0.7503212690353394,0.5630178451538086,ㅠ
0.7726470232009888,0.24381354451179504,0.6835416555404663,0.28182095289230347,0.6400052905082703,0.3851139545440674,0.6368771195411682,0.4900739789009094,0.6551864147186279,0.5655402541160583,0.607153594493866,0.42710959911346436,0.5927671194076538,0.6013413071632385,0.588028609752655,0.6897092461585999,0.5847650766372681,0.7638260722160339,0.661877453327179,0.4567422568798065,0.642288327217102,0.6434133648872375,0.6272938251495361,0.7458959817886353,0.6180853843688965,0.8235661387443542,0.7160305976867676,0.4745870530605316,0.692901611328125,0.628042995929718,0.678230881690979,0.6043380498886108,0.6775088310241699,0.5645521879196167,0.7611365914344788,0.4812776446342468,0.7251712679862976,0.5763407945632935,0.7064942717552185,0.5591553449630737,0.699993371963501,0.5283958911895752,ㅠ
0.70643150806427,0.3097708523273468,0.6333597302436829,0.34530818462371826,0.5992221832275391,0.4331064820289612,0.6030137538909912,0.5201563239097595,0.623767614364624,0.5784568786621094,0.5657762289047241,0.47805994749069214,0.5601921677589417,0.6245015859603882,0.5571237206459045,0.7031698226928711,0.5567479133605957,0.7690455913543701,0.6113811731338501,0.49796661734580994,0.6013808250427246,0.6597235798835754,0.5944267511367798,0.7545000314712524,0.5933039784431458,0.8244657516479492,0.6611847877502441,0.5066827535629272,0.6599863171577454,0.6348387598991394,0.6568320989608765,0.5981079339981079,0.6561466455459595,0.5547595620155334,0.7066769599914551,0.5048714876174927,0.698047399520874,0.5782569050788879,0.6939429044723511,0.5498561859130859,0.6919208765029907,0.51729416847229,ㅠ
0.6964942216873169,0.3258269131183624,0.6229938864707947,0.36384832859039307,0.587637186050415,0.44960111379623413,0.5910589694976807,0.5343953371047974,0.6086269617080688,0.591681957244873,0.5572866201400757,0.49299290776252747,0.5551028847694397,0.6363378763198853,0.5543747544288635,0.7124214172363281,0.5536698698997498,0.7753225564956665,0.6016517281532288,0.510812520980835,0.597106397151947,0.6657055020332336,0.5944803357124329,0.7591827511787415,0.5954880714416504,0.8274642825126648,0.6516767740249634,0.5162769556045532,0.6533604860305786,0.636279284954071,0.6526864171028137,0.5987748503684998,0.6531967520713806,0.5560784339904785,0.6979418396949768,0.5110824108123779,0.6923244595527649,0.5769264101982117,0.686769962310791,0.5482668876647949,0.6824293732643127,0.5159143805503845,ㅠ
0.7115978002548218,0.25413358211517334,0.6424575448036194,0.28872963786125183,0.6054638624191284,0.36641407012939453,0.6043979525566101,0.44827455282211304,0.6213298439979553,0.5042221546173096,0.571541428565979,0.41260409355163574,0.5670081377029419,0.5457998514175415,0.5657365322113037,0.621982753276825,0.5647375583648682,0.6854954957962036,0.6101482510566711,0.42938321828842163,0.6076316833496094,0.5753123760223389,0.6061573028564453,0.6649282574653625,0.6068764328956604,0.7312085628509521,0.6570172905921936,0.4351936876773834,0.667138934135437,0.5514644980430603,0.6729015111923218,0.5131418108940125,0.6750682592391968,0.47033753991127014,0.7034382224082947,0.4317794740200043,0.7058453559875488,0.4974665641784668,0.705687940120697,0.46765002608299255,0.7025582194328308,0.4348226487636566,ㅠ
0.7346887588500977,0.2927609086036682,0.664459764957428,0.3297029733657837,0.6321295499801636,0.41738876700401306,0.6432989239692688,0.5023795962333679,0.6679230332374573,0.5567866563796997,0.5994186401367188,0.45464396476745605,0.6008644104003906,0.5964222550392151,0.6006950736045837,0.6709259152412415,0.6007863879203796,0.7339366674423218,0.6444792151451111,0.4762122631072998,0.6427830457687378,0.6297298073768616,0.6401143670082092,0.7192709445953369,0.6402010917663574,0.7859961986541748,0.6935605406761169,0.48461002111434937,0.697844922542572,0.5918899774551392,0.6977453827857971,0.5501531958580017,0.6991331577301025,0.5074093341827393,0.7374336123466492,0.4812917709350586,0.7316347360610962,0.5310924649238586,0.7265617847442627,0.4984765648841858,0.7235273122787476,0.46737727522850037,ㅠ
0.75834721326828,0.27948883175849915,0.6879957914352417,0.3125486671924591,0.6490543484687805,0.39171528816223145,0.6471895575523376,0.47177791595458984,0.6618579626083374,0.5274025797843933,0.6159679293632507,0.426486998796463,0.6102135181427002,0.5614385008811951,0.60867840051651,0.6339446306228638,0.6058736443519592,0.6929595470428467,0.6578244566917419,0.4444434940814972,0.650046706199646,0.5906247496604919,0.6456187963485718,0.6745716333389282,0.6431642770767212,0.7361859679222107,0.704034149646759,0.45238807797431946,0.7053405046463013,0.5607829689979553,0.7085825204849243,0.5247741937637329,0.7115634083747864,0.4837470054626465,0.7492237687110901,0.4521157145500183,0.7438672184944153,0.5136839747428894,0.7423563003540039,0.4848483204841614,0.7408918738365173,0.45241016149520874,ㅠ
0.7549079060554504,0.27679234743118286,0.686634361743927,0.3092292547225952,0.6492513418197632,0.39169594645500183,0.6520625352859497,0.4752900004386902,0.6709362864494324,0.5313208699226379,0.6145860552787781,0.4231458902359009,0.6086474657058716,0.5581802725791931,0.6057197451591492,0.6315001249313354,0.6027536988258362,0.6933566927909851,0.6553122997283936,0.4418700635433197,0.6472364664077759,0.5851941108703613,0.642920732498169,0.6742298007011414,0.6422823667526245,0.7416605353355408,0.7020013928413391,0.450675368309021,0.7066431641578674,0.5605826377868652,0.709382176399231,0.5228968858718872,0.7109854221343994,0.4818500876426697,0.7460581660270691,0.4504547119140625,0.7423266172409058,0.5116703510284424,0.7407869100570679,0.48077210783958435,0.7392083406448364,0.44777023792266846,ㅠ
0.7128079533576965,0.31418371200561523,0.6417149901390076,0.34780871868133545,0.6052951216697693,0.4361317455768585,0.607150137424469,0.528852641582489,0.623403787612915,0.5880545377731323,0.572970986366272,0.4857995808124542,0.5708592534065247,0.6338925957679749,0.5696753859519958,0.7161762118339539,0.5721142292022705,0.781111478805542,0.6173970103263855,0.507889449596405,0.6154575347900391,0.6715153455734253,0.6102231740951538,0.7706930637359619,0.6089995503425598,0.8418469429016113,0.668940544128418,0.5158774256706238,0.6792970299720764,0.6252657175064087,0.6771398782730103,0.5814666748046875,0.6754438281059265,0.53783118724823,0.7147711515426636,0.5106621384620667,0.7110002040863037,0.5590667128562927,0.7052800059318542,0.5257118344306946,0.7014093995094299,0.49565187096595764,ㅠ
0.6850212812423706,0.29043078422546387,0.6064475178718567,0.330759197473526,0.5640062093734741,0.4206484854221344,0.5655015110969543,0.5156510472297668,0.5836687684059143,0.577470600605011,0.5286632180213928,0.4693552255630493,0.5178159475326538,0.6313521862030029,0.5125561952590942,0.7162989377975464,0.5094941854476929,0.7865637540817261,0.5753695368766785,0.4962362051010132,0.5656472444534302,0.6696802377700806,0.5597259402275085,0.7801707983016968,0.5569599270820618,0.8651891946792603,0.6307362914085388,0.5061269998550415,0.6351310014724731,0.6292160153388977,0.6381025314331055,0.5790954232215881,0.6393629312515259,0.5298429131507874,0.6814817786216736,0.5018784999847412,0.6744758486747742,0.562156081199646,0.6716277003288269,0.5236642360687256,0.669295072555542,0.48742440342903137,ㅠ
0.5787520408630371,0.2619331181049347,0.4915090799331665,0.31470751762390137,0.43803703784942627,0.42363184690475464,0.42738693952560425,0.5461465716362,0.4260329604148865,0.625180184841156,0.41085097193717957,0.47053495049476624,0.40688714385032654,0.6554455757141113,0.4034867584705353,0.7584062814712524,0.40430334210395813,0.8451055884361267,0.45899882912635803,0.48946836590766907,0.4517543613910675,0.6861823201179504,0.44853824377059937,0.8123307228088379,0.45157700777053833,0.904721736907959,0.51993727684021,0.4929467439651489,0.5384256839752197,0.6376514434814453,0.542300820350647,0.5806363821029663,0.5391275882720947,0.5234842896461487,0.5756431818008423,0.482670396566391,0.5845442414283752,0.5521078109741211,0.5802525281906128,0.5070180892944336,0.5709933638572693,0.4655790627002716,ㅠ
0.5676907300949097,0.13578879833221436,0.45726245641708374,0.1943005621433258,0.3837646245956421,0.33203673362731934,0.37556713819503784,0.4866548776626587,0.3904263377189636,0.5908498167991638,0.3562062382698059,0.3379564583301544,0.3532313108444214,0.5590908527374268,0.35526809096336365,0.6797658205032349,0.35448548197746277,0.7791297435760498,0.4323829114437103,0.3515191376209259,0.42282313108444214,0.5964873433113098,0.41594964265823364,0.7473178505897522,0.41369959712028503,0.8582701086997986,0.5124390125274658,0.3600535988807678,0.5011205077171326,0.5742108821868896,0.48934605717658997,0.5287346243858337,0.4850030243396759,0.462406724691391,0.5815777778625488,0.36465442180633545,0.5536373853683472,0.5011548399925232,0.5379329919815063,0.465988427400589,0.5288575291633606,0.4139961302280426,ㅠ
0.5984829068183899,0.21792316436767578,0.5137759447097778,0.2673507332801819,0.4647105634212494,0.36289161443710327,0.4583069682121277,0.4640991985797882,0.4698483347892761,0.5342188477516174,0.4203857481479645,0.39689475297927856,0.4100649058818817,0.5504855513572693,0.4078032076358795,0.6374009847640991,0.4092479348182678,0.7122642993927002,0.4661954641342163,0.40660396218299866,0.4685532748699188,0.5816960334777832,0.4706786870956421,0.694862425327301,0.47536107897758484,0.7809431552886963,0.5235592126846313,0.41043850779533386,0.5536026358604431,0.5518650412559509,0.559280276298523,0.5098266005516052,0.5556783676147461,0.46178218722343445,0.5799264907836914,0.4081280529499054,0.5962240695953369,0.5026952624320984,0.5972179174423218,0.46817782521247864,0.5900815725326538,0.4266260862350464,ㅠ
0.6787965893745422,0.25705379247665405,0.6097120642662048,0.2980659008026123,0.5733576416969299,0.3821999728679657,0.5716519951820374,0.4612273871898651,0.585675835609436,0.5152407884597778,0.5349922776222229,0.41776564717292786,0.536998450756073,0.5475237369537354,0.5404798984527588,0.6220120787620544,0.5434924364089966,0.6843849420547485,0.5770470499992371,0.4282608926296234,0.581363320350647,0.5750393271446228,0.5823280215263367,0.6638780832290649,0.5842452049255371,0.7323207855224609,0.6253910064697266,0.43204277753829956,0.6412505507469177,0.5528853535652161,0.6453412771224976,0.5162983536720276,0.6455833315849304,0.4758723974227905,0.6714648008346558,0.4278412461280823,0.6748971939086914,0.49598026275634766,0.6724467277526855,0.4668830335140228,0.6670483350753784,0.43457865715026855,ㅠ
0.7428268194198608,0.34529852867126465,0.6826053857803345,0.3807949125766754,0.6565342545509338,0.46174970269203186,0.6658612489700317,0.5382629632949829,0.6854674220085144,0.5906599164009094,0.6310807466506958,0.48511672019958496,0.6367276310920715,0.613541305065155,0.6419023871421814,0.6775805354118347,0.6449515223503113,0.7327621579170227,0.6747002005577087,0.5020750164985657,0.6795526742935181,0.6412566304206848,0.6816117763519287,0.7177690863609314,0.6839017271995544,0.7783374190330505,0.719192624092102,0.5094957947731018,0.7197173237800598,0.610959529876709,0.7165660262107849,0.5794985294342041,0.7181549072265625,0.544560432434082,0.7576842308044434,0.508773922920227,0.7452742457389832,0.5618559718132019,0.7376307249069214,0.5373514890670776,0.7348625063896179,0.5110782384872437,ㅠ
0.7124927043914795,0.41610845923423767,0.6536787152290344,0.4321752190589905,0.6213410496711731,0.4979384243488312,0.6214717626571655,0.5672619342803955,0.6336858868598938,0.6164352893829346,0.5917143821716309,0.5154565572738647,0.5816224217414856,0.6253164410591125,0.5770589709281921,0.6826248168945312,0.5725067853927612,0.7314490675926208,0.6271151304244995,0.535123884677887,0.6142693161964417,0.6531213521957397,0.606104850769043,0.720893383026123,0.6016772985458374,0.7737842202186584,0.6642786860466003,0.5487802028656006,0.6553208827972412,0.6434803605079651,0.6570323705673218,0.6146721243858337,0.6612141132354736,0.5832127928733826,0.6976088285446167,0.5550404191017151,0.6852492094039917,0.600885272026062,0.6823685169219971,0.578805148601532,0.6811555027961731,0.5550056099891663,ㅠ
0.627012312412262,0.42218464612960815,0.5771885514259338,0.44157853722572327,0.5519960522651672,0.5059016942977905,0.5573415756225586,0.5737389922142029,0.5743001103401184,0.6179181933403015,0.5138633847236633,0.5318013429641724,0.5031034350395203,0.6300012469291687,0.49761834740638733,0.6869410872459412,0.4954417943954468,0.7342265844345093,0.5402883291244507,0.550424337387085,0.5311773419380188,0.6627799868583679,0.5238178372383118,0.7307407855987549,0.518220841884613,0.7847303152084351,0.5735737085342407,0.5592964887619019,0.5893675088882446,0.635816216468811,0.5965365767478943,0.6028109192848206,0.5964459776878357,0.5719134211540222,0.6067133545875549,0.5608035326004028,0.6178759932518005,0.5972367525100708,0.620695173740387,0.5716575384140015,0.6172057390213013,0.548790454864502,ㅠ
0.5475087761878967,0.40690600872039795,0.4945910573005676,0.4314727783203125,0.4688635766506195,0.4954156279563904,0.47658979892730713,0.5664067268371582,0.4936707317829132,0.611747145652771,0.4286941885948181,0.5257683396339417,0.41586458683013916,0.638088047504425,0.4079897999763489,0.7003771066665649,0.4038575291633606,0.7524163722991943,0.45173317193984985,0.5411618947982788,0.437018483877182,0.6600545644760132,0.42916280031204224,0.7325804233551025,0.4231032133102417,0.7881991863250732,0.4852207899093628,0.5485067963600159,0.5077612996101379,0.6346023678779602,0.5203391313552856,0.6010486483573914,0.5196502208709717,0.567085862159729,0.5213015675544739,0.5501424074172974,0.5431246161460876,0.5899159908294678,0.5490275025367737,0.5627152919769287,0.5437601804733276,0.5382641553878784,ㅠ
0.263813316822052,0.17102235555648804,0.335574209690094,0.21662624180316925,0.3633727431297302,0.3057974576950073,0.35171937942504883,0.3815786838531494,0.3332926034927368,0.43575865030288696,0.39194339513778687,0.34515810012817383,0.3737644553184509,0.4728238582611084,0.3617863357067108,0.540314793586731,0.3500000834465027,0.5937294960021973,0.34847626090049744,0.35290247201919556,0.33296769857406616,0.4913889765739441,0.32365235686302185,0.5796536207199097,0.3142494261264801,0.6478447318077087,0.3036774694919586,0.35378509759902954,0.29183247685432434,0.47148656845092773,0.29658082127571106,0.44249480962753296,0.30021506547927856,0.4011223316192627,0.26287925243377686,0.3486725986003876,0.2617891728878021,0.4323863387107849,0.2677822411060333,0.4101550579071045,0.2712717354297638,0.377770334482193,ㅠ
0.22010178864002228,0.1818382441997528,0.2862337827682495,0.2337522953748703,0.30728426575660706,0.33289018273353577,0.28332316875457764,0.4184443950653076,0.2566881477832794,0.4739378094673157,0.3362315595149994,0.35671260952949524,0.31408268213272095,0.486259400844574,0.29831743240356445,0.5564362406730652,0.2832186222076416,0.6113895773887634,0.28423449397087097,0.35725727677345276,0.26472482085227966,0.49632173776626587,0.2517857551574707,0.5843765139579773,0.2386532872915268,0.6521844863891602,0.23552261292934418,0.3550441861152649,0.22675201296806335,0.4813867211341858,0.2404536008834839,0.45800459384918213,0.24966035783290863,0.4175195097923279,0.19417545199394226,0.3532796800136566,0.2013975977897644,0.44828566908836365,0.21425384283065796,0.4284892678260803,0.21996626257896423,0.39335376024246216,ㅠ
0.1532338708639145,0.08367417752742767,0.2323331981897354,0.12692107260227203,0.2645307183265686,0.23345839977264404,0.24987682700157166,0.33348768949508667,0.2321900576353073,0.40158775448799133,0.28284966945648193,0.2356000542640686,0.268584281206131,0.38598501682281494,0.2564518451690674,0.4669151306152344,0.2432815134525299,0.5306167602539062,0.22239887714385986,0.23869384825229645,0.2163631170988083,0.4010896682739258,0.21031631529331207,0.5073170065879822,0.1995755434036255,0.5877841711044312,0.16981655359268188,0.245461106300354,0.17819683253765106,0.39366525411605835,0.1981837898492813,0.37179067730903625,0.20542339980602264,0.32643160223960876,0.1289367973804474,0.25571566820144653,0.1547616571187973,0.3688066005706787,0.17434076964855194,0.35161811113357544,0.17977258563041687,0.31474822759628296,ㅠ
0.16275633871555328,0.0626569539308548,0.24732916057109833,0.10616917908191681,0.2849636971950531,0.2207484245300293,0.27068042755126953,0.32838010787963867,0.2544991970062256,0.40191754698753357,0.3066515624523163,0.21995066106319427,0.296249657869339,0.3819120526313782,0.2870508134365082,0.47185176610946655,0.27652469277381897,0.5437094569206238,0.2418956607580185,0.22708450257778168,0.24027377367019653,0.40510839223861694,0.23800908029079437,0.5211443305015564,0.22921214997768402,0.609555184841156,0.18448126316070557,0.23761211335659027,0.19706690311431885,0.3962153196334839,0.21708011627197266,0.368325799703598,0.22213809192180634,0.3180461525917053,0.14013338088989258,0.2512683570384979,0.17283271253108978,0.3711412250995636,0.19315001368522644,0.3500429391860962,0.19663330912590027,0.3102962076663971,ㅠ
0.2297268509864807,0.08971601724624634,0.3079761862754822,0.134512260556221,0.3440043330192566,0.24805742502212524,0.3305186629295349,0.3575688898563385,0.31187665462493896,0.4371722936630249,0.3794195353984833,0.25806862115859985,0.37370967864990234,0.4225621819496155,0.3676423132419586,0.513201892375946,0.36071401834487915,0.5824608206748962,0.321658194065094,0.26448753476142883,0.3238975405693054,0.4493067264556885,0.32253971695899963,0.5635145902633667,0.31673282384872437,0.6484582424163818,0.26701027154922485,0.2739827036857605,0.27548933029174805,0.4357890486717224,0.28710073232650757,0.4065591096878052,0.2910587787628174,0.3555581867694855,0.22154797613620758,0.2870216965675354,0.24427048861980438,0.4091028571128845,0.2555663585662842,0.38597986102104187,0.2572556138038635,0.34359002113342285,ㅠ
0.273573637008667,0.10392270982265472,0.3566015064716339,0.14593978226184845,0.3974843919277191,0.25316208600997925,0.3933574855327606,0.3512289524078369,0.3833037316799164,0.4232993721961975,0.4253424108028412,0.2628883719444275,0.4199022650718689,0.42033007740974426,0.4155515134334564,0.5049393773078918,0.4103783369064331,0.5723559856414795,0.36954638361930847,0.2702159285545349,0.3703977167606354,0.44520264863967896,0.36950093507766724,0.5555487275123596,0.36595138907432556,0.6396461725234985,0.31634363532066345,0.280189573764801,0.3244464099407196,0.438554048538208,0.33557894825935364,0.4091295003890991,0.3401608169078827,0.36035364866256714,0.27137601375579834,0.2892417907714844,0.2919389307498932,0.40855202078819275,0.30259618163108826,0.38338571786880493,0.3050757646560669,0.3422090709209442,ㅠ
0.2947791814804077,0.16459475457668304,0.3678206503391266,0.19861562550067902,0.403008371591568,0.28436875343322754,0.3989763557910919,0.36178940534591675,0.38713622093200684,0.41862452030181885,0.4385938048362732,0.30837687849998474,0.43931883573532104,0.43047165870666504,0.43939483165740967,0.4957636296749115,0.4406029284000397,0.5495884418487549,0.399497926235199,0.3226810097694397,0.4022813141345978,0.4538423418998718,0.4047603905200958,0.5385845303535461,0.4069441854953766,0.6059674024581909,0.35798007249832153,0.331186980009079,0.35945287346839905,0.44425928592681885,0.35969966650009155,0.41454848647117615,0.35968878865242004,0.3739210069179535,0.31867071986198425,0.3345528244972229,0.32686200737953186,0.4152272939682007,0.3277279734611511,0.39259013533592224,0.32661229372024536,0.3608567714691162,ㅠ
0.31445831060409546,0.24131661653518677,0.375051885843277,0.26937228441238403,0.40464919805526733,0.34288880228996277,0.3997199237346649,0.4136839807033539,0.39039427042007446,0.4650724530220032,0.4452629089355469,0.36109817028045654,0.450905442237854,0.46323060989379883,0.4541420340538025,0.5186843276023865,0.4582279622554779,0.5649240612983704,0.41766491532325745,0.37571048736572266,0.4230685532093048,0.48068150877952576,0.4265785217285156,0.551045298576355,0.42940181493759155,0.6089245080947876,0.38455161452293396,0.3837665021419525,0.37508752942085266,0.4755343794822693,0.3709886968135834,0.44725301861763,0.37166765332221985,0.4112216830253601,0.3509463667869568,0.3869077265262604,0.34428298473358154,0.45045989751815796,0.34196794033050537,0.43030643463134766,0.3436637222766876,0.4034900665283203,ㅠ
0.34771212935447693,0.33016437292099,0.4045969545841217,0.3492487668991089,0.4359229803085327,0.4166595935821533,0.43397265672683716,0.48747408390045166,0.4218854010105133,0.5384274125099182,0.47835302352905273,0.4455321431159973,0.4899551272392273,0.5469688177108765,0.4962620139122009,0.6021820306777954,0.5025871992111206,0.6457114815711975,0.4540424644947052,0.46262845396995544,0.4648711383342743,0.5681716799736023,0.46980899572372437,0.6348937749862671,0.47337499260902405,0.6880961060523987,0.4228297173976898,0.47256073355674744,0.4084518849849701,0.5526900887489319,0.3993000090122223,0.5258820652961731,0.39831221103668213,0.49357855319976807,0.3909718692302704,0.4777791202068329,0.3791102170944214,0.5319092273712158,0.37271448969841003,0.5098834037780762,0.37370771169662476,0.4838947057723999,ㅠ
0.35501959919929504,0.3413854241371155,0.4083607494831085,0.37033596634864807,0.43450304865837097,0.43730488419532776,0.42717647552490234,0.5002807974815369,0.4140870273113251,0.5466427206993103,0.4726298153400421,0.4735507369041443,0.47677716612815857,0.5724540948867798,0.47733962535858154,0.6256699562072754,0.4771777391433716,0.667761504650116,0.44867590069770813,0.4878198206424713,0.4489050805568695,0.5925049185752869,0.4471105933189392,0.6574525833129883,0.4453054368495941,0.7100220918655396,0.4176296591758728,0.4928323030471802,0.3937085270881653,0.5683336853981018,0.3856220841407776,0.5384423136711121,0.38740092515945435,0.5065656304359436,0.3856200873851776,0.49106886982917786,0.3663884699344635,0.5381923913955688,0.3621765077114105,0.5145235657691956,0.36776772141456604,0.48938336968421936,ㅠ
0.29309675097465515,0.33113566040992737,0.3498319089412689,0.36512088775634766,0.3745669722557068,0.4430047869682312,0.3628973662853241,0.5139402747154236,0.346902072429657,0.5636125206947327,0.412190705537796,0.4750991463661194,0.40387943387031555,0.5740857124328613,0.39622896909713745,0.6307373046875,0.39201390743255615,0.679194986820221,0.3806440532207489,0.4867343306541443,0.37068939208984375,0.5954557657241821,0.365855872631073,0.6653349995613098,0.3641948103904724,0.7252354621887207,0.3456632196903229,0.4887027442455292,0.33106130361557007,0.5729555487632751,0.3293466866016388,0.5410362482070923,0.33282166719436646,0.5053088665008545,0.3105980455875397,0.48432138562202454,0.3019148111343384,0.5413124561309814,0.3018725514411926,0.5194445848464966,0.30612292885780334,0.4932069182395935,ㅠ
0.25220924615859985,0.2898673415184021,0.31518277525901794,0.32848501205444336,0.33940839767456055,0.4073498547077179,0.3280046880245209,0.47700613737106323,0.3106747567653656,0.5271782279014587,0.3672911524772644,0.4389857351779938,0.3533574044704437,0.5507403612136841,0.34505152702331543,0.6103821992874146,0.33715689182281494,0.6588596105575562,0.33180132508277893,0.4465963542461395,0.3183521628379822,0.5674329996109009,0.30997174978256226,0.6449823379516602,0.3022552728652954,0.7058789730072021,0.29360532760620117,0.4481778144836426,0.27788209915161133,0.550422191619873,0.2810139060020447,0.5227028727531433,0.28553202748298645,0.48570647835731506,0.2576987147331238,0.44411322474479675,0.25116240978240967,0.5187031030654907,0.255353182554245,0.49805670976638794,0.259550541639328,0.4685787260532379,ㅠ
0.20202374458312988,0.2560822367668152,0.27022820711135864,0.2933049201965332,0.2970632314682007,0.37942302227020264,0.28527015447616577,0.45929640531539917,0.26888036727905273,0.5165755152702332,0.32753631472587585,0.4003688097000122,0.31862738728523254,0.5232896208763123,0.31131643056869507,0.5894850492477417,0.3034569025039673,0.6428074836730957,0.28591135144233704,0.40955448150634766,0.2783079743385315,0.5419227480888367,0.2722184360027313,0.6292678117752075,0.2642563581466675,0.6965290904045105,0.24382606148719788,0.41452351212501526,0.2411966323852539,0.5270180702209473,0.24799692630767822,0.5014229416847229,0.2515813112258911,0.4624142050743103,0.20611190795898438,0.41500088572502136,0.21461504697799683,0.4995151162147522,0.22228889167308807,0.48032146692276,0.22451689839363098,0.4491242468357086,ㅠ
0.1305350363254547,0.236929252743721,0.20543375611305237,0.27437686920166016,0.23536714911460876,0.37165871262550354,0.2226540446281433,0.4636150300502777,0.20673348009586334,0.5256215333938599,0.2538187503814697,0.38160911202430725,0.2439836859703064,0.5201031565666199,0.23260964453220367,0.595967173576355,0.2196332961320877,0.6544338464736938,0.2004663497209549,0.39058437943458557,0.19619399309158325,0.5359995365142822,0.19084656238555908,0.631809651851654,0.1814979910850525,0.7037909030914307,0.15415894985198975,0.3997783660888672,0.16237697005271912,0.5224123001098633,0.1810230016708374,0.5033292770385742,0.18948273360729218,0.4651983678340912,0.11877387017011642,0.4094374477863312,0.14376531541347504,0.5044518709182739,0.16239172220230103,0.48729485273361206,0.16892975568771362,0.45430877804756165,ㅠ
0.21446804702281952,0.24400436878204346,0.2770484685897827,0.28184622526168823,0.30576908588409424,0.37424105405807495,0.29167479276657104,0.45770183205604553,0.2734880745410919,0.5141714215278625,0.3453756868839264,0.39733314514160156,0.3447926640510559,0.5186380743980408,0.34220337867736816,0.5894696712493896,0.34046033024787903,0.6465498208999634,0.30699607729911804,0.403761088848114,0.3093450367450714,0.5329806804656982,0.3101387619972229,0.6141809225082397,0.30988308787345886,0.6797005534172058,0.26569846272468567,0.40840944647789,0.25984615087509155,0.5182981491088867,0.25807714462280273,0.48634928464889526,0.2576664090156555,0.44441741704940796,0.22599251568317413,0.41163620352745056,0.22998544573783875,0.4938664436340332,0.23078832030296326,0.46760094165802,0.2307378351688385,0.4323100447654724,ㅠ
0.32220011949539185,0.24274146556854248,0.3865301311016083,0.285593181848526,0.4116813540458679,0.37070414423942566,0.4006233811378479,0.4571191072463989,0.38878995180130005,0.5193800330162048,0.45842134952545166,0.38900065422058105,0.45773428678512573,0.5080268979072571,0.4573861062526703,0.5713719129562378,0.45814499258995056,0.6237722635269165,0.4258235991001129,0.39979109168052673,0.4269399642944336,0.526207685470581,0.4261428713798523,0.6030310392379761,0.4241892099380493,0.6637850403785706,0.38688263297080994,0.4038664996623993,0.3683863580226898,0.5080726146697998,0.36373698711395264,0.4778834283351898,0.36556658148765564,0.4385436177253723,0.34735554456710815,0.40204405784606934,0.334872305393219,0.47640353441238403,0.33345332741737366,0.4556010961532593,0.3369908928871155,0.4255664348602295,ㅠ
0.348871648311615,0.31848570704460144,0.4113280475139618,0.35185009241104126,0.443578839302063,0.43521052598953247,0.4355458915233612,0.5197458267211914,0.42421698570251465,0.5822057127952576,0.49252068996429443,0.45791956782341003,0.5046800374984741,0.5711627006530762,0.5093099474906921,0.6329808235168457,0.5130119919776917,0.6831508874893188,0.46435266733169556,0.4707051217556,0.4726455509662628,0.5917461514472961,0.47675177454948425,0.6698451638221741,0.4791877865791321,0.7335697412490845,0.428293377161026,0.4767499268054962,0.40518802404403687,0.5794171094894409,0.3968299627304077,0.5481975078582764,0.399108350276947,0.5107058882713318,0.39098915457725525,0.4782707989215851,0.3711686432361603,0.5496014952659607,0.3670569956302643,0.5247654914855957,0.37330272793769836,0.49453434348106384,ㅠ
0.36489659547805786,0.30422157049179077,0.4213862121105194,0.33739760518074036,0.4507732093334198,0.41311702132225037,0.4425041377544403,0.48811450600624084,0.4285619258880615,0.5393017530441284,0.49597543478012085,0.4379637539386749,0.5056472420692444,0.5370290875434875,0.5109405517578125,0.593144416809082,0.5171308517456055,0.6385576725006104,0.4800359904766083,0.45294052362442017,0.48445355892181396,0.5606834292411804,0.48479706048965454,0.6268596649169922,0.48622962832450867,0.6825207471847534,0.4535689055919647,0.45883849263191223,0.41535958647727966,0.5405927896499634,0.3985598683357239,0.504865825176239,0.3989458680152893,0.47159868478775024,0.4209585189819336,0.4593256115913391,0.38451313972473145,0.507967472076416,0.3764563500881195,0.47959601879119873,0.38433387875556946,0.4545097053050995,ㅠ
0.3785484731197357,0.24585668742656708,0.43283751606941223,0.2757452428340912,0.46386441588401794,0.35361096262931824,0.4601765275001526,0.43338140845298767,0.4520772695541382,0.4917316436767578,0.5117271542549133,0.3650669455528259,0.5248475074768066,0.4635045528411865,0.5301393866539001,0.5232220888137817,0.5344250798225403,0.5714433193206787,0.49108797311782837,0.3795678913593292,0.4984482526779175,0.49118772149086,0.502657949924469,0.562355637550354,0.505841851234436,0.6207810044288635,0.4619446396827698,0.3870711326599121,0.4349897503852844,0.47574999928474426,0.42196497321128845,0.44133079051971436,0.42339637875556946,0.4068262279033661,0.42766043543815613,0.3904278874397278,0.4023440480232239,0.45254257321357727,0.39417368173599243,0.4264056086540222,0.39910367131233215,0.39910075068473816,ㅠ
0.3657006025314331,0.22015199065208435,0.4257979989051819,0.2540205717086792,0.45679259300231934,0.3400774598121643,0.45145583152770996,0.4257130026817322,0.4427133798599243,0.49027585983276367,0.5040150880813599,0.3519866466522217,0.509925365447998,0.46119844913482666,0.5112217664718628,0.5264745950698853,0.5122417211532593,0.5800122022628784,0.47523483633995056,0.36581650376319885,0.476787805557251,0.4888097047805786,0.4770158529281616,0.5651037693023682,0.477649986743927,0.6277797222137451,0.43940937519073486,0.37243664264678955,0.418093740940094,0.47088971734046936,0.41046082973480225,0.4360975921154022,0.4127640724182129,0.39804792404174805,0.40146350860595703,0.37323033809661865,0.38511139154434204,0.44403940439224243,0.3810511529445648,0.4180530607700348,0.3856253921985626,0.38850316405296326,ㅠ
0.35976463556289673,0.20506522059440613,0.42823562026023865,0.2513968348503113,0.45365652441978455,0.3480221629142761,0.4374420642852783,0.4369548261165619,0.41918376088142395,0.5031211376190186,0.48956796526908875,0.3640754818916321,0.4776335060596466,0.48713287711143494,0.4677184820175171,0.5565930008888245,0.45709145069122314,0.6134058833122253,0.4473971128463745,0.363632470369339,0.43584418296813965,0.5059802532196045,0.428110271692276,0.5961838960647583,0.41786056756973267,0.6666958332061768,0.40190181136131287,0.36021631956100464,0.3855714797973633,0.49170181155204773,0.3917746841907501,0.46807315945625305,0.3977903127670288,0.4285910129547119,0.3593509793281555,0.35237735509872437,0.3535618782043457,0.4523969888687134,0.36038580536842346,0.4354094862937927,0.3656490445137024,0.40215229988098145,ㅠ
0.3483824133872986,0.20015424489974976,0.4004632830619812,0.25376778841018677,0.4082963168621063,0.3435518741607666,0.37509554624557495,0.4206330478191376,0.3457280099391937,0.474955677986145,0.43960586190223694,0.35437169671058655,0.41695892810821533,0.4814639687538147,0.4045727849006653,0.5504000782966614,0.39451947808265686,0.6026189923286438,0.39762192964553833,0.3404846489429474,0.38358473777770996,0.4806833267211914,0.37318986654281616,0.5635638236999512,0.3640701472759247,0.6211787462234497,0.35394561290740967,0.33103659749031067,0.3314953148365021,0.4557112455368042,0.33504629135131836,0.45513805747032166,0.3427104353904724,0.43200868368148804,0.31595495343208313,0.32197633385658264,0.30405282974243164,0.42151182889938354,0.31036821007728577,0.41450101137161255,0.3168632984161377,0.38695579767227173,ㅠ
0.3350357115268707,0.2228781282901764,0.3921418786048889,0.2702672481536865,0.40567630529403687,0.3587331175804138,0.37845438718795776,0.43486860394477844,0.3537973165512085,0.49024707078933716,0.43393197655677795,0.37427669763565063,0.4122353196144104,0.4994131624698639,0.39920762181282043,0.5682347416877747,0.38660725951194763,0.620339035987854,0.3923335373401642,0.36196354031562805,0.3773556351661682,0.5040209889411926,0.36665523052215576,0.5874068140983582,0.355252742767334,0.6450969576835632,0.3483278155326843,0.3537064492702484,0.328400582075119,0.48546966910362244,0.3344285786151886,0.48560410737991333,0.3414060175418854,0.46102386713027954,0.3099355697631836,0.3443605601787567,0.30068373680114746,0.4461129903793335,0.3097538948059082,0.4421168267726898,0.31683459877967834,0.41562017798423767,ㅠ
0.3231445550918579,0.263632208108902,0.3842706084251404,0.29519933462142944,0.42167946696281433,0.3718833029270172,0.427024245262146,0.4489443004131317,0.42713478207588196,0.5014201998710632,0.4528183937072754,0.37646061182022095,0.4406728744506836,0.5002037286758423,0.42649438977241516,0.5705949068069458,0.41238582134246826,0.6257569789886475,0.41430723667144775,0.3667735457420349,0.4047780930995941,0.5031337738037109,0.395264595746994,0.5876810550689697,0.3849559426307678,0.6533461213111877,0.3712770938873291,0.36284929513931274,0.3604576885700226,0.49674904346466064,0.36001211404800415,0.47731873393058777,0.3629206120967865,0.44242021441459656,0.3309684991836548,0.3625631332397461,0.32612988352775574,0.4711008071899414,0.32915177941322327,0.46119701862335205,0.33364337682724,0.43145662546157837,ㅠ
0.3020174503326416,0.2620595097541809,0.36592283844947815,0.29172903299331665,0.4034941494464874,0.364773690700531,0.41692715883255005,0.4377427101135254,0.43175578117370605,0.486541748046875,0.42832502722740173,0.3941543698310852,0.41540247201919556,0.5150731801986694,0.4045698642730713,0.5804147720336914,0.3953157961368561,0.6325685977935791,0.3901996910572052,0.3922273516654968,0.38249027729034424,0.5265159606933594,0.37435382604599,0.6077635884284973,0.36647501587867737,0.6704289317131042,0.3478149473667145,0.3913964331150055,0.3368949890136719,0.5120612978935242,0.3365476727485657,0.48558199405670166,0.3393583297729492,0.4459860920906067,0.3089829981327057,0.3892388343811035,0.3037256598472595,0.48091816902160645,0.3071959614753723,0.4611985385417938,0.31203949451446533,0.42752501368522644,ㅠ
0.30226388573646545,0.29108133912086487,0.3667762577533722,0.31416863203048706,0.403603196144104,0.3835161030292511,0.4081960618495941,0.4535517990589142,0.40773120522499084,0.5040242671966553,0.4331475794315338,0.4159397482872009,0.42234641313552856,0.5292826294898987,0.4134708642959595,0.5910696983337402,0.4063808023929596,0.6403887867927551,0.3985521197319031,0.4169040322303772,0.39147141575813293,0.5422543287277222,0.3845086097717285,0.6163210868835449,0.37923526763916016,0.67454993724823,0.35858097672462463,0.41821789741516113,0.3468206524848938,0.5294469594955444,0.34358498454093933,0.5000883936882019,0.34588661789894104,0.461325079202652,0.3207443058490753,0.4178221821784973,0.31462526321411133,0.5018477439880371,0.31426194310188293,0.4798620939254761,0.3181603252887726,0.4478268623352051,ㅠ
0.28786036372184753,0.2949347496032715,0.3506459593772888,0.31006497144699097,0.3891139328479767,0.37312155961990356,0.3941112160682678,0.4405272603034973,0.3904598653316498,0.4903292953968048,0.4213588237762451,0.3989349603652954,0.41790181398391724,0.5050040483474731,0.41198426485061646,0.562430739402771,0.40773332118988037,0.6086701154708862,0.3890538215637207,0.40812116861343384,0.38866859674453735,0.5227815508842468,0.3866719603538513,0.5932241678237915,0.3862900733947754,0.6486124992370605,0.35246291756629944,0.4157145023345947,0.34655630588531494,0.510334312915802,0.34101417660713196,0.4809921085834503,0.3409007489681244,0.4441297650337219,0.31762439012527466,0.4200974404811859,0.3162532448768616,0.49003535509109497,0.3130362927913666,0.4678627550601959,0.31452155113220215,0.4386557340621948,ㅠ
0.2686435282230377,0.22066940367221832,0.33381322026252747,0.2466156780719757,0.3683359920978546,0.3191823959350586,0.36232325434684753,0.3937951922416687,0.3514881134033203,0.4457201063632965,0.40169090032577515,0.33207613229751587,0.3998039960861206,0.4509868621826172,0.39528316259384155,0.5145245790481567,0.3909912407398224,0.5661695003509521,0.36151406168937683,0.33935484290122986,0.3667367696762085,0.46889594197273254,0.3683457672595978,0.5484679937362671,0.36831000447273254,0.6102648377418518,0.3193850815296173,0.3470456600189209,0.32086998224258423,0.45665401220321655,0.32027438282966614,0.4265691637992859,0.32064202427864075,0.38499370217323303,0.2808808386325836,0.35217249393463135,0.28855234384536743,0.4326554834842682,0.2889980673789978,0.4099094569683075,0.2887202799320221,0.37647372484207153,ㅠ
0.26582199335098267,0.20061475038528442,0.3372853398323059,0.22182653844356537,0.38104701042175293,0.3008062243461609,0.3805001378059387,0.38423025608062744,0.37175506353378296,0.4439792037010193,0.4069564938545227,0.32330313324928284,0.4008570909500122,0.4617191553115845,0.3955787420272827,0.5355217456817627,0.38987141847610474,0.5940587520599365,0.3589083254337311,0.32697415351867676,0.36338433623313904,0.47853991389274597,0.3642788529396057,0.5689354538917542,0.36252743005752563,0.6390193104743958,0.310453325510025,0.3329518437385559,0.31484290957450867,0.4679335355758667,0.3170803487300873,0.43259403109550476,0.3171728253364563,0.38457196950912476,0.2678668797016144,0.3371654450893402,0.27855736017227173,0.4368474781513214,0.2830827832221985,0.41064220666885376,0.28412145376205444,0.37168416380882263,ㅠ
0.22010263800621033,0.1503274142742157,0.29486894607543945,0.18687786161899567,0.3373841345310211,0.28258663415908813,0.3326965570449829,0.37788280844688416,0.3208697438240051,0.4448639452457428,0.3475506007671356,0.2807070314884186,0.3392733931541443,0.4393167793750763,0.33249610662460327,0.5225376486778259,0.32451674342155457,0.587591826915741,0.2883010804653168,0.279193252325058,0.2929109036922455,0.45130807161331177,0.2940843999385834,0.555186927318573,0.29034554958343506,0.6320886611938477,0.23409849405288696,0.2858060598373413,0.24715885519981384,0.4439852833747864,0.26215410232543945,0.41877061128616333,0.2681259512901306,0.37269583344459534,0.18998444080352783,0.2971474826335907,0.21349194645881653,0.4141489267349243,0.2280399203300476,0.3960658013820648,0.23177088797092438,0.3590351939201355,ㅠ
0.22687673568725586,0.1357554793357849,0.29995083808898926,0.1730407476425171,0.34037166833877563,0.27690833806991577,0.3328779339790344,0.37881678342819214,0.32155555486679077,0.4465714395046234,0.3553926944732666,0.26891905069351196,0.3543134927749634,0.42639800906181335,0.350790798664093,0.5114988088607788,0.3459945023059845,0.5800375938415527,0.29762816429138184,0.26869457960128784,0.3079201579093933,0.44484496116638184,0.3127951920032501,0.5458572506904602,0.3123708665370941,0.621610164642334,0.24425490200519562,0.27583152055740356,0.2558896541595459,0.44005313515663147,0.2711903154850006,0.41458165645599365,0.27808311581611633,0.3675632178783417,0.19953468441963196,0.2883068323135376,0.22168204188346863,0.412752628326416,0.23548264801502228,0.39292261004447937,0.23882237076759338,0.35308483242988586,ㅠ
0.3413008749485016,0.2570570111274719,0.4106626808643341,0.27226316928863525,0.45110583305358887,0.34084948897361755,0.45198625326156616,0.4153471291065216,0.44461286067962646,0.4720366299152374,0.49153393507003784,0.37387704849243164,0.49257826805114746,0.4924572706222534,0.4888121485710144,0.5568327903747559,0.48723840713500977,0.6088629364967346,0.4588870108127594,0.38719433546066284,0.46050113439559937,0.5093777775764465,0.4592250883579254,0.5855593681335449,0.45966827869415283,0.6459559798240662,0.42016491293907166,0.3963985741138458,0.41057106852531433,0.4961926341056824,0.40236541628837585,0.462854266166687,0.401140958070755,0.42231863737106323,0.3817158043384552,0.40026870369911194,0.3765707314014435,0.4719943404197693,0.37129396200180054,0.4469183385372162,0.37220144271850586,0.41556018590927124,ㅠ
0.3323069214820862,0.2676122188568115,0.3909796476364136,0.27714020013809204,0.4279227554798126,0.3357069790363312,0.43072885274887085,0.4001810848712921,0.4239198863506317,0.44852977991104126,0.466990202665329,0.36473801732063293,0.46953150629997253,0.4631974399089813,0.4693050980567932,0.5173065662384033,0.4699558615684509,0.5603311061859131,0.44127795100212097,0.3774428367614746,0.4451545178890228,0.4817107915878296,0.44821539521217346,0.5469932556152344,0.45144790410995483,0.5989632606506348,0.40925678610801697,0.386790931224823,0.39929845929145813,0.4689837396144867,0.3903936445713043,0.44152387976646423,0.3885778486728668,0.4081591069698334,0.37721213698387146,0.3930404782295227,0.3700120449066162,0.45107439160346985,0.36392825841903687,0.4306272864341736,0.36427807807922363,0.40591272711753845,ㅠ
0.35721349716186523,0.3245273232460022,0.409915953874588,0.3398812711238861,0.4419826567173004,0.3992379605770111,0.4442399740219116,0.459829717874527,0.43823516368865967,0.5045059323310852,0.4795302152633667,0.43168309330940247,0.47578880190849304,0.5257909893989563,0.4690299928188324,0.5751050114631653,0.4659687280654907,0.613418698310852,0.45471304655075073,0.4433368742465973,0.45174673199653625,0.5407965183258057,0.44807618856430054,0.602042555809021,0.4473557472229004,0.6509360074996948,0.42455509305000305,0.44976696372032166,0.4083006680011749,0.5219075679779053,0.40069273114204407,0.49499720335006714,0.4008748233318329,0.46479323506355286,0.3937404155731201,0.4521765112876892,0.38100114464759827,0.5035881996154785,0.37561464309692383,0.4807467460632324,0.37741830945014954,0.4563499391078949,ㅠ
0.3437088131904602,0.3084183931350708,0.39571213722229004,0.3240346908569336,0.4298904240131378,0.3837463855743408,0.43574103713035583,0.44496747851371765,0.4325520098209381,0.4890458881855011,0.4639703035354614,0.40748506784439087,0.4581161439418793,0.49692368507385254,0.4497367739677429,0.5461081862449646,0.44426509737968445,0.5850587487220764,0.44021734595298767,0.4171493947505951,0.43042683601379395,0.5137808918952942,0.42294982075691223,0.5755237936973572,0.4198029041290283,0.6251781582832336,0.4110426604747772,0.4224552810192108,0.3939345180988312,0.49916917085647583,0.385685533285141,0.4724876582622528,0.38522735238075256,0.4426921010017395,0.38024044036865234,0.42470312118530273,0.3680351674556732,0.48209136724472046,0.3617275655269623,0.46168088912963867,0.3627731502056122,0.4379061460494995,ㅠ
0.2562206983566284,0.2974047362804413,0.3174554705619812,0.3107868432998657,0.3541930913925171,0.37775087356567383,0.35291367769241333,0.45458632707595825,0.34371495246887207,0.5103296637535095,0.3891160488128662,0.40129411220550537,0.3845168352127075,0.5135197043418884,0.377584844827652,0.5723316073417664,0.3725978136062622,0.6183139681816101,0.3542998731136322,0.4126279056072235,0.3535190224647522,0.5319879055023193,0.3513731360435486,0.605582594871521,0.34926876425743103,0.6615169048309326,0.31783145666122437,0.42245420813560486,0.3167079985141754,0.5146355032920837,0.3140702247619629,0.48823246359825134,0.3119644224643707,0.4530670642852783,0.284252792596817,0.43108582496643066,0.28996381163597107,0.49821507930755615,0.28739774227142334,0.4766109585762024,0.2849438488483429,0.44904133677482605,ㅠ
0.22327421605587006,0.25035256147384644,0.2869186997413635,0.2639835476875305,0.32607004046440125,0.33873429894447327,0.3242003619670868,0.4214145839214325,0.3149270713329315,0.47773146629333496,0.3521400988101959,0.3524896800518036,0.3474890887737274,0.4714553654193878,0.3397074341773987,0.5337771773338318,0.3330977261066437,0.5836961269378662,0.3099798858165741,0.363792359828949,0.3129645884037018,0.4916250705718994,0.31277844309806824,0.5692797303199768,0.31015944480895996,0.6293193101882935,0.2698551416397095,0.37413883209228516,0.27690088748931885,0.48098036646842957,0.2809651494026184,0.45518699288368225,0.28134188055992126,0.4185630679130554,0.23527073860168457,0.3834800124168396,0.2513572573661804,0.4634825587272644,0.2546667754650116,0.4445785880088806,0.25391721725463867,0.4140828549861908,ㅠ
0.13700291514396667,0.22324450314044952,0.207288458943367,0.24363812804222107,0.2512592673301697,0.3261476159095764,0.25048014521598816,0.4132629632949829,0.23849602043628693,0.4735678434371948,0.25431331992149353,0.32362502813339233,0.2505047023296356,0.4613654613494873,0.24512596428394318,0.5352839231491089,0.23855945467948914,0.593435525894165,0.20011863112449646,0.33466675877571106,0.20777486264705658,0.4795433282852173,0.21085041761398315,0.5705367922782898,0.2080446481704712,0.6390517950057983,0.1548401117324829,0.3496725261211395,0.17419631779193878,0.47291257977485657,0.19389274716377258,0.4510038495063782,0.2005489021539688,0.41012874245643616,0.12226761132478714,0.3678103983402252,0.15416774153709412,0.4580627977848053,0.17252536118030548,0.44140249490737915,0.17742758989334106,0.40857556462287903,ㅠ
0.27237778902053833,0.1837989240884781,0.3407473564147949,0.21253356337547302,0.3871215879917145,0.299838662147522,0.3843702971935272,0.38559526205062866,0.37224462628364563,0.44543683528900146,0.4351567327976227,0.3090435564517975,0.4365473687648773,0.43245023488998413,0.43518197536468506,0.5022872686386108,0.43488210439682007,0.5613160729408264,0.3991403579711914,0.3113889992237091,0.4084860384464264,0.4581623375415802,0.4188011884689331,0.5406559705734253,0.4299764633178711,0.6125805377960205,0.3555353283882141,0.31677383184432983,0.35329878330230713,0.44964438676834106,0.3449668288230896,0.4103603959083557,0.34365686774253845,0.3669126331806183,0.3082696497440338,0.3240666389465332,0.31556186079978943,0.42755940556526184,0.3096196949481964,0.39998945593833923,0.30803513526916504,0.3635070323944092,ㅠ
0.3572503924369812,0.20517310500144958,0.43983083963394165,0.20820511877536774,0.4993872046470642,0.2839900255203247,0.513877809047699,0.3815033733844757,0.5166608095169067,0.4580693244934082,0.5513455271720886,0.2956170439720154,0.5760959386825562,0.4381788372993469,0.5888330340385437,0.5193827748298645,0.6000930666923523,0.5850206613540649,0.5129802227020264,0.3213212490081787,0.5440463423728943,0.4763670563697815,0.5650388598442078,0.5713889002799988,0.5836954712867737,0.6464159488677979,0.4670373499393463,0.3459227979183197,0.4761362075805664,0.47159522771835327,0.4624353051185608,0.4334951937198639,0.45508718490600586,0.3853413164615631,0.4208298921585083,0.3637900650501251,0.4309570789337158,0.45569902658462524,0.42260539531707764,0.42837610840797424,0.4171137809753418,0.3901590406894684,ㅠ
0.23186363279819489,0.18280695378780365,0.3125407099723816,0.15785156190395355,0.38404345512390137,0.2070540189743042,0.41294756531715393,0.2899579703807831,0.4233689308166504,0.35353535413742065,0.4407176971435547,0.19256335496902466,0.5041912794113159,0.2970177233219147,0.5374817848205566,0.35481807589530945,0.5660436749458313,0.3976603150367737,0.4168245196342468,0.23563265800476074,0.48917922377586365,0.34084969758987427,0.5303138494491577,0.4026411175727844,0.5656493306159973,0.4485887289047241,0.3846292793750763,0.27860817313194275,0.41186290979385376,0.3694850504398346,0.38531067967414856,0.3450816869735718,0.3663347065448761,0.3083029091358185,0.34848058223724365,0.31532904505729675,0.3681769073009491,0.3777613937854767,0.3485328257083893,0.35763752460479736,0.3356916010379791,0.3288801610469818,ㅠ
0.1707240790128708,0.19952398538589478,0.24924549460411072,0.17402219772338867,0.3216457664966583,0.2215127795934677,0.34890714287757874,0.29959309101104736,0.3587353229522705,0.36104103922843933,0.3771548569202423,0.19996300339698792,0.43739035725593567,0.3011549115180969,0.4728319048881531,0.35501888394355774,0.5027565360069275,0.39768171310424805,0.3538094162940979,0.23916694521903992,0.4236130714416504,0.34004878997802734,0.4648207724094391,0.3995233476161957,0.5006301999092102,0.4473940134048462,0.3224028944969177,0.27921614050865173,0.3559882342815399,0.3827584683895111,0.3296673595905304,0.35720404982566833,0.31078970432281494,0.31846898794174194,0.28736868500709534,0.31404146552085876,0.3123457729816437,0.38411927223205566,0.29373833537101746,0.36408236622810364,0.28128892183303833,0.33298587799072266,ㅠ
0.26066574454307556,0.2559657096862793,0.3330601453781128,0.3047417402267456,0.36395418643951416,0.39661267399787903,0.3472468852996826,0.48531433939933777,0.3216858208179474,0.5475317239761353,0.40254145860671997,0.4271310567855835,0.39520981907844543,0.5724102854728699,0.3903626799583435,0.6493221521377563,0.3867490291595459,0.7090310454368591,0.3565155565738678,0.4361498951911926,0.355025976896286,0.5922656059265137,0.3529447019100189,0.6824716329574585,0.35192692279815674,0.7484254837036133,0.3058384656906128,0.44101595878601074,0.2941229045391083,0.5557825565338135,0.2915392518043518,0.5198920965194702,0.29441168904304504,0.4733266532421112,0.2585943639278412,0.4396406412124634,0.2559454143047333,0.5205815434455872,0.2559031546115875,0.49170374870300293,0.2577963173389435,0.45458823442459106,ㅠ
0.39021822810173035,0.2329118251800537,0.44847795367240906,0.28199541568756104,0.4799641966819763,0.3699128031730652,0.4713302552700043,0.44512268900871277,0.4559861719608307,0.49971067905426025,0.5197076797485352,0.40842416882514954,0.5023225545883179,0.5316567420959473,0.48657113313674927,0.6010348200798035,0.4742916226387024,0.6562820672988892,0.48489680886268616,0.40266525745391846,0.46689486503601074,0.535845935344696,0.4536742866039276,0.6189987063407898,0.4438405930995941,0.6877773404121399,0.4443091154098511,0.3943178653717041,0.40772348642349243,0.5024539232254028,0.40575262904167175,0.46437638998031616,0.41580116748809814,0.42263928055763245,0.40376734733581543,0.3831769526004791,0.3761909008026123,0.4621734619140625,0.37630489468574524,0.4335293173789978,0.3871864378452301,0.40073198080062866,ㅠ
0.44382596015930176,0.17155924439430237,0.5187053084373474,0.2327221781015396,0.550210177898407,0.34511440992355347,0.5301458239555359,0.45045578479766846,0.5091162919998169,0.529747486114502,0.5968717336654663,0.3691866099834442,0.576328456401825,0.5262260437011719,0.5627405047416687,0.6118851900100708,0.5523604154586792,0.6816201210021973,0.5479745268821716,0.36146464943885803,0.5297955870628357,0.5400973558425903,0.5183285474777222,0.6452219486236572,0.5087253451347351,0.7276602983474731,0.49165481328964233,0.3525159955024719,0.46215176582336426,0.4992527365684509,0.4654424488544464,0.45711177587509155,0.4749252200126648,0.40295329689979553,0.4372289180755615,0.33952969312667847,0.42239058017730713,0.4512214958667755,0.4265470504760742,0.42250826954841614,0.43326252698898315,0.3798101544380188,ㅠ
0.3734282851219177,0.1856437623500824,0.4428406059741974,0.2208143174648285,0.48295390605926514,0.30679214000701904,0.4807961881160736,0.3892207145690918,0.4730207324028015,0.44940391182899475,0.520736813545227,0.33912789821624756,0.5141608715057373,0.46492472290992737,0.5034102201461792,0.5353459119796753,0.4946845471858978,0.5935779809951782,0.4806499481201172,0.33731257915496826,0.4723019599914551,0.4762882888317108,0.4635016620159149,0.5666384100914001,0.4560409486293793,0.6401417851448059,0.43649423122406006,0.3369940519332886,0.41242271661758423,0.454807311296463,0.40844762325286865,0.41818109154701233,0.41287556290626526,0.37357839941978455,0.39435893297195435,0.3352935314178467,0.37957802414894104,0.4248114228248596,0.37724027037620544,0.39649900794029236,0.3825569748878479,0.3599064350128174,ㅠ
0.2791622281074524,0.23035749793052673,0.342359334230423,0.25761541724205017,0.3772563338279724,0.32463014125823975,0.3755970001220703,0.39043307304382324,0.36931946873664856,0.4386165142059326,0.41161632537841797,0.3338744640350342,0.4072607755661011,0.4403126835823059,0.39902177453041077,0.4992610812187195,0.3929513394832611,0.547400951385498,0.37652862071990967,0.3352532982826233,0.37529438734054565,0.45387646555900574,0.37020835280418396,0.5286940932273865,0.36615923047065735,0.5878610014915466,0.3381372094154358,0.3395530879497528,0.3296007215976715,0.4425126910209656,0.3246539235115051,0.4133875072002411,0.3245541751384735,0.37603694200515747,0.30206969380378723,0.3427162170410156,0.2996060848236084,0.4213825464248657,0.2972221374511719,0.40021947026252747,0.29783618450164795,0.3695538341999054,ㅠ
0.23677578568458557,0.28871268033981323,0.29710572957992554,0.3097555637359619,0.3326614499092102,0.38151130080223083,0.33209875226020813,0.4605455696582794,0.3288610577583313,0.516679584980011,0.3746218979358673,0.3742672801017761,0.3881209194660187,0.4825671315193176,0.3932986259460449,0.5431235432624817,0.3980587422847748,0.5917342901229858,0.341108500957489,0.38500091433525085,0.3611927628517151,0.5049550533294678,0.3708686828613281,0.5783609747886658,0.3785552680492401,0.6364461183547974,0.30360525846481323,0.3971497118473053,0.3092115521430969,0.5032755136489868,0.30022501945495605,0.47525858879089355,0.2963193655014038,0.4376036822795868,0.2674165368080139,0.40672555565834045,0.2761821448802948,0.48786690831184387,0.2712542712688446,0.4683975875377655,0.26852086186408997,0.43818914890289307,ㅠ
0.24434979259967804,0.27655139565467834,0.3029004633426666,0.3127767741680145,0.3252612054347992,0.3888411223888397,0.3148858845233917,0.46319088339805603,0.3047986626625061,0.5197795629501343,0.36318403482437134,0.3886260986328125,0.3648771345615387,0.49461865425109863,0.3641464114189148,0.5502567887306213,0.3640121519565582,0.5960499048233032,0.32944127917289734,0.3950052261352539,0.33512240648269653,0.5104950666427612,0.33699238300323486,0.5808476209640503,0.3374568223953247,0.6361758708953857,0.29250526428222656,0.4002956748008728,0.2908300459384918,0.49870535731315613,0.2888840138912201,0.47354963421821594,0.2890501916408539,0.4382328391075134,0.2568320333957672,0.4024280607700348,0.26143214106559753,0.47589701414108276,0.26200130581855774,0.4567910134792328,0.2612727880477905,0.42745134234428406,ㅠ
0.27050188183784485,0.2560134530067444,0.3236519694328308,0.2955320477485657,0.341661274433136,0.37136656045913696,0.3277975618839264,0.4438888132572174,0.3157591223716736,0.4990307092666626,0.37905508279800415,0.37856200337409973,0.3734005391597748,0.48257672786712646,0.36848747730255127,0.5374910831451416,0.36491522192955017,0.5819792747497559,0.3473563492298126,0.3816739022731781,0.3439238369464874,0.49380385875701904,0.33977845311164856,0.5628650188446045,0.3357418179512024,0.6175435781478882,0.3121696710586548,0.38224971294403076,0.30215325951576233,0.4772750735282898,0.30108842253685,0.4527716040611267,0.3033926784992218,0.4191565215587616,0.27815407514572144,0.37967580556869507,0.27453288435935974,0.45209604501724243,0.2752310037612915,0.4341824948787689,0.2765861749649048,0.40626779198646545,ㅠ
