0.8066454529762268,0.6563341021537781,0.744543194770813,0.5853024125099182,0.6655157804489136,0.5828349590301514,0.6161078810691833,0.6141276955604553,0.5930789709091187,0.6571396589279175,0.599830150604248,0.5535033941268921,0.5107381343841553,0.5565420985221863,0.4553668797016144,0.5558091998100281,0.41146349906921387,0.558287501335144,0.603519856929779,0.6060739755630493,0.5586311221122742,0.6848684549331665,0.5901774168014526,0.6923262476921082,0.6155509948730469,0.6737731099128723,0.6201608777046204,0.6650837063789368,0.596834123134613,0.7292284965515137,0.6251314878463745,0.7230444550514221,0.643297016620636,0.701492428779602,0.6418957114219666,0.7194395065307617,0.6295503973960876,0.7532470226287842,0.6565399765968323,0.7459307312965393,0.6740518808364868,0.7283584475517273,ㅡ
0.8687900900840759,0.7533098459243774,0.8164091110229492,0.6849554181098938,0.7450088858604431,0.674675703048706,0.6991870999336243,0.7012028694152832,0.6766998171806335,0.7340255975723267,0.6930848360061646,0.6367882490158081,0.6177340745925903,0.6343681216239929,0.5711698532104492,0.6342880129814148,0.5321016311645508,0.6340563893318176,0.695094883441925,0.6768752932548523,0.6472707390785217,0.7489846348762512,0.6755437850952148,0.7577245235443115,0.6986392140388489,0.7406931519508362,0.7075842618942261,0.7257376313209534,0.6805309057235718,0.7892435193061829,0.7049620151519775,0.7845574617385864,0.7220367789268494,0.7638385891914368,0.723681628704071,0.7737314701080322,0.7072261571884155,0.8101006746292114,0.7298712134361267,0.8072022795677185,0.7462702989578247,0.7938780188560486,ㅡ
0.755334198474884,0.8521809577941895,0.7129717469215393,0.7892955541610718,0.6490029096603394,0.7741079330444336,0.6079309582710266,0.7963173985481262,0.5868146419525146,0.8284756541252136,0.6087722778320312,0.7354438304901123,0.540306568145752,0.7310003042221069,0.49742648005485535,0.7287002801895142,0.4628751277923584,0.7282203435897827,0.6059109568595886,0.7760480642318726,0.5692131519317627,0.8276579976081848,0.5922976136207581,0.8355889916419983,0.6135692596435547,0.8233928680419922,0.612270712852478,0.8239592909812927,0.5924893021583557,0.869476854801178,0.6144522428512573,0.8698734641075134,0.630504846572876,0.8563266396522522,0.6226398944854736,0.8710656762123108,0.6129490733146667,0.8960503339767456,0.6345307230949402,0.8948149681091309,0.6496380567550659,0.8842756152153015,ㅡ
0.7216765880584717,0.8624967336654663,0.6819338202476501,0.7919009327888489,0.6214891672134399,0.7731768488883972,0.5793764591217041,0.7896836996078491,0.5558797717094421,0.8178940415382385,0.5796915292739868,0.7346830368041992,0.5081254243850708,0.7286039590835571,0.4642552137374878,0.7252854108810425,0.42913490533828735,0.7231447696685791,0.5740742683410645,0.781790018081665,0.5305131673812866,0.8185431361198425,0.5538346767425537,0.8277257084846497,0.578830897808075,0.8191672563552856,0.5787174105644226,0.8329939842224121,0.5581625699996948,0.8642865419387817,0.5796210765838623,0.8661506772041321,0.5982500314712524,0.8569554686546326,0.5878679156303406,0.8819137811660767,0.5799220204353333,0.8950709104537964,0.6013808846473694,0.8942270874977112,0.6175950169563293,0.8866825699806213,ㅡ
0.7739914655685425,0.8475378155708313,0.7358031272888184,0.7712833881378174,0.6698396801948547,0.7387068867683411,0.6203062534332275,0.747136116027832,0.594212532043457,0.770150363445282,0.63221275806427,0.6976282596588135,0.5525473356246948,0.6976473927497864,0.5039737224578857,0.6979292035102844,0.4654192328453064,0.6990452408790588,0.6258596181869507,0.7489603757858276,0.5658949613571167,0.7862182855606079,0.5930806398391724,0.7973808646202087,0.6219177842140198,0.7888104319572449,0.6278089880943298,0.8053189516067505,0.5868399739265442,0.8364601731300354,0.6124621033668518,0.8419358134269714,0.634837806224823,0.831246018409729,0.6348838210105896,0.8586328029632568,0.6111287474632263,0.8708711862564087,0.6343931555747986,0.8734406232833862,0.6529600620269775,0.8662074208259583,ㅡ
0.7908477783203125,0.8100632429122925,0.7541690468788147,0.7236924767494202,0.6785423159599304,0.6858276128768921,0.6214084625244141,0.6964670419692993,0.5912894010543823,0.7267839908599854,0.6332224011421204,0.638336181640625,0.546491801738739,0.6360188126564026,0.4940357208251953,0.6331435441970825,0.4517245888710022,0.6314606666564941,0.623566210269928,0.6931095719337463,0.5576866269111633,0.7337381839752197,0.5878399014472961,0.747808039188385,0.6183210611343384,0.7395376563072205,0.6233890652656555,0.7540271282196045,0.5726107954978943,0.7890951633453369,0.601336658000946,0.7987282276153564,0.6271012425422668,0.7883989810943604,0.6297755837440491,0.8124821186065674,0.5980423092842102,0.8306541442871094,0.6233838796615601,0.83698970079422,0.6448963284492493,0.830233097076416,ㅡ
0.7649786472320557,0.8285865187644958,0.7401700615882874,0.7293761372566223,0.6752066016197205,0.6702979207038879,0.6214702129364014,0.6633007526397705,0.5880840420722961,0.6859447360038757,0.6393564939498901,0.6073095202445984,0.555076539516449,0.5703899264335632,0.5031126737594604,0.55033278465271,0.46117088198661804,0.5374118089675903,0.6201378703117371,0.6518555879592896,0.5612553358078003,0.6917362213134766,0.5839599967002869,0.716163694858551,0.6110088229179382,0.7141695022583008,0.608336865901947,0.7088099122047424,0.5677574276924133,0.7440736293792725,0.5903968811035156,0.7610377073287964,0.6133483052253723,0.7559390068054199,0.6019771099090576,0.7667685151100159,0.5784854292869568,0.7855859398841858,0.6012318134307861,0.8004332184791565,0.623043417930603,0.8005590438842773,ㅡ
0.7641208171844482,0.8772209286689758,0.750997006893158,0.7694593667984009,0.6967092752456665,0.7026503682136536,0.6483478546142578,0.6914023756980896,0.6152646541595459,0.713126540184021,0.6650667786598206,0.6434659361839294,0.5911770462989807,0.5799674391746521,0.5434038639068604,0.5427320003509521,0.5047991871833801,0.5167192816734314,0.6338469386100769,0.6827840805053711,0.5959509611129761,0.6886283159255981,0.6169847249984741,0.7122800946235657,0.6413895487785339,0.7208331227302551,0.6141289472579956,0.7362946271896362,0.5939169526100159,0.741108238697052,0.6129757761955261,0.7587001919746399,0.633354663848877,0.7673720717430115,0.6013232469558716,0.7900696992874146,0.5959745645523071,0.790977418422699,0.6167529225349426,0.8050468564033508,0.6346981525421143,0.8142884373664856,ㅡ
0.7521036267280579,0.8772394061088562,0.7503371834754944,0.7626788020133972,0.7015777230262756,0.6944148540496826,0.6530833840370178,0.672572910785675,0.6169306635856628,0.6842683553695679,0.6679804921150208,0.6325238943099976,0.5948997139930725,0.5597007870674133,0.5476019978523254,0.5191901922225952,0.5100824236869812,0.4901919364929199,0.6308504343032837,0.6720472574234009,0.6052417159080505,0.6681550145149231,0.6263318061828613,0.6924371719360352,0.6502558588981628,0.7073869705200195,0.6099205017089844,0.725479245185852,0.6026461720466614,0.723016083240509,0.621850848197937,0.7408434748649597,0.6403184533119202,0.7551311254501343,0.5952662229537964,0.7797608375549316,0.6029701232910156,0.7708636522293091,0.6238675713539124,0.7868117094039917,0.6395797729492188,0.7987920641899109,ㅡ
0.7311354875564575,0.8935744166374207,0.7121769189834595,0.7814000248908997,0.6528685092926025,0.7200189232826233,0.601694643497467,0.7137311697006226,0.5668122172355652,0.731759786605835,0.6102508306503296,0.6601266860961914,0.5324528217315674,0.610628604888916,0.4803435802459717,0.5839078426361084,0.43924322724342346,0.567093014717102,0.5812956690788269,0.7052613496780396,0.5491179823875427,0.7196370363235474,0.571256160736084,0.7392725944519043,0.5984084010124207,0.7478303909301758,0.5680859684944153,0.7644099593162537,0.557410717010498,0.7773592472076416,0.5775098204612732,0.7907304763793945,0.5987003445625305,0.7979947328567505,0.5617467164993286,0.8240963220596313,0.5663707256317139,0.826745867729187,0.5883821249008179,0.8375263810157776,0.6071122884750366,0.8436840772628784,ㅡ
0.7270940542221069,0.8704046010971069,0.7079207897186279,0.7704023718833923,0.6529516577720642,0.7161109447479248,0.6053087711334229,0.7113926410675049,0.5736879110336304,0.7313969731330872,0.6123492121696472,0.6580766439437866,0.5371155142784119,0.6141064763069153,0.4881797730922699,0.5898817777633667,0.4489920139312744,0.5747490525245667,0.5877590775489807,0.7000142931938171,0.5551755428314209,0.7237669229507446,0.5760710835456848,0.7421694397926331,0.6009052991867065,0.7454465627670288,0.5758626461029053,0.7551473379135132,0.562711238861084,0.7757487297058105,0.5815383195877075,0.788119375705719,0.6014501452445984,0.790213406085968,0.5697453022003174,0.8106263279914856,0.5705416798591614,0.8178962469100952,0.5911494493484497,0.8279563784599304,0.6091595888137817,0.8318236470222473,ㅡ
0.7370871305465698,0.7806471586227417,0.697742223739624,0.6998854279518127,0.628761351108551,0.6684505939483643,0.5794839262962341,0.6816554665565491,0.5528385639190674,0.7133840918540955,0.5855568051338196,0.6191208958625793,0.507032036781311,0.6000934839248657,0.4575870633125305,0.5873051285743713,0.41777873039245605,0.5792742967605591,0.5748499035835266,0.6692314743995667,0.5183467268943787,0.7102227807044983,0.5461675524711609,0.7253065705299377,0.5749343633651733,0.7179052829742432,0.5745394825935364,0.7273417711257935,0.5371943116188049,0.7647312879562378,0.5632129907608032,0.7715743184089661,0.586319088935852,0.761739194393158,0.5809057950973511,0.7830410599708557,0.5617080926895142,0.8027245402336121,0.5862818956375122,0.806910514831543,0.6061905026435852,0.7999739050865173,ㅡ
0.7105250358581543,0.7306807637214661,0.6502957344055176,0.6678489446640015,0.5808132886886597,0.6717764735221863,0.5366727709770203,0.7031210660934448,0.51551753282547,0.7416646480560303,0.5239274501800537,0.6638782620429993,0.44068583846092224,0.6816899180412292,0.3932853937149048,0.6885991096496582,0.3570685386657715,0.6960223317146301,0.5276848077774048,0.7233366370201111,0.4750840961933136,0.7651033997535706,0.503858745098114,0.7606184482574463,0.5315474271774292,0.7446834444999695,0.5454112887382507,0.7798328399658203,0.5127476453781128,0.8092639446258545,0.537580132484436,0.7983723282814026,0.5599361062049866,0.7849626541137695,0.5689261555671692,0.8291929364204407,0.5485774278640747,0.8411309123039246,0.5696307420730591,0.8279865384101868,0.5872019529342651,0.8161114454269409,ㅡ
0.726185142993927,0.656280517578125,0.6661165356636047,0.6158223152160645,0.59843510389328,0.6364783048629761,0.5625817775726318,0.6770412921905518,0.5494986176490784,0.7197431921958923,0.5475219488143921,0.6370421648025513,0.4764831066131592,0.6750136613845825,0.433804452419281,0.6941211819648743,0.3998141288757324,0.7108238339424133,0.5617604851722717,0.6866274476051331,0.5246503353118896,0.7514675855636597,0.5507864356040955,0.739890456199646,0.5715054273605347,0.7151879072189331,0.5855301022529602,0.7321507930755615,0.5606274008750916,0.7793315052986145,0.5824975967407227,0.763312816619873,0.5981397032737732,0.7422904372215271,0.6119484305381775,0.7697699069976807,0.5931775569915771,0.7944046854972839,0.6121858358383179,0.7779630422592163,0.6253514289855957,0.7604597806930542,ㅡ
0.754744291305542,0.617232620716095,0.6922498345375061,0.5873549580574036,0.6266933083534241,0.6144925951957703,0.5933627486228943,0.6576988101005554,0.581694483757019,0.7001694440841675,0.5821162462234497,0.6153708100318909,0.5153795480728149,0.6624419093132019,0.4764641523361206,0.69178706407547,0.4464130401611328,0.7182620763778687,0.6008018255233765,0.6584427356719971,0.5641326904296875,0.7419343590736389,0.589702844619751,0.7296392917633057,0.6090702414512634,0.7018110156059265,0.6285198926925659,0.6986610293388367,0.6032588481903076,0.7641161680221558,0.6231268644332886,0.7445468306541443,0.6362267136573792,0.7185737490653992,0.6584726572036743,0.7312926650047302,0.6380279660224915,0.7685098648071289,0.6543924808502197,0.7488095164299011,0.665753960609436,0.7264268398284912,ㅡ
0.7739203572273254,0.6154369711875916,0.7157447934150696,0.597558319568634,0.6546142101287842,0.6355040669441223,0.6222817301750183,0.6859562993049622,0.6137292385101318,0.7324134707450867,0.6169445514678955,0.6440753936767578,0.5596106052398682,0.6972596645355225,0.5243208408355713,0.7303016185760498,0.49715474247932434,0.7586986422538757,0.63747638463974,0.6865611672401428,0.6039753556251526,0.7738045454025269,0.6258116960525513,0.757085382938385,0.6433290243148804,0.7268808484077454,0.6662500500679016,0.7224915623664856,0.6439759135246277,0.7901812791824341,0.6601390242576599,0.7685190439224243,0.6722580194473267,0.7410633563995361,0.6970732808113098,0.7495388984680176,0.6794129610061646,0.7883794903755188,0.6926358938217163,0.7691735625267029,0.7032192945480347,0.7480127811431885,ㅡ
0.790619969367981,0.6357870697975159,0.7244701981544495,0.6034396886825562,0.6530122756958008,0.6328326463699341,0.6125203371047974,0.6837580800056458,0.5956209301948547,0.7347529530525208,0.6167907118797302,0.6318885087966919,0.5337231159210205,0.6431721448898315,0.48469626903533936,0.651456356048584,0.44589316844940186,0.6577943563461304,0.6329102516174316,0.6878769993782043,0.5594572424888611,0.7673475742340088,0.5862087607383728,0.757573664188385,0.6144728064537048,0.7315727472305298,0.6601477861404419,0.7363395094871521,0.6058889627456665,0.8037172555923462,0.6288080811500549,0.7826709747314453,0.6507774591445923,0.7577371001243591,0.6913632750511169,0.7715955972671509,0.6514460444450378,0.8132784366607666,0.6671304702758789,0.794165849685669,0.6841833591461182,0.7750275731086731,ㅡ
0.8330005407333374,0.5686085820198059,0.7614837288856506,0.523425817489624,0.6801282167434692,0.5447200536727905,0.6319366097450256,0.5960097908973694,0.6122714281082153,0.6552751660346985,0.638324499130249,0.5375949144363403,0.5397924184799194,0.5433379411697388,0.48160243034362793,0.5454971194267273,0.43583542108535767,0.550128698348999,0.6516798138618469,0.6000012159347534,0.5727725625038147,0.6832383871078491,0.6042284965515137,0.6765681505203247,0.6345570683479309,0.65191650390625,0.6783586144447327,0.6569382548332214,0.6154449582099915,0.7267726063728333,0.6427209377288818,0.7082065343856812,0.6682822108268738,0.682793378829956,0.7099006772041321,0.7014181017875671,0.6617918014526367,0.7437626123428345,0.6804275512695312,0.7269637584686279,0.7014065384864807,0.7075194716453552,ㅡ
0.8798409104347229,0.5624972581863403,0.7959176301956177,0.4945817291736603,0.6914777755737305,0.504425585269928,0.6299005150794983,0.5638212561607361,0.6026933789253235,0.634597897529602,0.6398327946662903,0.4882836937904358,0.514581561088562,0.4780440628528595,0.44055408239364624,0.46949881315231323,0.3814537823200226,0.4640641212463379,0.6522113680839539,0.5682436227798462,0.5524600744247437,0.6542387008666992,0.5948859453201294,0.6508064270019531,0.6354954242706299,0.6246258020401001,0.680245578289032,0.6432273983955383,0.6001713871955872,0.7143747806549072,0.6387022733688354,0.6942586302757263,0.6729893088340759,0.6675620079040527,0.7146574258804321,0.703865110874176,0.6521978378295898,0.7441096305847168,0.6786210536956787,0.7250939607620239,0.7064662575721741,0.705619752407074,ㅡ
0.8459572792053223,0.4086483120918274,0.7533305287361145,0.3324397802352905,0.6396598815917969,0.3462486267089844,0.5771358013153076,0.41743963956832886,0.5507523417472839,0.5017374157905579,0.5752306580543518,0.31270480155944824,0.425123393535614,0.3249278962612152,0.33476680517196655,0.3275544345378876,0.2620672583580017,0.33340445160865784,0.5994216203689575,0.39370253682136536,0.5006879568099976,0.5238591432571411,0.5544459819793701,0.5224371552467346,0.5973315834999084,0.481657475233078,0.6373257637023926,0.4803864061832428,0.552137017250061,0.5881206393241882,0.6005126237869263,0.5663098096847534,0.6389902830123901,0.5231858491897583,0.6796179413795471,0.5543869733810425,0.6152510643005371,0.6133691072463989,0.65385502576828,0.5909643173217773,0.6857204437255859,0.5594674944877625,ㅡ
0.8864393830299377,0.36537694931030273,0.781798243522644,0.2958328127861023,0.6641558408737183,0.3088434040546417,0.5979083180427551,0.37915414571762085,0.5677385926246643,0.46548470854759216,0.6049806475639343,0.28281235694885254,0.4454720616340637,0.2874395549297333,0.35500842332839966,0.28444892168045044,0.28134480118751526,0.28336000442504883,0.6299622058868408,0.36044275760650635,0.5194708704948425,0.4915236830711365,0.5753353834152222,0.49620264768600464,0.6197190284729004,0.45799463987350464,0.6686478853225708,0.44690650701522827,0.5734409689903259,0.5598546266555786,0.6224048137664795,0.5405711531639099,0.6608512997627258,0.4979569613933563,0.7119900584220886,0.5246259570121765,0.6361201405525208,0.5904276371002197,0.6712543964385986,0.5682034492492676,0.703941822052002,0.5360599756240845,ㅡ
0.8281949758529663,0.47049063444137573,0.7296752333641052,0.4056057333946228,0.6208598613739014,0.4230607748031616,0.5643796920776367,0.49142003059387207,0.5417961478233337,0.5719150900840759,0.5586430430412292,0.40231385827064514,0.42098456621170044,0.40471741557121277,0.3384053111076355,0.40428096055984497,0.27155768871307373,0.40873074531555176,0.5782309770584106,0.47251272201538086,0.4896576404571533,0.5951147675514221,0.5387684106826782,0.5947392582893372,0.5757054686546326,0.5586584210395813,0.6149004101753235,0.5501007437705994,0.5414243936538696,0.6558001637458801,0.5841006636619568,0.6354355812072754,0.6159269213676453,0.5970942974090576,0.6574444770812988,0.6189277768135071,0.5977619886398315,0.6844860911369324,0.6300349235534668,0.6631002426147461,0.6576379537582397,0.6328034996986389,ㅡ
0.7364737391471863,0.7204977869987488,0.6854161620140076,0.6366639137268066,0.6108991503715515,0.6181341409683228,0.5580246448516846,0.6401433348655701,0.5273836851119995,0.6801802515983582,0.5536783933639526,0.5848052501678467,0.4595176875591278,0.5750570297241211,0.4051761329174042,0.568771481513977,0.3625577390193939,0.5670148730278015,0.5511581897735596,0.6414877772331238,0.47357743978500366,0.6987344622612,0.5077908635139465,0.7101933360099792,0.539625883102417,0.6985540986061096,0.5611105561256409,0.7045473456382751,0.49708375334739685,0.7545651793479919,0.5315074920654297,0.7533860206604004,0.5596516132354736,0.7373591065406799,0.5784805417060852,0.7630615830421448,0.5322971343994141,0.7939741015434265,0.5592695474624634,0.7907499074935913,0.5821669101715088,0.778247058391571,ㅡ
0.8538145422935486,0.6068611145019531,0.7935566306114197,0.5277068614959717,0.7187610864639282,0.5192767977714539,0.6698477864265442,0.5473118424415588,0.644507646560669,0.5879998207092285,0.666156530380249,0.5032191276550293,0.578352153301239,0.5031893849372864,0.5258882641792297,0.504980206489563,0.4843578338623047,0.5111165046691895,0.6615067720413208,0.5603828430175781,0.6229857206344604,0.5972915887832642,0.6507134437561035,0.5995015501976013,0.6759694814682007,0.5896180272102356,0.6728101968765259,0.6187699437141418,0.6487168669700623,0.6438966989517212,0.6730101704597473,0.6410985589027405,0.6957850456237793,0.634377658367157,0.6901540756225586,0.6715831160545349,0.6768935918807983,0.679871141910553,0.6993463635444641,0.6744186282157898,0.7185422778129578,0.6690647006034851,ㅡ
0.8339334726333618,0.6164031624794006,0.7771244645118713,0.5425200462341309,0.7054638862609863,0.5367244482040405,0.6576465964317322,0.5653039813041687,0.6355798840522766,0.6042479276657104,0.6468255519866943,0.5158190727233887,0.5619820952415466,0.5175155997276306,0.5069495439529419,0.5165821313858032,0.46318572759628296,0.5216549634933472,0.6413905024528503,0.5742754340171814,0.6007315516471863,0.6140727996826172,0.6293029189109802,0.6129641532897949,0.6557751893997192,0.599298894405365,0.6531258821487427,0.6345338225364685,0.6299569606781006,0.6608790159225464,0.6557424068450928,0.6535011529922485,0.6788044571876526,0.641181468963623,0.6713771224021912,0.687829852104187,0.6612370610237122,0.6970287561416626,0.6849533319473267,0.6899338364601135,0.7033040523529053,0.6808243989944458,ㅡ
0.8786330819129944,0.6859903931617737,0.8189060688018799,0.5976573824882507,0.7356314063072205,0.5921331644058228,0.6778299808502197,0.6255521178245544,0.6492071747779846,0.6723338961601257,0.6727899312973022,0.5834082365036011,0.5781546235084534,0.5734286308288574,0.5215479731559753,0.5686525106430054,0.4767654240131378,0.5719050765037537,0.6664593815803528,0.6552165150642395,0.6004968285560608,0.6768147945404053,0.6299470663070679,0.6680176258087158,0.6629246473312378,0.6587481498718262,0.6799953579902649,0.7202274203300476,0.6311993598937988,0.732477068901062,0.6576334834098816,0.7173915505409241,0.6863469481468201,0.7094653844833374,0.7024891376495361,0.772052526473999,0.6763731241226196,0.769822895526886,0.6985628604888916,0.755677342414856,0.7201369404792786,0.7487866282463074,ㅡ
0.8969265222549438,0.7092006802558899,0.8301849961280823,0.6230742931365967,0.744990885257721,0.6280299425125122,0.6916849613189697,0.6751507520675659,0.6644151210784912,0.7242338061332703,0.6879481077194214,0.6294071674346924,0.5912761688232422,0.61896812915802,0.5361511707305908,0.6123151183128357,0.4918484091758728,0.6148022413253784,0.6844569444656372,0.7036350965499878,0.6071529388427734,0.7287787199020386,0.633224606513977,0.712247908115387,0.6655512452125549,0.699274480342865,0.6983659267425537,0.7665325999259949,0.6301387548446655,0.782593846321106,0.653071403503418,0.7604809999465942,0.6829099655151367,0.7508611083030701,0.719589114189148,0.8106974363327026,0.6708430051803589,0.8114215135574341,0.6877726912498474,0.7898359298706055,0.7106984257698059,0.7801398634910583,ㅡ
0.8611809015274048,0.6618409752845764,0.7982645630836487,0.5844503045082092,0.7216413617134094,0.5866186618804932,0.6716557741165161,0.6246063113212585,0.6504945755004883,0.6714037656784058,0.6598420143127441,0.5843178033828735,0.5670666694641113,0.5831711292266846,0.5140153765678406,0.5773382186889648,0.47190630435943604,0.5763547420501709,0.6574884653091431,0.6541047096252441,0.5856005549430847,0.6855430006980896,0.6116575002670288,0.6745972037315369,0.6399431228637695,0.6621067523956299,0.6723853945732117,0.7142317295074463,0.6085768938064575,0.7391359210014343,0.6335922479629517,0.7208651900291443,0.6609764099121094,0.708066463470459,0.6953122615814209,0.7593675255775452,0.6469205617904663,0.7667873501777649,0.6647144556045532,0.7484560608863831,0.6866486072540283,0.7371708154678345,ㅡ
0.8089674115180969,0.8369301557540894,0.7656939029693604,0.7503944635391235,0.696524441242218,0.7218273282051086,0.6409807801246643,0.7286579608917236,0.6057686805725098,0.7604865431785583,0.653104841709137,0.6962401866912842,0.5572177171707153,0.6813424229621887,0.5045715570449829,0.6731680631637573,0.46208304166793823,0.6702510714530945,0.6440643668174744,0.7553555965423584,0.5524559020996094,0.773749828338623,0.5790786743164062,0.7821372747421265,0.6124312281608582,0.7807992100715637,0.6473322510719299,0.8181878924369812,0.5651341676712036,0.8301712274551392,0.5918426513671875,0.8314704895019531,0.6230815649032593,0.8264442086219788,0.6584778428077698,0.8749076128005981,0.5911535024642944,0.8757585287094116,0.6084923148155212,0.872131884098053,0.6337683796882629,0.8687222599983215,ㅡ
0.8147621154785156,0.846656322479248,0.7830147743225098,0.7397011518478394,0.7128254175186157,0.712417483329773,0.6535214185714722,0.723747730255127,0.62064528465271,0.7555356621742249,0.6577115058898926,0.6961179971694946,0.5647081732749939,0.6915103793144226,0.512959361076355,0.6928873062133789,0.4708375930786133,0.6990936994552612,0.6387127637863159,0.7596361041069031,0.5867180824279785,0.7541782259941101,0.612030029296875,0.7513315677642822,0.6404174566268921,0.7530274391174316,0.6370733380317688,0.8193330764770508,0.5983721017837524,0.8028835654258728,0.6210157871246338,0.8003401160240173,0.645717442035675,0.8068652749061584,0.6419329643249512,0.8706752061843872,0.6126145124435425,0.850033164024353,0.6318268775939941,0.845338761806488,0.6516767144203186,0.8490900993347168,ㅡ
0.7839513421058655,0.8236402273178101,0.7539219856262207,0.7230382561683655,0.6951466202735901,0.6924713253974915,0.6438585519790649,0.7008674740791321,0.6146523356437683,0.7305048108100891,0.6462777853012085,0.6781368255615234,0.5631544589996338,0.6639172434806824,0.5173710584640503,0.6611575484275818,0.4795340895652771,0.663878858089447,0.6280980706214905,0.7358394861221313,0.5785640478134155,0.7231028079986572,0.6021523475646973,0.7208532094955444,0.6283453702926636,0.7241559624671936,0.6260950565338135,0.7892123460769653,0.587611734867096,0.767898678779602,0.6087877750396729,0.7643552422523499,0.6315916776657104,0.7707785964012146,0.6299242377281189,0.8334752917289734,0.6008833646774292,0.8113765120506287,0.6174474954605103,0.8044715523719788,0.6351609230041504,0.8075616359710693,ㅡ
0.7713412046432495,0.8112046122550964,0.7446717023849487,0.7211747169494629,0.6868267059326172,0.6918660402297974,0.6369681358337402,0.700286865234375,0.608591616153717,0.7277544736862183,0.6421933770179749,0.6738225221633911,0.5641178488731384,0.6549046635627747,0.5174218416213989,0.6475982666015625,0.4793055057525635,0.6461338400840759,0.6249472498893738,0.7260783910751343,0.5740602612495422,0.7296013236045837,0.5970756411552429,0.7333700060844421,0.6231883764266968,0.734627902507782,0.622488260269165,0.7784270644187927,0.5846233367919922,0.7750241160392761,0.6069422960281372,0.7750276327133179,0.6289620995521545,0.7776858806610107,0.6279163956642151,0.8253563046455383,0.599827766418457,0.8165453672409058,0.6186909675598145,0.8150528073310852,0.6366548538208008,0.8167003393173218,ㅡ
0.8186116218566895,0.861875057220459,0.7877304553985596,0.7630332708358765,0.7218649983406067,0.7202112674713135,0.6705575585365295,0.7276957035064697,0.6371793746948242,0.7594181895256042,0.677396297454834,0.6917067170143127,0.594174325466156,0.6451440453529358,0.54701167345047,0.6201657652854919,0.5078926682472229,0.6034483909606934,0.6567677855491638,0.7492446899414062,0.5856242179870605,0.742525041103363,0.6107832193374634,0.7520610094070435,0.6401419639587402,0.7556747198104858,0.6503131985664368,0.8099235892295837,0.5866924524307251,0.7982177734375,0.610130786895752,0.7992631196975708,0.6380583643913269,0.8013008832931519,0.6522539258003235,0.8634021282196045,0.5990545153617859,0.8474740982055664,0.6159798502922058,0.8418464660644531,0.6393637657165527,0.8439401984214783,ㅡ
0.8156307339668274,0.8500156998634338,0.7851237058639526,0.7473282814025879,0.7242758274078369,0.6927273273468018,0.6750022768974304,0.6900633573532104,0.6417479515075684,0.7162895202636719,0.6924435496330261,0.6518495082855225,0.6137300133705139,0.5901393890380859,0.5689254403114319,0.5539141297340393,0.532293438911438,0.5268129110336304,0.6694349646568298,0.7055123448371887,0.6030226349830627,0.6940705180168152,0.6284139156341553,0.7137948274612427,0.6600195169448853,0.723406970500946,0.656636655330658,0.7651113867759705,0.6096745133399963,0.7576568722724915,0.6352588534355164,0.7702353596687317,0.6623520851135254,0.7775753140449524,0.6506844758987427,0.8204365968704224,0.6134642958641052,0.8084219098091125,0.6358602046966553,0.8166653513908386,0.6584681868553162,0.8238950371742249,ㅡ
0.8290407657623291,0.8509888052940369,0.7968912124633789,0.752758800983429,0.7349368333816528,0.6998056173324585,0.6868695020675659,0.6993623375892639,0.6548487544059753,0.7235468029975891,0.6972755789756775,0.6553272604942322,0.6241331100463867,0.6007295250892639,0.5791653990745544,0.5674304962158203,0.5434577465057373,0.5427045822143555,0.6769264936447144,0.7071587443351746,0.6133813261985779,0.710545539855957,0.6373805999755859,0.7340154647827148,0.6674720644950867,0.740006148815155,0.6686433553695679,0.7680612206459045,0.6216313242912292,0.7725878953933716,0.6446035504341125,0.7871193885803223,0.6709275245666504,0.7897062301635742,0.6676686406135559,0.8255681395530701,0.6293924450874329,0.8213649392127991,0.6486137509346008,0.8307862281799316,0.671223521232605,0.8350470066070557,ㅡ
0.8396933078765869,0.8017210364341736,0.8001342415809631,0.7147738337516785,0.7307417988777161,0.6782460808753967,0.678592324256897,0.6888077855110168,0.6461223363876343,0.7206944227218628,0.6838178038597107,0.6386794447898865,0.5966674089431763,0.6115127801895142,0.5441168546676636,0.5962451100349426,0.5017834901809692,0.5892991423606873,0.6729674935340881,0.6966486573219299,0.6096065044403076,0.724197268486023,0.6376333236694336,0.738662600517273,0.6675816774368286,0.7366953492164612,0.673420250415802,0.7603585720062256,0.6222761273384094,0.7828492522239685,0.6495683789253235,0.7902369499206543,0.6761937141418457,0.7865185141563416,0.6806204915046692,0.8193954825401306,0.6387590169906616,0.8283595442771912,0.6615568995475769,0.8318134546279907,0.6845424175262451,0.8288092613220215,ㅡ
0.8776147365570068,0.6766355037689209,0.8268700242042542,0.600156843662262,0.748153030872345,0.577793300151825,0.6927476525306702,0.5988089442253113,0.6620990037918091,0.6390776038169861,0.6971940398216248,0.5486828684806824,0.6097988486289978,0.5529329180717468,0.5589727759361267,0.5541759133338928,0.5186666250228882,0.5586907267570496,0.6974264979362488,0.6064639091491699,0.6383917927742004,0.6577681303024292,0.6703501343727112,0.6650468111038208,0.6987105011940002,0.6528602242469788,0.709178626537323,0.6688295006752014,0.6611025929450989,0.7123714685440063,0.6909527778625488,0.7131106853485107,0.715472400188446,0.7000072598457336,0.7260527610778809,0.7272950410842896,0.6820393204689026,0.7518144249916077,0.7070656418800354,0.7508736848831177,0.7294661998748779,0.7419430017471313,ㅡ
0.8465665578842163,0.6126000881195068,0.7887475490570068,0.5445994138717651,0.7141790986061096,0.5392276048660278,0.6624418497085571,0.5700178742408752,0.6328569054603577,0.6119166612625122,0.6614928245544434,0.5196372270584106,0.5783389806747437,0.5370081067085266,0.5300673246383667,0.5477932095527649,0.4946346879005432,0.5605988502502441,0.6675034761428833,0.5746272206306458,0.6144080758094788,0.6456276774406433,0.6427054405212402,0.6488685011863708,0.667097270488739,0.6301832795143127,0.6853968501091003,0.6332442164421082,0.6433570981025696,0.691317617893219,0.6696441769599915,0.6877461075782776,0.6901723146438599,0.6690597534179688,0.7076756954193115,0.6869527101516724,0.667765736579895,0.7239046096801758,0.6903111934661865,0.7192656397819519,0.7101054191589355,0.7049644589424133,ㅡ
0.841471254825592,0.614054262638092,0.7749581336975098,0.5622708797454834,0.6938023567199707,0.5736973285675049,0.6374990940093994,0.5994775295257568,0.6045369505882263,0.626325249671936,0.6372185945510864,0.5746561288833618,0.5567581653594971,0.6162903904914856,0.5037645697593689,0.6379415392875671,0.4601082503795624,0.6617569923400879,0.6488639712333679,0.6301364898681641,0.6071154475212097,0.7072014808654785,0.6387759447097778,0.6970230340957642,0.6643381714820862,0.6732131838798523,0.6744375228881836,0.6850728988647461,0.647586464881897,0.7471065521240234,0.6727861762046814,0.7327394485473633,0.693848729133606,0.7107404470443726,0.704853355884552,0.7351008057594299,0.6784294247627258,0.7742018103599548,0.7020373344421387,0.761299192905426,0.7212724089622498,0.7432659268379211,ㅡ
0.8525228500366211,0.6440320611000061,0.7782775163650513,0.5984202027320862,0.6983169317245483,0.6268881559371948,0.6515076160430908,0.6760002374649048,0.6329091787338257,0.7321541905403137,0.6439790725708008,0.6338213682174683,0.5594742298126221,0.6915242075920105,0.5112643837928772,0.7274561524391174,0.4756401777267456,0.7607018947601318,0.6641245484352112,0.6896806955337524,0.6193547248840332,0.7707793712615967,0.6470066905021667,0.7589218616485596,0.6711329817771912,0.7308549880981445,0.6960561275482178,0.7415769696235657,0.6646751165390015,0.8053935766220093,0.6882238984107971,0.7885593771934509,0.7076801061630249,0.7639491558074951,0.7309530377388,0.7866413593292236,0.702562689781189,0.8317263722419739,0.7228225469589233,0.8148566484451294,0.7403174638748169,0.7932412624359131,ㅡ
0.8634193539619446,0.6134863495826721,0.7925440073013306,0.5565970540046692,0.7131214141845703,0.5635160803794861,0.6629377007484436,0.5967363715171814,0.6350882053375244,0.6311531662940979,0.6568790674209595,0.5634749531745911,0.5763581991195679,0.6004325747489929,0.5215514302253723,0.6207683086395264,0.476966917514801,0.6406601667404175,0.6662279963493347,0.6206549406051636,0.6172574758529663,0.6978278756141663,0.6462818384170532,0.6932979226112366,0.6722817420959473,0.6699651479721069,0.6900781989097595,0.6769865155220032,0.6560571193695068,0.7382265329360962,0.6816955804824829,0.7278184294700623,0.7023976445198059,0.704413890838623,0.7184597253799438,0.7271550893783569,0.6867373585700989,0.7699861526489258,0.7098016142845154,0.7595071196556091,0.7291938066482544,0.7407034039497375,ㅡ
0.8618513345718384,0.6460537910461426,0.795855700969696,0.5735892653465271,0.7156477570533752,0.5679841041564941,0.6648696660995483,0.5983166098594666,0.6381368041038513,0.6404238939285278,0.6584876179695129,0.5607756972312927,0.5701997876167297,0.5827917456626892,0.5152826309204102,0.5950831770896912,0.4712357521057129,0.6087108850479126,0.6615877747535706,0.6222076416015625,0.6093944311141968,0.6793258786201477,0.6407023072242737,0.677993893623352,0.6683443188667297,0.6599488854408264,0.6798545718193054,0.6841661334037781,0.641918420791626,0.728391706943512,0.6702446937561035,0.7204922437667847,0.693363606929779,0.7022104859352112,0.7029697299003601,0.7401432991027832,0.6677602529525757,0.7669789791107178,0.6929771900177002,0.757987380027771,0.7144376039505005,0.7438008785247803,ㅡ
0.8623688220977783,0.7186216115951538,0.8074849843978882,0.6295079588890076,0.7280452847480774,0.6077523231506348,0.6685526371002197,0.6281902194023132,0.6362112164497375,0.6675497889518738,0.6748397350311279,0.5873478651046753,0.5770341157913208,0.5847191214561462,0.5205742120742798,0.5881654024124146,0.47561872005462646,0.5959032773971558,0.6684801578521729,0.6548228859901428,0.5940013527870178,0.6906497478485107,0.6249961256980896,0.6904739737510681,0.6590004563331604,0.6795960664749146,0.6779068112373352,0.721795916557312,0.6273391246795654,0.746164083480835,0.658701479434967,0.7383384108543396,0.6890928149223328,0.7275558710098267,0.695416271686554,0.779162585735321,0.6727755069732666,0.7862367033958435,0.6984395384788513,0.7772294878959656,0.7200122475624084,0.7682200074195862,ㅡ
0.8957775831222534,0.7327016592025757,0.8516495227813721,0.6351656913757324,0.7721331119537354,0.5984981060028076,0.7086513638496399,0.6111556887626648,0.6712907552719116,0.6462653875350952,0.7222667336463928,0.5561822652816772,0.6292341947555542,0.5344182252883911,0.5747241377830505,0.5179632902145386,0.5305635333061218,0.5084283947944641,0.7070661783218384,0.6172029376029968,0.6303673982620239,0.6451488733291626,0.659414529800415,0.6566774249076843,0.6923453211784363,0.6547152996063232,0.70717453956604,0.6829589605331421,0.650272786617279,0.7040129899978638,0.6818812489509583,0.7063823938369751,0.7111076712608337,0.7026721239089966,0.7171441316604614,0.7443220019340515,0.6817023754119873,0.7486801743507385,0.7080665826797485,0.7501068711280823,0.7315942049026489,0.7491270303726196,ㅡ
0.8725468516349792,0.7179487943649292,0.8206295967102051,0.6257019639015198,0.7443515658378601,0.6010514497756958,0.6860404014587402,0.6194894313812256,0.6530286073684692,0.6586747169494629,0.6867152452468872,0.5729032754898071,0.5900485515594482,0.5693545341491699,0.5333700180053711,0.565366268157959,0.4888341426849365,0.5668339133262634,0.6779869794845581,0.6386516094207764,0.6011251211166382,0.6754879951477051,0.6315993666648865,0.6795202493667603,0.6651715636253357,0.6715409159660339,0.6858478784561157,0.7054980993270874,0.6276419162750244,0.7337411046028137,0.6590405106544495,0.7312479615211487,0.6884164214134216,0.722719669342041,0.7037702798843384,0.7651598453521729,0.667818009853363,0.7790498733520508,0.6944583654403687,0.7742217779159546,0.7173511981964111,0.7671653628349304,ㅡ
0.8910825848579407,0.5734252333641052,0.8087253570556641,0.49669599533081055,0.7081555128097534,0.5060040950775146,0.641441822052002,0.5579934120178223,0.6115925312042236,0.6260483860969543,0.6423812508583069,0.5083773136138916,0.5184641480445862,0.5234953165054321,0.44151267409324646,0.5281358361244202,0.3815600275993347,0.5369664430618286,0.649279773235321,0.5961300730705261,0.5536015629768372,0.6694154739379883,0.5974984169006348,0.6587197780609131,0.6428754329681396,0.6340341567993164,0.6777921915054321,0.6760438680648804,0.6058254837989807,0.7326567769050598,0.6420263051986694,0.7126225233078003,0.6776954531669617,0.6895172595977783,0.7169127464294434,0.7415798306465149,0.6662021279335022,0.7668783068656921,0.6933044195175171,0.7471621036529541,0.7197787761688232,0.7313719987869263,ㅡ
0.8752262592315674,0.5163010954856873,0.7650451064109802,0.41240668296813965,0.6180886626243591,0.4206680655479431,0.5078639388084412,0.47031229734420776,0.4490862786769867,0.5450681447982788,0.5421280860900879,0.43224096298217773,0.36220335960388184,0.4606534540653229,0.2543431222438812,0.47186988592147827,0.16905102133750916,0.4884032607078552,0.5588763952255249,0.551405131816864,0.417614221572876,0.6562133431434631,0.46675366163253784,0.6314149498939514,0.5261977314949036,0.5940074324607849,0.5974900722503662,0.6570092439651489,0.495278537273407,0.7355167269706726,0.53457111120224,0.697918713092804,0.5827133059501648,0.6644676923751831,0.6426534056663513,0.7408791184425354,0.5618398785591125,0.7674128413200378,0.5919657945632935,0.7306532263755798,0.6313350796699524,0.7076848149299622,ㅡ
0.9851937294006348,0.4294036626815796,0.8725168704986572,0.2997798025608063,0.7371537089347839,0.2809228301048279,0.635361909866333,0.3539845049381256,0.582761287689209,0.4456525146961212,0.6640374660491943,0.2817491292953491,0.46924158930778503,0.2942231595516205,0.35076138377189636,0.3022172451019287,0.2599561810493469,0.31734368205070496,0.671486496925354,0.41456663608551025,0.5165555477142334,0.48119866847991943,0.5720222592353821,0.46190786361694336,0.6419561505317688,0.43725547194480896,0.6981808543205261,0.5331467390060425,0.5871261954307556,0.571043074131012,0.6375741958618164,0.5356709361076355,0.6953782439231873,0.5134047865867615,0.7321439385414124,0.6307197213172913,0.6573799252510071,0.6301493048667908,0.7001757621765137,0.5977686047554016,0.7420327663421631,0.5821048617362976,ㅡ
0.9668040871620178,0.42237356305122375,0.8536393642425537,0.2771163284778595,0.7238665819168091,0.25650274753570557,0.6203131079673767,0.31529906392097473,0.5646604299545288,0.4062565565109253,0.6513537168502808,0.2386745810508728,0.4542023241519928,0.23720046877861023,0.3355005085468292,0.23299355804920197,0.2410261332988739,0.24348193407058716,0.6539653539657593,0.371614545583725,0.48856645822525024,0.4257442355155945,0.5455373525619507,0.4135340452194214,0.6164056062698364,0.3962867856025696,0.6737858653068542,0.49694374203681946,0.5444274544715881,0.5249814391136169,0.5938087701797485,0.49671924114227295,0.6555495858192444,0.47782185673713684,0.7004474401473999,0.5976079702377319,0.6159531474113464,0.5883523225784302,0.6592419147491455,0.5571303963661194,0.7050353288650513,0.5437307357788086,ㅡ
0.8936187624931335,0.5819409489631653,0.8170781135559082,0.4642253518104553,0.7046604156494141,0.4477968215942383,0.6158732771873474,0.48362523317337036,0.5606710314750671,0.5266993641853333,0.6417780518531799,0.43429887294769287,0.5130797028541565,0.4221501052379608,0.4381111264228821,0.4189516305923462,0.3764505088329315,0.42466098070144653,0.6438975930213928,0.5151969790458679,0.5456247329711914,0.5467065572738647,0.5838536620140076,0.5381578803062439,0.6267052888870239,0.5236222147941589,0.6647710204124451,0.5937985777854919,0.5976662039756775,0.6200177073478699,0.6313585042953491,0.6060735583305359,0.6683787703514099,0.5946515202522278,0.6925698518753052,0.6611060500144958,0.6454696655273438,0.6649417281150818,0.6774583458900452,0.651195228099823,0.7082794904708862,0.6414741277694702,ㅡ
0.2209889441728592,0.611907958984375,0.25749796628952026,0.5343769788742065,0.31381574273109436,0.5140016078948975,0.35307514667510986,0.5281084179878235,0.37554895877838135,0.5599023699760437,0.3612382113933563,0.4810669720172882,0.440314918756485,0.48808926343917847,0.48588210344314575,0.4953991174697876,0.5218384861946106,0.5016219019889832,0.3730549216270447,0.5277025103569031,0.40519535541534424,0.5724148750305176,0.38274577260017395,0.5785306692123413,0.36140358448028564,0.5712494850158691,0.3705773949623108,0.5825806856155396,0.3849048614501953,0.6060698628425598,0.3645406663417816,0.6074059009552002,0.34526965022087097,0.5999693870544434,0.3617136776447296,0.6282801628112793,0.3667140007019043,0.6378659009933472,0.3482154905796051,0.6383206248283386,0.3309321105480194,0.6323674917221069,ㅡ
0.23774874210357666,0.5823961496353149,0.27371543645858765,0.508065402507782,0.32791492342948914,0.49038684368133545,0.36555016040802,0.5037115812301636,0.38526907563209534,0.5363291501998901,0.3744956851005554,0.45906245708465576,0.44928234815597534,0.46756941080093384,0.49364587664604187,0.4750071167945862,0.5285705327987671,0.4819084703922272,0.38508397340774536,0.5055636167526245,0.41334426403045654,0.5474441647529602,0.3913852572441101,0.5516483783721924,0.3710905611515045,0.5444597601890564,0.38158637285232544,0.5588868856430054,0.3954627811908722,0.5794902443885803,0.3754829168319702,0.5799157619476318,0.3569842576980591,0.5728115439414978,0.37231874465942383,0.6032698750495911,0.37754493951797485,0.6102524399757385,0.35949352383613586,0.6104849576950073,0.3432599902153015,0.6055594682693481,ㅡ
0.23892228305339813,0.5631239414215088,0.2767914831638336,0.4882828891277313,0.3333493769168854,0.470161110162735,0.3713041841983795,0.4854341447353363,0.3912133276462555,0.5168125033378601,0.3793063461780548,0.43754202127456665,0.45648014545440674,0.446319043636322,0.5016827583312988,0.4539581835269928,0.5372101068496704,0.4605228006839752,0.38959670066833496,0.48442840576171875,0.4199771583080292,0.5306680798530579,0.39763587713241577,0.5350207686424255,0.37695497274398804,0.5257657170295715,0.3857885003089905,0.5392158031463623,0.40034136176109314,0.562995970249176,0.3799704909324646,0.563785970211029,0.3610847592353821,0.555636465549469,0.3758222460746765,0.5845041871070862,0.381626158952713,0.593548595905304,0.3629024028778076,0.5937755703926086,0.34572020173072815,0.5884361863136292,ㅡ
0.21834620833396912,0.571582555770874,0.25813886523246765,0.4845128655433655,0.31879639625549316,0.4600474238395691,0.3626151382923126,0.4747927784919739,0.38752973079681396,0.5125571489334106,0.3641507029533386,0.42487427592277527,0.4515148103237152,0.4318571388721466,0.5014674067497253,0.439464807510376,0.5421333312988281,0.44585922360420227,0.3776462972164154,0.4773796796798706,0.41986238956451416,0.5206419825553894,0.3957918882369995,0.5271708965301514,0.37170785665512085,0.5211624503135681,0.3770776689052582,0.5374068021774292,0.39492419362068176,0.5590103268623352,0.37301814556121826,0.5612409114837646,0.351371169090271,0.5562208294868469,0.3700147569179535,0.5876838564872742,0.3766012489795685,0.5934538841247559,0.35603442788124084,0.5948265194892883,0.33690449595451355,0.5916218757629395,ㅡ
0.20908698439598083,0.5289533138275146,0.2539913058280945,0.4366779029369354,0.3217322528362274,0.4135073125362396,0.37097036838531494,0.43333232402801514,0.39833128452301025,0.4744078814983368,0.3747475743293762,0.3777705729007721,0.46945852041244507,0.3907575309276581,0.5240703821182251,0.40028855204582214,0.5680701732635498,0.4075051248073578,0.3859155774116516,0.4365500211715698,0.43032240867614746,0.48421451449394226,0.40282905101776123,0.48932090401649475,0.3762892186641693,0.481528103351593,0.3821529150009155,0.5017085671424866,0.4051332473754883,0.5262970328330994,0.3809014558792114,0.527476966381073,0.35681813955307007,0.5207996368408203,0.3719484210014343,0.5559396743774414,0.3831388056278229,0.562516450881958,0.36078956723213196,0.5639165639877319,0.3403260409832001,0.5597513318061829,ㅡ
0.22368280589580536,0.4959472119808197,0.26895636320114136,0.39421653747558594,0.340609073638916,0.3674933910369873,0.39334604144096375,0.38639065623283386,0.4233221411705017,0.4310833215713501,0.39944157004356384,0.3307839035987854,0.5022413730621338,0.34682247042655945,0.5616378784179688,0.35715416073799133,0.6085338592529297,0.36419442296028137,0.4143437445163727,0.39655357599258423,0.46118342876434326,0.4452463686466217,0.43060511350631714,0.45007699728012085,0.39922797679901123,0.4412020444869995,0.41120898723602295,0.4683453440666199,0.43170151114463806,0.490823358297348,0.405697226524353,0.4922304153442383,0.3784586191177368,0.4846918284893036,0.4003886580467224,0.5272077918052673,0.40616315603256226,0.5309091210365295,0.38245055079460144,0.5332273840904236,0.35936397314071655,0.5286266803741455,ㅡ
0.20688368380069733,0.4874495565891266,0.2546027600765228,0.3713371157646179,0.338417112827301,0.33499348163604736,0.40506067872047424,0.3546684682369232,0.4441085457801819,0.4016503691673279,0.4012514352798462,0.2938876748085022,0.5211840271949768,0.30329203605651855,0.5921047329902649,0.3130044639110565,0.6475332975387573,0.3194255530834198,0.4180013835430145,0.3698699474334717,0.4795255661010742,0.4216746985912323,0.4459795355796814,0.4259312152862549,0.40996673703193665,0.41372963786125183,0.41705837845802307,0.4504651129245758,0.443636417388916,0.4762822985649109,0.41482338309288025,0.47775891423225403,0.38456085324287415,0.469131201505661,0.406958669424057,0.5167971849441528,0.41757094860076904,0.5214745998382568,0.3908903896808624,0.5232080817222595,0.36610573530197144,0.5177305340766907,ㅡ
0.16401657462120056,0.4886036813259125,0.21156252920627594,0.35079503059387207,0.3059176504611969,0.3033905327320099,0.3833754062652588,0.3227812945842743,0.42761480808258057,0.3735402822494507,0.37696993350982666,0.2561851739883423,0.5135363936424255,0.2613794505596161,0.5960413217544556,0.2682774066925049,0.6605240106582642,0.2725834846496582,0.3984557092189789,0.34492868185043335,0.4703415334224701,0.3897421360015869,0.43182116746902466,0.39288508892059326,0.3898051083087921,0.3813179135322571,0.40076926350593567,0.4366258382797241,0.43607965111732483,0.4544827938079834,0.403743177652359,0.45584654808044434,0.36797866225242615,0.4489433765411377,0.39313992857933044,0.5121459364891052,0.40797626972198486,0.5081573724746704,0.3774237632751465,0.5113157629966736,0.3486592471599579,0.5094008445739746,ㅡ
0.11436495184898376,0.5315098762512207,0.16696332395076752,0.3706870973110199,0.27881234884262085,0.30602774024009705,0.3717706501483917,0.3255399763584137,0.42893171310424805,0.3716122806072235,0.3345926105976105,0.26132750511169434,0.4970923066139221,0.26016998291015625,0.5915460586547852,0.2655174136161804,0.6656723618507385,0.26627567410469055,0.36078521609306335,0.36657482385635376,0.4636726379394531,0.37650731205940247,0.4245205521583557,0.37743979692459106,0.37813469767570496,0.37688714265823364,0.3714825510978699,0.4671400785446167,0.42864111065864563,0.45089805126190186,0.39520543813705444,0.45130759477615356,0.3548470437526703,0.45289552211761475,0.37042611837387085,0.5494890213012695,0.3963991403579712,0.518208920955658,0.3638967275619507,0.5212793350219727,0.3333251476287842,0.5279616117477417,ㅡ
0.21751724183559418,0.6083177328109741,0.2714161276817322,0.49341729283332825,0.35614213347435,0.4559550881385803,0.4109395444393158,0.47395777702331543,0.4435989558696747,0.5153356194496155,0.41629350185394287,0.41829442977905273,0.5241792798042297,0.4240734577178955,0.5861096978187561,0.4315476715564728,0.6336277723312378,0.43705061078071594,0.4314377009868622,0.4897478222846985,0.4725652039051056,0.5271190404891968,0.44414380192756653,0.5312842726707458,0.41612789034843445,0.5267459750175476,0.42980724573135376,0.565156877040863,0.45087093114852905,0.5798395276069641,0.42616915702819824,0.5789533853530884,0.3981494903564453,0.5726342797279358,0.42006564140319824,0.6252415180206299,0.42976027727127075,0.6210736036300659,0.4058206379413605,0.6202354431152344,0.3806304633617401,0.6167157888412476,ㅡ
0.23472751677036285,0.6978908181190491,0.2768811285495758,0.6029533743858337,0.34070324897766113,0.5667901039123535,0.3873729109764099,0.5801790356636047,0.41213834285736084,0.6177288293838501,0.38682273030281067,0.5337356925010681,0.46907147765159607,0.49519479274749756,0.5178896188735962,0.47191745042800903,0.5550534129142761,0.45226773619651794,0.40336179733276367,0.5897289514541626,0.44941988587379456,0.614323079586029,0.4219631254673004,0.6274369955062866,0.3937534987926483,0.6270580887794495,0.4051520526409149,0.654541552066803,0.43315955996513367,0.6640838980674744,0.408619225025177,0.6705157160758972,0.3842093348503113,0.6690261363983154,0.399655818939209,0.7104308009147644,0.4185475707054138,0.7061998844146729,0.3957602083683014,0.7104476094245911,0.37417808175086975,0.7116715312004089,ㅡ
0.1818360984325409,0.7147728800773621,0.22199934720993042,0.6140971779823303,0.28166690468788147,0.5724236965179443,0.328166663646698,0.5822360515594482,0.356660395860672,0.6171221733093262,0.32712242007255554,0.5349544286727905,0.4047093689441681,0.4754292666912079,0.4504689574241638,0.4390873908996582,0.4854029417037964,0.41019898653030396,0.34736549854278564,0.5898756384849548,0.3940071165561676,0.6102136373519897,0.3676456809043884,0.6247748732566833,0.3405700623989105,0.6274159550666809,0.3518616855144501,0.6532827019691467,0.37162965536117554,0.6600500345230103,0.34787535667419434,0.6656898856163025,0.32595500349998474,0.6655767560005188,0.34897568821907043,0.7077251076698303,0.35844486951828003,0.7013240456581116,0.33619940280914307,0.7061349749565125,0.31710636615753174,0.7087501287460327,ㅡ
0.2369319200515747,0.579039454460144,0.28387099504470825,0.4997727870941162,0.35408541560173035,0.4852830767631531,0.3963569700717926,0.510007917881012,0.41598445177078247,0.5492170453071594,0.40842553973197937,0.4537896513938904,0.49966323375701904,0.4587628245353699,0.555894136428833,0.46391022205352783,0.5982867479324341,0.46687838435173035,0.41951945424079895,0.5121210813522339,0.4447931945323944,0.553322970867157,0.4177738130092621,0.5549101829528809,0.3958708643913269,0.5431150794029236,0.41363653540611267,0.5766791105270386,0.42210203409194946,0.594978392124176,0.3999408483505249,0.5939270257949829,0.38027140498161316,0.5830764174461365,0.40145790576934814,0.6285597681999207,0.40278053283691406,0.6320213079452515,0.38311830163002014,0.6322814226150513,0.36603111028671265,0.6257725358009338,ㅡ
0.2463599294424057,0.4646618664264679,0.317012757062912,0.4137672483921051,0.3968687653541565,0.43483099341392517,0.4366663694381714,0.4793029725551605,0.45120853185653687,0.5203728675842285,0.48221468925476074,0.43782883882522583,0.563284695148468,0.47777801752090454,0.6194077730178833,0.5071388483047485,0.6622751951217651,0.5299527049064636,0.4818607568740845,0.4930952191352844,0.47178518772125244,0.5572047829627991,0.44014477729797363,0.5492850542068481,0.42308029532432556,0.5248056054115295,0.45699265599250793,0.5499624609947205,0.4429420232772827,0.594940721988678,0.4138132631778717,0.5809653401374817,0.39953988790512085,0.5539951920509338,0.4244728088378906,0.5956764221191406,0.41022375226020813,0.6306799650192261,0.38369932770729065,0.6155394911766052,0.36957842111587524,0.5901500582695007,ㅡ
0.24535471200942993,0.43910545110702515,0.3261784017086029,0.41146188974380493,0.404758095741272,0.46301472187042236,0.4377281665802002,0.5285587310791016,0.44837936758995056,0.5856783390045166,0.48922550678253174,0.5065165758132935,0.5687330961227417,0.593424916267395,0.6159127950668335,0.6478403806686401,0.6536620259284973,0.6912621259689331,0.4741208553314209,0.5544434785842896,0.45564576983451843,0.6485900282859802,0.42404675483703613,0.6296788454055786,0.4158143103122711,0.5980212092399597,0.4365915358066559,0.5975092053413391,0.41001009941101074,0.6588127613067627,0.38175976276397705,0.6303544044494629,0.3765820562839508,0.5981850028038025,0.3960563540458679,0.6257914304733276,0.37363865971565247,0.6674947142601013,0.3471204340457916,0.6379197239875793,0.3390684425830841,0.6068140864372253,ㅡ
0.23029780387878418,0.49079054594039917,0.3100486397743225,0.4510667324066162,0.3911077380180359,0.4887331426143646,0.43056195974349976,0.541519045829773,0.44451701641082764,0.5957674384117126,0.472959965467453,0.5178408622741699,0.5485603213310242,0.5940513014793396,0.5948976278305054,0.6402326822280884,0.6314967274665833,0.6766391396522522,0.46008092164993286,0.5692824125289917,0.44644516706466675,0.6505051851272583,0.41635987162590027,0.6321618556976318,0.40531688928604126,0.6036086678504944,0.4244637191295624,0.616293728351593,0.40874505043029785,0.6666690111160278,0.38205835223197937,0.6410648822784424,0.3738531470298767,0.6112407445907593,0.38494551181793213,0.648578941822052,0.3743610382080078,0.6844705939292908,0.3506131172180176,0.6612327098846436,0.3402777314186096,0.632908046245575,ㅡ
0.23197783529758453,0.5246584415435791,0.30118274688720703,0.47065258026123047,0.3749067485332489,0.4819800853729248,0.41422519087791443,0.5178034901618958,0.4318925142288208,0.5619146823883057,0.44282492995262146,0.4715970754623413,0.5184217691421509,0.5011308789253235,0.5651828050613403,0.517609179019928,0.6014854907989502,0.531075119972229,0.4397505521774292,0.5190918445587158,0.4452417194843292,0.5882207155227661,0.4183771014213562,0.5857077240943909,0.40337127447128296,0.5693548321723938,0.4169765114784241,0.5714962482452393,0.41679227352142334,0.618976354598999,0.39057838916778564,0.6082302331924438,0.377331405878067,0.5869187116622925,0.3874743580818176,0.6139316558837891,0.38648703694343567,0.6458766460418701,0.36377087235450745,0.634567379951477,0.34960100054740906,0.6146034598350525,ㅡ
0.21260911226272583,0.5271568894386292,0.2747354805469513,0.464302122592926,0.34845060110092163,0.46425220370292664,0.3883807063102722,0.49310892820358276,0.40803346037864685,0.5268450975418091,0.41543421149253845,0.4451984763145447,0.4954223036766052,0.46351417899131775,0.5474568009376526,0.47158828377723694,0.587244987487793,0.4746091663837433,0.4223068654537201,0.49023041129112244,0.4233376383781433,0.5563170313835144,0.39266276359558105,0.5595031380653381,0.3742954134941101,0.5399464964866638,0.40879860520362854,0.5453968048095703,0.40511325001716614,0.5936235189437866,0.37483394145965576,0.5898123979568481,0.3583553433418274,0.5678660869598389,0.38738322257995605,0.5924866795539856,0.38516107201576233,0.6292407512664795,0.35815492272377014,0.6229538321495056,0.34053486585617065,0.6039351224899292,ㅡ
0.18624180555343628,0.6328094601631165,0.2235340178012848,0.5385424494743347,0.2860542833805084,0.5048595666885376,0.3318515419960022,0.5162793397903442,0.3564979135990143,0.5454720258712769,0.34737974405288696,0.4686611294746399,0.4255547523498535,0.435491681098938,0.4759783148765564,0.41357553005218506,0.5145798921585083,0.3964917063713074,0.3663376569747925,0.5113549828529358,0.38304826617240906,0.5648878216743469,0.3556370437145233,0.5775361657142639,0.3358781337738037,0.5697401762008667,0.3666701912879944,0.5723971724510193,0.3730725646018982,0.6054984927177429,0.3483037054538727,0.6124686002731323,0.33068743348121643,0.603776752948761,0.35980460047721863,0.6274452805519104,0.36424410343170166,0.6489039063453674,0.3409726321697235,0.6542260646820068,0.322798490524292,0.6477479338645935,ㅡ
0.16153664886951447,0.6494427919387817,0.1946069598197937,0.5502001047134399,0.2581901550292969,0.5081218481063843,0.3064577579498291,0.5138150453567505,0.3347264230251312,0.5405206680297852,0.3167524039745331,0.45941638946533203,0.3916340172290802,0.4101021885871887,0.43883785605430603,0.3793242573738098,0.47484010457992554,0.35680538415908813,0.3412076532840729,0.5037697553634644,0.3607272803783417,0.5484264492988586,0.3342501223087311,0.5635061264038086,0.31281474232673645,0.5593236684799194,0.34696510434150696,0.5665046572685242,0.3520756959915161,0.5930021405220032,0.32777509093284607,0.601992666721344,0.30818209052085876,0.5965753793716431,0.3436420261859894,0.622341513633728,0.34578606486320496,0.6388304233551025,0.32344385981559753,0.6469389200210571,0.30339768528938293,0.6440045237541199,ㅡ
0.1738997995853424,0.6546963453292847,0.2064962089061737,0.5518516898155212,0.2677040994167328,0.5074844360351562,0.312375009059906,0.5112321376800537,0.33686670660972595,0.5363067388534546,0.32508835196495056,0.46068817377090454,0.39626339077949524,0.4047362208366394,0.44127947092056274,0.36851415038108826,0.47544726729393005,0.34123802185058594,0.350730836391449,0.5040547251701355,0.37371253967285156,0.5449481010437012,0.3474139869213104,0.5626512169837952,0.32596901059150696,0.5611029267311096,0.35791346430778503,0.5668947696685791,0.36622154712677,0.5893242955207825,0.342698335647583,0.6001822352409363,0.32366812229156494,0.596505880355835,0.356107234954834,0.6237795948982239,0.3602074384689331,0.6362565755844116,0.33841779828071594,0.6455256938934326,0.3191342353820801,0.6445376873016357,ㅡ
0.1936076134443283,0.6194603443145752,0.23697984218597412,0.5178086757659912,0.3105061650276184,0.48408573865890503,0.36041244864463806,0.4949791133403778,0.3896550238132477,0.5298437476158142,0.37075722217559814,0.440861314535141,0.4629383981227875,0.4336634576320648,0.5201886892318726,0.4281693398952484,0.5638349056243896,0.42267560958862305,0.3911227583885193,0.49652066826820374,0.42138051986694336,0.5412517786026001,0.3934338688850403,0.5523527264595032,0.3676331043243408,0.5463799834251404,0.3931111693382263,0.5644692778587341,0.410491019487381,0.5892342925071716,0.3843141198158264,0.5936875343322754,0.3599594235420227,0.5851068496704102,0.38583528995513916,0.6229689121246338,0.395952433347702,0.6354386806488037,0.3720715641975403,0.6396687030792236,0.3493542969226837,0.6349287629127502,ㅡ
0.1961555927991867,0.5991204380989075,0.25593775510787964,0.5036115050315857,0.33858826756477356,0.48016786575317383,0.3897748291492462,0.5058856010437012,0.4136020839214325,0.5551316738128662,0.4089966118335724,0.44611892104148865,0.5156563520431519,0.4559812843799591,0.5822073221206665,0.46668875217437744,0.6297768950462341,0.4751743674278259,0.4250035583972931,0.5199013352394104,0.4509000778198242,0.5646336078643799,0.4175339341163635,0.5662547945976257,0.38830259442329407,0.5554090142250061,0.4185658395290375,0.5980651378631592,0.4209485948085785,0.6173092126846313,0.3931970000267029,0.6143993735313416,0.36857739090919495,0.6034302711486816,0.4026710093021393,0.6607335805892944,0.39632314443588257,0.6619144678115845,0.3710970878601074,0.6589842438697815,0.3492182493209839,0.6524733304977417,ㅡ
0.16956527531147003,0.6275869011878967,0.23874883353710175,0.5160475373268127,0.33029821515083313,0.4874718487262726,0.3865273892879486,0.50896155834198,0.415839284658432,0.5601967573165894,0.40844079852104187,0.4547159969806671,0.5257276296615601,0.4707120656967163,0.5947424173355103,0.4855221211910248,0.6449331641197205,0.497214674949646,0.42132318019866943,0.5321840047836304,0.4484665095806122,0.5832448601722717,0.4137618839740753,0.582390308380127,0.3835093677043915,0.5718497633934021,0.40953174233436584,0.6143534779548645,0.41826218366622925,0.6336511373519897,0.3875279128551483,0.6285780668258667,0.3604121208190918,0.6182175874710083,0.3890864849090576,0.6787140369415283,0.3884073495864868,0.6769286394119263,0.36184272170066833,0.6731491088867188,0.3376903235912323,0.6664836406707764,ㅡ
0.2593042254447937,0.6151787042617798,0.3025016188621521,0.5293490290641785,0.36530399322509766,0.5072545409202576,0.407378226518631,0.5230838060379028,0.42955026030540466,0.5570772886276245,0.41302332282066345,0.48107460141181946,0.4954204857349396,0.49026477336883545,0.5421575307846069,0.4983116388320923,0.5776014924049377,0.5040848851203918,0.42352020740509033,0.5375125408172607,0.44050148129463196,0.563431441783905,0.4172841012477875,0.5646542310714722,0.3974423110485077,0.5598572492599487,0.419554203748703,0.5963866114616394,0.4242079555988312,0.60142582654953,0.4042104184627533,0.6012985706329346,0.3850608468055725,0.5964363813400269,0.4099659323692322,0.6419486403465271,0.4107741415500641,0.6347737312316895,0.39327409863471985,0.632371723651886,0.3760530352592468,0.6284071803092957,ㅡ
0.26601237058639526,0.5909140110015869,0.2996578514575958,0.521824300289154,0.3511216938495636,0.5043080449104309,0.38620203733444214,0.5178411602973938,0.4039461016654968,0.5455625653266907,0.3965195417404175,0.4775638282299042,0.46523216366767883,0.4829530715942383,0.5070452094078064,0.4892631471157074,0.5387284159660339,0.49456825852394104,0.4078208804130554,0.5205466747283936,0.4241936206817627,0.5595124959945679,0.4028570055961609,0.563016414642334,0.3846420347690582,0.5541610717773438,0.4054110646247864,0.5703281760215759,0.4117105305194855,0.5907896161079407,0.3928716778755188,0.5905241370201111,0.3760509192943573,0.5817078351974487,0.3975660502910614,0.611120879650116,0.39925387501716614,0.6197628378868103,0.3822120428085327,0.6203253269195557,0.36682987213134766,0.6151582598686218,ㅡ
0.26175224781036377,0.518047571182251,0.30171898007392883,0.4514995813369751,0.35731106996536255,0.43894174695014954,0.3914502263069153,0.45376822352409363,0.40703994035720825,0.4838739335536957,0.399079829454422,0.41045770049095154,0.47061705589294434,0.4154086112976074,0.516103982925415,0.41757577657699585,0.5511486530303955,0.4197246730327606,0.4071090519428253,0.4569142162799835,0.43324920535087585,0.4945409297943115,0.4137226641178131,0.49849021434783936,0.39612558484077454,0.49007996916770935,0.4025302827358246,0.5085976123809814,0.4163777828216553,0.5282261967658997,0.39795318245887756,0.528356671333313,0.3814255893230438,0.518840491771698,0.3920968770980835,0.5521773099899292,0.39660918712615967,0.5615351796150208,0.3783801794052124,0.5609004497528076,0.36355406045913696,0.5544800758361816,ㅡ
0.2715664505958557,0.3584763705730438,0.3093934953212738,0.27937865257263184,0.3674432337284088,0.26551198959350586,0.40873491764068604,0.2853285074234009,0.4288303256034851,0.3164372742176056,0.42628297209739685,0.2410200834274292,0.5043426156044006,0.23725378513336182,0.5527349710464478,0.23510630428791046,0.5901840925216675,0.2353324294090271,0.4372349679470062,0.2868534326553345,0.45947128534317017,0.34591245651245117,0.43447449803352356,0.35421764850616455,0.4168455898761749,0.3435007333755493,0.4305889904499054,0.340782105922699,0.43972980976104736,0.3800751268863678,0.4174310266971588,0.38012510538101196,0.40199214220046997,0.36640360951423645,0.41775718331336975,0.3853168487548828,0.4208112955093384,0.4120912551879883,0.3985370695590973,0.41108250617980957,0.38235393166542053,0.39782819151878357,ㅡ
0.28108590841293335,0.3579683005809784,0.32175877690315247,0.29182395339012146,0.37776288390159607,0.28173887729644775,0.4146857261657715,0.30158722400665283,0.4330372214317322,0.3339621126651764,0.42884036898612976,0.25401559472084045,0.5020317435264587,0.25242483615875244,0.5481541752815247,0.25308531522750854,0.5838793516159058,0.25443097949028015,0.440684974193573,0.2957170605659485,0.45558011531829834,0.3531258702278137,0.43406087160110474,0.3615309000015259,0.4180343747138977,0.350028932094574,0.4358340799808502,0.34776926040649414,0.4378252327442169,0.3861229419708252,0.41699784994125366,0.3867459297180176,0.4019833505153656,0.3729414641857147,0.42452141642570496,0.3920442461967468,0.42087897658348083,0.418988972902298,0.40007534623146057,0.4179390072822571,0.38419023156166077,0.4056686758995056,ㅡ
0.25546592473983765,0.3581393361091614,0.2913278639316559,0.3032246232032776,0.3421984910964966,0.29324349761009216,0.3767525255680084,0.31458327174186707,0.39584094285964966,0.3453676998615265,0.3888864517211914,0.26383236050605774,0.4539841115474701,0.2538703680038452,0.49445992708206177,0.2509285509586334,0.5269484519958496,0.2504234313964844,0.3985064923763275,0.29633864760398865,0.42012637853622437,0.3537457585334778,0.4012816250324249,0.36881983280181885,0.3887389004230499,0.3628387451171875,0.39559826254844666,0.33968818187713623,0.4009741246700287,0.386161208152771,0.38091200590133667,0.39158111810684204,0.3690456449985504,0.38067448139190674,0.3870389759540558,0.37922200560569763,0.386077880859375,0.41485804319381714,0.3656332492828369,0.417096883058548,0.3523847460746765,0.40697479248046875,ㅡ
0.2442915141582489,0.47681188583374023,0.28344881534576416,0.4139167368412018,0.33901235461235046,0.39589419960975647,0.37142762541770935,0.41262051463127136,0.38538286089897156,0.445404589176178,0.37850919365882874,0.3644981384277344,0.4441376328468323,0.3529697060585022,0.4883500337600708,0.3499506711959839,0.5221073031425476,0.3486007750034332,0.38683268427848816,0.40427470207214355,0.40670526027679443,0.44441893696784973,0.3878949284553528,0.45202523469924927,0.3717740774154663,0.44445422291755676,0.3822140693664551,0.4532243311405182,0.39338329434394836,0.48165786266326904,0.3745765686035156,0.4828752279281616,0.35938388109207153,0.4719763994216919,0.37164756655693054,0.4972229301929474,0.3783315420150757,0.5145624876022339,0.3607122004032135,0.5153758525848389,0.3466634154319763,0.5077213048934937,ㅡ
0.24630220234394073,0.5744208097457886,0.29111555218696594,0.4969375431537628,0.3569239675998688,0.48254871368408203,0.3986268937587738,0.5057398080825806,0.4173540472984314,0.5419098138809204,0.41104549169540405,0.4540126919746399,0.4949307441711426,0.4632212519645691,0.5478255748748779,0.47102588415145874,0.5868843197822571,0.4760047197341919,0.4214116930961609,0.5071405172348022,0.4478311836719513,0.5569828152656555,0.4257013201713562,0.5650660991668701,0.40563878417015076,0.555362343788147,0.4166037142276764,0.5661240220069885,0.4285065233707428,0.5937995910644531,0.4079892337322235,0.5939995050430298,0.3893114924430847,0.5817743539810181,0.40529122948646545,0.6143907308578491,0.4105149805545807,0.6252031326293945,0.39067649841308594,0.6248716711997986,0.37294065952301025,0.6167036890983582,ㅡ
0.21967601776123047,0.38688695430755615,0.28965121507644653,0.30811601877212524,0.3851495087146759,0.3015861213207245,0.4460630714893341,0.3497844934463501,0.4721055328845978,0.4070543050765991,0.44712576270103455,0.26704949140548706,0.566127598285675,0.28526613116264343,0.643088161945343,0.30177825689315796,0.701449990272522,0.3123530149459839,0.45892712473869324,0.33931559324264526,0.4937872886657715,0.4276771545410156,0.45283371210098267,0.43374159932136536,0.4217488765716553,0.4043196737766266,0.4503858685493469,0.4201878607273102,0.45702335238456726,0.47972187399864197,0.4204636812210083,0.4754558503627777,0.39410892128944397,0.44464221596717834,0.43158382177352905,0.48931124806404114,0.42557182908058167,0.5267297029495239,0.39124009013175964,0.517746090888977,0.36722519993782043,0.48989367485046387,ㅡ
0.24267950654029846,0.3839978575706482,0.3220396637916565,0.2730240225791931,0.43159598112106323,0.260844349861145,0.5011419653892517,0.30315104126930237,0.5336053371429443,0.3677155077457428,0.5303855538368225,0.2240433394908905,0.6703268885612488,0.24313409626483917,0.7608424425125122,0.25514015555381775,0.830184817314148,0.2617444097995758,0.5414028167724609,0.3127802014350891,0.5635348558425903,0.40882205963134766,0.5166367888450623,0.40169620513916016,0.4829610586166382,0.36551275849342346,0.5229970812797546,0.4095114767551422,0.5341341495513916,0.4646231532096863,0.4934682846069336,0.4556412398815155,0.4638207256793976,0.42696523666381836,0.4965607821941376,0.4860808849334717,0.5022074580192566,0.5131286382675171,0.46663475036621094,0.506607711315155,0.4396761655807495,0.4893842339515686,ㅡ
0.23897847533226013,0.437784880399704,0.3212718367576599,0.31273606419563293,0.4363991916179657,0.29052984714508057,0.5026281476020813,0.3349665403366089,0.5328332781791687,0.4055040776729584,0.5313974022865295,0.24110360443592072,0.678596019744873,0.24673378467559814,0.7742879986763,0.2547166347503662,0.8475803136825562,0.25817546248435974,0.5487039685249329,0.3322913646697998,0.5706968307495117,0.4034799337387085,0.5240408778190613,0.40034279227256775,0.4891614615917206,0.37362873554229736,0.5349575281143188,0.43331605195999146,0.5443087816238403,0.4666299521923065,0.5023638606071472,0.4618977904319763,0.46948209404945374,0.4406264126300812,0.512561559677124,0.5160917639732361,0.514914333820343,0.5265005826950073,0.47734513878822327,0.5233893394470215,0.4463573098182678,0.5122667551040649,ㅡ
0.2321956902742386,0.6399714946746826,0.2976132035255432,0.5268927812576294,0.3848841190338135,0.48636507987976074,0.45104512572288513,0.4977443218231201,0.49478256702423096,0.5343420505523682,0.4458174705505371,0.4412164092063904,0.5633046627044678,0.41720473766326904,0.6349703669548035,0.4118630588054657,0.6919699907302856,0.4096323847770691,0.4570828080177307,0.515927791595459,0.5558011531829834,0.5462978482246399,0.522534191608429,0.564462423324585,0.48108580708503723,0.5659351944923401,0.45630690455436707,0.5979791283607483,0.5385819673538208,0.610950767993927,0.5140169262886047,0.6220270395278931,0.4804120361804962,0.621136486530304,0.44945162534713745,0.6705659031867981,0.5341467261314392,0.6725578904151917,0.5607834458351135,0.6794361472129822,0.5738826990127563,0.6776228547096252,ㅡ
0.22792702913284302,0.6212167739868164,0.28989899158477783,0.5354859232902527,0.36505356431007385,0.5152999758720398,0.4148195683956146,0.5429271459579468,0.44369879364967346,0.5893471837043762,0.4086175560951233,0.490799218416214,0.5055225491523743,0.4778395891189575,0.5629138350486755,0.4746536314487457,0.6061803102493286,0.46891945600509644,0.4168045222759247,0.5500099658966064,0.4976513683795929,0.5901621580123901,0.4724811911582947,0.6084721088409424,0.4431174099445343,0.6061438322067261,0.4131024479866028,0.6158741116523743,0.48512834310531616,0.6438857913017273,0.4627097249031067,0.6499061584472656,0.435824453830719,0.6422939300537109,0.4010649025440216,0.6729689836502075,0.45791172981262207,0.6833279132843018,0.4430229365825653,0.6849165558815002,0.42167413234710693,0.6788036227226257,ㅡ
0.2277844399213791,0.6862656474113464,0.28909578919410706,0.6050370335578918,0.3581278324127197,0.5897324085235596,0.402866929769516,0.619694173336029,0.4287000000476837,0.6624094843864441,0.39928725361824036,0.5667785406112671,0.4852841794490814,0.5609190464019775,0.5350525975227356,0.5634837746620178,0.5744960308074951,0.5629754066467285,0.404295414686203,0.6232970952987671,0.47604745626449585,0.6596801280975342,0.4506450593471527,0.6720126867294312,0.42211928963661194,0.6651742458343506,0.39964303374290466,0.6846115589141846,0.4606946110725403,0.708242654800415,0.43871474266052246,0.7117943167686462,0.4135887324810028,0.7027862071990967,0.38863784074783325,0.7369418740272522,0.4374680519104004,0.7460573315620422,0.42062175273895264,0.7469984292984009,0.3990251421928406,0.7416588664054871,ㅡ
0.2383609414100647,0.6753790378570557,0.2949436902999878,0.5957419872283936,0.3631012439727783,0.577996015548706,0.4143936336040497,0.6020890474319458,0.44355759024620056,0.6418014168739319,0.388516366481781,0.5596895217895508,0.4574611186981201,0.5440496802330017,0.49956679344177246,0.5344525575637817,0.5336034893989563,0.5258612632751465,0.39240410923957825,0.6118618249893188,0.48315972089767456,0.650627851486206,0.4615548849105835,0.6617279648780823,0.4319572448730469,0.6542409062385559,0.38896018266677856,0.6690382957458496,0.47023534774780273,0.7021257877349854,0.4478470981121063,0.7029974460601807,0.4220304787158966,0.6928480267524719,0.3782336711883545,0.7208970189094543,0.4489184021949768,0.7381649017333984,0.43755465745925903,0.7350728511810303,0.4184115529060364,0.7256432771682739,ㅡ
0.24063962697982788,0.6380050778388977,0.29354631900787354,0.554389238357544,0.36288997530937195,0.5340894460678101,0.4168108105659485,0.55326247215271,0.4482075572013855,0.5908697843551636,0.39127472043037415,0.5103248357772827,0.463487446308136,0.4916129410266876,0.5084648728370667,0.4833282232284546,0.5433364510536194,0.4756457507610321,0.3945772349834442,0.5637689232826233,0.4874576926231384,0.6042838096618652,0.46574336290359497,0.6165499091148376,0.4360167384147644,0.6076856255531311,0.3916824460029602,0.6238980293273926,0.47603505849838257,0.6571913361549377,0.45257097482681274,0.6582565903663635,0.4252750873565674,0.6490364670753479,0.38203299045562744,0.678013265132904,0.454929381608963,0.6972447037696838,0.44195032119750977,0.6938460469245911,0.4212227463722229,0.6844063997268677,ㅡ
0.24438045918941498,0.5826183557510376,0.29978320002555847,0.5022412538528442,0.36999639868736267,0.48607754707336426,0.4160318076610565,0.5107924938201904,0.4374483525753021,0.5547334551811218,0.42072445154190063,0.462342768907547,0.5120583772659302,0.4713526964187622,0.5677440166473389,0.47935059666633606,0.6104112863540649,0.4831339120864868,0.4274667799472809,0.5208771824836731,0.4784241318702698,0.5667102932929993,0.4504822790622711,0.575260579586029,0.4229241907596588,0.565481960773468,0.42064395546913147,0.5873227715492249,0.4660986065864563,0.6188812255859375,0.4431900382041931,0.6213400959968567,0.41804420948028564,0.6105005145072937,0.4064338207244873,0.6440442204475403,0.4478653073310852,0.6650455594062805,0.42941370606422424,0.6654914617538452,0.4062765836715698,0.6568983793258667,ㅡ
0.25376439094543457,0.608596920967102,0.30688902735710144,0.52045077085495,0.38082069158554077,0.4991494119167328,0.42751839756965637,0.518104076385498,0.4500232934951782,0.5590410232543945,0.443823903799057,0.4730417728424072,0.5368494391441345,0.4842207133769989,0.5911751985549927,0.495186448097229,0.6308438777923584,0.5038667321205139,0.45768317580223083,0.5365076661109924,0.473959356546402,0.5751711130142212,0.44529473781585693,0.5769453048706055,0.42226219177246094,0.5683742165565491,0.45117315649986267,0.6061234474182129,0.4517798125743866,0.6181966066360474,0.42659956216812134,0.6173591017723083,0.4050867259502411,0.6091800928115845,0.43718990683555603,0.6610772013664246,0.4355807304382324,0.6596369743347168,0.4135129451751709,0.6589338779449463,0.39270374178886414,0.6540480256080627,ㅡ
0.25293058156967163,0.6272797584533691,0.309725821018219,0.5397759675979614,0.37929847836494446,0.5224336981773376,0.41733840107917786,0.5484447479248047,0.4324415326118469,0.5912756323814392,0.4493297338485718,0.5169236063957214,0.5209735035896301,0.5439560413360596,0.561585009098053,0.5671887993812561,0.5916598439216614,0.587710976600647,0.4554515779018402,0.5752878189086914,0.4689498543739319,0.6057641506195068,0.4452039897441864,0.608122706413269,0.42561623454093933,0.6053594350814819,0.4416857957839966,0.6370179653167725,0.4470241069793701,0.6485683917999268,0.4235919415950775,0.644623875617981,0.4041147828102112,0.637696385383606,0.4204137921333313,0.6894558072090149,0.4224235415458679,0.6907000541687012,0.40260404348373413,0.6848049163818359,0.38392505049705505,0.6782267689704895,ㅡ
0.2729049324989319,0.6197991371154785,0.33323976397514343,0.5336180925369263,0.4037843942642212,0.520453929901123,0.44295892119407654,0.5399267077445984,0.4627808630466461,0.5730734467506409,0.4580312967300415,0.5071665644645691,0.5204939842224121,0.5402174592018127,0.5522626638412476,0.5611010193824768,0.5766374468803406,0.5790372490882874,0.4649353623390198,0.562841534614563,0.48419174551963806,0.6065607666969299,0.4588562548160553,0.6119716763496399,0.4379846751689911,0.6069443225860596,0.4532197117805481,0.6257851123809814,0.46129947900772095,0.6459999680519104,0.4354116916656494,0.6446661353111267,0.41555267572402954,0.6343305110931396,0.43296337127685547,0.6808567643165588,0.434815913438797,0.6871170997619629,0.41455280780792236,0.6842020750045776,0.3963649272918701,0.6750165224075317,ㅡ
0.3086335062980652,0.6332531571388245,0.3626110255718231,0.5478267073631287,0.4267042577266693,0.5349177122116089,0.4644645154476166,0.5556786060333252,0.48608478903770447,0.5877450704574585,0.47676363587379456,0.5189839601516724,0.5315596461296082,0.5588499903678894,0.557578444480896,0.579479992389679,0.5763053297996521,0.5949366092681885,0.4883524775505066,0.5685955286026001,0.5025231242179871,0.6215046644210815,0.47788143157958984,0.6271836757659912,0.45805248618125916,0.6186593174934387,0.48053857684135437,0.627761960029602,0.48748108744621277,0.6590640544891357,0.46191760897636414,0.6597826480865479,0.44176018238067627,0.6473808288574219,0.4643171727657318,0.6819828152656555,0.45926278829574585,0.6976249814033508,0.43944060802459717,0.6955255270004272,0.42107391357421875,0.6842039823532104,ㅡ
0.2674237787723541,0.6346029043197632,0.30799299478530884,0.5476489663124084,0.37729549407958984,0.5288569927215576,0.4182870388031006,0.5501098036766052,0.43722987174987793,0.5808424949645996,0.4426201283931732,0.5095822811126709,0.5217593312263489,0.5183311104774475,0.5739142298698425,0.5234967470169067,0.6114257574081421,0.5278632640838623,0.45450639724731445,0.5715977549552917,0.4625968337059021,0.5976588129997253,0.43719011545181274,0.5982014536857605,0.41784238815307617,0.593319296836853,0.4453132152557373,0.6375956535339355,0.44316381216049194,0.6430609822273254,0.4200472831726074,0.6406866908073425,0.4013650119304657,0.6346559524536133,0.426898717880249,0.6910603046417236,0.4199802875518799,0.6887816786766052,0.4005812704563141,0.6851339340209961,0.3839913010597229,0.6792193651199341,ㅡ
0.24923233687877655,0.6127980947494507,0.3123045265674591,0.535247802734375,0.3884933590888977,0.5211313366889954,0.43612825870513916,0.5490264892578125,0.4569917619228363,0.5946198105812073,0.4504173696041107,0.49869900941848755,0.5407023429870605,0.5058636665344238,0.5978754758834839,0.5135512351989746,0.6413568258285522,0.5201442837715149,0.460162878036499,0.5590218901634216,0.4757362902164459,0.6133456230163574,0.4439757168292999,0.6136903166770935,0.4209352731704712,0.5982867479324341,0.44951096177101135,0.6269940733909607,0.45516112446784973,0.6585186719894409,0.4274701774120331,0.6538419723510742,0.407424658536911,0.6383613348007202,0.43170395493507385,0.6832994818687439,0.43606889247894287,0.6986376643180847,0.41179484128952026,0.6932666897773743,0.3919270932674408,0.6816403865814209,ㅡ
0.25749722123146057,0.6018351316452026,0.3215039372444153,0.5188625454902649,0.4011823236942291,0.49782538414001465,0.45410704612731934,0.5269569754600525,0.48159730434417725,0.5788403749465942,0.4580601453781128,0.47276008129119873,0.5608988404273987,0.4784901738166809,0.6227769255638123,0.48571527004241943,0.6705327033996582,0.4893937408924103,0.4647279679775238,0.5363467335700989,0.5195801854133606,0.5975561141967773,0.4878048300743103,0.6056735515594482,0.4575044512748718,0.5933784246444702,0.45629948377609253,0.6082642078399658,0.49869030714035034,0.6485706567764282,0.4715154469013214,0.6494030952453613,0.4451935589313507,0.6366250514984131,0.44114741683006287,0.6705068349838257,0.4785080850124359,0.6898255944252014,0.4551796317100525,0.6877849698066711,0.4308472275733948,0.6786534786224365,ㅡ
0.22046557068824768,0.5906679630279541,0.27832740545272827,0.4916567802429199,0.35517406463623047,0.4588814675807953,0.4121573567390442,0.47229135036468506,0.4419272840023041,0.5159655809402466,0.405345618724823,0.4211632013320923,0.5035437345504761,0.4025244414806366,0.5648764967918396,0.3974253833293915,0.6123679280281067,0.3931542932987213,0.419360876083374,0.4796072840690613,0.4797200560569763,0.5236214399337769,0.4551249146461487,0.5422552824020386,0.42716291546821594,0.5416347980499268,0.4211846888065338,0.5491798520088196,0.46808695793151855,0.5777952075004578,0.44470059871673584,0.5847393274307251,0.41754502058029175,0.579413890838623,0.4157343804836273,0.6099275946617126,0.45616355538368225,0.6253193020820618,0.4366147220134735,0.6303641200065613,0.4121618866920471,0.6290425062179565,ㅡ
0.21797044575214386,0.5541709661483765,0.26622429490089417,0.4568175971508026,0.3383912444114685,0.42203861474990845,0.3937511146068573,0.43807294964790344,0.42334282398223877,0.48416590690612793,0.3924790024757385,0.37924692034721375,0.48722386360168457,0.3598291873931885,0.5435596108436584,0.34836098551750183,0.5878134369850159,0.33804547786712646,0.40962350368499756,0.43254733085632324,0.46438172459602356,0.48773691058158875,0.4372819662094116,0.5076483488082886,0.41049689054489136,0.5024725794792175,0.4122841954231262,0.49957790970802307,0.45391610264778137,0.5414901375770569,0.4293646514415741,0.5517317056655884,0.40326395630836487,0.5439322590827942,0.40736067295074463,0.5585812926292419,0.4407881796360016,0.5849331617355347,0.42053472995758057,0.5936061143875122,0.39658302068710327,0.5898351669311523,ㅡ
