0.846820592880249,0.6154489517211914,0.8048244714736938,0.5214123725891113,0.7378140687942505,0.4914841949939728,0.6777029633522034,0.5078264474868774,0.644246518611908,0.5360192656517029,0.6981619596481323,0.4649905562400818,0.6035477519035339,0.46057161688804626,0.5477715134620667,0.45738378167152405,0.5047288537025452,0.4579029083251953,0.6816607117652893,0.525913655757904,0.6101254224777222,0.5228850841522217,0.6394438147544861,0.525641679763794,0.6674681901931763,0.5254486799240112,0.6823440790176392,0.5853762626647949,0.6243921518325806,0.5805428624153137,0.6513470411300659,0.5782999992370605,0.6770056486129761,0.5766597390174866,0.6867728233337402,0.6431117653846741,0.6131738424301147,0.6584552526473999,0.5763840079307556,0.6758087277412415,0.542382001876831,0.6933048963546753,ㅢ
0.8135915994644165,0.6341661810874939,0.7714583277702332,0.5456090569496155,0.7068325877189636,0.5215510129928589,0.6525341868400574,0.5438318252563477,0.6239089965820312,0.5784409046173096,0.6630213260650635,0.4918251037597656,0.5773058533668518,0.48729127645492554,0.5247757434844971,0.48429882526397705,0.4842509627342224,0.48355522751808167,0.6473561525344849,0.550809383392334,0.588424801826477,0.5525166392326355,0.6167048215866089,0.5555623769760132,0.6432346701622009,0.554050624370575,0.6489549279212952,0.6085503697395325,0.6007658839225769,0.6068929433822632,0.6266583800315857,0.6049957871437073,0.6509530544281006,0.6034072041511536,0.6543371081352234,0.66350257396698,0.5866739749908447,0.6796887516975403,0.5513961911201477,0.6972751617431641,0.5197996497154236,0.7156444191932678,ㅢ
0.7927331924438477,0.7005596160888672,0.7574464082717896,0.6007949709892273,0.6964181661605835,0.5668105483055115,0.640461266040802,0.5799049139022827,0.6083067655563354,0.6077253818511963,0.6579685211181641,0.5453477501869202,0.5731486082077026,0.5359324812889099,0.5230899453163147,0.532680332660675,0.4840158224105835,0.5337320566177368,0.6387012600898743,0.602228581905365,0.5836227536201477,0.591351330280304,0.6090786457061768,0.5937249064445496,0.6331584453582764,0.5956971645355225,0.6370148658752441,0.6577692627906799,0.5919314026832581,0.6395692229270935,0.6165185570716858,0.6387460231781006,0.6380426287651062,0.6420586109161377,0.6398900151252747,0.7106050252914429,0.5710120797157288,0.7129592895507812,0.5391456484794617,0.7214637994766235,0.5107941627502441,0.7306601405143738,ㅢ
0.7516790628433228,0.7146022319793701,0.7294673919677734,0.6198508739471436,0.6784780621528625,0.5808282494544983,0.6286574602127075,0.5868277549743652,0.5973993539810181,0.6101399660110474,0.6310368776321411,0.5540223717689514,0.5559600591659546,0.5456095933914185,0.5101872682571411,0.5433993339538574,0.47339537739753723,0.5457174181938171,0.6103636026382446,0.6022034287452698,0.5708733201026917,0.5958861112594604,0.5927866697311401,0.6003910899162292,0.6118049025535583,0.6029863953590393,0.6050934195518494,0.653911828994751,0.5729219913482666,0.6499722599983215,0.5982698798179626,0.6553333401679993,0.6169425249099731,0.6607699394226074,0.6042487025260925,0.7022005319595337,0.5445029735565186,0.6945939064025879,0.5150418877601624,0.6963834166526794,0.4860765039920807,0.699731707572937,ㅢ
0.7416120767593384,0.7452805638313293,0.7173606157302856,0.6539927124977112,0.6712552905082703,0.6120333671569824,0.6235845685005188,0.6141430735588074,0.5927388668060303,0.6338127255439758,0.6260642409324646,0.5949499607086182,0.5513078570365906,0.5856611132621765,0.5045040845870972,0.5838332772254944,0.4701390564441681,0.5851563215255737,0.6076110005378723,0.6421793103218079,0.575188934803009,0.6422637104988098,0.599193811416626,0.6519784927368164,0.6209953427314758,0.6545011401176453,0.604143500328064,0.6915745139122009,0.5777347683906555,0.6892077326774597,0.602297306060791,0.6960266828536987,0.6213789582252502,0.6998698711395264,0.6040194034576416,0.7392026782035828,0.5459442138671875,0.731057345867157,0.5169010162353516,0.7347830533981323,0.4903733730316162,0.7378801107406616,ㅢ
0.748012900352478,0.7449077367782593,0.7314518094062805,0.651121199131012,0.6884099245071411,0.6001778841018677,0.6415537595748901,0.5982922911643982,0.6125696897506714,0.6176277995109558,0.6476612091064453,0.5933778882026672,0.5742096900939941,0.5652626752853394,0.5290848612785339,0.5547173023223877,0.49222511053085327,0.5507795214653015,0.6256330013275146,0.636114239692688,0.5873780250549316,0.6113853454589844,0.6105824708938599,0.6187961101531982,0.6292015910148621,0.6234194040298462,0.6184335947036743,0.680398166179657,0.5893962383270264,0.6536237597465515,0.6114163994789124,0.658592164516449,0.6289342045783997,0.6657887101173401,0.6157678961753845,0.7221549153327942,0.5558982491493225,0.6967554092407227,0.5267245769500732,0.6905773282051086,0.501801073551178,0.6866353750228882,ㅢ
0.7361741662025452,0.8063252568244934,0.7336745262145996,0.705598771572113,0.6963620781898499,0.6392689347267151,0.6443528532981873,0.6286602020263672,0.6115935444831848,0.6442546248435974,0.6514896154403687,0.6318062543869019,0.5795708298683167,0.5889406800270081,0.5338674187660217,0.5692169666290283,0.496635377407074,0.5575273036956787,0.6234456896781921,0.6703580617904663,0.5973976850509644,0.6319770812988281,0.6198793649673462,0.6411462426185608,0.6363491415977478,0.650458037853241,0.6108070611953735,0.7114789485931396,0.5893128514289856,0.6737427711486816,0.6101586222648621,0.6790749430656433,0.626617968082428,0.691264808177948,0.6045519709587097,0.7507125735282898,0.5483636260032654,0.7158415913581848,0.5194634199142456,0.703636646270752,0.4943472146987915,0.6983070373535156,ㅢ
0.739130973815918,0.7470259070396423,0.7237400412559509,0.6539508104324341,0.6816685199737549,0.5975372195243835,0.6322305202484131,0.5936211347579956,0.6020181775093079,0.6147392988204956,0.6393479108810425,0.5940762758255005,0.5634720921516418,0.5678088068962097,0.5155876278877258,0.5589485764503479,0.4761054217815399,0.5572136044502258,0.6163282990455627,0.6386485695838928,0.5802221894264221,0.6104027032852173,0.6040724515914917,0.6165894269943237,0.6225906610488892,0.6218143701553345,0.6084954738616943,0.6845170855522156,0.5786417722702026,0.6564257144927979,0.5996916890144348,0.6602628827095032,0.6170470118522644,0.6678699851036072,0.6051780581474304,0.7271877527236938,0.5446257591247559,0.7039107084274292,0.5139397382736206,0.7000784277915955,0.4867384433746338,0.6996261477470398,ㅢ
0.7343823909759521,0.6640303134918213,0.6946009993553162,0.5740294456481934,0.6239030361175537,0.5369741320610046,0.5567383170127869,0.5283941030502319,0.5167970061302185,0.5100845098495483,0.5932137370109558,0.5487359166145325,0.5130481719970703,0.561758816242218,0.4644138813018799,0.5732510089874268,0.4251900911331177,0.5850865840911865,0.5835803747177124,0.6044179201126099,0.5345527529716492,0.6146010160446167,0.5585846900939941,0.6134333610534668,0.5834926962852478,0.6098278760910034,0.5855030417442322,0.6566368341445923,0.5429714918136597,0.6612429022789001,0.5662151575088501,0.6584277153015137,0.5893597602844238,0.6562658548355103,0.5903714299201965,0.7034691572189331,0.5299745798110962,0.7122202515602112,0.4965170621871948,0.725406289100647,0.46672409772872925,0.7409749031066895,ㅢ
0.7449586391448975,0.6481244564056396,0.6975978016853333,0.568735659122467,0.635123074054718,0.544227123260498,0.5788763761520386,0.5542639493942261,0.5427538156509399,0.5680482983589172,0.593730092048645,0.5507135391235352,0.5146009922027588,0.5718124508857727,0.46508973836898804,0.5856180787086487,0.42646369338035583,0.6006410121917725,0.5846381187438965,0.6056393384933472,0.5382744669914246,0.6200015544891357,0.5645090341567993,0.61654132604599,0.5889939069747925,0.6109834909439087,0.5917456746101379,0.6567860245704651,0.5526989698410034,0.66634202003479,0.5765531659126282,0.6602728962898254,0.5991336703300476,0.6536599397659302,0.602810263633728,0.7041817903518677,0.5402780771255493,0.7218058109283447,0.509483277797699,0.7424720525741577,0.4831239581108093,0.7626157402992249,ㅢ
0.7582064867019653,0.6802411079406738,0.7287782430648804,0.5845503807067871,0.6715491414070129,0.5486020445823669,0.6187456846237183,0.5595336556434631,0.5901668071746826,0.5848539471626282,0.6248955130577087,0.544478714466095,0.5430387854576111,0.5443232655525208,0.4928545355796814,0.5465567111968994,0.45487552881240845,0.5522716641426086,0.6099934577941895,0.5966066718101501,0.57114177942276,0.5880768299102783,0.5942720174789429,0.5919762253761292,0.6148841381072998,0.5940549373626709,0.6094778180122375,0.6472679376602173,0.575088381767273,0.6338157653808594,0.5977633595466614,0.6329264640808105,0.6183385252952576,0.6351194977760315,0.6120194792747498,0.6935698390007019,0.546316385269165,0.6930144429206848,0.5143253803253174,0.7010506987571716,0.48648834228515625,0.7116078734397888,ㅢ
0.8003461360931396,0.6971487998962402,0.7703145742416382,0.5916087031364441,0.7068209052085876,0.5471121668815613,0.6462600827217102,0.5680559873580933,0.614409327507019,0.5996233820915222,0.6697297096252441,0.5392721891403198,0.5823459625244141,0.5265912413597107,0.5271428823471069,0.5274350047111511,0.48388728499412537,0.5314979553222656,0.6440749168395996,0.5960524678230286,0.5925729274749756,0.5720111131668091,0.617669939994812,0.5736923217773438,0.6418933868408203,0.5752220749855042,0.6372271776199341,0.6486694812774658,0.591727077960968,0.6171225905418396,0.6158746480941772,0.6157428622245789,0.6396662592887878,0.619412362575531,0.6365339159965515,0.6942633986473083,0.5672966837882996,0.6771062612533569,0.533942699432373,0.6741604208946228,0.507619321346283,0.6761400699615479,ㅢ
0.8126243352890015,0.847974419593811,0.8067728281021118,0.7221565246582031,0.7466658353805542,0.6380085349082947,0.6738362312316895,0.6254984140396118,0.63115394115448,0.648068368434906,0.7022401094436646,0.6302067637443542,0.6033884882926941,0.582711935043335,0.5438504219055176,0.5645718574523926,0.4960082769393921,0.5585895776748657,0.6664228439331055,0.6849446296691895,0.613303005695343,0.6280074119567871,0.6414005756378174,0.6290343999862671,0.6671305298805237,0.6409997940063477,0.6500130295753479,0.7379328608512878,0.6044995188713074,0.6763271689414978,0.6313011050224304,0.675801694393158,0.6547507643699646,0.6893818378448486,0.6410438418388367,0.7850349545478821,0.5681580305099487,0.7453225255012512,0.5304917097091675,0.7336055040359497,0.49677732586860657,0.7301424741744995,ㅢ
0.8669629096984863,0.7981910109519958,0.8342292308807373,0.6514812707901001,0.7450454831123352,0.5793718695640564,0.6523011326789856,0.5855786204338074,0.5971101522445679,0.6103131771087646,0.6940136551856995,0.5691590309143066,0.5678448677062988,0.5421256422996521,0.49241966009140015,0.5326032638549805,0.4297062158584595,0.532611072063446,0.6588113903999329,0.6433660387992859,0.581387996673584,0.6007402539253235,0.6137046217918396,0.5921981334686279,0.6472631096839905,0.597221851348877,0.6492706537246704,0.7141326069831848,0.577083170413971,0.6655739545822144,0.6084074974060059,0.6537395119667053,0.6397350430488586,0.6590518355369568,0.6480644345283508,0.7751404643058777,0.5515564680099487,0.7522828578948975,0.5055397748947144,0.7478693723678589,0.46559321880340576,0.7519169449806213,ㅢ
0.7701828479766846,0.7128615975379944,0.7317517995834351,0.5701448917388916,0.6390776634216309,0.5136500597000122,0.5544630289077759,0.5262052416801453,0.5029735565185547,0.5613312721252441,0.5656816959381104,0.4888875484466553,0.4409862160682678,0.47686758637428284,0.36715468764305115,0.47288504242897034,0.307409405708313,0.4764188230037689,0.5343706011772156,0.5678330063819885,0.4589172899723053,0.5547335147857666,0.500633180141449,0.5604158043861389,0.5397326946258545,0.5659735798835754,0.5279329419136047,0.6468316912651062,0.46618202328681946,0.6233425736427307,0.5065687298774719,0.6228229403495789,0.54195636510849,0.6278454661369324,0.5282477140426636,0.7159663438796997,0.4346313178539276,0.6896049976348877,0.3852936029434204,0.6833258867263794,0.3416571021080017,0.6796999573707581,ㅢ
0.7278301119804382,0.7269869446754456,0.7129712104797363,0.6094033122062683,0.6565952301025391,0.5551770925521851,0.6057614088058472,0.5494099259376526,0.5717719793319702,0.5668435096740723,0.5601871013641357,0.5309373736381531,0.48349547386169434,0.5197857022285461,0.4354269206523895,0.5160651803016663,0.39707717299461365,0.5157942771911621,0.5374498963356018,0.5920975208282471,0.4952128231525421,0.5867712497711182,0.5037448406219482,0.5817422866821289,0.5145364999771118,0.579910397529602,0.5374965071678162,0.6518074870109558,0.5012567043304443,0.6436769366264343,0.5285075306892395,0.6431772112846375,0.5517707467079163,0.6502753496170044,0.5430653691291809,0.7111756801605225,0.4906814396381378,0.7176567316055298,0.46426501870155334,0.7269676923751831,0.43786245584487915,0.7403368949890137,ㅢ
0.7212675213813782,0.7445636987686157,0.707108736038208,0.6311872601509094,0.6550814509391785,0.5745478868484497,0.6079337000846863,0.5749039649963379,0.574895977973938,0.5952950119972229,0.5524776577949524,0.5527405738830566,0.48174113035202026,0.5451281666755676,0.43512392044067383,0.5449008345603943,0.39848440885543823,0.5451793670654297,0.5313091278076172,0.6141265630722046,0.5297480225563049,0.6010684370994568,0.561644971370697,0.6049328446388245,0.5837798714637756,0.6101324558258057,0.5357353687286377,0.6745185256004333,0.519666850566864,0.6568810343742371,0.5536975860595703,0.6557022333145142,0.5767135620117188,0.6617306470870972,0.5444808006286621,0.7331461310386658,0.49643832445144653,0.74170982837677,0.4744524657726288,0.7543041706085205,0.44837474822998047,0.7708825469017029,ㅢ
0.7195760011672974,0.7624334692955017,0.7025524973869324,0.6517831087112427,0.6498087644577026,0.6033325791358948,0.6012688875198364,0.5981597900390625,0.567000687122345,0.6140990853309631,0.5599770545959473,0.5721824169158936,0.4832186996936798,0.5604865550994873,0.4366871118545532,0.5582075119018555,0.4003749489784241,0.5586104393005371,0.5373009443283081,0.6316658854484558,0.5230198502540588,0.6190248727798462,0.5551354289054871,0.6236608624458313,0.5785354971885681,0.6290652751922607,0.5391223430633545,0.6909849643707275,0.5219751596450806,0.6738498210906982,0.5579085946083069,0.6725558638572693,0.5816663503646851,0.6796398758888245,0.5457023978233337,0.7485032081604004,0.4867473542690277,0.7526476383209229,0.4601091742515564,0.761197030544281,0.4322583079338074,0.771925687789917,ㅢ
0.7800586223602295,0.7671552300453186,0.7440224289894104,0.6509588360786438,0.6739325523376465,0.6033251881599426,0.6124704480171204,0.6129923462867737,0.5722952485084534,0.6450448036193848,0.6085776090621948,0.5483364462852478,0.5084153413772583,0.5263109803199768,0.44977498054504395,0.5112431645393372,0.4037734270095825,0.5000470876693726,0.5793469548225403,0.6114516258239746,0.5169697999954224,0.6161244511604309,0.55496746301651,0.6326084136962891,0.5880920886993408,0.6357367634773254,0.5726423263549805,0.6820933818817139,0.5196593999862671,0.6855941414833069,0.5588021874427795,0.6980643272399902,0.5898293852806091,0.7004435658454895,0.573138415813446,0.7498300671577454,0.491900235414505,0.7384190559387207,0.4488905668258667,0.745720624923706,0.40745073556900024,0.7540299892425537,ㅢ
0.7967990040779114,0.7778606414794922,0.7609960436820984,0.6579243540763855,0.6878809332847595,0.6057068109512329,0.6228771209716797,0.6158393025398254,0.5814199447631836,0.6446375250816345,0.629843533039093,0.5495467782020569,0.5290504693984985,0.5170822739601135,0.4699595868587494,0.49750667810440063,0.4229515790939331,0.4847523272037506,0.6017621755599976,0.6150075793266296,0.5334135293960571,0.6028437614440918,0.5676130652427673,0.6156208515167236,0.5996476411819458,0.6220644116401672,0.5938501954078674,0.6855728030204773,0.5275403261184692,0.6698704361915588,0.5599371194839478,0.6746746301651001,0.5900103449821472,0.6778258681297302,0.5919333696365356,0.7531176805496216,0.5075435638427734,0.7395981550216675,0.4618687629699707,0.7441086769104004,0.41828110814094543,0.7521235346794128,ㅢ
0.8022388815879822,0.7843506932258606,0.7672320604324341,0.659826397895813,0.6950159072875977,0.5993483662605286,0.6255760192871094,0.5937188863754272,0.578704297542572,0.6123315095901489,0.6566511988639832,0.5523126125335693,0.5442679524421692,0.5048844218254089,0.4812086224555969,0.4836539030075073,0.4321974813938141,0.47157570719718933,0.6231285929679871,0.6226036548614502,0.529577374458313,0.591005802154541,0.5392179489135742,0.5936375260353088,0.5602676272392273,0.5930323600769043,0.6084355115890503,0.6981735825538635,0.512550950050354,0.6582499742507935,0.48000073432922363,0.6402766108512878,0.4568558931350708,0.6244673728942871,0.6038749814033508,0.765380859375,0.5190669894218445,0.7493466734886169,0.4699293375015259,0.7504066824913025,0.42454612255096436,0.7556297779083252,ㅢ
0.7777993679046631,0.7906330823898315,0.7401555180549622,0.6682652831077576,0.6676123142242432,0.6026424765586853,0.5942763686180115,0.5961768627166748,0.5431715846061707,0.6126399636268616,0.6355432868003845,0.5542279481887817,0.5219238996505737,0.5029029250144958,0.45620474219322205,0.4807458817958832,0.4072961211204529,0.47099506855010986,0.6048014163970947,0.62647545337677,0.48988860845565796,0.5952863693237305,0.5197451710700989,0.6148351430892944,0.5565565824508667,0.6223493814468384,0.5897703766822815,0.7039999961853027,0.47662052512168884,0.66508948802948,0.4961569905281067,0.6770965456962585,0.5265653729438782,0.6823140382766724,0.5818701982498169,0.7746654152870178,0.4914531111717224,0.7619196772575378,0.4400019645690918,0.7679718732833862,0.3975028395652771,0.7779224514961243,ㅢ
0.7436974048614502,0.7698625922203064,0.7134748101234436,0.6485439538955688,0.6513079404830933,0.5891690254211426,0.5887099504470825,0.583517849445343,0.542793333530426,0.5997549891471863,0.6227632164955139,0.5453274250030518,0.5184599161148071,0.4931967854499817,0.46290910243988037,0.4695969223976135,0.41972672939300537,0.45891445875167847,0.5948248505592346,0.6136101484298706,0.49187421798706055,0.5755977630615234,0.5196323394775391,0.5858361124992371,0.550955057144165,0.5934744477272034,0.5799474716186523,0.6855524778366089,0.48433545231819153,0.6418880820274353,0.5081851482391357,0.6446978449821472,0.5372852683067322,0.6505942344665527,0.5706363320350647,0.749980628490448,0.48908838629722595,0.714018702507019,0.4466841518878937,0.7057396769523621,0.40881478786468506,0.7089748382568359,ㅢ
0.7399134635925293,0.736693263053894,0.7156349420547485,0.6367930173873901,0.6577617526054382,0.5831359624862671,0.5989339351654053,0.5860676765441895,0.5600011944770813,0.6034673452377319,0.6302056312561035,0.5401756763458252,0.5458469986915588,0.5077387094497681,0.49615779519081116,0.4924289584159851,0.4555734395980835,0.48341071605682373,0.6058120131492615,0.5906544327735901,0.5301610231399536,0.568977952003479,0.5463555455207825,0.580578088760376,0.5686567425727844,0.5867584943771362,0.5916121006011963,0.6463319063186646,0.5227532386779785,0.6206454038619995,0.533295214176178,0.6285774111747742,0.548324704170227,0.6324089765548706,0.5810385346412659,0.6990494132041931,0.5194098353385925,0.6631999611854553,0.48522862792015076,0.6483008861541748,0.452731728553772,0.6376181840896606,ㅢ
0.7046021819114685,0.737445056438446,0.6896892786026001,0.6419610381126404,0.6415669918060303,0.5923556089401245,0.5911141037940979,0.5952348113059998,0.5604860186576843,0.6206781268119812,0.6019873023033142,0.5711120367050171,0.5326616168022156,0.5374729037284851,0.49132710695266724,0.5247530341148376,0.4577987790107727,0.5178195834159851,0.5751720666885376,0.6141109466552734,0.525795578956604,0.5909900069236755,0.533797025680542,0.5956762433052063,0.546250581741333,0.6009015440940857,0.5632875561714172,0.6599483489990234,0.5098074674606323,0.6316598057746887,0.4958359897136688,0.6261024475097656,0.485513836145401,0.6248453855514526,0.5583100914955139,0.7016579508781433,0.504267692565918,0.6898895502090454,0.4751906096935272,0.6872571706771851,0.4467710852622986,0.6881529688835144,ㅢ
0.6843838095664978,0.743403971195221,0.6714061498641968,0.6573610901832581,0.6340092420578003,0.6122996807098389,0.5919186472892761,0.6161054372787476,0.5660649538040161,0.6373075246810913,0.5801339745521545,0.5975266098976135,0.5208358764648438,0.5638706088066101,0.48184409737586975,0.5434331893920898,0.45143941044807434,0.5295878648757935,0.5579236149787903,0.6390515565872192,0.5351400971412659,0.6196646094322205,0.558038592338562,0.6278398036956787,0.5765459537506104,0.635069727897644,0.5534019470214844,0.6834526062011719,0.5348487496376038,0.6665058732032776,0.5579637289047241,0.6710890531539917,0.5760962963104248,0.6795384287834167,0.5548955798149109,0.7271216511726379,0.5049899220466614,0.7276867032051086,0.47785484790802,0.7353328466415405,0.4524649977684021,0.7454817295074463,ㅢ
0.6706857085227966,0.7493581175804138,0.6597996950149536,0.662563681602478,0.6213786005973816,0.613795816898346,0.5775999426841736,0.6142097115516663,0.5518313050270081,0.6363115310668945,0.5586992502212524,0.5998155474662781,0.4901158809661865,0.5566253066062927,0.44734156131744385,0.5326287746429443,0.41411352157592773,0.5179332494735718,0.5361927151679993,0.6446166038513184,0.5039874911308289,0.6211165189743042,0.5237000584602356,0.621397078037262,0.542747974395752,0.6257513165473938,0.5311172008514404,0.6904550790786743,0.49913790822029114,0.6679230332374573,0.514772891998291,0.6574035882949829,0.5311849117279053,0.6572696566581726,0.5321009159088135,0.7366377115249634,0.4819291830062866,0.745434582233429,0.4562694728374481,0.7540869116783142,0.4309403598308563,0.7659541964530945,ㅢ
0.6906706094741821,0.727042555809021,0.671237587928772,0.6229788661003113,0.6173816323280334,0.5736136436462402,0.559167206287384,0.5737042427062988,0.5226774215698242,0.5928637981414795,0.5641049146652222,0.5646985173225403,0.48338550329208374,0.5215675830841064,0.43384236097335815,0.4989832937717438,0.3950212001800537,0.486339807510376,0.5372185111045837,0.6173826456069946,0.4954341650009155,0.5804303884506226,0.5220109820365906,0.5823951959609985,0.5450915098190308,0.5909140110015869,0.5308429598808289,0.669121265411377,0.4908119738101959,0.6372343301773071,0.5135599374771118,0.6315112113952637,0.5356503129005432,0.6376527547836304,0.532349169254303,0.7167630791664124,0.4749688506126404,0.7203063368797302,0.444904088973999,0.7301127910614014,0.4162534475326538,0.7442757487297058,ㅢ
0.700817346572876,0.7118583917617798,0.6797813773155212,0.6017597913742065,0.6243924498558044,0.5503397583961487,0.5682618618011475,0.5519722104072571,0.5323623418807983,0.5744059085845947,0.5736568570137024,0.5428550243377686,0.48667365312576294,0.5099214315414429,0.435280442237854,0.49828433990478516,0.3955572843551636,0.49407970905303955,0.5465102195739746,0.5977814197540283,0.4937787353992462,0.566196620464325,0.5196462869644165,0.568424642086029,0.5461558699607849,0.5749998688697815,0.5386865735054016,0.6517519354820251,0.4933928847312927,0.6184070706367493,0.5202184915542603,0.6179519891738892,0.5424533486366272,0.6247153282165527,0.537017285823822,0.6999996304512024,0.47123822569847107,0.6879776120185852,0.4372670650482178,0.6864745616912842,0.404670774936676,0.6883039474487305,ㅢ
0.6992269158363342,0.6635216474533081,0.6745128035545349,0.5459868907928467,0.6144561767578125,0.49750903248786926,0.5563444495201111,0.4941554069519043,0.5164873003959656,0.5127046704292297,0.5533549189567566,0.4785407781600952,0.45145106315612793,0.459740549325943,0.3922877907752991,0.45238733291625977,0.34624019265174866,0.4536694884300232,0.5283284187316895,0.538098931312561,0.459453821182251,0.5279799699783325,0.48938459157943726,0.5384314656257629,0.5198684930801392,0.5459239482879639,0.5220938324928284,0.6015313267707825,0.459967702627182,0.5846923589706421,0.4880393445491791,0.5908564329147339,0.5151740312576294,0.596752941608429,0.5214548110961914,0.6606301665306091,0.44371700286865234,0.6487091183662415,0.40408065915107727,0.6486981511116028,0.3676418960094452,0.6478070020675659,ㅢ
0.692145049571991,0.6508458852767944,0.6612481474876404,0.5182141065597534,0.588857114315033,0.4450116753578186,0.5144500136375427,0.39718565344810486,0.4543045163154602,0.39724335074424744,0.5302541255950928,0.44468018412590027,0.4169042110443115,0.43817034363746643,0.3514842689037323,0.43515291810035706,0.29898083209991455,0.4371229410171509,0.5056477189064026,0.5124088525772095,0.4371803104877472,0.48862555623054504,0.4682006239891052,0.49143123626708984,0.5008403062820435,0.5010108351707458,0.5004066228866577,0.5853183269500732,0.43815290927886963,0.5560291409492493,0.46731212735176086,0.5561613440513611,0.4964528977870941,0.5643544793128967,0.501538097858429,0.6522413492202759,0.41336727142333984,0.6314980983734131,0.36949974298477173,0.6269769668579102,0.3339287042617798,0.6250117421150208,ㅢ
0.7415006160736084,0.6373838186264038,0.7030429244041443,0.487470805644989,0.6058874130249023,0.4436810612678528,0.5104815363883972,0.4659351408481598,0.45342695713043213,0.5083030462265015,0.5190111398696899,0.38922542333602905,0.38238948583602905,0.3864196538925171,0.29772353172302246,0.3858960270881653,0.23027080297470093,0.39302778244018555,0.48742929100990295,0.47589191794395447,0.4085046052932739,0.473641961812973,0.44789594411849976,0.48690176010131836,0.4899941384792328,0.4963551163673401,0.48110491037368774,0.5648971796035767,0.40115535259246826,0.5514438152313232,0.4343360662460327,0.5596160888671875,0.46938619017601013,0.5665166974067688,0.4838978052139282,0.6466140747070312,0.381398469209671,0.6397520303726196,0.33218079805374146,0.6469920873641968,0.2919153571128845,0.6526632308959961,ㅢ
0.7855532765388489,0.6081712245941162,0.7316406965255737,0.45268720388412476,0.6239320039749146,0.4127938747406006,0.5283612608909607,0.4553810656070709,0.47014278173446655,0.5112285017967224,0.5339306592941284,0.3375532031059265,0.3782741129398346,0.3303194046020508,0.28101009130477905,0.3256041407585144,0.20594298839569092,0.325859397649765,0.5004227757453918,0.4305568337440491,0.40270283818244934,0.45316821336746216,0.4506922960281372,0.48049235343933105,0.49892476201057434,0.4849169850349426,0.49243471026420593,0.5263935327529907,0.4006201922893524,0.5339661240577698,0.44449663162231445,0.5545274019241333,0.4895475208759308,0.5574122667312622,0.49465659260749817,0.6172791719436646,0.38116633892059326,0.61043381690979,0.3250998258590698,0.6241012811660767,0.2799612879753113,0.6319903135299683,ㅢ
0.7769787907600403,0.5765581130981445,0.7251307368278503,0.42111825942993164,0.611868143081665,0.37729358673095703,0.5128114819526672,0.4275767207145691,0.4579627215862274,0.49450066685676575,0.5301283597946167,0.29821261763572693,0.36753636598587036,0.2901614308357239,0.26590073108673096,0.2811867594718933,0.18467894196510315,0.2809218764305115,0.4989318549633026,0.39830419421195984,0.3938402235507965,0.4054519236087799,0.45364493131637573,0.42426598072052,0.5058654546737671,0.42827922105789185,0.49047011137008667,0.4980643689632416,0.4010409712791443,0.49840623140335083,0.453188419342041,0.5091456770896912,0.5009685158729553,0.5109597444534302,0.4890347421169281,0.5918108224868774,0.3750016689300537,0.5813524723052979,0.31698480248451233,0.5872912406921387,0.26621872186660767,0.5939249992370605,ㅢ
0.7826305627822876,0.6011433005332947,0.7280646562576294,0.4436284899711609,0.6187350153923035,0.4039301872253418,0.5242701172828674,0.45353561639785767,0.46774595975875854,0.518754243850708,0.5162757635116577,0.34001344442367554,0.3563079237937927,0.32184845209121704,0.258134126663208,0.31528908014297485,0.18348950147628784,0.316205233335495,0.48447754979133606,0.43758922815322876,0.40592360496520996,0.4489519000053406,0.4590582251548767,0.46745237708091736,0.5042528510093689,0.4652654528617859,0.4808368980884552,0.5319878458976746,0.4067291021347046,0.5277031064033508,0.45983555912971497,0.5402591824531555,0.5014699697494507,0.5411899089813232,0.48645690083503723,0.6171351075172424,0.3803653419017792,0.6079214215278625,0.32870811223983765,0.6165427565574646,0.28307539224624634,0.6225183010101318,ㅢ
0.7557438611984253,0.5948536992073059,0.7113655209541321,0.4814167022705078,0.6420185565948486,0.4447903633117676,0.5811981558799744,0.4689469635486603,0.5425330996513367,0.5054786205291748,0.5769715905189514,0.4034777581691742,0.47715556621551514,0.3677881360054016,0.4126335680484772,0.3525936007499695,0.3619092106819153,0.3451235294342041,0.548203706741333,0.4667019248008728,0.49048030376434326,0.4569622874259949,0.5277444124221802,0.46938812732696533,0.5580224394798279,0.47129952907562256,0.5407516360282898,0.5327761173248291,0.4898459315299988,0.5214899778366089,0.5264148712158203,0.5269826650619507,0.555666446685791,0.5304984450340271,0.5400972366333008,0.593529224395752,0.467391699552536,0.5818935632705688,0.4300053119659424,0.5829542279243469,0.3948550224304199,0.5872530341148376,ㅢ
0.6894721984863281,0.6294516324996948,0.6626638174057007,0.5335090160369873,0.6114109754562378,0.499500572681427,0.5640836358070374,0.4955078959465027,0.5318105816841125,0.5103486180305481,0.5442987680435181,0.4799689054489136,0.4596150517463684,0.45412710309028625,0.40671151876449585,0.442709743976593,0.36529552936553955,0.43893879652023315,0.5225448608398438,0.5358518958091736,0.4661758542060852,0.5128382444381714,0.4941948652267456,0.5150957703590393,0.5194661617279053,0.5192512273788452,0.5195291638374329,0.5914930701255798,0.4640440344810486,0.569206178188324,0.4871836006641388,0.5664573311805725,0.5127362608909607,0.5695721507072449,0.5222415924072266,0.6422653198242188,0.4545149803161621,0.6341176629066467,0.42237389087677,0.6335345506668091,0.3942376375198364,0.6333207488059998,ㅢ
0.6802288293838501,0.6365484595298767,0.6535751819610596,0.5523198843002319,0.6071218848228455,0.5226566195487976,0.5659042596817017,0.5192736387252808,0.5394535064697266,0.5340021848678589,0.5508326888084412,0.5008090138435364,0.48173636198043823,0.47524493932724,0.4395514130592346,0.4664612412452698,0.4038863182067871,0.46388769149780273,0.5288644433021545,0.5474984645843506,0.47511163353919983,0.5306055545806885,0.4585520625114441,0.5288397669792175,0.4505132734775543,0.528781533241272,0.5242756605148315,0.5952088832855225,0.46939846873283386,0.5845341086387634,0.44126608967781067,0.5818120241165161,0.4213649034500122,0.5818742513656616,0.5279476046562195,0.6374397277832031,0.4767002463340759,0.6308853626251221,0.4479609429836273,0.6256586909294128,0.4233745336532593,0.6212282180786133,ㅢ
0.6652989387512207,0.6514801979064941,0.6416314840316772,0.5793023705482483,0.600227415561676,0.5488213300704956,0.563289999961853,0.558068037033081,0.5369903445243835,0.5736907720565796,0.5416187047958374,0.533299446105957,0.4732300937175751,0.5141446590423584,0.4314873516559601,0.5041160583496094,0.39902713894844055,0.49969056248664856,0.5247259140014648,0.578055202960968,0.47473907470703125,0.5783671140670776,0.4930914044380188,0.5806271433830261,0.5141029953956604,0.5807853937149048,0.5233548879623413,0.6231504678726196,0.4859972894191742,0.6227254867553711,0.5086119174957275,0.6225190162658691,0.5285351872444153,0.6223925352096558,0.5257266163825989,0.6640374064445496,0.4764743149280548,0.6551497578620911,0.45051416754722595,0.6526613831520081,0.4256834387779236,0.6515762805938721,ㅢ
0.5970066785812378,0.6262737512588501,0.5606738924980164,0.539030909538269,0.5072692632675171,0.5054619908332825,0.46372389793395996,0.5268527269363403,0.43670254945755005,0.5661951303482056,0.4466068744659424,0.48829954862594604,0.36050572991371155,0.47509297728538513,0.3029336929321289,0.46856406331062317,0.25683632493019104,0.4647931456565857,0.42707139253616333,0.5455763936042786,0.41257962584495544,0.5422455072402954,0.44813722372055054,0.5533987283706665,0.4681037366390228,0.5509558320045471,0.4278460144996643,0.6033982038497925,0.41773176193237305,0.60113525390625,0.45165032148361206,0.6047959327697754,0.4729279577732086,0.6015909910202026,0.433877557516098,0.6548033952713013,0.37024742364883423,0.645889163017273,0.3376210331916809,0.6451316475868225,0.3102864921092987,0.6425303816795349,ㅢ
0.6187512278556824,0.583511471748352,0.5705840587615967,0.4887309670448303,0.5114831328392029,0.45778757333755493,0.4667309820652008,0.48462849855422974,0.4384637773036957,0.5245513319969177,0.45940878987312317,0.43724122643470764,0.36344993114471436,0.4220159351825714,0.30099835991859436,0.4142090380191803,0.25213462114334106,0.40975260734558105,0.43808144330978394,0.5002542734146118,0.39977285265922546,0.49698835611343384,0.4369838535785675,0.5066895484924316,0.4616948664188385,0.5031331777572632,0.43729251623153687,0.5623066425323486,0.40999850630760193,0.5569546818733215,0.44338515400886536,0.5587618947029114,0.4665928781032562,0.554722249507904,0.44253361225128174,0.6198465824127197,0.36688950657844543,0.6104744076728821,0.33159229159355164,0.6115604043006897,0.3025875985622406,0.6099945902824402,ㅢ
0.6567771434783936,0.5093733072280884,0.5908443927764893,0.41364338994026184,0.5116609334945679,0.39293545484542847,0.4627574682235718,0.43747422099113464,0.4386034905910492,0.4955486059188843,0.45203354954719543,0.3585730791091919,0.3406349718570709,0.346526175737381,0.26624101400375366,0.33751773834228516,0.20685450732707977,0.3317239582538605,0.4330565631389618,0.433771550655365,0.3933066725730896,0.4572874903678894,0.4388042390346527,0.469165563583374,0.4686873257160187,0.4576249420642853,0.4361928403377533,0.5109795928001404,0.4024601876735687,0.5253984928131104,0.44219887256622314,0.5272428393363953,0.4731520414352417,0.514434814453125,0.4430367648601532,0.5801703929901123,0.35258620977401733,0.5768669843673706,0.30575764179229736,0.5827175974845886,0.2680527865886688,0.5813213586807251,ㅢ
0.7357615232467651,0.47812339663505554,0.6661760807037354,0.36046302318573,0.5667294263839722,0.3407650291919708,0.5045148134231567,0.39566805958747864,0.4725421071052551,0.46518248319625854,0.4748087525367737,0.29746317863464355,0.34373295307159424,0.29148077964782715,0.2554236054420471,0.2829350233078003,0.18563634157180786,0.2797909379005432,0.45559924840927124,0.38154464960098267,0.40918609499931335,0.42076995968818665,0.46576961874961853,0.43455150723457336,0.5021283030509949,0.4187133014202118,0.461051881313324,0.4701489806175232,0.41835817694664,0.4968143403530121,0.46860963106155396,0.4993744492530823,0.5066648125648499,0.4807358682155609,0.4710398316383362,0.5520066022872925,0.3672332763671875,0.5549304485321045,0.3136187791824341,0.5677512884140015,0.26779016852378845,0.5698596835136414,ㅢ
0.7127847075462341,0.5018563866615295,0.6349728107452393,0.38008248805999756,0.5312771797180176,0.36073797941207886,0.46445363759994507,0.41731908917427063,0.4280807077884674,0.4859146475791931,0.43749064207077026,0.31904396414756775,0.2957863211631775,0.3143865764141083,0.2007255256175995,0.30694180727005005,0.12603849172592163,0.3042343556880951,0.4208042323589325,0.4083207845687866,0.3559238314628601,0.44501230120658875,0.41555142402648926,0.4569304585456848,0.4560166597366333,0.4405173063278198,0.4279728829860687,0.5012305974960327,0.373230516910553,0.5268807411193848,0.424268901348114,0.5278184413909912,0.46488603949546814,0.5091131925582886,0.43893927335739136,0.5883658528327942,0.3256685137748718,0.5930818915367126,0.26638221740722656,0.6044466495513916,0.21607831120491028,0.6049318909645081,ㅢ
0.7500795125961304,0.5584179759025574,0.7070057392120361,0.4488363265991211,0.6491860151290894,0.40697792172431946,0.6018083095550537,0.4325445294380188,0.5789371132850647,0.48490017652511597,0.5419605374336243,0.4030720293521881,0.4280269145965576,0.39071929454803467,0.3550347685813904,0.3810368478298187,0.2951870560646057,0.37863457202911377,0.5240561366081238,0.4789113998413086,0.46297574043273926,0.4917833209037781,0.5072458982467651,0.4994862973690033,0.5422595739364624,0.4926387667655945,0.5292785167694092,0.5533933639526367,0.4838637709617615,0.5658383965492249,0.5207083225250244,0.5649202466011047,0.5500448346138,0.5543913841247559,0.5395373106002808,0.6195968389511108,0.45044243335723877,0.6143721342086792,0.40925660729408264,0.6197364330291748,0.3735441267490387,0.622282862663269,ㅢ
0.729285478591919,0.6046085357666016,0.6813267469406128,0.5073280334472656,0.6173578500747681,0.4834578335285187,0.5732537508010864,0.5226489901542664,0.5531861186027527,0.5793408155441284,0.5636948943138123,0.4811723232269287,0.47584158182144165,0.473142147064209,0.4184606671333313,0.46899935603141785,0.373077929019928,0.46749088168144226,0.5452786684036255,0.5432359576225281,0.529167652130127,0.5421878695487976,0.5621289610862732,0.549116313457489,0.5846709609031677,0.5456809401512146,0.5510866045951843,0.6025658249855042,0.5382856130599976,0.6016340255737305,0.5691313147544861,0.597467303276062,0.5902128219604492,0.591349184513092,0.5617005825042725,0.6524993181228638,0.4951471984386444,0.6486959457397461,0.46147939562797546,0.6478966474533081,0.4330636262893677,0.6480035781860352,ㅢ
0.6694560050964355,0.5846143364906311,0.6327670216560364,0.5178532004356384,0.5858374834060669,0.49480730295181274,0.5510995984077454,0.5237551927566528,0.533498227596283,0.5615702867507935,0.5345693230628967,0.4931305944919586,0.4673626720905304,0.4876972436904907,0.4207996129989624,0.4853077232837677,0.38355332612991333,0.483722060918808,0.519769012928009,0.5418508052825928,0.5248164534568787,0.5477138161659241,0.5535076260566711,0.5530394315719604,0.5677891373634338,0.5476973652839661,0.5252680778503418,0.5889518857002258,0.5276296138763428,0.5944926738739014,0.5543434023857117,0.5916563272476196,0.5693844556808472,0.5842633843421936,0.5340118408203125,0.6283910274505615,0.48422765731811523,0.6321051716804504,0.4564627408981323,0.6329235434532166,0.4330656826496124,0.6308273077011108,ㅢ
0.6052904725074768,0.6131904125213623,0.5573811531066895,0.5519234538078308,0.5083125829696655,0.5370588302612305,0.4782799184322357,0.5660867691040039,0.4637611210346222,0.6016886830329895,0.4770422577857971,0.5197799801826477,0.3977740406990051,0.5151629447937012,0.34587377309799194,0.5128473043441772,0.30624938011169434,0.5121116042137146,0.4687155783176422,0.5725614428520203,0.4274153411388397,0.5783587694168091,0.4555968642234802,0.5835093855857849,0.47611188888549805,0.5792022943496704,0.4732806980609894,0.6228072047233582,0.4399911165237427,0.6254887580871582,0.4622839689254761,0.6244027018547058,0.4806888699531555,0.6188710331916809,0.4793693423271179,0.6696275472640991,0.41394954919815063,0.6746009588241577,0.38141828775405884,0.6820410490036011,0.3549358546733856,0.6848791837692261,ㅢ
0.5778296589851379,0.5864257216453552,0.5262902975082397,0.5142878890037537,0.47183018922805786,0.4941042959690094,0.43318089842796326,0.5150134563446045,0.41219764947891235,0.5450000762939453,0.4400477707386017,0.4699757695198059,0.35111021995544434,0.4602453112602234,0.291532963514328,0.4532042145729065,0.24672983586788177,0.4478222727775574,0.430305540561676,0.5269066691398621,0.37778955698013306,0.5290759801864624,0.408989280462265,0.5368161797523499,0.4312337040901184,0.5334900617599487,0.4329298734664917,0.5834913849830627,0.39439883828163147,0.5837987065315247,0.41920411586761475,0.5859771966934204,0.4397571086883545,0.5817798376083374,0.4378052353858948,0.6377341151237488,0.36052486300468445,0.636509358882904,0.3229997158050537,0.6430325508117676,0.29369884729385376,0.6430391669273376,ㅢ
0.5937020778656006,0.5109548568725586,0.541982889175415,0.4314154386520386,0.4809778332710266,0.4053608179092407,0.4382227659225464,0.4330631494522095,0.41457706689834595,0.47444459795951843,0.44490742683410645,0.3712409734725952,0.34409016370773315,0.349322110414505,0.27729806303977966,0.33302968740463257,0.22623145580291748,0.32134705781936646,0.43081554770469666,0.436940997838974,0.36779263615608215,0.4393988847732544,0.40402859449386597,0.45256319642066956,0.4336371421813965,0.45025506615638733,0.43037351965904236,0.5027467012405396,0.37818643450737,0.5028764009475708,0.40671050548553467,0.5083467364311218,0.4340537488460541,0.5033101439476013,0.43120816349983215,0.5646632313728333,0.3477247953414917,0.5549209117889404,0.3038358688354492,0.5579791069030762,0.2677411437034607,0.5553140640258789,ㅢ
0.138240247964859,0.5070477724075317,0.18929865956306458,0.45677420496940613,0.24664169549942017,0.44169676303863525,0.2877846658229828,0.460457980632782,0.3088749051094055,0.49444380402565,0.29169169068336487,0.4122362732887268,0.3660058379173279,0.4083781838417053,0.41288116574287415,0.40501299500465393,0.4492560625076294,0.400145560503006,0.2940188944339752,0.45287737250328064,0.33707869052886963,0.49490615725517273,0.3055935800075531,0.504702627658844,0.28225600719451904,0.4941411316394806,0.28845304250717163,0.5019803047180176,0.3300735652446747,0.5296199321746826,0.3016417920589447,0.5352234244346619,0.28120720386505127,0.5250367522239685,0.2822701930999756,0.5501892566680908,0.34464800357818604,0.5508331656455994,0.3755671977996826,0.5534909963607788,0.4037458896636963,0.5496315360069275,ㅢ
0.17696453630924225,0.4904964864253998,0.2279028594493866,0.4415276348590851,0.2877082824707031,0.4296252429485321,0.33068251609802246,0.4497470557689667,0.3520766794681549,0.4861590564250946,0.33344876766204834,0.39902937412261963,0.4101528823375702,0.3979620039463043,0.4587705731391907,0.39612430334091187,0.4965028166770935,0.39266517758369446,0.3366236686706543,0.4393858313560486,0.37711572647094727,0.48429325222969055,0.3469310402870178,0.4925432503223419,0.32367464900016785,0.48025670647621155,0.3316177725791931,0.48863717913627625,0.37281933426856995,0.5169512629508972,0.3449167013168335,0.5217466950416565,0.3248380720615387,0.5096578598022461,0.3255148231983185,0.5364649891853333,0.3870461583137512,0.5389137864112854,0.41817402839660645,0.5422413349151611,0.44619250297546387,0.538398027420044,ㅢ
0.19379101693630219,0.49518129229545593,0.24587386846542358,0.4414835572242737,0.30874234437942505,0.4282176196575165,0.3550388216972351,0.4544013440608978,0.3774011433124542,0.49640321731567383,0.358767032623291,0.4048458933830261,0.4428855776786804,0.40240803360939026,0.49649935960769653,0.40118104219436646,0.5383232235908508,0.39709073305130005,0.36276769638061523,0.4500176012516022,0.40801161527633667,0.49379441142082214,0.3748158812522888,0.501943826675415,0.3485763669013977,0.4874006509780884,0.35595962405204773,0.5026835203170776,0.3996596932411194,0.5285159349441528,0.3705993592739105,0.5342015624046326,0.3486785888671875,0.5210131406784058,0.34733083844184875,0.5538663268089294,0.41502687335014343,0.5509842038154602,0.4497615396976471,0.551064670085907,0.4797458052635193,0.5442973375320435,ㅢ
0.16854020953178406,0.4935465157032013,0.23102089762687683,0.43145719170570374,0.3042309582233429,0.4208499789237976,0.356520414352417,0.4523693919181824,0.3808172643184662,0.500068187713623,0.3584625720977783,0.39177078008651733,0.45377033948898315,0.38963019847869873,0.5132459402084351,0.38888704776763916,0.5604097843170166,0.3854331970214844,0.36310631036758423,0.4454807937145233,0.41190260648727417,0.4952148497104645,0.3752304017543793,0.5012430548667908,0.34598302841186523,0.4848237931728363,0.35499709844589233,0.5062745809555054,0.4002602696418762,0.5362000465393066,0.36784103512763977,0.5387850999832153,0.3438321650028229,0.5224353671073914,0.34473320841789246,0.5632104873657227,0.4205496609210968,0.5617700815200806,0.45857667922973633,0.5629642009735107,0.49096304178237915,0.556313693523407,ㅢ
0.16818751394748688,0.4652440547943115,0.23748017847537994,0.3946593701839447,0.3162156939506531,0.38339850306510925,0.3725758492946625,0.4171900451183319,0.40230461955070496,0.472323477268219,0.37352538108825684,0.35492944717407227,0.47635382413864136,0.34910136461257935,0.5391002297401428,0.34459424018859863,0.5902509689331055,0.33664047718048096,0.3795231580734253,0.4144028127193451,0.43466976284980774,0.4637400805950165,0.3965431749820709,0.4686352610588074,0.3662670850753784,0.4493975341320038,0.3699854016304016,0.48036739230155945,0.42290198802948,0.5081868767738342,0.3883868157863617,0.5090377926826477,0.3629627823829651,0.4895837903022766,0.357059508562088,0.5419871807098389,0.4394296407699585,0.536748468875885,0.4806171655654907,0.5342864394187927,0.5151193141937256,0.5232060551643372,ㅢ
0.14598685503005981,0.4487963616847992,0.2213694453239441,0.36887821555137634,0.3094419240951538,0.3554803431034088,0.3708078861236572,0.3942511975765228,0.40431296825408936,0.4529237747192383,0.3635958135128021,0.3211266100406647,0.4803043603897095,0.315148264169693,0.5500516295433044,0.31058648228645325,0.6070836782455444,0.30236947536468506,0.36961933970451355,0.38827258348464966,0.4395888149738312,0.4374055862426758,0.3985234797000885,0.44650107622146606,0.36439380049705505,0.43022412061691284,0.36262303590774536,0.4628250002861023,0.43190741539001465,0.48975104093551636,0.395952433347702,0.4941585958003998,0.3674173951148987,0.4763839840888977,0.35228562355041504,0.5312343835830688,0.44539204239845276,0.5267518758773804,0.48872214555740356,0.5278279781341553,0.525673508644104,0.51901775598526,ㅢ
0.11297038197517395,0.46254608035087585,0.19141261279582977,0.37246114015579224,0.28973886370658875,0.3540361523628235,0.36119839549064636,0.39636170864105225,0.39739376306533813,0.460440993309021,0.33990997076034546,0.31536054611206055,0.4696645736694336,0.3022094964981079,0.5434755682945251,0.2952733337879181,0.605560302734375,0.2838755249977112,0.34520334005355835,0.3908127546310425,0.438106507062912,0.4342513382434845,0.39431023597717285,0.445962131023407,0.3533952236175537,0.42943426966667175,0.339375764131546,0.4720827639102936,0.4289938509464264,0.4915330410003662,0.3938911259174347,0.49648910760879517,0.3618769347667694,0.47735166549682617,0.3312915563583374,0.5449446439743042,0.4322960674762726,0.5326589941978455,0.48107990622520447,0.5286411643028259,0.5218493938446045,0.5153736472129822,ㅢ
0.21324139833450317,0.5283530950546265,0.27547556161880493,0.4532671272754669,0.34441807866096497,0.435411274433136,0.39645108580589294,0.46266740560531616,0.4262121617794037,0.5107704401016235,0.3900226354598999,0.40633583068847656,0.4865509271621704,0.39079898595809937,0.5456936359405518,0.38463765382766724,0.593401312828064,0.37719476222991943,0.39723655581474304,0.4600982666015625,0.46031591296195984,0.4967588484287262,0.42592570185661316,0.5108768939971924,0.3959386646747589,0.5017433166503906,0.3941883146762848,0.5229726433753967,0.45273545384407043,0.5418887138366699,0.4223412573337555,0.5517764687538147,0.3974840044975281,0.5415688157081604,0.3888370394706726,0.5828931927680969,0.46711045503616333,0.5766612887382507,0.5043414235115051,0.5792238712310791,0.5359490513801575,0.5730791687965393,ㅢ
0.26201489567756653,0.5071246027946472,0.3162868022918701,0.4585191607475281,0.37337106466293335,0.4515407681465149,0.41076159477233887,0.47694769501686096,0.42612314224243164,0.5191050171852112,0.41939231753349304,0.43154484033584595,0.49303674697875977,0.41732555627822876,0.5398313999176025,0.4073997139930725,0.57731693983078,0.3985676169395447,0.42351967096328735,0.471855491399765,0.45848727226257324,0.5174604654312134,0.4283989667892456,0.5239992737770081,0.40493038296699524,0.5098603963851929,0.4156493544578552,0.5211359262466431,0.4489695131778717,0.5556633472442627,0.42146286368370056,0.559266209602356,0.4032785892486572,0.544819712638855,0.404787540435791,0.5709633827209473,0.46415993571281433,0.5820361971855164,0.4940873086452484,0.5906127095222473,0.5208715200424194,0.5915789008140564,ㅢ
0.2623341977596283,0.5210604071617126,0.3138432502746582,0.4696580171585083,0.36983227729797363,0.46426182985305786,0.40528643131256104,0.49035656452178955,0.41709011793136597,0.5312549471855164,0.41682907938957214,0.45033711194992065,0.48539045453071594,0.4207778573036194,0.5295019149780273,0.3983800411224365,0.5639208555221558,0.37974339723587036,0.4202606678009033,0.49552518129348755,0.4554022252559662,0.5442644953727722,0.42652687430381775,0.5467860102653503,0.4042762517929077,0.530609130859375,0.4099653661251068,0.544548511505127,0.43971845507621765,0.5875223278999329,0.41530531644821167,0.5845673680305481,0.39766886830329895,0.5673466324806213,0.3982187509536743,0.5923807621002197,0.45007818937301636,0.6242698431015015,0.4757421016693115,0.649298369884491,0.49795204401016235,0.6656277775764465,ㅢ
0.23501600325107574,0.4857439696788788,0.28701573610305786,0.43556973338127136,0.34277069568634033,0.4211251735687256,0.38166818022727966,0.44216984510421753,0.39762380719184875,0.47770369052886963,0.385477751493454,0.39581945538520813,0.4527398347854614,0.362769216299057,0.49538466334342957,0.33493703603744507,0.529049813747406,0.3125166893005371,0.388653963804245,0.43565791845321655,0.43327417969703674,0.48702773451805115,0.40149539709091187,0.49756571650505066,0.37891584634780884,0.4865049719810486,0.38085418939590454,0.4841495454311371,0.41997742652893066,0.5318725109100342,0.3931971788406372,0.5348836183547974,0.37423333525657654,0.5200759768486023,0.3718201816082001,0.5335294604301453,0.429882287979126,0.55886310338974,0.45886537432670593,0.5769239664077759,0.48653843998908997,0.586169421672821,ㅢ
0.2100551426410675,0.4745338559150696,0.26136893033981323,0.42453667521476746,0.32159730792045593,0.4076448976993561,0.36453086137771606,0.4309963583946228,0.38312968611717224,0.47162631154060364,0.36386430263519287,0.37844371795654297,0.4363108277320862,0.35088416934013367,0.4818643629550934,0.32778456807136536,0.5194541215896606,0.3056098222732544,0.366554319858551,0.41946128010749817,0.419853150844574,0.4621049463748932,0.38594502210617065,0.4762124717235565,0.3593602478504181,0.4654006063938141,0.3604663610458374,0.4699251353740692,0.41008543968200684,0.5047197937965393,0.38122129440307617,0.5133700966835022,0.35825860500335693,0.5005882978439331,0.3529149293899536,0.5216173529624939,0.41712048649787903,0.5275216102600098,0.4492603540420532,0.5350435972213745,0.4785310626029968,0.5354356169700623,ㅢ
0.22093375027179718,0.470730185508728,0.26522743701934814,0.42890873551368713,0.32163742184638977,0.4101436138153076,0.3652230203151703,0.4294220507144928,0.3831290006637573,0.4628807604312897,0.37090060114860535,0.38054126501083374,0.44720834493637085,0.38685891032218933,0.49651461839675903,0.39046066999435425,0.5339964032173157,0.38855576515197754,0.37299007177352905,0.4201976954936981,0.421287477016449,0.4642777144908905,0.3917413055896759,0.4772447347640991,0.368492066860199,0.4661853313446045,0.36739441752433777,0.4697410762310028,0.41285866498947144,0.49876344203948975,0.38629838824272156,0.5081436634063721,0.3650856018066406,0.498404324054718,0.3613133132457733,0.5197031497955322,0.42564085125923157,0.5226035118103027,0.457327663898468,0.5256561040878296,0.4865160584449768,0.5210434794425964,ㅢ
0.2265920639038086,0.4598666727542877,0.2735224664211273,0.4167754650115967,0.33151984214782715,0.39870235323905945,0.37710490822792053,0.4182305932044983,0.3996642231941223,0.4500940144062042,0.3739883005619049,0.36806726455688477,0.45228004455566406,0.38723626732826233,0.5007973909378052,0.40036526322364807,0.5383169054985046,0.4044959843158722,0.3752775490283966,0.4104578495025635,0.4248754382133484,0.4539254307746887,0.3984462022781372,0.4669272303581238,0.37548521161079407,0.4557722210884094,0.37012532353401184,0.461055189371109,0.41793346405029297,0.4875962734222412,0.3923768401145935,0.4980235993862152,0.3702971935272217,0.4888216257095337,0.3645232915878296,0.5116392374038696,0.43053480982780457,0.5080262422561646,0.46279197931289673,0.5076534152030945,0.4908496141433716,0.5006571412086487,ㅢ
0.23816785216331482,0.5629367828369141,0.28813040256500244,0.4867022633552551,0.35614264011383057,0.45717716217041016,0.4094666838645935,0.4745366871356964,0.43753373622894287,0.5105755925178528,0.3771260678768158,0.4218689203262329,0.46847373247146606,0.4117794632911682,0.5201022624969482,0.4137844145298004,0.5625841617584229,0.4102742671966553,0.38438287377357483,0.47816258668899536,0.46348732709884644,0.4880554974079132,0.43896958231925964,0.5072064399719238,0.40810835361480713,0.5077303647994995,0.3894370496273041,0.5380768775939941,0.461806058883667,0.5293858647346497,0.4388089179992676,0.5446240901947021,0.41248515248298645,0.5441897511482239,0.39324456453323364,0.5929591059684753,0.4637738764286041,0.5611850619316101,0.5008770227432251,0.5478857159614563,0.5305728912353516,0.5329428911209106,ㅢ
0.2323896735906601,0.5472820401191711,0.28271257877349854,0.4711679220199585,0.35057204961776733,0.44166162610054016,0.4076114892959595,0.45503076910972595,0.4368347227573395,0.4941587746143341,0.3728363811969757,0.4099590480327606,0.45905840396881104,0.3924574851989746,0.5046511292457581,0.38509947061538696,0.5439064502716064,0.3756123185157776,0.3797365128993988,0.46216148138046265,0.46185073256492615,0.47410494089126587,0.4378228783607483,0.4927188456058502,0.40985941886901855,0.4933851659297943,0.3818192481994629,0.5203359723091125,0.45549726486206055,0.5141078233718872,0.4329458773136139,0.5277858376502991,0.40868309140205383,0.5278177261352539,0.381975382566452,0.5741557478904724,0.4555705785751343,0.5455718040466309,0.4925965666770935,0.5331026911735535,0.5226259827613831,0.5183423161506653,ㅢ
0.22114546597003937,0.518225371837616,0.26841190457344055,0.4459351897239685,0.3334118723869324,0.418080598115921,0.3895966410636902,0.430537611246109,0.42114248871803284,0.46810227632522583,0.34903109073638916,0.3849898874759674,0.42411357164382935,0.36461567878723145,0.464189350605011,0.3526626229286194,0.499816358089447,0.3397412896156311,0.3540334105491638,0.4355311989784241,0.4394228160381317,0.4492224454879761,0.4172389805316925,0.469916969537735,0.3899204432964325,0.4699679911136627,0.3547048568725586,0.4918302595615387,0.43189093470573425,0.4899386763572693,0.4110296964645386,0.5044020414352417,0.38730889558792114,0.504253625869751,0.35420653223991394,0.5433217287063599,0.4253791570663452,0.5247606039047241,0.46166568994522095,0.517624020576477,0.4922460913658142,0.5067535042762756,ㅢ
0.24162714183330536,0.48098161816596985,0.2911953330039978,0.42479828000068665,0.34885174036026,0.40427881479263306,0.3939763903617859,0.4246367812156677,0.41339030861854553,0.4624484181404114,0.37586677074432373,0.3791547417640686,0.45039233565330505,0.36620062589645386,0.4941485524177551,0.35760611295700073,0.5303583145141602,0.3477976322174072,0.37969958782196045,0.42664581537246704,0.4445306360721588,0.4535326659679413,0.41856229305267334,0.4696292281150818,0.39284399151802063,0.46402138471603394,0.37744155526161194,0.47865745425224304,0.4343850016593933,0.4932999610900879,0.4125651717185974,0.5037435293197632,0.3914654552936554,0.49715057015419006,0.373645544052124,0.5270127058029175,0.4396948516368866,0.5250704884529114,0.4723227620124817,0.5324417352676392,0.5000017285346985,0.5340500473976135,ㅢ
0.2482139617204666,0.480872243642807,0.29550912976264954,0.42654934525489807,0.3484399616718292,0.41452714800834656,0.3873908221721649,0.4347786605358124,0.40408551692962646,0.47143614292144775,0.39900073409080505,0.392436683177948,0.4723871350288391,0.39080411195755005,0.5193929672241211,0.39159446954727173,0.5561645030975342,0.3906441330909729,0.4056885540485382,0.4316446781158447,0.43054816126823425,0.47294119000434875,0.403310090303421,0.4792225658893585,0.38371217250823975,0.4681722819805145,0.4002590775489807,0.4807169437408447,0.4251813590526581,0.5072031617164612,0.39884069561958313,0.5110536217689514,0.3823477625846863,0.4995567798614502,0.39228424429893494,0.5293285250663757,0.45160990953445435,0.5380644798278809,0.4815378487110138,0.5465200543403625,0.5079239010810852,0.5473932027816772,ㅢ
0.22679460048675537,0.4756622016429901,0.2752119302749634,0.4125146269798279,0.32968929409980774,0.40670689940452576,0.37007346749305725,0.42227983474731445,0.39375659823417664,0.4478345811367035,0.3863953649997711,0.38821449875831604,0.4584892690181732,0.3877091407775879,0.5021748542785645,0.3880033493041992,0.5366342067718506,0.38951581716537476,0.39418134093284607,0.4285293519496918,0.40570783615112305,0.45992156863212585,0.37890446186065674,0.46055546402931213,0.36045020818710327,0.4515199661254883,0.3866857588291168,0.47864046692848206,0.39785128831863403,0.4936753213405609,0.3703913688659668,0.4926021099090576,0.3543597459793091,0.48272132873535156,0.37488478422164917,0.5237884521484375,0.42449599504470825,0.5392770767211914,0.4497479200363159,0.5509899258613586,0.4716607928276062,0.5534266233444214,ㅢ
0.20468351244926453,0.45703813433647156,0.2519107162952423,0.3954896628856659,0.3065265417098999,0.386982262134552,0.3451109528541565,0.39715608954429626,0.3665311634540558,0.42172425985336304,0.3619058132171631,0.36909085512161255,0.42904096841812134,0.3694818615913391,0.4704704284667969,0.3681035041809082,0.5033321380615234,0.3672866225242615,0.37067022919654846,0.4096447229385376,0.37428730726242065,0.440169095993042,0.34812259674072266,0.4395565986633301,0.3312947154045105,0.4295353889465332,0.36393535137176514,0.45854470133781433,0.36767080426216125,0.47143781185150146,0.34108397364616394,0.46945899724960327,0.32652056217193604,0.4591314494609833,0.35219550132751465,0.5001408457756042,0.3965297043323517,0.5170758366584778,0.42019540071487427,0.5275240540504456,0.4408078193664551,0.5282445549964905,ㅢ
0.22063137590885162,0.48442941904067993,0.2636314630508423,0.4152284562587738,0.3164304494857788,0.39858871698379517,0.3530811369419098,0.4023745059967041,0.37594497203826904,0.4240977168083191,0.36754101514816284,0.3769899904727936,0.4333314001560211,0.370682954788208,0.4737641215324402,0.36495572328567505,0.5061410665512085,0.3609609603881836,0.38023120164871216,0.41722315549850464,0.3839031457901001,0.4462953209877014,0.35953304171562195,0.449165940284729,0.34220966696739197,0.44142434000968933,0.3767707943916321,0.46863657236099243,0.37786865234375,0.4799710214138031,0.35374215245246887,0.48088499903678894,0.33891046047210693,0.4709189534187317,0.36739784479141235,0.5134246945381165,0.40749043226242065,0.5251113176345825,0.4298526346683502,0.5311521291732788,0.4469897150993347,0.5275002717971802,ㅢ
0.14614640176296234,0.44045472145080566,0.20298969745635986,0.3695438504219055,0.2702009379863739,0.3533235192298889,0.3173064887523651,0.37392812967300415,0.3419133424758911,0.415317177772522,0.32405972480773926,0.3167164921760559,0.40802425146102905,0.2957371771335602,0.461897611618042,0.28479331731796265,0.5047204494476318,0.27507704496383667,0.33400148153305054,0.3647289574146271,0.37412601709365845,0.4065084755420685,0.3442293405532837,0.4190625548362732,0.31963109970092773,0.4094238579273224,0.3306370675563812,0.4237827956676483,0.3664897084236145,0.451449990272522,0.3369660973548889,0.458523154258728,0.31567496061325073,0.4450283944606781,0.3231483995914459,0.48128408193588257,0.3895675241947174,0.4922288656234741,0.4238385558128357,0.5041139125823975,0.4535171687602997,0.5050050616264343,ㅢ
0.10772456228733063,0.3805854618549347,0.17095816135406494,0.309918612241745,0.2469172477722168,0.28292378783226013,0.3032642602920532,0.3084298074245453,0.3270587921142578,0.3585406541824341,0.29538458585739136,0.24058395624160767,0.3901636600494385,0.21473868191242218,0.4492427706718445,0.19616106152534485,0.49584272503852844,0.18103854358196259,0.3008061945438385,0.2944975793361664,0.3721137046813965,0.35022491216659546,0.335013210773468,0.37087109684944153,0.3042985796928406,0.362446129322052,0.2962401509284973,0.35945504903793335,0.360903263092041,0.40526437759399414,0.32904306054115295,0.41573092341423035,0.30234092473983765,0.4019627869129181,0.2900094985961914,0.423888623714447,0.3712548315525055,0.4392780065536499,0.4122101664543152,0.45665279030799866,0.4480569660663605,0.46461161971092224,ㅢ
0.09218078851699829,0.4330751597881317,0.1595984399318695,0.35026293992996216,0.24746209383010864,0.3159896731376648,0.31289777159690857,0.34369248151779175,0.34331661462783813,0.40103697776794434,0.30552077293395996,0.2685140371322632,0.4184951186180115,0.2430228590965271,0.4874688982963562,0.22525960206985474,0.5423946976661682,0.21008646488189697,0.3143311142921448,0.3335007429122925,0.3968285918235779,0.3871806263923645,0.3534034490585327,0.4083048403263092,0.3151167929172516,0.39811426401138306,0.3108103573322296,0.4100545346736908,0.3876529932022095,0.4468368589878082,0.3513607382774353,0.45965439081192017,0.3200380206108093,0.44515272974967957,0.3038907051086426,0.4838033616542816,0.39946410059928894,0.4918329119682312,0.4466984272003174,0.5093671083450317,0.4869464635848999,0.5160909295082092,ㅢ
0.10941459238529205,0.4841252267360687,0.17773963510990143,0.3862418532371521,0.27245020866394043,0.34664779901504517,0.34604260325431824,0.37147077918052673,0.38819530606269836,0.42626461386680603,0.3325363099575043,0.29401111602783203,0.4572836458683014,0.27649402618408203,0.5336688160896301,0.2670017182826996,0.5939862728118896,0.25532299280166626,0.34550362825393677,0.36488500237464905,0.430292546749115,0.4149303138256073,0.38628053665161133,0.43771466612815857,0.3469383418560028,0.42770445346832275,0.3468123972415924,0.4479016363620758,0.4262775778770447,0.47498756647109985,0.3881235122680664,0.4893733263015747,0.3549981117248535,0.47518718242645264,0.34427133202552795,0.5255876779556274,0.445526659488678,0.514814019203186,0.4946688413619995,0.5185189843177795,0.5358191132545471,0.5120323896408081,ㅢ
0.13683439791202545,0.4859909117221832,0.20780712366104126,0.38486650586128235,0.2901994287967682,0.35331255197525024,0.3494713604450226,0.37121057510375977,0.38820821046829224,0.4236578047275543,0.34910792112350464,0.30686092376708984,0.4615698456764221,0.2824929356575012,0.5309821963310242,0.2689337730407715,0.5857493877410889,0.2564007639884949,0.3634850084781647,0.3700107932090759,0.43289443850517273,0.41218116879463196,0.3921891450881958,0.4310646057128906,0.3573067784309387,0.4219662845134735,0.36552220582962036,0.44551169872283936,0.43052899837493896,0.46554315090179443,0.39300307631492615,0.4793244004249573,0.36412331461906433,0.4677381217479706,0.3627224862575531,0.5167683362960815,0.45541444420814514,0.5068684220314026,0.4999033808708191,0.5118457674980164,0.5358455181121826,0.5056066513061523,ㅢ
0.18365323543548584,0.5598893761634827,0.23909372091293335,0.48733285069465637,0.2961108386516571,0.4628862738609314,0.33852291107177734,0.4784456789493561,0.36192962527275085,0.5181341171264648,0.34146738052368164,0.42881569266319275,0.423010915517807,0.4046546220779419,0.47336047887802124,0.39240947365760803,0.5135726928710938,0.38292980194091797,0.35252463817596436,0.47402337193489075,0.403642863035202,0.503123939037323,0.37400972843170166,0.5198637247085571,0.34870269894599915,0.5174890756607056,0.3523964285850525,0.5309981107711792,0.4002193212509155,0.545859158039093,0.3728753924369812,0.5575215220451355,0.35178136825561523,0.5511381030082703,0.3489372730255127,0.5882571339607239,0.4173240065574646,0.571945309638977,0.4485418498516083,0.5703661441802979,0.47422632575035095,0.5623860359191895,ㅢ
0.1660854071378708,0.6111990213394165,0.2184683233499527,0.5458625555038452,0.2788594961166382,0.529894232749939,0.3209555149078369,0.5478902459144592,0.3446483612060547,0.5860744118690491,0.31810110807418823,0.5009657144546509,0.3993183374404907,0.4867745041847229,0.44766294956207275,0.4800415337085724,0.48679548501968384,0.4736371636390686,0.3243071734905243,0.5495913624763489,0.37943851947784424,0.5704126954078674,0.3541606366634369,0.5814089179039001,0.3295866847038269,0.5776765942573547,0.32192346453666687,0.6038376688957214,0.3730446994304657,0.6098935604095459,0.3494657576084137,0.617713987827301,0.3277965784072876,0.6130605936050415,0.31676793098449707,0.6541397571563721,0.38443630933761597,0.6483615636825562,0.4162585437297821,0.6520861387252808,0.44107627868652344,0.6481801271438599,ㅢ
0.14575700461864471,0.6156215071678162,0.20226635038852692,0.5481276512145996,0.266308456659317,0.5359336733818054,0.3133588135242462,0.5594268441200256,0.33774182200431824,0.6044637560844421,0.3067246973514557,0.5088955163955688,0.391473650932312,0.5015450716018677,0.44076642394065857,0.498127281665802,0.4802964925765991,0.4949018061161041,0.3112808167934418,0.5598480701446533,0.36788231134414673,0.5849962830543518,0.3414393663406372,0.591698169708252,0.317342072725296,0.5843141078948975,0.3076237440109253,0.6153154373168945,0.3610647916793823,0.6255658864974976,0.33598387241363525,0.6266675591468811,0.3146614134311676,0.6158581376075745,0.30200979113578796,0.6653317809104919,0.37076127529144287,0.6606372594833374,0.4043920338153839,0.6624812483787537,0.4325156807899475,0.6572861671447754,ㅢ
0.18891862034797668,0.602631151676178,0.23599225282669067,0.5376876592636108,0.2909608483314514,0.5116187930107117,0.33346351981163025,0.525673508644104,0.35353702306747437,0.5633161664009094,0.330300509929657,0.48191115260124207,0.4079907536506653,0.4593461751937866,0.4566779136657715,0.44786375761032104,0.49460601806640625,0.4377157390117645,0.3393523693084717,0.5257468819618225,0.38923564553260803,0.5505890250205994,0.36151808500289917,0.5654022097587585,0.3375169336795807,0.5615093111991882,0.3398350477218628,0.5787918567657471,0.38542109727859497,0.5906264781951904,0.3605566620826721,0.6018235683441162,0.3399512469768524,0.5967802405357361,0.33866971731185913,0.6312768459320068,0.40383926033973694,0.6163285970687866,0.435127317905426,0.6148314476013184,0.4610987901687622,0.6079261302947998,ㅢ
0.19607894122600555,0.6031090617179871,0.23964589834213257,0.5321022272109985,0.2902813255786896,0.5009053349494934,0.3313981890678406,0.5073968768119812,0.3557542860507965,0.5392019748687744,0.3286368250846863,0.4618728756904602,0.3993162214756012,0.4257431626319885,0.4439529776573181,0.4044675827026367,0.47867703437805176,0.3872350752353668,0.3421248495578766,0.499639093875885,0.3894931972026825,0.5198217630386353,0.3645482063293457,0.5393784642219543,0.3415195941925049,0.5397384166717529,0.34645670652389526,0.5496447086334229,0.38816967606544495,0.5563991069793701,0.3655630648136139,0.5717195272445679,0.3469141125679016,0.5694024562835693,0.3476787507534027,0.6004990339279175,0.40997105836868286,0.5755195617675781,0.4396962523460388,0.5683354139328003,0.462973415851593,0.5561569929122925,ㅢ
0.19655899703502655,0.5926963090896606,0.24677999317646027,0.5276568531990051,0.3031204640865326,0.5042600631713867,0.34613707661628723,0.5208268165588379,0.3662918210029602,0.5599331855773926,0.3461589217185974,0.475049763917923,0.4249427914619446,0.4550197720527649,0.4751872420310974,0.4457899034023285,0.513871431350708,0.437768816947937,0.35425469279289246,0.5192306041717529,0.40287405252456665,0.548665463924408,0.3744800388813019,0.5630554556846619,0.3498333990573883,0.5578233003616333,0.35315263271331787,0.5736785531044006,0.3980010449886322,0.588760256767273,0.37224867939949036,0.5995567440986633,0.3517569303512573,0.5929539203643799,0.3499046266078949,0.6279283165931702,0.41856443881988525,0.6186085939407349,0.4517984092235565,0.6203423142433167,0.4795902371406555,0.6152058839797974,ㅢ
0.15755987167358398,0.43811315298080444,0.22064295411109924,0.39465564489364624,0.28903189301490784,0.39370155334472656,0.335036963224411,0.4350786805152893,0.352657288312912,0.48529887199401855,0.3396500051021576,0.37657028436660767,0.4284816086292267,0.39887380599975586,0.484780490398407,0.4132193922996521,0.5294771194458008,0.4224042594432831,0.3349810838699341,0.4305698275566101,0.38406455516815186,0.49322447180747986,0.34721264243125916,0.4947633445262909,0.3237580955028534,0.4740664064884186,0.32183563709259033,0.4881207048892975,0.3658739924430847,0.5362316370010376,0.33368581533432007,0.5318039655685425,0.3118933141231537,0.5102333426475525,0.3084010183811188,0.5412134528160095,0.3756401538848877,0.5702900886535645,0.4077760577201843,0.5912232398986816,0.4386700391769409,0.6021089553833008,ㅢ
0.17190121114253998,0.39622753858566284,0.24131089448928833,0.3441094756126404,0.3147953748703003,0.3466375172138214,0.363077849149704,0.38637712597846985,0.383527547121048,0.4392000138759613,0.3719278573989868,0.33064499497413635,0.46388933062553406,0.35410836338996887,0.5207722783088684,0.36834633350372314,0.5659027695655823,0.37835371494293213,0.36866384744644165,0.38692381978034973,0.4149091839790344,0.4507662355899811,0.3804493844509125,0.4519714415073395,0.35464775562286377,0.4322623610496521,0.35288697481155396,0.4465494155883789,0.39925453066825867,0.4928836226463318,0.3688966631889343,0.48924916982650757,0.3474051058292389,0.4692305624485016,0.3357384502887726,0.500279426574707,0.4070444107055664,0.5319398045539856,0.44246500730514526,0.5528095960617065,0.475024938583374,0.5623584389686584,ㅢ
0.24230091273784637,0.5070526003837585,0.30382490158081055,0.44733768701553345,0.3665563762187958,0.4350728690624237,0.40924781560897827,0.46553105115890503,0.426313191652298,0.5141626000404358,0.414578378200531,0.41487419605255127,0.5000747442245483,0.4121631979942322,0.5529264211654663,0.41290557384490967,0.5935488343238831,0.41173794865608215,0.41708576679229736,0.46733084321022034,0.47062456607818604,0.5126864910125732,0.4401053786277771,0.5239869952201843,0.41456058621406555,0.5136086344718933,0.4090529680252075,0.526452362537384,0.4593961238861084,0.5581931471824646,0.43292203545570374,0.5640444159507751,0.4125926196575165,0.5517060160636902,0.3987199366092682,0.5836272239685059,0.47184810042381287,0.5934008955955505,0.5065984725952148,0.6075276732444763,0.5355063676834106,0.614253044128418,ㅢ
0.23498114943504333,0.5420263409614563,0.29235580563545227,0.4835142493247986,0.35736262798309326,0.4648524820804596,0.4043216109275818,0.4947194755077362,0.42192018032073975,0.5435734987258911,0.3930128514766693,0.43943914771080017,0.4811585545539856,0.427738219499588,0.534406840801239,0.4224695563316345,0.5770909190177917,0.41554003953933716,0.39323127269744873,0.4953230023384094,0.463202565908432,0.5284689664840698,0.4318660795688629,0.5450669527053833,0.40598204731941223,0.5399320125579834,0.385539710521698,0.5550144910812378,0.45287996530532837,0.5800139307975769,0.43000105023384094,0.5881360769271851,0.4065175950527191,0.580253005027771,0.3780536651611328,0.6103755235671997,0.4543675184249878,0.6223565340042114,0.4916656017303467,0.636528730392456,0.5233321189880371,0.6439469456672668,ㅢ
0.2284650206565857,0.5095924735069275,0.2802838087081909,0.450877845287323,0.34051474928855896,0.42808791995048523,0.38693612813949585,0.449945330619812,0.40549999475479126,0.49463361501693726,0.3684210181236267,0.399233341217041,0.4518369436264038,0.37885159254074097,0.5016367435455322,0.36847227811813354,0.5425633788108826,0.3586810231208801,0.37147611379623413,0.4478965699672699,0.444835364818573,0.47741904854774475,0.4152105152606964,0.49724140763282776,0.3880656361579895,0.4939643442630768,0.3692915141582489,0.5019620656967163,0.43675315380096436,0.5210973024368286,0.4139400124549866,0.5318542718887329,0.39120781421661377,0.5256291627883911,0.3668239712715149,0.552326500415802,0.4363720417022705,0.5554733276367188,0.4707549810409546,0.5636446475982666,0.5002574920654297,0.5656125545501709,ㅢ
0.2211260199546814,0.5141512751579285,0.27553340792655945,0.44984814524650574,0.338704377412796,0.425375759601593,0.38848674297332764,0.4457218647003174,0.4116387665271759,0.4905467927455902,0.3611831068992615,0.3976069688796997,0.4456888437271118,0.3716135323047638,0.4941350817680359,0.3563418686389923,0.5341743230819702,0.3422258496284485,0.365433931350708,0.4474698305130005,0.45408695936203003,0.4720659852027893,0.4270923137664795,0.49744558334350586,0.397771418094635,0.4987621605396271,0.36415407061576843,0.5030897855758667,0.4442128837108612,0.5166894793510437,0.4227880835533142,0.53369140625,0.39838677644729614,0.5339190363883972,0.36075398325920105,0.5544829368591309,0.43140631914138794,0.5566329956054688,0.46596792340278625,0.5671579241752625,0.49495911598205566,0.5720310211181641,ㅢ
0.22848205268383026,0.5472423434257507,0.2740785479545593,0.4685628116130829,0.3355301022529602,0.4340220093727112,0.388943076133728,0.45561501383781433,0.41286423802375793,0.5060966610908508,0.36582034826278687,0.4314615726470947,0.44772785902023315,0.43196895718574524,0.4914650619029999,0.4419398605823517,0.5250018835067749,0.4525997042655945,0.3730774521827698,0.4863983988761902,0.4488207697868347,0.5161766409873962,0.42539042234420776,0.5306399464607239,0.39832592010498047,0.5283859372138977,0.37350061535835266,0.5439497828483582,0.4388272166252136,0.5597943067550659,0.4183441996574402,0.5676198601722717,0.3953176438808441,0.5630378127098083,0.3696725070476532,0.5965630412101746,0.44020161032676697,0.6006339192390442,0.47444063425064087,0.6114591956138611,0.5009094476699829,0.617864727973938,ㅢ
0.21396437287330627,0.49911439418792725,0.2532546818256378,0.42679089307785034,0.3101969063282013,0.3931000828742981,0.36084088683128357,0.40976858139038086,0.3860449194908142,0.450478732585907,0.3326950967311859,0.37011128664016724,0.40715551376342773,0.3482271432876587,0.4513091742992401,0.34472307562828064,0.4876478910446167,0.34395337104797363,0.3435777723789215,0.41916966438293457,0.4170210361480713,0.44087305665016174,0.395577609539032,0.4620283842086792,0.3701663613319397,0.4638831615447998,0.3490239679813385,0.4722197651863098,0.4129556119441986,0.4825373888015747,0.39298856258392334,0.496120810508728,0.3708203136920929,0.49528494477272034,0.34955325722694397,0.5202707052230835,0.41378799080848694,0.5167890787124634,0.4453827142715454,0.5217871069908142,0.47161340713500977,0.521763265132904,ㅢ
0.23990026116371155,0.5338633060455322,0.27556246519088745,0.4620090126991272,0.32705923914909363,0.420400470495224,0.37006449699401855,0.43369758129119873,0.38949358463287354,0.47574472427368164,0.3701886832714081,0.420534610748291,0.45051103830337524,0.41272202134132385,0.4989877939224243,0.40961283445358276,0.5361008644104004,0.4078827500343323,0.38049745559692383,0.46881261467933655,0.44138234853744507,0.49644795060157776,0.41397038102149963,0.5087732076644897,0.38607320189476013,0.505756676197052,0.3814336955547333,0.5217278003692627,0.43255484104156494,0.5349200963973999,0.41015568375587463,0.5431774258613586,0.38731685280799866,0.5395937561988831,0.3775697946548462,0.5712830424308777,0.44509458541870117,0.5700805187225342,0.47651830315589905,0.5750895738601685,0.5019697546958923,0.5737708210945129,ㅢ
0.22557371854782104,0.538320779800415,0.2651975154876709,0.4607727527618408,0.31635406613349915,0.4242877662181854,0.35846930742263794,0.4377623200416565,0.3783729672431946,0.4811038672924042,0.359407901763916,0.42150160670280457,0.43935415148735046,0.41217872500419617,0.48638418316841125,0.4061371982097626,0.5231783390045166,0.401731014251709,0.3702267110347748,0.471668541431427,0.43013668060302734,0.5003101229667664,0.40432295203208923,0.5118449926376343,0.3770351707935333,0.5097466707229614,0.37063148617744446,0.5261268615722656,0.4198460876941681,0.5429976582527161,0.398265540599823,0.5489352345466614,0.3754456639289856,0.54557204246521,0.3654317259788513,0.576011598110199,0.42835915088653564,0.5892811417579651,0.4587349593639374,0.6025065779685974,0.4829958975315094,0.6085191965103149,ㅢ
0.2143826186656952,0.5379964113235474,0.25798743963241577,0.46404755115509033,0.31213998794555664,0.4350132942199707,0.35435596108436584,0.45063871145248413,0.37369534373283386,0.4935391843318939,0.35465070605278015,0.42852333188056946,0.4302530288696289,0.4086282551288605,0.4748091697692871,0.39442896842956543,0.5105329751968384,0.38293564319610596,0.3644377887248993,0.4787445366382599,0.42485129833221436,0.5084359049797058,0.3973555266857147,0.5210745334625244,0.3688398599624634,0.517594039440155,0.36331707239151,0.5325720310211182,0.41420239210128784,0.5529048442840576,0.3905917704105377,0.5587183833122253,0.36613690853118896,0.5531380772590637,0.3558386266231537,0.581758975982666,0.41366955637931824,0.6048844456672668,0.44268864393234253,0.6247503161430359,0.46666470170021057,0.6362534165382385,ㅢ
0.2132834792137146,0.5392555594444275,0.25360220670700073,0.4637867212295532,0.3070540428161621,0.428815096616745,0.3514239192008972,0.44235140085220337,0.3707306385040283,0.4843965172767639,0.3489820063114166,0.4196857810020447,0.4246824085712433,0.4015524685382843,0.4700290560722351,0.3887469172477722,0.505440890789032,0.3788506090641022,0.3601161539554596,0.46865344047546387,0.4209092855453491,0.49491941928863525,0.3946961760520935,0.5094035267829895,0.36759132146835327,0.5078263282775879,0.3612850308418274,0.5215524435043335,0.413491815328598,0.5357145667076111,0.3912055492401123,0.5443760752677917,0.3682030141353607,0.5416949987411499,0.35669660568237305,0.5695381760597229,0.4204639792442322,0.576057493686676,0.45099061727523804,0.5872443318367004,0.47592225670814514,0.5919857621192932,ㅢ
0.21846237778663635,0.5377224683761597,0.2583741545677185,0.46889036893844604,0.3129069209098816,0.4348909258842468,0.3610575199127197,0.4534994065761566,0.38448774814605713,0.49493536353111267,0.3525390028953552,0.4207964241504669,0.4297216534614563,0.41747111082077026,0.4763956069946289,0.4184704124927521,0.512890100479126,0.4169635474681854,0.3608303666114807,0.4690844416618347,0.42265069484710693,0.49460509419441223,0.39733362197875977,0.5096250772476196,0.3704717755317688,0.506137490272522,0.36156386137008667,0.5225049257278442,0.41550469398498535,0.5309935808181763,0.3938930630683899,0.5422329306602478,0.37167125940322876,0.5390244126319885,0.35862213373184204,0.5733641386032104,0.42570245265960693,0.5656546354293823,0.4574166536331177,0.5690447092056274,0.4834190011024475,0.5665327906608582,ㅢ
0.21826933324337006,0.5373752117156982,0.26311129331588745,0.474765807390213,0.32052022218704224,0.4460401237010956,0.36783334612846375,0.4622684121131897,0.39108097553253174,0.4997287392616272,0.34904786944389343,0.41888952255249023,0.42602604627609253,0.41306716203689575,0.471672385931015,0.41416311264038086,0.5083051919937134,0.412245512008667,0.35513755679130554,0.46309638023376465,0.41709429025650024,0.4883423149585724,0.3934594988822937,0.5049645900726318,0.36913391947746277,0.5015012621879578,0.35657986998558044,0.5144392848014832,0.41429078578948975,0.5233266353607178,0.3932589590549469,0.5355960130691528,0.3721514344215393,0.5315073728561401,0.35559412837028503,0.5641209483146667,0.42178571224212646,0.5561919808387756,0.45449697971343994,0.5573705434799194,0.4818762540817261,0.5520938634872437,ㅢ
0.19924801588058472,0.4585011303424835,0.2524455785751343,0.38906049728393555,0.3217781186103821,0.362907350063324,0.3756546676158905,0.38959625363349915,0.396722674369812,0.43851998448371887,0.3540082573890686,0.33685144782066345,0.4396894574165344,0.3279087245464325,0.4910007119178772,0.32280340790748596,0.5325253009796143,0.3158145546913147,0.3590601086616516,0.3913464844226837,0.4296959638595581,0.42684754729270935,0.3997247517108917,0.442608118057251,0.3693101704120636,0.4363360106945038,0.35797247290611267,0.450193852186203,0.42266005277633667,0.4686559736728668,0.39775875210762024,0.4784892201423645,0.3731449842453003,0.47034206986427307,0.35431504249572754,0.5042688250541687,0.4285871386528015,0.5043565034866333,0.465626060962677,0.5113317966461182,0.49676042795181274,0.5105983018875122,ㅢ
0.11808560788631439,0.44158387184143066,0.17917293310165405,0.3467045724391937,0.26944008469581604,0.3028530478477478,0.34310322999954224,0.33358919620513916,0.3772909641265869,0.393246054649353,0.317787230014801,0.2644784450531006,0.43404847383499146,0.22796620428562164,0.5044108629226685,0.20498855412006378,0.5617557168006897,0.18427692353725433,0.3300784230232239,0.3379446864128113,0.42186543345451355,0.37897226214408875,0.37964141368865967,0.404653400182724,0.34100911021232605,0.40119314193725586,0.32949262857437134,0.4183552861213684,0.4119848310947418,0.44810721278190613,0.3788507580757141,0.4613601267337799,0.34613704681396484,0.449636310338974,0.32481834292411804,0.49334120750427246,0.4260702133178711,0.49927449226379395,0.4755578637123108,0.514521598815918,0.5166172981262207,0.52008056640625,ㅢ
0.14244413375854492,0.5041319727897644,0.21162305772304535,0.4022645354270935,0.2931358218193054,0.37373098731040955,0.3529326319694519,0.4059586524963379,0.3816905915737152,0.46537187695503235,0.3457263708114624,0.3479658365249634,0.45302101969718933,0.3291512429714203,0.5183169841766357,0.3155231475830078,0.5696794390678406,0.3037372827529907,0.3548402488231659,0.41946008801460266,0.4265362024307251,0.4565046429634094,0.39033856987953186,0.4682813286781311,0.3579597771167755,0.4609512686729431,0.3499990403652191,0.49611252546310425,0.41660571098327637,0.5164815783500671,0.3859681487083435,0.5215273499488831,0.35894539952278137,0.5114023685455322,0.3400031626224518,0.5640304088592529,0.43114596605300903,0.574507474899292,0.472801148891449,0.5890747308731079,0.5073745250701904,0.5935449004173279,ㅢ
