0.7091594338417053,0.7607132196426392,0.6509313583374023,0.7367630004882812,0.589728593826294,0.6838945150375366,0.5589370131492615,0.625447690486908,0.5750337243080139,0.5671842694282532,0.6054673194885254,0.5781106352806091,0.5871577858924866,0.5541905164718628,0.6082220077514648,0.6193652749061584,0.6298328638076782,0.6729800701141357,0.6404247879981995,0.5597841143608093,0.6174772381782532,0.5331160426139832,0.6370944380760193,0.6174220442771912,0.656453013420105,0.6785590052604675,0.6800134181976318,0.5486728549003601,0.6560874581336975,0.506966769695282,0.6644794344902039,0.5836726427078247,0.6773732900619507,0.6458607912063599,0.7197118997573853,0.542553722858429,0.719554603099823,0.45846980810165405,0.7194502949714661,0.40459150075912476,0.7172208428382874,0.35707148909568787,ㅣ
0.7030074000358582,0.7541363835334778,0.6445643901824951,0.7453575730323792,0.5805209875106812,0.7117417454719543,0.5440096259117126,0.6669635772705078,0.5571902394294739,0.6127958297729492,0.5842273831367493,0.605741024017334,0.5626260638237,0.5878543257713318,0.584187924861908,0.6438501477241516,0.6060842275619507,0.6885063648223877,0.611146092414856,0.5805307626724243,0.5881662964820862,0.5653864145278931,0.6123896241188049,0.634710967540741,0.6353491544723511,0.6839067339897156,0.645721971988678,0.560692310333252,0.6174683570861816,0.5239474177360535,0.6298760771751404,0.593334436416626,0.646562933921814,0.6499924659729004,0.6822887063026428,0.5472494959831238,0.6797044277191162,0.4683085083961487,0.6801629066467285,0.4172704219818115,0.6774131655693054,0.37099429965019226,ㅣ
0.6785494089126587,0.74391108751297,0.6225937008857727,0.7485275268554688,0.5602678060531616,0.7357100248336792,0.5200861692428589,0.7101829051971436,0.5192311406135559,0.6572476029396057,0.542940080165863,0.6316754817962646,0.522365927696228,0.6250964999198914,0.553257942199707,0.6754152774810791,0.5812817811965942,0.7134431004524231,0.5675065517425537,0.6014242768287659,0.5428484082221985,0.595942497253418,0.5763422250747681,0.6594442129135132,0.6051267385482788,0.7025539875030518,0.6003962159156799,0.5746639370918274,0.5683376789093018,0.5477001667022705,0.5877901911735535,0.6117550730705261,0.6084914207458496,0.6621257662773132,0.6355283856391907,0.5543285012245178,0.6226608157157898,0.4790182113647461,0.6143051981925964,0.42984217405319214,0.6023711562156677,0.38600820302963257,ㅣ
0.6902446746826172,0.7265033721923828,0.6277281045913696,0.7460180521011353,0.5555354356765747,0.748715341091156,0.5088257193565369,0.7352599501609802,0.5025667548179626,0.6790591478347778,0.520294725894928,0.6118767261505127,0.5017157793045044,0.6329054236412048,0.5432226061820984,0.6856657266616821,0.5788034200668335,0.7234259843826294,0.5475814342498779,0.5735825300216675,0.5251393914222717,0.5974971055984497,0.5729541778564453,0.6669626235961914,0.6110071539878845,0.7126331925392151,0.5854789018630981,0.5419491529464722,0.5522066950798035,0.5421707034111023,0.5877519249916077,0.6140277981758118,0.6217638254165649,0.6663880348205566,0.6265622973442078,0.5186075568199158,0.5959301590919495,0.4389369487762451,0.5763170719146729,0.386766254901886,0.5569218397140503,0.3420073390007019,ㅣ
0.6888557076454163,0.691161036491394,0.6231979131698608,0.7312482595443726,0.5514514446258545,0.7570527791976929,0.4993579089641571,0.7601991295814514,0.4854346215724945,0.7030758261680603,0.49923714995384216,0.635282039642334,0.4784356355667114,0.6560363173484802,0.5293168425559998,0.6979631185531616,0.5714251399040222,0.7265368700027466,0.5190932154655457,0.5864585638046265,0.49762359261512756,0.6114532351493835,0.5572753548622131,0.6702588200569153,0.6030687689781189,0.707409679889679,0.549416184425354,0.5400806665420532,0.5158766508102417,0.5483139753341675,0.5631697773933411,0.6143229603767395,0.6058502793312073,0.6598179340362549,0.5830661058425903,0.5008324384689331,0.5357905626296997,0.4302084743976593,0.5045965313911438,0.3821348249912262,0.4756508767604828,0.3421371579170227,ㅣ
0.710481584072113,0.7295708656311035,0.6465215682983398,0.7268244028091431,0.5735687613487244,0.7007497549057007,0.5291181802749634,0.6600943803787231,0.5319904685020447,0.5972818732261658,0.5652796030044556,0.5828824639320374,0.5446304082870483,0.5650882720947266,0.5772662162780762,0.6288318634033203,0.6088265776634216,0.6795455813407898,0.5966700911521912,0.5497786402702332,0.5713374614715576,0.5358904004096985,0.6067414879798889,0.6180581450462341,0.6385939717292786,0.6734833121299744,0.6367411017417908,0.5226424336433411,0.6044284105300903,0.48360052704811096,0.6235920786857605,0.5633581876754761,0.645626962184906,0.6264008283615112,0.6786819696426392,0.5038268566131592,0.6701392531394958,0.413097620010376,0.665019690990448,0.35531488060951233,0.6565552949905396,0.30312472581863403,ㅣ
0.6911464929580688,0.7349810600280762,0.6318206787109375,0.7241328954696655,0.5647552013397217,0.6855592727661133,0.5241528153419495,0.6368997097015381,0.5297428369522095,0.5751362442970276,0.5644387006759644,0.5828230381011963,0.5447990894317627,0.5546975135803223,0.5697900056838989,0.6111890077590942,0.5961455702781677,0.6621148586273193,0.5947924256324768,0.5547106266021729,0.5693912506103516,0.5280880331993103,0.5935162901878357,0.6023896932601929,0.6191568970680237,0.656916081905365,0.6331546306610107,0.5322649478912354,0.6019100546836853,0.4796857535839081,0.6110159754753113,0.5483864545822144,0.6263354420661926,0.6074406504631042,0.6732568144798279,0.5188676714897156,0.6694910526275635,0.4360528290271759,0.6668040752410889,0.38317936658859253,0.6610419750213623,0.33409592509269714,ㅣ
0.6326039433479309,0.8714821338653564,0.5791350603103638,0.8358460664749146,0.5314490795135498,0.7617827653884888,0.511256992816925,0.6887449622154236,0.5353617072105408,0.6369681358337402,0.566356360912323,0.6815215349197388,0.5545489192008972,0.6325604319572449,0.5567727088928223,0.6899624466896057,0.5653820633888245,0.7441207766532898,0.5974850058555603,0.6704241633415222,0.5808787941932678,0.6226295828819275,0.579330563545227,0.6951177716255188,0.5881950855255127,0.7540454864501953,0.6327860951423645,0.6666373014450073,0.6180614829063416,0.6000062823295593,0.6045462489128113,0.6553256511688232,0.6026984453201294,0.7106053233146667,0.6706422567367554,0.6705926060676575,0.6835867166519165,0.6012057662010193,0.6919276714324951,0.5597048997879028,0.6986861824989319,0.5207887887954712,ㅣ
0.6134389042854309,0.8841404914855957,0.5676724314689636,0.8407065868377686,0.5299937725067139,0.7560970783233643,0.5170893669128418,0.6832257509231567,0.547357439994812,0.6410909295082092,0.5686546564102173,0.6834908723831177,0.5634204745292664,0.6344984173774719,0.5589418411254883,0.6904284954071045,0.5599976778030396,0.7455119490623474,0.6022990942001343,0.6805344820022583,0.5904645323753357,0.6335134506225586,0.5803611278533936,0.7039965987205505,0.5807542204856873,0.7630451917648315,0.6396342515945435,0.6860204935073853,0.6304696798324585,0.6207123398780823,0.6101595759391785,0.6744508743286133,0.5997399091720581,0.7270382046699524,0.6774413585662842,0.6993299722671509,0.7030513882637024,0.633175790309906,0.7185655236244202,0.590106725692749,0.729759156703949,0.54771888256073,ㅣ
0.6577377319335938,0.8450961112976074,0.6001584529876709,0.8234188556671143,0.5387722253799438,0.7613642811775208,0.5091313719749451,0.6963015794754028,0.5271978974342346,0.6384029388427734,0.5600338578224182,0.6600857377052307,0.5426478385925293,0.6188334822654724,0.556595504283905,0.6793129444122314,0.5733052492141724,0.7314656972885132,0.5914701819419861,0.642246425151825,0.5696702599525452,0.6047070026397705,0.5843499898910522,0.682960033416748,0.6021044254302979,0.7399613857269287,0.6286779642105103,0.6320227980613708,0.6044938564300537,0.5743935108184814,0.6043455600738525,0.6453417539596558,0.6121973991394043,0.7058585286140442,0.6672452688217163,0.6292814612388611,0.6728432178497314,0.5485236048698425,0.6736109256744385,0.4986504912376404,0.6711493134498596,0.45197758078575134,ㅣ
0.690759539604187,0.7582434415817261,0.6217842698097229,0.7470923066139221,0.5350165367126465,0.6701962351799011,0.4964614510536194,0.5769746899604797,0.5253778100013733,0.49770092964172363,0.5561931729316711,0.5378888249397278,0.5372068285942078,0.488241970539093,0.5623303651809692,0.5669180154800415,0.5880450010299683,0.6377376317977905,0.5980835556983948,0.5094463229179382,0.5717348456382751,0.45657867193222046,0.594835638999939,0.5621830821037292,0.619396984577179,0.6420510411262512,0.6461705565452576,0.49136388301849365,0.6160004138946533,0.41811078786849976,0.6219377517700195,0.514022171497345,0.6350730657577515,0.5953322649002075,0.6967194080352783,0.48338523507118225,0.6947105526924133,0.37860456109046936,0.6913764476776123,0.3132273256778717,0.6851052641868591,0.25329211354255676,ㅣ
0.6351104378700256,0.8047130703926086,0.541897714138031,0.7769935131072998,0.4306374192237854,0.6782535314559937,0.3671517074108124,0.5655713081359863,0.3959897756576538,0.4519619345664978,0.4537963271141052,0.5065023303031921,0.4221867620944977,0.43834781646728516,0.44976136088371277,0.5386462807655334,0.4777580499649048,0.6163867712020874,0.5055442452430725,0.46581363677978516,0.47012192010879517,0.3994962275028229,0.4976857900619507,0.5376489758491516,0.5272212624549866,0.635328471660614,0.5675026774406433,0.4406317174434662,0.525855541229248,0.3430514633655548,0.5285690426826477,0.4690024256706238,0.5402403473854065,0.5747330188751221,0.6299313306808472,0.43214404582977295,0.6221769452095032,0.2993152141571045,0.6144605278968811,0.2185017168521881,0.6014198660850525,0.14225468039512634,ㅣ
0.6192131042480469,0.8811228275299072,0.5071306228637695,0.8518790006637573,0.3662832975387573,0.7239813208580017,0.29445362091064453,0.594611644744873,0.3268434405326843,0.469792902469635,0.39679279923439026,0.5049964189529419,0.3597140312194824,0.42991915345191956,0.3826981484889984,0.5664384365081787,0.4137303829193115,0.682754397392273,0.46011117100715637,0.46555495262145996,0.4129931330680847,0.3742881417274475,0.4306912422180176,0.5545440912246704,0.4614347517490387,0.6943568587303162,0.5332558155059814,0.44389718770980835,0.4793257713317871,0.3380953073501587,0.4749501943588257,0.5039820671081543,0.4854764938354492,0.6399788856506348,0.6073119640350342,0.43934541940689087,0.5971595644950867,0.2765384912490845,0.5873667597770691,0.17392954230308533,0.5713179111480713,0.07499507069587708,ㅣ
0.588837206363678,0.8500134944915771,0.4909108877182007,0.811288595199585,0.40671390295028687,0.7249016165733337,0.360548198223114,0.628504753112793,0.389188677072525,0.5395811796188354,0.4342740476131439,0.5910359621047974,0.40200310945510864,0.517696738243103,0.4109959006309509,0.6045198440551758,0.42615175247192383,0.6697108149528503,0.47259798645973206,0.5634295344352722,0.43834632635116577,0.4970129728317261,0.44940096139907837,0.6051914095878601,0.46916478872299194,0.6807831525802612,0.5200759768486023,0.543339192867279,0.48057690262794495,0.458263635635376,0.47635185718536377,0.5660974979400635,0.4829022288322449,0.6555168032646179,0.5695959329605103,0.5342872738838196,0.565407931804657,0.4248960018157959,0.5636128783226013,0.3546530306339264,0.5560606122016907,0.2835335433483124,ㅣ
0.6022154688835144,0.8295731544494629,0.5449950098991394,0.8123063445091248,0.48599421977996826,0.7473957538604736,0.47587907314300537,0.6733424067497253,0.52325439453125,0.6608757972717285,0.5119625329971313,0.6401628255844116,0.49673646688461304,0.586472749710083,0.5010722279548645,0.6398886442184448,0.5103116035461426,0.6665723323822021,0.544312596321106,0.6292507648468018,0.5293609499931335,0.5860991477966309,0.5321052074432373,0.6585322618484497,0.5402911305427551,0.696426272392273,0.5776299238204956,0.6257949471473694,0.5611676573753357,0.5782670974731445,0.5537595748901367,0.6515915989875793,0.5544301271438599,0.7024688124656677,0.6112392544746399,0.6290622353553772,0.6190012097358704,0.5549429059028625,0.6230537295341492,0.5056215524673462,0.6248744130134583,0.4514254927635193,ㅣ
0.6020486354827881,0.8428987860679626,0.5462285280227661,0.8273025751113892,0.4894951581954956,0.7711474299430847,0.4772510826587677,0.7076129913330078,0.5200986266136169,0.6965234875679016,0.5125978589057922,0.6668207049369812,0.49644213914871216,0.6179128885269165,0.49848923087120056,0.6653091907501221,0.5071199536323547,0.6944902539253235,0.542991042137146,0.6536865234375,0.5240327715873718,0.6121752262115479,0.5264515280723572,0.6769864559173584,0.5369336009025574,0.7167855501174927,0.5752605199813843,0.6480764746665955,0.5545011758804321,0.6025699377059937,0.5480432510375977,0.6689435243606567,0.550847589969635,0.7194694876670837,0.6080605387687683,0.6503918170928955,0.6158945560455322,0.580943763256073,0.6190118789672852,0.5336763262748718,0.6197700500488281,0.4841054081916809,ㅣ
0.579253613948822,0.834041178226471,0.5278230309486389,0.8191758990287781,0.4745391607284546,0.7710914015769958,0.455264151096344,0.7098192572593689,0.48210978507995605,0.6629925966262817,0.48163437843322754,0.6760981678962708,0.4609391689300537,0.6227054595947266,0.463112473487854,0.6616348624229431,0.4709186851978302,0.6899610757827759,0.5077122449874878,0.6589041948318481,0.4882253408432007,0.6125403642654419,0.49353352189064026,0.6745643019676208,0.5049796104431152,0.716585099697113,0.5383903384208679,0.6482911705970764,0.5140631198883057,0.603438675403595,0.5123151540756226,0.6727727651596069,0.5193141102790833,0.7250105142593384,0.5704149007797241,0.6445937752723694,0.5715482234954834,0.5746351480484009,0.5702031850814819,0.5287830829620361,0.5668209195137024,0.48229873180389404,ㅣ
0.5562440156936646,0.8412995338439941,0.49888864159584045,0.8302725553512573,0.43262171745300293,0.7719639539718628,0.4121273159980774,0.6965522766113281,0.4577648341655731,0.6616570353507996,0.4370810091495514,0.6555875539779663,0.41110411286354065,0.6058607697486877,0.4239421784877777,0.6644586324691772,0.43552687764167786,0.6870306730270386,0.46899500489234924,0.6354855895042419,0.4442950487136841,0.5913000702857971,0.45746538043022156,0.6658254265785217,0.47060319781303406,0.6982625722885132,0.5052188038825989,0.6248692274093628,0.47765275835990906,0.5809682011604309,0.48177528381347656,0.6624270081520081,0.490774542093277,0.7150782346725464,0.5420974493026733,0.6218328475952148,0.5405770540237427,0.5434525609016418,0.5375289916992188,0.48963019251823425,0.530434250831604,0.4304882287979126,ㅣ
0.526386022567749,0.8322044610977173,0.46054136753082275,0.8316216468811035,0.3810681402683258,0.7724283337593079,0.34777963161468506,0.6934252381324768,0.3930615782737732,0.6406217813491821,0.3797761797904968,0.6401056051254272,0.3455156981945038,0.5824843645095825,0.3657691478729248,0.6363677978515625,0.3869290351867676,0.670810341835022,0.41858023405075073,0.6076796650886536,0.3865640461444855,0.5584268569946289,0.409419447183609,0.644390344619751,0.4303256869316101,0.6934708952903748,0.46249324083328247,0.5880423784255981,0.4271511435508728,0.5409314632415771,0.4350530505180359,0.6406555771827698,0.44812461733818054,0.7116366624832153,0.5080894231796265,0.5758665800094604,0.5074069499969482,0.4782593846321106,0.5069791674613953,0.4098987579345703,0.5012982487678528,0.3417398929595947,ㅣ
0.5276628136634827,0.8309628963470459,0.4527152478694916,0.8300832509994507,0.363253653049469,0.760319709777832,0.33423376083374023,0.6673317551612854,0.3866080045700073,0.6147523522377014,0.3681861162185669,0.6164483428001404,0.33424317836761475,0.5496009588241577,0.35592085123062134,0.6206798553466797,0.37504398822784424,0.657302975654602,0.4079825282096863,0.5845438241958618,0.3733646869659424,0.5269577503204346,0.39539337158203125,0.618643581867218,0.41472217440605164,0.6666603684425354,0.4548846185207367,0.5657411217689514,0.4164638817310333,0.5113331079483032,0.42239829897880554,0.6153265237808228,0.4340066909790039,0.6882036924362183,0.5044369101524353,0.5561937689781189,0.5064755082130432,0.451828271150589,0.5064587593078613,0.37916964292526245,0.49957340955734253,0.3035469949245453,ㅣ
0.5954651236534119,0.7614637613296509,0.5211483836174011,0.7555985450744629,0.4380672574043274,0.7033358216285706,0.40423205494880676,0.617833137512207,0.4458215534687042,0.5519647002220154,0.4249255359172821,0.572318434715271,0.39042431116104126,0.505384624004364,0.4133903384208679,0.5696437358856201,0.4351648688316345,0.6062530279159546,0.46148616075515747,0.5365815162658691,0.42922845482826233,0.4736533761024475,0.4535900950431824,0.5612062215805054,0.47752097249031067,0.6143801212310791,0.5045568346977234,0.5090427398681641,0.46744436025619507,0.4509339928627014,0.4804122745990753,0.5477800965309143,0.4985460042953491,0.6195254325866699,0.5491299629211426,0.49217689037323,0.5384935736656189,0.392053484916687,0.5293543934822083,0.3240146040916443,0.5157181620597839,0.25574252009391785,ㅣ
0.610874593257904,0.7974959015846252,0.5516489148139954,0.7828569412231445,0.48903751373291016,0.7332337498664856,0.4685022532939911,0.658900797367096,0.5094669461250305,0.6151120662689209,0.49158114194869995,0.6285204291343689,0.4708224833011627,0.5658969879150391,0.47978806495666504,0.6146119236946106,0.48942047357559204,0.6442742943763733,0.52374267578125,0.6082742214202881,0.5039995908737183,0.55218505859375,0.5127203464508057,0.6185734272003174,0.5236337184906006,0.6582143306732178,0.5591670870780945,0.5934194326400757,0.5364622473716736,0.5411646366119385,0.5373783707618713,0.6138240098953247,0.5441620349884033,0.6677793860435486,0.5954247713088989,0.5861368179321289,0.5948008298873901,0.5090051889419556,0.5933964848518372,0.4560733437538147,0.5887219905853271,0.4014190435409546,ㅣ
0.6138536930084229,0.7771295309066772,0.5602817535400391,0.765416145324707,0.506076455116272,0.7168277502059937,0.49011552333831787,0.6491185426712036,0.5242295861244202,0.6094646453857422,0.5128456354141235,0.6297917366027832,0.4955401122570038,0.5741651654243469,0.5009928941726685,0.6167713403701782,0.5108578205108643,0.6471289992332458,0.5395351648330688,0.6110865473747253,0.5219154357910156,0.5583568215370178,0.5290850400924683,0.616961658000946,0.5419617891311646,0.6573752164840698,0.570023238658905,0.5970726013183594,0.5486574769020081,0.5435568690299988,0.5472647547721863,0.605469822883606,0.553450882434845,0.6551681160926819,0.6022113561630249,0.590170681476593,0.6020437479019165,0.5221815705299377,0.6000858545303345,0.4761097729206085,0.5951494574546814,0.42873042821884155,ㅣ
0.617965817451477,0.7624884247779846,0.5736778378486633,0.7501593828201294,0.5245998501777649,0.7102521061897278,0.5044817328453064,0.6562498807907104,0.5315254926681519,0.6164178848266602,0.5316042900085449,0.6262078881263733,0.5125990509986877,0.5765962600708008,0.5100260376930237,0.6023977994918823,0.5149087905883789,0.6269736886024475,0.5553210377693176,0.6102507710456848,0.5362073183059692,0.5672258138656616,0.5405298471450806,0.6228027939796448,0.5517210960388184,0.6622170209884644,0.5830994844436646,0.5990395545959473,0.5608261823654175,0.5556678771972656,0.5582308769226074,0.6159530282020569,0.5640490055084229,0.6630030274391174,0.612448513507843,0.593364953994751,0.6149147748947144,0.5294897556304932,0.6149954795837402,0.4862610101699829,0.6131224632263184,0.442314475774765,ㅣ
0.6027897000312805,0.7132968902587891,0.5577947497367859,0.7051475644111633,0.5105701088905334,0.6755939722061157,0.4910556972026825,0.6306201815605164,0.5124102830886841,0.5929237008094788,0.5093954801559448,0.5851294994354248,0.48876407742500305,0.5400965809822083,0.49557146430015564,0.5804528594017029,0.5064513683319092,0.6108738780021667,0.5365265011787415,0.572046160697937,0.5180351138114929,0.5357455015182495,0.5245036482810974,0.5911669731140137,0.533818244934082,0.6287674307823181,0.5665836334228516,0.5629642605781555,0.5478929877281189,0.5356174111366272,0.5482994318008423,0.5945014953613281,0.5536943078041077,0.6376797556877136,0.5967605710029602,0.5578899383544922,0.5981718897819519,0.4960934519767761,0.598170280456543,0.45485031604766846,0.5960960984230042,0.4140591025352478,ㅣ
0.5778121948242188,0.6773171424865723,0.5347489714622498,0.6697425246238708,0.4870874881744385,0.6383526921272278,0.4667576551437378,0.5949177145957947,0.4835222065448761,0.555698812007904,0.4830852150917053,0.5375698208808899,0.4618971347808838,0.4967978298664093,0.47259649634361267,0.5448260307312012,0.48492270708084106,0.5755680799484253,0.5124196410179138,0.5261373519897461,0.49239227175712585,0.495434045791626,0.5037336945533752,0.5592867732048035,0.5149126648902893,0.5972108840942383,0.54441899061203,0.5202317237854004,0.5256190299987793,0.49527257680892944,0.5267901420593262,0.5597677826881409,0.5307652354240417,0.6043065786361694,0.575851559638977,0.5189985036849976,0.5770002007484436,0.4558120369911194,0.5779997110366821,0.4126763641834259,0.5765784978866577,0.36979252099990845,ㅣ
0.5817939639091492,0.627420961856842,0.5301769375801086,0.6198702454566956,0.47966477274894714,0.5897756814956665,0.45332926511764526,0.5564586520195007,0.47201216220855713,0.5208333730697632,0.4823327362537384,0.4502158463001251,0.45420533418655396,0.4473605453968048,0.4712445139884949,0.5026652812957764,0.48659488558769226,0.5309219360351562,0.5178519487380981,0.4387902021408081,0.4926079511642456,0.44661787152290344,0.5046846270561218,0.5193344354629517,0.5127401947975159,0.5537635684013367,0.5556204915046692,0.44190713763237,0.5318928360939026,0.44473183155059814,0.5341700315475464,0.521343469619751,0.5390444397926331,0.567350447177887,0.5904467701911926,0.45473653078079224,0.5911950469017029,0.39256301522254944,0.5949571132659912,0.3486422598361969,0.5963436365127563,0.3022685647010803,ㅣ
0.5809739232063293,0.6057063341140747,0.5277481079101562,0.6029085516929626,0.4761044383049011,0.5777535438537598,0.44913551211357117,0.5494199395179749,0.46526992321014404,0.5176873803138733,0.4754657745361328,0.4271693527698517,0.44719263911247253,0.44859597086906433,0.4668315649032593,0.5005120038986206,0.4817166328430176,0.5262474417686462,0.5104973316192627,0.4156423807144165,0.4827706515789032,0.44536083936691284,0.49881595373153687,0.5151943564414978,0.5103721618652344,0.5487541556358337,0.548647940158844,0.42338380217552185,0.5209972858428955,0.4436028003692627,0.5233514904975891,0.5177512168884277,0.5291568636894226,0.5625021457672119,0.5836794376373291,0.4435592293739319,0.5807840824127197,0.3844013214111328,0.5825583338737488,0.3417573571205139,0.5822422504425049,0.2978360652923584,ㅣ
0.5836472511291504,0.6041523814201355,0.5333595871925354,0.5992968678474426,0.47967392206192017,0.5700795650482178,0.4537772834300995,0.5359175801277161,0.46697524189949036,0.4993177354335785,0.4798627495765686,0.4272691607475281,0.4534464180469513,0.43016931414604187,0.472012460231781,0.48749831318855286,0.487454354763031,0.5179320573806763,0.5159593224525452,0.41586148738861084,0.48790863156318665,0.4242226183414459,0.5023248791694641,0.49800732731819153,0.5141680836677551,0.5371601581573486,0.5544041991233826,0.4194369614124298,0.5281285047531128,0.42270413041114807,0.5301637649536133,0.4992954432964325,0.5356956720352173,0.5486228466033936,0.5902453064918518,0.4335963726043701,0.5900440216064453,0.3692675530910492,0.5935957431793213,0.32351744174957275,0.5944322347640991,0.2766919732093811,ㅣ
0.6093698740005493,0.6885174512863159,0.5587834715843201,0.675692617893219,0.5011072158813477,0.6267477869987488,0.47788673639297485,0.5611691474914551,0.511441707611084,0.5137755870819092,0.5073311924934387,0.523229718208313,0.48659592866897583,0.4630811810493469,0.4887237846851349,0.5084041357040405,0.4976341128349304,0.5411827564239502,0.5368571877479553,0.5047777891159058,0.5188890099525452,0.45000582933425903,0.5221019387245178,0.517706036567688,0.5323674082756042,0.5639216303825378,0.570808470249176,0.49299439787864685,0.5484218001365662,0.4370001256465912,0.5444368124008179,0.5073343515396118,0.548674464225769,0.5621290802955627,0.6052051186561584,0.4887559115886688,0.6087910532951355,0.4140070378780365,0.6105308532714844,0.3635392487049103,0.6091368794441223,0.3114309310913086,ㅣ
0.6765568256378174,0.6682292222976685,0.6172250509262085,0.6822506189346313,0.5485405921936035,0.6575308442115784,0.524743914604187,0.5922664403915405,0.5522265434265137,0.5316036343574524,0.5239905714988708,0.5643774271011353,0.49072954058647156,0.5150282979011536,0.5087935924530029,0.55056232213974,0.5277390480041504,0.5784602761268616,0.5497155785560608,0.526889443397522,0.520319938659668,0.48005515336990356,0.5477410554885864,0.5377086997032166,0.5716660022735596,0.5763834118843079,0.5803408622741699,0.49475714564323425,0.5477765202522278,0.44906166195869446,0.5698240995407104,0.5168728232383728,0.5926997065544128,0.5698903203010559,0.6125301718711853,0.4708801507949829,0.5913406610488892,0.399128258228302,0.5747768878936768,0.3509020209312439,0.5551842451095581,0.3035867214202881,ㅣ
0.7040405869483948,0.6515389680862427,0.6427640914916992,0.6776123642921448,0.561935544013977,0.6613572239875793,0.5319532752037048,0.5917531251907349,0.5607109665870667,0.516036868095398,0.5176393985748291,0.5518704652786255,0.47525304555892944,0.5012495517730713,0.5045933723449707,0.5384325981140137,0.5329554080963135,0.5695595145225525,0.5459285378456116,0.5020326972007751,0.5139310359954834,0.45776277780532837,0.5563782453536987,0.5211129784584045,0.5864209532737732,0.5625001192092896,0.5819665193557739,0.4599226415157318,0.5457309484481812,0.4135873317718506,0.5817826986312866,0.490596741437912,0.6119924187660217,0.5494528412818909,0.6202554702758789,0.4274144172668457,0.5938683152198792,0.3425164520740509,0.5754446983337402,0.28575849533081055,0.5522110462188721,0.23085236549377441,ㅣ
0.7159575819969177,0.6237679123878479,0.6449695229530334,0.6644943356513977,0.5532164573669434,0.6590778827667236,0.5203670263290405,0.5834993720054626,0.5478465557098389,0.4912683367729187,0.4910581111907959,0.5313111543655396,0.4339677691459656,0.48376205563545227,0.4727615416049957,0.5213348865509033,0.5145067572593689,0.5535266995429993,0.5188579559326172,0.46790027618408203,0.4728317856788635,0.4154893457889557,0.5246121883392334,0.48368391394615173,0.5645989179611206,0.531470000743866,0.5579458475112915,0.4143857955932617,0.5168144702911377,0.3673577904701233,0.5653660893440247,0.4566512703895569,0.6050418615341187,0.5236462354660034,0.6023257374763489,0.3718686103820801,0.5635887980461121,0.27878284454345703,0.5380859971046448,0.2144712507724762,0.5083994269371033,0.15194907784461975,ㅣ
0.6721506714820862,0.7160095572471619,0.5933287739753723,0.7398781776428223,0.4972470700740814,0.7126809358596802,0.4614636301994324,0.6249076128005981,0.49821895360946655,0.5338432192802429,0.45344308018684387,0.577288031578064,0.3964487314224243,0.5091041922569275,0.4171184301376343,0.5376343727111816,0.4514135718345642,0.573846697807312,0.48720601201057434,0.5174837708473206,0.446289598941803,0.4492242932319641,0.48707205057144165,0.5201472640037537,0.5226545929908752,0.5750077366828918,0.5315231680870056,0.4662003219127655,0.4873425364494324,0.40009811520576477,0.5243431329727173,0.49213212728500366,0.5610559582710266,0.5667366981506348,0.5797732472419739,0.43008214235305786,0.5511186122894287,0.3240082859992981,0.5278502702713013,0.25412052869796753,0.5009873509407043,0.18692442774772644,ㅣ
0.6520766019821167,0.7790522575378418,0.5715680122375488,0.7645210027694702,0.4869537651538849,0.6889393329620361,0.4711824357509613,0.5893453359603882,0.5311262011528015,0.5281825661659241,0.49122676253318787,0.5363256335258484,0.46401822566986084,0.4466688334941864,0.47414565086364746,0.5142818093299866,0.49091318249702454,0.5707288384437561,0.5385942459106445,0.5038554668426514,0.5157518982887268,0.42556220293045044,0.5289489030838013,0.5200293064117432,0.5469571352005005,0.5849462151527405,0.5914354920387268,0.4813438355922699,0.566788911819458,0.3943791389465332,0.568715512752533,0.49579086899757385,0.5779948830604553,0.5785377621650696,0.6443080902099609,0.47225484251976013,0.6489561200141907,0.3628145456314087,0.6521120071411133,0.2887860834598541,0.650490403175354,0.21313568949699402,ㅣ
0.6401233077049255,0.8265241384506226,0.5672866106033325,0.7892647385597229,0.48863863945007324,0.6842832565307617,0.4840793311595917,0.5748300552368164,0.5574327707290649,0.5457467436790466,0.5171517133712769,0.5338616967201233,0.505405604839325,0.4357725977897644,0.5044609904289246,0.49926477670669556,0.5113662481307983,0.5448386073112488,0.5724414587020874,0.5154428482055664,0.5634464621543884,0.429397851228714,0.5561177134513855,0.5248666405677795,0.559440016746521,0.5856385827064514,0.6295047402381897,0.5121855735778809,0.6199857592582703,0.4235604405403137,0.5999332070350647,0.5234391689300537,0.5919673442840576,0.6037018299102783,0.6847043633460999,0.5224782228469849,0.713313102722168,0.41886019706726074,0.7318509817123413,0.3464641869068146,0.7461636066436768,0.2697036564350128,ㅣ
0.6362462043762207,0.9302660226821899,0.5671254992485046,0.8718416690826416,0.5035228729248047,0.7400784492492676,0.5166236162185669,0.6297174096107483,0.5928583741188049,0.6308425664901733,0.5572541952133179,0.5909430384635925,0.5590006113052368,0.49577412009239197,0.5451078414916992,0.5751833915710449,0.5435460805892944,0.621172308921814,0.6171823143959045,0.5915462374687195,0.6154788136482239,0.5209344029426575,0.5908945202827454,0.6213037967681885,0.5847737789154053,0.6657283902168274,0.676260232925415,0.6095622777938843,0.6787385940551758,0.5329058170318604,0.6405600309371948,0.6370373964309692,0.6184483766555786,0.7113548517227173,0.7311798930168152,0.637233316898346,0.7778897881507874,0.5408633351325989,0.8104867339134216,0.47738581895828247,0.8408831357955933,0.4061495065689087,ㅣ
0.6376653909683228,0.853975236415863,0.5633028149604797,0.7971508502960205,0.4987941384315491,0.6849250197410583,0.4977279305458069,0.5753596425056458,0.5642768144607544,0.5610972046852112,0.5414108037948608,0.5406473278999329,0.530398964881897,0.45152580738067627,0.5261345505714417,0.5118882656097412,0.5311373472213745,0.5656843185424805,0.5923227667808533,0.5352923274040222,0.5836061239242554,0.4618239998817444,0.5711338520050049,0.5495007634162903,0.5696989893913269,0.6125503182411194,0.645601749420166,0.5435150265693665,0.6375523209571838,0.4647769331932068,0.6070656776428223,0.5562011003494263,0.5916597247123718,0.633023202419281,0.6978432536125183,0.5600399374961853,0.7323291301727295,0.4652578830718994,0.7572429180145264,0.4039493203163147,0.7794494032859802,0.3390304446220398,ㅣ
0.4893290102481842,0.7672935128211975,0.4301118552684784,0.7578281760215759,0.37015581130981445,0.7168198823928833,0.3412465751171112,0.6575926542282104,0.36758995056152344,0.6108371019363403,0.36532074213027954,0.6192044019699097,0.34195858240127563,0.5703840255737305,0.3520924150943756,0.6183497905731201,0.3648355007171631,0.6522030234336853,0.3930150866508484,0.5954356789588928,0.37200894951820374,0.5459446310997009,0.3816450238227844,0.6088066101074219,0.39403587579727173,0.6546016335487366,0.4260585904121399,0.5779843330383301,0.40194398164749146,0.5342854857444763,0.40496858954429626,0.6042759418487549,0.41381382942199707,0.659943699836731,0.4595336616039276,0.5698517560958862,0.4539753198623657,0.49717849493026733,0.4495435953140259,0.44815391302108765,0.4425913393497467,0.40029260516166687,ㅣ
0.36904364824295044,0.701072096824646,0.3125271797180176,0.7220182418823242,0.24400243163108826,0.7137152552604675,0.19906364381313324,0.6786143183708191,0.20821605622768402,0.6186760663986206,0.22134408354759216,0.6221907734870911,0.1834857165813446,0.5912168622016907,0.18830466270446777,0.6101460456848145,0.19772927463054657,0.6267330646514893,0.24121664464473724,0.5852349996566772,0.20177152752876282,0.5612300038337708,0.2294241189956665,0.6144639253616333,0.25893914699554443,0.6528174877166748,0.26790720224380493,0.5521525740623474,0.2253473699092865,0.5269218683242798,0.23870128393173218,0.5874691605567932,0.2572668492794037,0.6364929676055908,0.2988690435886383,0.5255850553512573,0.2738761007785797,0.4627121090888977,0.25786179304122925,0.42050063610076904,0.23971988260746002,0.38249433040618896,ㅣ
0.41758131980895996,0.637919545173645,0.36066487431526184,0.6540123820304871,0.29179200530052185,0.6290061473846436,0.248524010181427,0.5786526799201965,0.2711397707462311,0.5235647559165955,0.2819824814796448,0.5217915773391724,0.24443978071212769,0.4877849221229553,0.25272801518440247,0.5188616514205933,0.26710134744644165,0.5405999422073364,0.3035790026187897,0.4918099641799927,0.26702791452407837,0.4622161090373993,0.28424879908561707,0.5164793729782104,0.30549854040145874,0.5526531934738159,0.3319191634654999,0.4646313786506653,0.29324424266815186,0.4405890703201294,0.3049536943435669,0.5076865553855896,0.324173241853714,0.5562474727630615,0.3633154630661011,0.44301697611808777,0.34276601672172546,0.37463217973709106,0.3294126093387604,0.3286250829696655,0.31585684418678284,0.28460732102394104,ㅣ
0.5507118701934814,0.633846640586853,0.4900411069393158,0.6155602335929871,0.42807766795158386,0.5628002882003784,0.4001125693321228,0.4954236149787903,0.4355520009994507,0.4428548812866211,0.43784064054489136,0.4457952082157135,0.4128357768058777,0.38653022050857544,0.4116608500480652,0.427071750164032,0.41678088903427124,0.4650285542011261,0.4693458378314972,0.4228558838367462,0.44421321153640747,0.3705998361110687,0.4476107060909271,0.4406774044036865,0.458041250705719,0.49466848373413086,0.5058993697166443,0.40917837619781494,0.4809461236000061,0.3567711114883423,0.4773792624473572,0.4321397542953491,0.4818008840084076,0.4945945143699646,0.5437145233154297,0.4063228666782379,0.5431653261184692,0.32441115379333496,0.5417819023132324,0.2692849636077881,0.5375973582267761,0.21629449725151062,ㅣ
0.6043760180473328,0.6931157112121582,0.5463599562644958,0.6663230657577515,0.48367154598236084,0.6003284454345703,0.466696560382843,0.5193925499916077,0.5124270915985107,0.470331609249115,0.4991764426231384,0.4826967716217041,0.4768919348716736,0.4105570316314697,0.4832353889942169,0.4662533104419708,0.49671247601509094,0.506201982498169,0.5378732085227966,0.46599674224853516,0.5212058424949646,0.3999708294868469,0.5212621688842773,0.47634902596473694,0.5297986268997192,0.5281184911727905,0.5801606178283691,0.4583539664745331,0.562252402305603,0.38921117782592773,0.552041232585907,0.46754714846611023,0.5519339442253113,0.5307415723800659,0.6216273307800293,0.4606271982192993,0.6320958137512207,0.3763766884803772,0.6376641988754272,0.3198964595794678,0.6400976777076721,0.2604292631149292,ㅣ
0.5885940194129944,0.8639566898345947,0.5276668667793274,0.81807941198349,0.47105225920677185,0.731157660484314,0.4534089267253876,0.6427450180053711,0.5016478300094604,0.6016577482223511,0.5087647438049316,0.6126314401626587,0.4989680051803589,0.530921220779419,0.48316794633865356,0.576370358467102,0.4786005914211273,0.619308352470398,0.5463933944702148,0.6017940044403076,0.5332807302474976,0.529475748538971,0.5161812901496887,0.6058120131492615,0.5145624876022339,0.6669999361038208,0.5882687568664551,0.6021065711975098,0.573174774646759,0.5265846252441406,0.5456461906433105,0.6016570329666138,0.5335074067115784,0.6680690050125122,0.6297132968902588,0.6134262681007385,0.6509759426116943,0.5239141583442688,0.664421021938324,0.46389368176460266,0.6757725477218628,0.4046981930732727,ㅣ
0.5824183225631714,0.8131422400474548,0.5064857602119446,0.7762468457221985,0.4355646073818207,0.6920434236526489,0.3990817070007324,0.611745297908783,0.4194108247756958,0.5382649898529053,0.46687015891075134,0.5579631328582764,0.44454437494277954,0.5170378684997559,0.4591429829597473,0.6029592752456665,0.4752998650074005,0.6732902526855469,0.5129057168960571,0.5406097173690796,0.4900192618370056,0.5098710060119629,0.5029460191726685,0.6190875768661499,0.516021192073822,0.6953446269035339,0.5661150217056274,0.536156177520752,0.5431117415428162,0.4787205755710602,0.534529447555542,0.5838969349861145,0.5318126082420349,0.6687138676643372,0.6178296804428101,0.5444335341453552,0.6363518238067627,0.44214874505996704,0.6495988965034485,0.3749721646308899,0.6554892063140869,0.30805593729019165,ㅣ
0.6086601614952087,0.8117336630821228,0.5317563414573669,0.7792719602584839,0.45585182309150696,0.698154628276825,0.4173181653022766,0.6182438731193542,0.4346614480018616,0.5382680296897888,0.4882507622241974,0.5275153517723083,0.46456247568130493,0.49534159898757935,0.48356735706329346,0.6000074148178101,0.5031740665435791,0.6753619313240051,0.5409243702888489,0.5134670734405518,0.5185041427612305,0.48716607689857483,0.529268205165863,0.611464262008667,0.5405698418617249,0.6934643983840942,0.5987869501113892,0.5140398144721985,0.5789361596107483,0.4636983573436737,0.5705503821372986,0.5826636552810669,0.567775547504425,0.6729951500892639,0.6553207039833069,0.526084303855896,0.6774149537086487,0.4145127832889557,0.6967257857322693,0.3431433439254761,0.7095813751220703,0.2742687165737152,ㅣ
0.5660413503646851,0.9076483249664307,0.4908350706100464,0.8767191171646118,0.41682198643684387,0.8063018918037415,0.3774834871292114,0.7371461987495422,0.400507390499115,0.6702988743782043,0.4417553246021271,0.6612241864204407,0.4191811680793762,0.632082462310791,0.435014009475708,0.7207639813423157,0.44998699426651,0.7864581346511841,0.4856041669845581,0.6419568657875061,0.46170634031295776,0.6196336150169373,0.4735439121723175,0.7290377616882324,0.485665887594223,0.8018089532852173,0.5354650020599365,0.6353553533554077,0.5125991106033325,0.5896008014678955,0.5077258944511414,0.6937873959541321,0.5067863464355469,0.7747315168380737,0.5836598873138428,0.6402429938316345,0.5967224836349487,0.5398810505867004,0.6085113883018494,0.47330671548843384,0.6129432320594788,0.4089481830596924,ㅣ
0.5690924525260925,0.8162557482719421,0.5176357626914978,0.7990335822105408,0.4612298309803009,0.7530165314674377,0.4294779896736145,0.7038053274154663,0.44022244215011597,0.6525974869728088,0.4726809561252594,0.6550009250640869,0.45529890060424805,0.6288262605667114,0.4695602357387543,0.6845554113388062,0.4846973419189453,0.7298175096511841,0.5010738372802734,0.6376423239707947,0.4809887707233429,0.6137697696685791,0.49472466111183167,0.687423825263977,0.5096476078033447,0.7406590580940247,0.5346956253051758,0.6273134350776672,0.5121939778327942,0.5861932039260864,0.5113906264305115,0.6546425223350525,0.5147392153739929,0.7117742300033569,0.5688179731369019,0.6253088116645813,0.5725491642951965,0.5519236326217651,0.5751930475234985,0.5049253702163696,0.5725857019424438,0.4599560499191284,ㅣ
0.5834230184555054,0.8018890619277954,0.5366582274436951,0.7900025844573975,0.48404204845428467,0.7480506896972656,0.4558429419994354,0.701187789440155,0.4653644859790802,0.6529028415679932,0.4917781352996826,0.6622563600540161,0.478885680437088,0.6338553428649902,0.49278926849365234,0.684720516204834,0.5081644058227539,0.7262383699417114,0.5191645622253418,0.645064651966095,0.5020595192909241,0.6185413599014282,0.5147143006324768,0.684039831161499,0.529858410358429,0.7328374981880188,0.5506348013877869,0.6334874033927917,0.5299821496009827,0.5904558897018433,0.5283304452896118,0.6503542065620422,0.5320831537246704,0.7022478580474854,0.5831685662269592,0.6283198595046997,0.5861032009124756,0.5616293549537659,0.5872479677200317,0.5187534093856812,0.5844194889068604,0.47845137119293213,ㅣ
0.5890882611274719,0.8141636252403259,0.5443495512008667,0.805088460445404,0.49365559220314026,0.7699287533760071,0.46497631072998047,0.7266072630882263,0.4770191013813019,0.6782833337783813,0.4997289478778839,0.6854440569877625,0.48666468262672424,0.6533573269844055,0.4974229037761688,0.7014178037643433,0.5116657018661499,0.7395181059837341,0.5252209305763245,0.6672041416168213,0.5072002410888672,0.6351372003555298,0.5174434781074524,0.6985152959823608,0.5328232049942017,0.745798647403717,0.555059552192688,0.6541168093681335,0.533811092376709,0.6096730828285217,0.5317190885543823,0.666278064250946,0.5365694165229797,0.7151246070861816,0.586600661277771,0.6473409533500671,0.5887592434883118,0.5827047228813171,0.5891135931015015,0.5415680408477783,0.5865359306335449,0.5031093955039978,ㅣ
0.3129289746284485,0.6795218586921692,0.36607420444488525,0.6420242786407471,0.4032610356807709,0.5668544769287109,0.3931502103805542,0.4899098873138428,0.35472092032432556,0.44965600967407227,0.4041915237903595,0.4969557523727417,0.42545196413993835,0.42972028255462646,0.40871182084083557,0.48355644941329956,0.39794886112213135,0.5218941569328308,0.37197941541671753,0.47831472754478455,0.39077532291412354,0.4167567491531372,0.37159600853919983,0.49744608998298645,0.38096779584884644,0.48845258355140686,0.34086450934410095,0.47100335359573364,0.35535120964050293,0.4073861539363861,0.34841328859329224,0.48451706767082214,0.3430175483226776,0.5371561646461487,0.30512261390686035,0.47029897570610046,0.30670520663261414,0.38706374168395996,0.30894482135772705,0.3411865234375,0.31279852986335754,0.30147063732147217,ㅣ
0.28457969427108765,0.6621283292770386,0.3344859778881073,0.6349576711654663,0.37492504715919495,0.5654045343399048,0.36342811584472656,0.4917229115962982,0.329164981842041,0.4532336890697479,0.3771357536315918,0.49991393089294434,0.39763927459716797,0.43487441539764404,0.37970325350761414,0.489987850189209,0.3705712556838989,0.5205078125,0.3461510241031647,0.47637057304382324,0.3624584972858429,0.42377158999443054,0.34099486470222473,0.5000234842300415,0.3492369055747986,0.4914179742336273,0.3151600658893585,0.46751531958580017,0.33132055401802063,0.41762134432792664,0.31929221749305725,0.4889557957649231,0.313219279050827,0.5337720513343811,0.28208401799201965,0.46741417050361633,0.294084757566452,0.3877131938934326,0.30263200402259827,0.3470386266708374,0.3125319182872772,0.31487739086151123,ㅣ
0.2672477662563324,0.6516060829162598,0.3260299861431122,0.6139640808105469,0.36257725954055786,0.5358120203018188,0.34598228335380554,0.45779940485954285,0.30569756031036377,0.41864344477653503,0.36333930492401123,0.4598030149936676,0.3774247169494629,0.38677793741226196,0.36227962374687195,0.44948163628578186,0.3571842908859253,0.48824042081832886,0.32744747400283813,0.440285861492157,0.33466020226478577,0.3831205368041992,0.3205011785030365,0.4629207253456116,0.33178842067718506,0.4597799479961395,0.29166850447654724,0.4327988028526306,0.30020269751548767,0.3769126236438751,0.29396289587020874,0.4562358856201172,0.29186734557151794,0.5108721256256104,0.25433048605918884,0.4311206042766571,0.2655578553676605,0.34383633732795715,0.27277666330337524,0.2907576262950897,0.2815203070640564,0.2473161667585373,ㅣ
0.32105931639671326,0.6476571559906006,0.38491055369377136,0.6136781573295593,0.437167227268219,0.538057267665863,0.42413103580474854,0.44972556829452515,0.3781948685646057,0.4033941626548767,0.427282452583313,0.4449525773525238,0.4498146176338196,0.36952483654022217,0.43116483092308044,0.4417952299118042,0.42146214842796326,0.4820091426372528,0.3912779986858368,0.4243413209915161,0.40715283155441284,0.3635728359222412,0.39240556955337524,0.45152491331100464,0.396670937538147,0.4649627208709717,0.3542100787162781,0.4145999550819397,0.36806127429008484,0.3525901138782501,0.3620976507663727,0.4426719546318054,0.3566438555717468,0.5019190907478333,0.31335145235061646,0.4084059000015259,0.3242262005805969,0.3158160150051117,0.3341860771179199,0.26264071464538574,0.34485915303230286,0.21222665905952454,ㅣ
0.36495083570480347,0.6767920851707458,0.4332927465438843,0.6507755517959595,0.4863561987876892,0.5805301666259766,0.48080354928970337,0.492499977350235,0.43489354848861694,0.4402981400489807,0.49183958768844604,0.46343523263931274,0.5113469362258911,0.39501261711120605,0.4894266724586487,0.4739125669002533,0.4819084405899048,0.5127267241477966,0.45082613825798035,0.43847277760505676,0.4631071984767914,0.3839527666568756,0.44493287801742554,0.4808887541294098,0.4507240653038025,0.503201961517334,0.40659257769584656,0.427548885345459,0.42024508118629456,0.3784576952457428,0.41222789883613586,0.4749012887477875,0.40717360377311707,0.5371764898300171,0.36113908886909485,0.42372143268585205,0.3753131926059723,0.32524168491363525,0.3842681050300598,0.26610010862350464,0.3944878876209259,0.21189776062965393,ㅣ
0.41047969460487366,0.7322324514389038,0.4867774546146393,0.6898951530456543,0.5503086447715759,0.5971019268035889,0.5450452566146851,0.48637720942497253,0.486737996339798,0.4344519376754761,0.5237240195274353,0.48306989669799805,0.5529611110687256,0.3951602578163147,0.534461498260498,0.47693654894828796,0.5179002285003662,0.5300322771072388,0.48452237248420715,0.45819997787475586,0.5074478983879089,0.37906742095947266,0.49200788140296936,0.4901430606842041,0.49365735054016113,0.51633620262146,0.44363081455230713,0.44661861658096313,0.46503371000289917,0.36462628841400146,0.4614167809486389,0.47332140803337097,0.4523881673812866,0.5491237044334412,0.3956145644187927,0.4410632252693176,0.4056510627269745,0.32619136571884155,0.4192875325679779,0.2612972557544708,0.4339450001716614,0.20068514347076416,ㅣ
0.3855229616165161,0.7510863542556763,0.46860870718955994,0.7299087047576904,0.5408965945243835,0.6427768468856812,0.5312119722366333,0.5352370142936707,0.4816085696220398,0.46957454085350037,0.5577127933502197,0.5241406559944153,0.5913634300231934,0.4432559907436371,0.5580037832260132,0.5317915678024292,0.5424148440361023,0.5760688185691833,0.5134181976318359,0.48522818088531494,0.5405467748641968,0.41915374994277954,0.5026979446411133,0.5337601900100708,0.5181542038917542,0.5301222801208496,0.46542176604270935,0.46322494745254517,0.4932917058467865,0.3828398287296295,0.46900710463523865,0.495199054479599,0.45500609278678894,0.5649112462997437,0.41133973002433777,0.4487806558609009,0.434909850358963,0.3360810875892639,0.45041778683662415,0.27325525879859924,0.46815815567970276,0.21393722295761108,ㅣ
0.307897686958313,0.711155891418457,0.3820224702358246,0.689355731010437,0.4548337757587433,0.6314564347267151,0.4823715090751648,0.5472106337547302,0.43784934282302856,0.5089187622070312,0.43945059180259705,0.5003883242607117,0.4589117169380188,0.4459737539291382,0.43614262342453003,0.5199453234672546,0.42137834429740906,0.563563346862793,0.39892974495887756,0.4725020229816437,0.417142391204834,0.423654168844223,0.3966771960258484,0.5230871438980103,0.38348743319511414,0.5738845467567444,0.3561842143535614,0.4540547728538513,0.3767739534378052,0.38163307309150696,0.3701697587966919,0.4739775061607361,0.3601662516593933,0.5405096411705017,0.3099517226219177,0.4447372257709503,0.32062098383903503,0.3464580178260803,0.3330245912075043,0.29046571254730225,0.3464702069759369,0.23322990536689758,ㅣ
0.32904642820358276,0.7056293487548828,0.3964550495147705,0.6885011792182922,0.469555139541626,0.632068395614624,0.5016703009605408,0.557996928691864,0.4750764071941376,0.5053974986076355,0.44219720363616943,0.5167287588119507,0.4533836245536804,0.47502055764198303,0.43035241961479187,0.5420857071876526,0.41334161162376404,0.5898189544677734,0.4033936560153961,0.492838591337204,0.4176912307739258,0.45130404829978943,0.39650002121925354,0.5351566672325134,0.3796190023422241,0.5901980400085449,0.3640270531177521,0.4766702950000763,0.37875112891197205,0.4059862494468689,0.3733288049697876,0.4820016026496887,0.36729729175567627,0.5430896878242493,0.3224271535873413,0.46920064091682434,0.32956662774086,0.3804508149623871,0.33873021602630615,0.32947152853012085,0.3503740727901459,0.2793438732624054,ㅣ
0.33482569456100464,0.7241065502166748,0.39812570810317993,0.7103891968727112,0.4655590355396271,0.6544047594070435,0.49758991599082947,0.5854341983795166,0.4738289415836334,0.5385063290596008,0.4388978183269501,0.5514496564865112,0.4509710967540741,0.5086984634399414,0.43182307481765747,0.5714832544326782,0.4172179102897644,0.6152358055114746,0.4037259817123413,0.5295480489730835,0.4171833097934723,0.4884739816188812,0.39989617466926575,0.5667294859886169,0.3856816589832306,0.6174303293228149,0.3674527704715729,0.5146902799606323,0.3817461133003235,0.447287380695343,0.3778589367866516,0.5179769992828369,0.3723328709602356,0.5743412375450134,0.32894062995910645,0.5073133111000061,0.3348707854747772,0.4233560562133789,0.34364619851112366,0.37550848722457886,0.354571133852005,0.3288227319717407,ㅣ
0.34269681572914124,0.7056702375411987,0.4064366817474365,0.6933568716049194,0.473686546087265,0.6369377374649048,0.5044932961463928,0.5640031099319458,0.47786080837249756,0.5156525373458862,0.44249945878982544,0.5335543155670166,0.45469143986701965,0.48943471908569336,0.43773743510246277,0.55390864610672,0.4261617958545685,0.59879070520401,0.4058534502983093,0.5118188261985779,0.4189876317977905,0.4681209921836853,0.4048881232738495,0.5472123622894287,0.3930324614048004,0.5986555218696594,0.3681260347366333,0.4976540803909302,0.3799654245376587,0.43180984258651733,0.37898892164230347,0.5036293268203735,0.3757058084011078,0.5606908798217773,0.3288004994392395,0.4918513298034668,0.3322913944721222,0.408851683139801,0.3388513922691345,0.3597666025161743,0.3470756411552429,0.3124697804450989,ㅣ
0.3471696972846985,0.6925310492515564,0.42141973972320557,0.6755986213684082,0.5014126896858215,0.6040518879890442,0.5388488173484802,0.5224713087081909,0.5113463401794434,0.46493372321128845,0.46441036462783813,0.47643110156059265,0.4777032136917114,0.4233860373497009,0.4551941454410553,0.5029767751693726,0.4390718340873718,0.5608978867530823,0.4191412329673767,0.45308488607406616,0.43304702639579773,0.4065507650375366,0.41425415873527527,0.5065487027168274,0.3998206853866577,0.574885904788971,0.37271785736083984,0.4380773901939392,0.38706663250923157,0.3591225743293762,0.38464847207069397,0.4432861804962158,0.3814089298248291,0.5146260857582092,0.32606783509254456,0.432192862033844,0.32988953590393066,0.32829195261001587,0.33487027883529663,0.26339399814605713,0.3426254391670227,0.20326083898544312,ㅣ
0.3834731876850128,0.7176424264907837,0.46846088767051697,0.697970986366272,0.5534369945526123,0.6214722990989685,0.5935657024383545,0.5359737873077393,0.570522665977478,0.46201246976852417,0.5177667140960693,0.47186869382858276,0.5352269411087036,0.4253675043582916,0.5096011161804199,0.5203688144683838,0.48955294489860535,0.5920178890228271,0.466030091047287,0.44432753324508667,0.4839722812175751,0.4057639241218567,0.45950913429260254,0.5256615281105042,0.44183412194252014,0.6099123954772949,0.4099231958389282,0.42714840173721313,0.42861250042915344,0.35098856687545776,0.4231181740760803,0.4543222188949585,0.4194409251213074,0.5403916239738464,0.35333704948425293,0.42243558168411255,0.3586759567260742,0.3029859662055969,0.3646607995033264,0.22664475440979004,0.3757210373878479,0.15674090385437012,ㅣ
0.4181480407714844,0.7630319595336914,0.5132863521575928,0.7449510097503662,0.6089129447937012,0.6715907454490662,0.6590262055397034,0.5839133858680725,0.6362265944480896,0.5012786984443665,0.5749688148498535,0.5002142190933228,0.5993471145629883,0.45993560552597046,0.5735586285591125,0.5632972121238708,0.5514012575149536,0.6430274248123169,0.5176420211791992,0.4659053087234497,0.5451163053512573,0.4362229108810425,0.518622636795044,0.5688291192054749,0.49767637252807617,0.6611360907554626,0.4545479714870453,0.4456386864185333,0.48409149050712585,0.380242258310318,0.4768652617931366,0.49942702054977417,0.47029247879981995,0.5946577191352844,0.3914223313331604,0.44121357798576355,0.3992864787578583,0.31083008646965027,0.4067974388599396,0.22637957334518433,0.42060011625289917,0.1491326093673706,ㅣ
0.3777744472026825,0.7609140872955322,0.4674842059612274,0.7401391267776489,0.5554562211036682,0.6739400029182434,0.6035038828849792,0.596034824848175,0.5808808207511902,0.5259600281715393,0.5238437652587891,0.5191940069198608,0.5449832081794739,0.4715159237384796,0.5172381401062012,0.5662686228752136,0.494663804769516,0.6381645202636719,0.473672091960907,0.48993638157844543,0.4989604651927948,0.4480551779270172,0.4762304425239563,0.5626120567321777,0.4571090042591095,0.6437457799911499,0.4205125570297241,0.4699043929576874,0.4480562210083008,0.3978518843650818,0.44206398725509644,0.5055702328681946,0.43440210819244385,0.5922307372093201,0.36708933115005493,0.46299609541893005,0.37186428904533386,0.3430052399635315,0.378089040517807,0.26783645153045654,0.3888503909111023,0.1979306936264038,ㅣ
0.28296324610710144,0.7181516885757446,0.345207542181015,0.7015859484672546,0.40852051973342896,0.6539652943611145,0.42365890741348267,0.5775851011276245,0.3950497508049011,0.5181519985198975,0.4039078652858734,0.5450692772865295,0.4197741150856018,0.4898475408554077,0.3929005265235901,0.5473008155822754,0.37510865926742554,0.593878984451294,0.3660754859447479,0.5189086198806763,0.38206252455711365,0.47078853845596313,0.35892239212989807,0.5526350736618042,0.3418141305446625,0.6096931099891663,0.32832884788513184,0.5013412833213806,0.34296682476997375,0.4350529909133911,0.3383035957813263,0.5100542306900024,0.33260637521743774,0.5734555125236511,0.2884504795074463,0.49146848917007446,0.2971072494983673,0.4060818552970886,0.3054523766040802,0.35217103362083435,0.3148232102394104,0.3003448247909546,ㅣ
0.2822023630142212,0.7344279289245605,0.3414798676967621,0.7128122448921204,0.39121729135513306,0.6493395566940308,0.3825233280658722,0.5737677216529846,0.3482046127319336,0.5237960815429688,0.4023647904396057,0.5703781247138977,0.43213582038879395,0.5119486451148987,0.40312084555625916,0.5685204267501831,0.387481153011322,0.6012447476387024,0.37216198444366455,0.5410246849060059,0.3990064859390259,0.48608389496803284,0.3674403727054596,0.5655436515808105,0.37533891201019287,0.5668152570724487,0.3394651710987091,0.5254867076873779,0.36470046639442444,0.4629925787448883,0.3459649682044983,0.5359350442886353,0.3339653015136719,0.5848836302757263,0.30132317543029785,0.518541157245636,0.31830331683158875,0.4306143820285797,0.32800644636154175,0.38247689604759216,0.33903828263282776,0.33917808532714844,ㅣ
0.270270973443985,0.7287256121635437,0.3335690498352051,0.715967059135437,0.3834490180015564,0.6591170430183411,0.3793073892593384,0.5856146216392517,0.34743401408195496,0.5342504978179932,0.4012192487716675,0.5781835317611694,0.4382672607898712,0.5321376323699951,0.4056282937526703,0.5836493372917175,0.3876866102218628,0.6075574159622192,0.3739112317562103,0.5454877614974976,0.4059973657131195,0.5035105347633362,0.3675788640975952,0.5733511447906494,0.3794289827346802,0.5620709657669067,0.342727392911911,0.5254310965538025,0.37442973256111145,0.47245079278945923,0.34817615151405334,0.5405458807945251,0.3310566544532776,0.5850045084953308,0.3057812750339508,0.5125308632850647,0.3372722268104553,0.4325817823410034,0.35716840624809265,0.38781872391700745,0.37665098905563354,0.35074299573898315,ㅣ
0.2964938282966614,0.7045121192932129,0.358896404504776,0.7103443145751953,0.4227125942707062,0.6648291945457458,0.4289116859436035,0.5862284302711487,0.40246984362602234,0.5229588747024536,0.4554711878299713,0.5817980766296387,0.5010019540786743,0.5386677384376526,0.4587433934211731,0.5896124243736267,0.4360113739967346,0.6139166951179504,0.43068715929985046,0.5373329520225525,0.4687942862510681,0.50035160779953,0.41806986927986145,0.5691524147987366,0.43434929847717285,0.560905933380127,0.39959946274757385,0.5076819062232971,0.43818268179893494,0.4590877294540405,0.39897778630256653,0.5291046500205994,0.37544530630111694,0.5749548077583313,0.36134693026542664,0.4853731393814087,0.4039615988731384,0.40469294786453247,0.4303058385848999,0.36238497495651245,0.4577045142650604,0.3275112211704254,ㅣ
0.3636189103126526,0.6400819420814514,0.4256438910961151,0.6665893197059631,0.48943325877189636,0.6455371975898743,0.5053161978721619,0.5748693943023682,0.488960862159729,0.5070667862892151,0.5420572757720947,0.5663354396820068,0.5824297666549683,0.5493236184120178,0.5340185165405273,0.5878879427909851,0.5132997632026672,0.6007353067398071,0.523102343082428,0.5195304155349731,0.5556731820106506,0.4999644160270691,0.5073515772819519,0.552205502986908,0.502278208732605,0.5662742257118225,0.4928860366344452,0.48207026720046997,0.5316490530967712,0.45428991317749023,0.48495426774024963,0.5145637392997742,0.4551016092300415,0.5499993562698364,0.45786744356155396,0.448646605014801,0.5094972848892212,0.3930757939815521,0.543485701084137,0.35702210664749146,0.5804217457771301,0.319487988948822,ㅣ
0.3587963283061981,0.6154150366783142,0.41965338587760925,0.636235773563385,0.4795951843261719,0.6020355820655823,0.490041583776474,0.5285546183586121,0.46628081798553467,0.4661189317703247,0.5254350304603577,0.5117068886756897,0.5619772672653198,0.49377015233039856,0.5170822143554688,0.5375866889953613,0.4963075816631317,0.5564441680908203,0.5021700263023376,0.47121044993400574,0.5285933017730713,0.450137197971344,0.4848102033138275,0.5079012513160706,0.47504714131355286,0.5282043218612671,0.47116437554359436,0.4416094422340393,0.5014493465423584,0.41157349944114685,0.4630075991153717,0.48179489374160767,0.4375975728034973,0.5260757803916931,0.43808817863464355,0.4186902940273285,0.48642703890800476,0.36034393310546875,0.5194321870803833,0.32462555170059204,0.5519208312034607,0.29103583097457886,ㅣ
0.3410503566265106,0.7028239965438843,0.40528449416160583,0.6892592906951904,0.4574412703514099,0.620568037033081,0.4499330222606659,0.5395399332046509,0.4136974811553955,0.4864305257797241,0.47465911507606506,0.5239343643188477,0.5049782991409302,0.47204551100730896,0.47612154483795166,0.5364226698875427,0.4634250998497009,0.5647600889205933,0.4426446855068207,0.4947209656238556,0.47005563974380493,0.4458272457122803,0.4339296817779541,0.5318912863731384,0.4524030387401581,0.5204062461853027,0.40691402554512024,0.478000670671463,0.43250393867492676,0.42325305938720703,0.407126784324646,0.5065335631370544,0.3940223157405853,0.5559310913085938,0.36596769094467163,0.4695103168487549,0.3940138816833496,0.37597566843032837,0.4138782024383545,0.32698240876197815,0.43328699469566345,0.2868345081806183,ㅣ
0.35935747623443604,0.7531755566596985,0.4199565351009369,0.7242226600646973,0.4706522226333618,0.652615487575531,0.4642848074436188,0.573397159576416,0.4250084161758423,0.5238335728645325,0.47245970368385315,0.5621523261070251,0.5011569857597351,0.4975660443305969,0.47669851779937744,0.563723087310791,0.46249401569366455,0.5983224511146545,0.4399402141571045,0.5365720391273499,0.4637087285518646,0.4777643084526062,0.43634307384490967,0.5707154273986816,0.44874006509780884,0.5651604533195496,0.4045221507549286,0.5250275135040283,0.42592209577560425,0.46406418085098267,0.4117951989173889,0.5516659021377563,0.40324586629867554,0.6081001162528992,0.3634171485900879,0.5210127830505371,0.3828067481517792,0.4262756407260895,0.3963240683078766,0.37530991435050964,0.41117534041404724,0.3311713933944702,ㅣ
0.3671104311943054,0.7370791435241699,0.4191342294216156,0.6925225257873535,0.45413196086883545,0.6045263409614563,0.43650901317596436,0.5234847068786621,0.39041009545326233,0.4854932725429535,0.4381870627403259,0.5169336795806885,0.45092666149139404,0.44309020042419434,0.4419143795967102,0.5109132528305054,0.4362982213497162,0.5503548383712769,0.4006994068622589,0.503480076789856,0.4112475514411926,0.4396187365055084,0.40361812710762024,0.5333965420722961,0.4128972291946411,0.5227822661399841,0.36419183015823364,0.5055522918701172,0.3695886731147766,0.4393356442451477,0.37494537234306335,0.524929940700531,0.37842780351638794,0.5806806683540344,0.3244677186012268,0.517574667930603,0.3232782185077667,0.4265051782131195,0.32414931058883667,0.37544530630111694,0.3259764015674591,0.3298725485801697,ㅣ
0.34836170077323914,0.694426417350769,0.3979654610157013,0.6371278166770935,0.42334866523742676,0.5428590178489685,0.4050402343273163,0.4568707346916199,0.3559955656528473,0.42358458042144775,0.4032009243965149,0.46321383118629456,0.40650326013565063,0.3828856945037842,0.40149763226509094,0.44342175126075745,0.3988155722618103,0.48865437507629395,0.36410683393478394,0.4553441107273102,0.36637768149375916,0.3832591474056244,0.3663281202316284,0.47466373443603516,0.3751599192619324,0.4642665684223175,0.32819467782974243,0.4605548083782196,0.32507240772247314,0.38592398166656494,0.3387117385864258,0.4662615954875946,0.3474324941635132,0.5225088000297546,0.28984978795051575,0.475799560546875,0.2730230689048767,0.38668012619018555,0.26521390676498413,0.3338547348976135,0.2593565583229065,0.285646915435791,ㅣ
0.3312666714191437,0.7191424369812012,0.37436768412590027,0.6528006792068481,0.3908415138721466,0.54954993724823,0.36395248770713806,0.46582213044166565,0.31153371930122375,0.44319599866867065,0.36408209800720215,0.46898573637008667,0.3614223897457123,0.3900725841522217,0.3644525706768036,0.4534974694252014,0.3681824207305908,0.49967411160469055,0.32459908723831177,0.4680815637111664,0.3211095631122589,0.39533305168151855,0.3306537866592407,0.4909054934978485,0.33869776129722595,0.4699753522872925,0.28901177644729614,0.4805304706096649,0.2808356285095215,0.4089902937412262,0.3005753755569458,0.4911060929298401,0.3136833906173706,0.5487847328186035,0.2500745952129364,0.504448652267456,0.216616690158844,0.41837167739868164,0.19722457230091095,0.3652951121330261,0.18194496631622314,0.3168998658657074,ㅣ
0.3131971061229706,0.7262341976165771,0.35081908106803894,0.656905472278595,0.3602403998374939,0.556662917137146,0.3260342478752136,0.4783036410808563,0.272884339094162,0.4609675109386444,0.32824650406837463,0.47908729314804077,0.3212767243385315,0.402831494808197,0.32929378747940063,0.46201765537261963,0.3376272916793823,0.5073161125183105,0.28747573494911194,0.4834459125995636,0.28074371814727783,0.4134003520011902,0.2975417971611023,0.5045504570007324,0.30629006028175354,0.48520296812057495,0.2530573904514313,0.5002398490905762,0.2421063482761383,0.42888593673706055,0.2659594416618347,0.5028718709945679,0.2823931872844696,0.5580792427062988,0.21713566780090332,0.5304679870605469,0.17342215776443481,0.4530487358570099,0.1470731645822525,0.4042661190032959,0.12637339532375336,0.35955098271369934,ㅣ
0.32013002038002014,0.748059868812561,0.37423476576805115,0.701218843460083,0.40824395418167114,0.6116368770599365,0.39419645071029663,0.5253970623016357,0.34590744972229004,0.48950350284576416,0.3920064866542816,0.5311439633369446,0.40342068672180176,0.4530535936355591,0.39540937542915344,0.5180090665817261,0.3909921944141388,0.5589524507522583,0.3553437888622284,0.5186374187469482,0.3647677004337311,0.44893160462379456,0.35956010222435,0.5428755283355713,0.3692787289619446,0.5268110036849976,0.3204692006111145,0.5180236101150513,0.3251628875732422,0.4456751346588135,0.3308470547199249,0.5311288237571716,0.33514583110809326,0.5880693197250366,0.2820097804069519,0.5256690979003906,0.27425095438957214,0.436410516500473,0.2714579701423645,0.3856324255466461,0.27067452669143677,0.3401620090007782,ㅣ
0.27357327938079834,0.7729825973510742,0.335140198469162,0.748461902141571,0.38719502091407776,0.6935123205184937,0.39309370517730713,0.6191570162773132,0.360598623752594,0.5665972232818604,0.38690951466560364,0.604854166507721,0.4177573323249817,0.5466439723968506,0.39561569690704346,0.6051309108734131,0.38131120800971985,0.6397011876106262,0.3583996891975403,0.5823009610176086,0.38587498664855957,0.5256766676902771,0.3597831726074219,0.6099183559417725,0.3639606535434723,0.61961829662323,0.3267228901386261,0.5679526925086975,0.3491424024105072,0.5104092359542847,0.3348962366580963,0.5901809334754944,0.32442525029182434,0.6437310576438904,0.2888580560684204,0.5588285326957703,0.3046358525753021,0.47276538610458374,0.3167499899864197,0.42626965045928955,0.33001700043678284,0.3838176131248474,ㅣ
0.34943994879722595,0.6854476928710938,0.40335243940353394,0.6728736162185669,0.449465811252594,0.6286022663116455,0.45275217294692993,0.5651080012321472,0.4281095266342163,0.5170645117759705,0.46394047141075134,0.5450218915939331,0.4843266010284424,0.5030205249786377,0.45814672112464905,0.5492400527000427,0.4458877742290497,0.576985776424408,0.43659061193466187,0.5206262469291687,0.45421138405799866,0.47866344451904297,0.4303295314311981,0.5365796685218811,0.4227895736694336,0.5664737820625305,0.40683314204216003,0.5035895109176636,0.42557764053344727,0.4623085558414459,0.408842533826828,0.5261879563331604,0.39785659313201904,0.5708084106445312,0.3752199411392212,0.4903825521469116,0.3944259285926819,0.42378419637680054,0.4079377055168152,0.3845512270927429,0.42390215396881104,0.34798067808151245,ㅣ
0.36112263798713684,0.6332964301109314,0.42178434133529663,0.6452875137329102,0.4907076954841614,0.6174524426460266,0.5146492719650269,0.5427694320678711,0.4970638155937195,0.4746107757091522,0.5255237817764282,0.5277106761932373,0.5652151703834534,0.4863423705101013,0.5232824683189392,0.5286612510681152,0.5008842945098877,0.5536692142486572,0.5023314356803894,0.48559561371803284,0.5383796095848083,0.44488632678985596,0.4960438013076782,0.5028368234634399,0.483517050743103,0.52690190076828,0.47287216782569885,0.4534953832626343,0.5098910331726074,0.40807923674583435,0.4733114540576935,0.47824594378471375,0.44735124707221985,0.524964451789856,0.4375976026058197,0.42622610926628113,0.47641700506210327,0.3625999093055725,0.5020530819892883,0.3245331048965454,0.5293267369270325,0.28706878423690796,ㅣ
0.3280467987060547,0.6378173828125,0.3921949863433838,0.6640036106109619,0.47189846634864807,0.6398804187774658,0.48839256167411804,0.5518965721130371,0.45915088057518005,0.4812477231025696,0.5321810245513916,0.5498878359794617,0.5834359526634216,0.5085957050323486,0.5273147225379944,0.5581405758857727,0.5092675685882568,0.5743106007575989,0.5074405074119568,0.4895344078540802,0.5601481795310974,0.4437105357646942,0.5025144219398499,0.5111002922058105,0.49232205748558044,0.5319499373435974,0.47320717573165894,0.442203164100647,0.531531035900116,0.3788149654865265,0.49057909846305847,0.44676801562309265,0.466067373752594,0.48532751202583313,0.4325018525123596,0.40202414989471436,0.4747408330440521,0.3239133954048157,0.4995582699775696,0.27952778339385986,0.530052661895752,0.23072347044944763,ㅣ
0.3709210157394409,0.7469630241394043,0.44821470975875854,0.7591733932495117,0.5400574207305908,0.7263983488082886,0.5912017226219177,0.6571361422538757,0.5735396146774292,0.5844060182571411,0.5351541638374329,0.5763426423072815,0.5612456202507019,0.5328565835952759,0.5220903754234314,0.6004199981689453,0.4933364987373352,0.6479904651641846,0.4980340301990509,0.5349075794219971,0.5270079970359802,0.48721078038215637,0.48325681686401367,0.5758912563323975,0.4547193646430969,0.6294765472412109,0.455552339553833,0.5040169954299927,0.48630234599113464,0.442635715007782,0.45842444896698,0.5338764786720276,0.4360937178134918,0.6003495454788208,0.4083755910396576,0.48322564363479614,0.43043261766433716,0.3794654607772827,0.44822928309440613,0.3177911937236786,0.47001728415489197,0.2582305371761322,ㅣ
0.3759821951389313,0.7408665418624878,0.4490611255168915,0.7380036115646362,0.5349169373512268,0.6887362599372864,0.5755909085273743,0.6080552935600281,0.5516966581344604,0.5359293818473816,0.518319308757782,0.5469606518745422,0.5329480767250061,0.4965978264808655,0.5032544732093811,0.5709169507026672,0.48423606157302856,0.6255642771720886,0.4767138659954071,0.5119268298149109,0.4947907626628876,0.45881274342536926,0.4632945954799652,0.5522622466087341,0.44317346811294556,0.6119927167892456,0.431588351726532,0.48908084630966187,0.4497268497943878,0.42336469888687134,0.4317166209220886,0.5172764658927917,0.4188002943992615,0.5884583592414856,0.3835090696811676,0.47646963596343994,0.3962177038192749,0.37294453382492065,0.40614086389541626,0.3080527186393738,0.41959691047668457,0.24708697199821472,ㅣ
0.3743499517440796,0.7305711507797241,0.43906140327453613,0.6904977560043335,0.4920963644981384,0.5944814085960388,0.5076709985733032,0.49860963225364685,0.4644189476966858,0.45690566301345825,0.439958393573761,0.4880838394165039,0.43633341789245605,0.4338590204715729,0.433660089969635,0.5148458480834961,0.4345225393772125,0.5680013298988342,0.3927875757217407,0.4793700575828552,0.39196476340293884,0.4214957654476166,0.395384281873703,0.519813060760498,0.3976215720176697,0.5794724822044373,0.3463820815086365,0.4840501546859741,0.3403652310371399,0.4133812189102173,0.35790687799453735,0.5016530156135559,0.37154895067214966,0.5680146813392639,0.3019483685493469,0.5011489391326904,0.2747856378555298,0.4076714813709259,0.2588613033294678,0.34883981943130493,0.24827685952186584,0.2896133363246918,ㅣ
0.3709214925765991,0.7166747450828552,0.41492947936058044,0.6635932326316833,0.4411516785621643,0.5773679614067078,0.4434395730495453,0.49558764696121216,0.4067853093147278,0.46982911229133606,0.38451218605041504,0.508272647857666,0.37877407670021057,0.46035251021385193,0.3885308802127838,0.520791232585907,0.3936901390552521,0.5700429081916809,0.3474135398864746,0.5108895897865295,0.34445199370384216,0.4564417004585266,0.361562579870224,0.5350728631019592,0.36800119280815125,0.5869532823562622,0.3120632767677307,0.5245205163955688,0.30134907364845276,0.45971858501434326,0.3280317187309265,0.5215917825698853,0.3442840874195099,0.5737693905830383,0.2791629433631897,0.5507118701934814,0.23530219495296478,0.48259076476097107,0.2117881327867508,0.4399581551551819,0.19133979082107544,0.3956497311592102,ㅣ
0.3702429234981537,0.7294949293136597,0.40676772594451904,0.6747270822525024,0.42300519347190857,0.5825693607330322,0.41800376772880554,0.5079329609870911,0.3826519250869751,0.48453953862190247,0.36237576603889465,0.5207498669624329,0.3561570942401886,0.4802646040916443,0.36991509795188904,0.538037121295929,0.38003456592559814,0.5843328833580017,0.3255605101585388,0.5323029160499573,0.3199356198310852,0.482645720243454,0.3440246284008026,0.5518266558647156,0.3591124415397644,0.6073960661888123,0.2893511950969696,0.5535425543785095,0.27398020029067993,0.49285486340522766,0.3054468333721161,0.5393798351287842,0.3291268050670624,0.5840863585472107,0.25743305683135986,0.5832175612449646,0.21254593133926392,0.5273275375366211,0.1857985556125641,0.49202796816825867,0.16111725568771362,0.45540130138397217,ㅣ
0.3218635022640228,0.7078253626823425,0.3883674442768097,0.6780042052268982,0.4434107840061188,0.6103199124336243,0.47080448269844055,0.5301172137260437,0.44311267137527466,0.4889105558395386,0.40771904587745667,0.5202539563179016,0.42237070202827454,0.46825772523880005,0.41495320200920105,0.5237404704093933,0.4035700559616089,0.5719186067581177,0.37490519881248474,0.5004296898841858,0.3883422017097473,0.44437551498413086,0.385396808385849,0.5234313011169434,0.3810063302516937,0.5743772387504578,0.340657114982605,0.4931556284427643,0.35108691453933716,0.4219827651977539,0.3560098111629486,0.49243247509002686,0.35343554615974426,0.5502429008483887,0.30189836025238037,0.4998464584350586,0.2902292013168335,0.4143826365470886,0.287523090839386,0.3668970465660095,0.2852098345756531,0.31983625888824463,ㅣ
0.3250499963760376,0.7016656398773193,0.39177754521369934,0.6898060441017151,0.4565974771976471,0.636553943157196,0.4887293577194214,0.568243682384491,0.47161394357681274,0.5155475735664368,0.4352662265300751,0.5381345748901367,0.450542151927948,0.48611438274383545,0.43616193532943726,0.5398224592208862,0.42147278785705566,0.5881093740463257,0.4032028019428253,0.5135059952735901,0.42236748337745667,0.4576316475868225,0.41056105494499207,0.5294961333274841,0.3973940908908844,0.5844507217407227,0.3687089681625366,0.4966466426849365,0.38769593834877014,0.43152618408203125,0.3850330114364624,0.49860334396362305,0.3770044445991516,0.5542095899581909,0.3305034339427948,0.4890659749507904,0.33117997646331787,0.40687084197998047,0.3368007242679596,0.360145628452301,0.34435364603996277,0.31569671630859375,ㅣ
0.3432045876979828,0.6884993314743042,0.4101586937904358,0.6966304779052734,0.49010545015335083,0.6659072637557983,0.5370758175849915,0.6078065633773804,0.5264602303504944,0.546637237071991,0.4861013889312744,0.5547281503677368,0.5138501524925232,0.5092283487319946,0.48894253373146057,0.5577816367149353,0.4647395610809326,0.5999025702476501,0.4589891731739044,0.5183624625205994,0.4889833927154541,0.4706710875034332,0.4611701965332031,0.5361343026161194,0.435972660779953,0.585419237613678,0.42617902159690857,0.4885859787464142,0.45657387375831604,0.4320186972618103,0.43799203634262085,0.49730804562568665,0.4172270894050598,0.5516039133071899,0.3869255483150482,0.46571722626686096,0.4066472351551056,0.38428598642349243,0.42224305868148804,0.33699968457221985,0.4378087520599365,0.29399430751800537,ㅣ
0.33874964714050293,0.6121531128883362,0.4013615548610687,0.6586086750030518,0.4963403642177582,0.6721415519714355,0.5603361129760742,0.635536789894104,0.566782534122467,0.5630702376365662,0.5272049903869629,0.5349813103675842,0.5662164688110352,0.5060973763465881,0.5139365792274475,0.5548726916313171,0.4738348424434662,0.5898916125297546,0.5051230788230896,0.48189520835876465,0.5456622242927551,0.45472443103790283,0.48266512155532837,0.5193069577217102,0.44128352403640747,0.5614380240440369,0.4759797155857086,0.43686938285827637,0.5225270390510559,0.3991472125053406,0.47159576416015625,0.46812817454338074,0.43169060349464417,0.5211154222488403,0.44054114818573,0.39747923612594604,0.49315351247787476,0.32324492931365967,0.5262737274169922,0.278775691986084,0.5591311454772949,0.2401798665523529,ㅣ
0.33483487367630005,0.5257163047790527,0.4071841835975647,0.5867106318473816,0.5076155066490173,0.6129602789878845,0.5785720348358154,0.5738343000411987,0.5973709225654602,0.49582239985466003,0.5482105016708374,0.4744914472103119,0.5920581817626953,0.4500357210636139,0.5365574955940247,0.48995959758758545,0.4919023811817169,0.5205435156822205,0.5298445224761963,0.411769300699234,0.5754257440567017,0.3874892592430115,0.5076095461845398,0.44345128536224365,0.45913490653038025,0.4778512418270111,0.5026655197143555,0.3574608564376831,0.5541397333145142,0.3203269839286804,0.49410292506217957,0.38773417472839355,0.4470812976360321,0.4368153512477875,0.4673333764076233,0.30694639682769775,0.5359646677970886,0.23951169848442078,0.5830571055412292,0.20582810044288635,0.6310521960258484,0.17599770426750183,ㅣ
0.3897661566734314,0.583382248878479,0.46077466011047363,0.6572880744934082,0.5712618827819824,0.6908138394355774,0.6526445150375366,0.6662039756774902,0.6719836592674255,0.5845547914505005,0.6282289028167725,0.5353266596794128,0.6752558350563049,0.5258464813232422,0.6097858548164368,0.5693135857582092,0.5571885108947754,0.5947266221046448,0.609515905380249,0.4671073853969574,0.6589952111244202,0.45480918884277344,0.5783990621566772,0.5154218673706055,0.5210937261581421,0.5496472716331482,0.5784772634506226,0.40496811270713806,0.6347312331199646,0.3806478977203369,0.5624640583992004,0.45251646637916565,0.5060123801231384,0.5024504065513611,0.5384329557418823,0.348293662071228,0.616707444190979,0.27840903401374817,0.6707025170326233,0.24092310667037964,0.7242072224617004,0.2099587619304657,ㅣ
0.400607168674469,0.6038752794265747,0.4655125141143799,0.6784085631370544,0.5628818869590759,0.7194259166717529,0.6356725692749023,0.6734188199043274,0.63358473777771,0.5765271186828613,0.6264236569404602,0.6039676070213318,0.6855577230453491,0.6061239838600159,0.6219277381896973,0.6257025003433228,0.5846912264823914,0.6314446330070496,0.6190182566642761,0.5416706204414368,0.6766342520713806,0.5363382697105408,0.6013405919075012,0.5767418146133423,0.5704852342605591,0.5938234925270081,0.6011518239974976,0.4829109013080597,0.6655908226966858,0.4697190523147583,0.592176616191864,0.5228099226951599,0.5381229519844055,0.5518942475318909,0.5760164856910706,0.4214671850204468,0.6545138955116272,0.3787984251976013,0.7051944136619568,0.3630725145339966,0.757159948348999,0.34785154461860657,ㅣ
0.4213850498199463,0.6677224636077881,0.4979477524757385,0.6882987022399902,0.5778287053108215,0.6580637693405151,0.5995134711265564,0.5616888403892517,0.5827113389968872,0.487534761428833,0.6281660199165344,0.5730984210968018,0.6734437942504883,0.526656985282898,0.6252187490463257,0.5746630430221558,0.6021223068237305,0.6002829074859619,0.602135956287384,0.5195525884628296,0.6457093954086304,0.4740745723247528,0.5810124278068542,0.5437623858451843,0.5948469042778015,0.5515440106391907,0.5670292973518372,0.48052090406417847,0.6113543510437012,0.42801374197006226,0.561152994632721,0.5023691058158875,0.5310540795326233,0.5473788380622864,0.5216397643089294,0.448190838098526,0.5677285194396973,0.36990731954574585,0.5957447290420532,0.32784658670425415,0.6234440207481384,0.28636541962623596,ㅣ
0.4205006957054138,0.7256349325180054,0.49153199791908264,0.7093828320503235,0.5509592294692993,0.6463844180107117,0.5534971356391907,0.5530886054039001,0.518632173538208,0.49840641021728516,0.56174635887146,0.5601223111152649,0.5936079025268555,0.49708816409111023,0.5666996836662292,0.5557661056518555,0.5533207654953003,0.5910722017288208,0.5289105772972107,0.5245843529701233,0.5614298582077026,0.46517086029052734,0.5240039825439453,0.5506693124771118,0.5422101616859436,0.5509082674980164,0.4953158497810364,0.5036730766296387,0.524174690246582,0.4377056956291199,0.5008838176727295,0.5229102969169617,0.4853357970714569,0.5739288926124573,0.4549683928489685,0.4892568588256836,0.47571709752082825,0.3972267508506775,0.49130722880363464,0.3446749448776245,0.5053718090057373,0.2961379587650299,ㅣ
0.3928942382335663,0.7901933193206787,0.4608038365840912,0.7552300691604614,0.5160962343215942,0.6704702377319336,0.5185501575469971,0.5727925896644592,0.4747300446033478,0.5153295993804932,0.5055150389671326,0.5833525061607361,0.5321459770202637,0.5099770426750183,0.5123897790908813,0.5723344087600708,0.49722155928611755,0.615336537361145,0.47295820713043213,0.5555764436721802,0.5022892355918884,0.48405420780181885,0.47597548365592957,0.5807607769966125,0.4846732020378113,0.5791518688201904,0.43981117010116577,0.542269766330719,0.46252191066741943,0.4584732949733734,0.4513728618621826,0.5498455762863159,0.44059985876083374,0.6112606525421143,0.3988369107246399,0.5364367365837097,0.40957197546958923,0.43675166368484497,0.4178013801574707,0.3791440725326538,0.4267846941947937,0.3258398473262787,ㅣ
0.38002392649650574,0.7029290199279785,0.4412376582622528,0.6623042225837708,0.48630696535110474,0.5651211142539978,0.47844478487968445,0.4653497040271759,0.43131646513938904,0.4172738492488861,0.4827635586261749,0.48314201831817627,0.5004364848136902,0.39628422260284424,0.4818674921989441,0.45871537923812866,0.4709058403968811,0.502487301826477,0.44415009021759033,0.45755818486213684,0.4611468017101288,0.3755583167076111,0.441168874502182,0.4703229069709778,0.4535379111766815,0.455502450466156,0.4068393111228943,0.448721706867218,0.4190624952316284,0.36316314339637756,0.41486117243766785,0.45149561762809753,0.41228052973747253,0.5141634941101074,0.36319559812545776,0.4501715302467346,0.36430853605270386,0.35129430890083313,0.36697468161582947,0.29432064294815063,0.37189093232154846,0.2438916563987732,ㅣ
0.3679293990135193,0.688136875629425,0.43281638622283936,0.644198477268219,0.47848013043403625,0.5495906472206116,0.470878928899765,0.45046281814575195,0.4241540729999542,0.39938488602638245,0.47256311774253845,0.4655982255935669,0.4905020296573639,0.37894558906555176,0.47093674540519714,0.43986549973487854,0.4592554569244385,0.48602408170700073,0.4325685203075409,0.44130682945251465,0.45000022649765015,0.3607843518257141,0.4300451874732971,0.4562944769859314,0.4414145052433014,0.448091596364975,0.39419257640838623,0.4330615997314453,0.4052104651927948,0.3481236398220062,0.4014757573604584,0.4373972415924072,0.39875879883766174,0.500053346157074,0.3503971993923187,0.43502408266067505,0.34952932596206665,0.3372836112976074,0.34989094734191895,0.2792952060699463,0.35153451561927795,0.22602614760398865,ㅣ
0.38899922370910645,0.6342451572418213,0.4461462199687958,0.59196937084198,0.48237743973731995,0.5096490979194641,0.47972723841667175,0.42461398243904114,0.4385448396205902,0.38541027903556824,0.46902546286582947,0.4421235918998718,0.4870382845401764,0.36735427379608154,0.4742870330810547,0.4182121157646179,0.46421074867248535,0.46082422137260437,0.4367921054363251,0.4240920841693878,0.45280274748802185,0.34812402725219727,0.4411119818687439,0.428199827671051,0.4469536244869232,0.4325188398361206,0.4055866301059723,0.41752520203590393,0.4156608581542969,0.338454008102417,0.4168205261230469,0.412000447511673,0.41433337330818176,0.46879374980926514,0.3685234487056732,0.4191032648086548,0.3607563078403473,0.33540070056915283,0.3604394197463989,0.2871835231781006,0.3611564338207245,0.24298688769340515,ㅣ
0.3921382427215576,0.6422502994537354,0.45006421208381653,0.6035901308059692,0.48510685563087463,0.5198737382888794,0.48449307680130005,0.43634694814682007,0.44466325640678406,0.39712974429130554,0.4733794927597046,0.4552990794181824,0.49302417039871216,0.38126856088638306,0.47958046197891235,0.43101784586906433,0.4691273868083954,0.4724053144454956,0.4421803951263428,0.4368191957473755,0.4597836434841156,0.36048370599746704,0.44783657789230347,0.43822917342185974,0.45352014899253845,0.4445139169692993,0.4114091992378235,0.42911478877067566,0.4230777621269226,0.35250571370124817,0.42371150851249695,0.426587849855423,0.42077696323394775,0.48289650678634644,0.37536120414733887,0.4288778603076935,0.36899375915527344,0.3448525369167328,0.36964771151542664,0.2956358790397644,0.37160271406173706,0.24941861629486084,ㅣ
